half,time-minutes,time-seconds,details,player1-id,player2-id,player1-linkable,player2-linkable,player3-linkable,player-first-name-1,player-first-name-2,player-last-name-1,player-last-name-2,player-team-alias-1,player-team-alias-2,home-score,visitor-score,visitor-fouls,home-fouls,player-fouls,fastbreak,in-paint,second-chance,off-turnover,player-score,points-type,detail-id,detail-desc,event-id,event-desc,distance,x-coord,y-coord,team-id-1,team-id-2,team-id-3
1,20,00,Start of the 1st Half,,,false,false,false,,,,,,,0,0,0,0,0,,,,,0,,,,14,Start Period,,,,51,51,
1,19,31,Stephan Hawkins makes a jump shot from 20 feet out. Anthony Myers-Pate with the assist.,116454,98422,true,true,false,Stephan,Anthony,Hawkins,Myers-Pate,RMor,RMor,0,2,0,0,0,,,,,2,2,45,Jump Shot,3,Field Goal Made,20,10.1,17.1,221,221,
1,19,18,Chris Obekpa misses a jump shot from 10 feet out.,116749,,true,false,false,Chris,,Obekpa,,StJn,,0,2,0,0,0,,,,,0,2,45,Jump Shot,4,Field Goal Missed,10,.3,9.9,51,51,
1,19,18,Aaron Tate with a defensive rebound.,121428,,true,false,false,Aaron,,Tate,,RMor,,0,2,0,0,0,,,,,0,,,,6,Defensive Rebound,,,,221,221,
1,19,03,Karvel Anderson makes a 3-point jump shot from 23 feet out. Anthony Myers-Pate with the assist.,116453,98422,true,true,false,Karvel,Anthony,Anderson,Myers-Pate,RMor,RMor,0,5,0,0,0,,,,,3,3,45,Jump Shot,3,Field Goal Made,23,22.7,2.5,221,221,
1,18,46,Jakarr Sampson with a lost ball turnover: Lost Ball,110498,,true,false,false,Jakarr,,Sampson,,StJn,,0,5,0,0,0,,,,,0,,2,Lost Ball,7,Turnover,,,,51,51,
1,18,34,Karvel Anderson makes a 3-point jump shot from 23 feet out. Anthony Myers-Pate with the assist.,116453,98422,true,true,false,Karvel,Anthony,Anderson,Myers-Pate,RMor,RMor,0,8,0,0,0,,,,,6,3,45,Jump Shot,3,Field Goal Made,23,22.5,6.5,221,221,
1,18,30,StJn take a 20-second timeout.,,,false,false,false,,,,,,,0,8,0,0,0,,,,,0,,2,Short,11,Timeout,,,,51,51,
1,18,09,Jakarr Sampson misses a jump shot from 15 feet out.,110498,,true,false,false,Jakarr,,Sampson,,StJn,,0,8,0,0,0,,,,,0,2,45,Jump Shot,4,Field Goal Missed,15,-12.3,8.9,51,51,
1,18,09,RMor with a defensive rebound.,,,false,false,false,,,,,,,0,8,0,0,0,,,,,0,,,,6,Defensive Rebound,,,,221,221,
1,17,46,Anthony Myers-Pate misses a layup shot.,98422,,true,false,false,Anthony,,Myers-Pate,,RMor,,0,8,0,0,0,,,,,0,2,40,Layup Shot,4,Field Goal Missed,0,0,0,221,221,
1,17,46,Phil Greene IV with a defensive rebound.,110492,,true,false,false,Phil,,Greene IV,,StJn,,0,8,0,0,0,,,,,0,,,,6,Defensive Rebound,,,,51,51,
1,17,36,Jakarr Sampson misses a layup shot.,110498,,true,false,false,Jakarr,,Sampson,,StJn,,0,8,0,0,0,,,,,0,2,40,Layup Shot,4,Field Goal Missed,0,0,0,51,51,
1,17,36,Aaron Tate with a defensive rebound.,121428,,true,false,false,Aaron,,Tate,,RMor,,0,8,0,0,0,,,,,0,,,,6,Defensive Rebound,,,,221,221,
1,17,27,Anthony Myers-Pate with a lost ball turnover: Lost Ball,98422,,true,false,false,Anthony,,Myers-Pate,,RMor,,0,8,0,0,0,,,,,0,,2,Lost Ball,7,Turnover,,,,221,221,
1,17,23,Jamal Branch makes a layup shot.,110203,,true,false,false,Jamal,,Branch,,StJn,,2,8,0,0,0,,,,,2,2,40,Layup Shot,3,Field Goal Made,0,0,0,51,51,
1,16,56,Karvel Anderson makes a 3-point jump shot from 23 feet out.,116453,,true,false,false,Karvel,,Anderson,,RMor,,2,11,0,0,0,,,,,9,3,45,Jump Shot,3,Field Goal Made,23,18.3,14.4,221,221,
1,16,39,Phil Greene IV misses a 3-point jump shot from 24 feet out.,110492,,true,false,false,Phil,,Greene IV,,StJn,,2,11,0,0,0,,,,,0,3,45,Jump Shot,4,Field Goal Missed,24,9.6,22.4,51,51,
1,16,39,Aaron Tate with a defensive rebound.,121428,,true,false,false,Aaron,,Tate,,RMor,,2,11,0,0,0,,,,,0,,,,6,Defensive Rebound,,,,221,221,
1,16,15,Lucky Jones misses a layup shot.,112415,,true,false,false,Lucky,,Jones,,RMor,,2,11,0,0,0,,,,,0,2,40,Layup Shot,4,Field Goal Missed,0,0,0,221,221,
1,16,15,Aaron Tate with an offensive rebound.,121428,,true,false,false,Aaron,,Tate,,RMor,,2,11,0,0,0,,,,,0,,,,5,Offensive Rebound,,,,221,221,
1,16,13,Lucky Jones makes a 3-point jump shot from 24 feet out. Aaron Tate with the assist.,112415,121428,true,true,false,Lucky,Aaron,Jones,Tate,RMor,RMor,2,14,0,0,0,,,,,3,3,45,Jump Shot,3,Field Goal Made,24,21.2,11.3,221,221,
1,16,13,Shooting foul committed by Jakarr Sampson.,110498,,true,false,false,Jakarr,,Sampson,,StJn,,2,14,0,1,1,,,,,0,,2,Shooting,8,Foul,,,,51,51,
1,16,13,Official's timeout.,,,false,false,false,,,,,,,2,14,0,1,0,,,,,0,,4,Official,11,Timeout,,,,51,51,
1,16,13,Technical foul committed by Lucky Jones.,112415,,true,false,false,Lucky,,Jones,,RMor,,2,14,1,1,1,,,,,3,,11,Technical,8,Foul,,,,221,221,
1,16,13,Technical foul committed by Jakarr Sampson.,110498,,true,false,false,Jakarr,,Sampson,,StJn,,2,14,1,2,2,,,,,0,,11,Technical,8,Foul,,,,51,51,
1,16,13,Lucky Jones makes free throw technical.,112415,,true,false,false,Lucky,,Jones,,RMor,,2,15,1,2,1,,,,,4,1,16,Free Throw Technical,1,Free Throw Made,,,,221,221,
1,16,13,Lucky Jones makes free throw technical.,112415,,true,false,false,Lucky,,Jones,,RMor,,2,16,1,2,1,,,,,5,1,16,Free Throw Technical,1,Free Throw Made,,,,221,221,
1,16,13,Lucky Jones misses free throw 1 of 1.,112415,,true,false,false,Lucky,,Jones,,RMor,,2,16,1,2,1,,,,,5,1,10,Free Throw 1 of 1,2,Free Throw Missed,,,,221,221,
1,16,13,RMor with an offensive rebound.,,,false,false,false,,,,,,,2,16,1,2,0,,,,,0,,,,5,Offensive Rebound,,,,221,221,
1,15,56,Karvel Anderson misses a jump shot from 17 feet out.,116453,,true,false,false,Karvel,,Anderson,,RMor,,2,16,1,2,0,,,,,9,2,45,Jump Shot,4,Field Goal Missed,17,7.2,15.2,221,221,
1,15,56,StJn with a defensive rebound.,,,false,false,false,,,,,,,2,16,1,2,0,,,,,0,,,,6,Defensive Rebound,,,,51,51,
1,15,56,Official TV timeout.,,,false,false,false,,,,,,,2,16,1,2,0,,,,,0,,3,Official TV,11,Timeout,,,,51,51,
1,15,26,Chris Obekpa misses a jump shot from 16 feet out.,116749,,true,false,false,Chris,,Obekpa,,StJn,,2,16,1,2,0,,,,,0,2,45,Jump Shot,4,Field Goal Missed,16,15.6,2.1,51,51,
1,15,26,David Appolon with a defensive rebound.,110172,,true,false,false,David,,Appolon,,RMor,,2,16,1,2,0,,,,,0,,,,6,Defensive Rebound,,,,221,221,
1,15,17,Shooting foul committed by Jamal Branch.,110203,,true,false,false,Jamal,,Branch,,StJn,,2,16,1,3,1,,,,,2,,2,Shooting,8,Foul,,,,51,51,
1,15,17,Lucky Jones makes free throw 1 of 3.,112415,,true,false,false,Lucky,,Jones,,RMor,,2,17,1,3,1,,,,,6,1,13,Free Throw 1 of 3,1,Free Throw Made,,,,221,221,
1,15,17,Lucky Jones makes free throw 2 of 3.,112415,,true,false,false,Lucky,,Jones,,RMor,,2,18,1,3,1,,,,,7,1,14,Free Throw 2 of 3,1,Free Throw Made,,,,221,221,
1,15,17,Lucky Jones makes free throw 3 of 3.,112415,,true,false,false,Lucky,,Jones,,RMor,,2,19,1,3,1,,,,,8,1,15,Free Throw 3 of 3,1,Free Throw Made,,,,221,221,
1,15,00,D'Angelo Harrison misses a 3-point jump shot from 24 feet out.,110494,,true,false,false,D'Angelo,,Harrison,,StJn,,2,19,1,3,0,,,,,0,3,45,Jump Shot,4,Field Goal Missed,24,-7,23,51,51,
1,15,00,Stephan Hawkins with a defensive rebound.,116454,,true,false,false,Stephan,,Hawkins,,RMor,,2,19,1,3,0,,,,,2,,,,6,Defensive Rebound,,,,221,221,
1,14,49,Karvel Anderson misses a 3-point jump shot from 24 feet out.,116453,,true,false,false,Karvel,,Anderson,,RMor,,2,19,1,3,0,,,,,9,3,45,Jump Shot,4,Field Goal Missed,24,3.5,24.2,221,221,
1,14,49,Orlando Sanchez with a defensive rebound.,116750,,true,false,false,Orlando,,Sanchez,,StJn,,2,19,1,3,0,,,,,0,,,,6,Defensive Rebound,,,,51,51,
1,14,42,Orlando Sanchez misses a layup shot.,116750,,true,false,false,Orlando,,Sanchez,,StJn,,2,19,1,3,0,,,,,0,2,40,Layup Shot,4,Field Goal Missed,0,0,0,51,51,
1,14,42,StJn with an offensive rebound.,,,false,false,false,,,,,,,2,19,1,3,0,,,,,0,,,,5,Offensive Rebound,,,,51,51,
1,14,25,Phil Greene IV misses a jump shot from 18 feet out.,110492,,true,false,false,Phil,,Greene IV,,StJn,,2,19,1,3,0,,,,,0,2,45,Jump Shot,4,Field Goal Missed,18,11.5,14,51,51,
1,14,25,D'Angelo Harrison with an offensive rebound.,110494,,true,false,false,D'Angelo,,Harrison,,StJn,,2,19,1,3,0,,,,,0,,,,5,Offensive Rebound,,,,51,51,
1,14,20,D'Angelo Harrison makes a 3-point jump shot from 24 feet out.,110494,,true,false,false,D'Angelo,,Harrison,,StJn,,5,19,1,3,0,,,,,3,3,45,Jump Shot,3,Field Goal Made,24,-7.1,23,51,51,
1,13,45,Charles Oliver misses a 3-point jump shot from 24 feet out.,109801,,true,false,false,Charles,,Oliver,,RMor,,5,19,1,3,0,,,,,0,3,45,Jump Shot,4,Field Goal Missed,24,-3,24,221,221,
1,13,45,Sir'Dominic Pointer with a defensive rebound.,110497,,true,false,false,Sir'Dominic,,Pointer,,StJn,,5,19,1,3,0,,,,,0,,,,6,Defensive Rebound,,,,51,51,
1,13,35,Phil Greene IV misses a 3-point jump shot from 23 feet out.,110492,,true,false,false,Phil,,Greene IV,,StJn,,5,19,1,3,0,,,,,0,3,45,Jump Shot,4,Field Goal Missed,23,-22.9,.9,51,51,
1,13,35,Kavon Stewart with a defensive rebound.,121425,,true,false,false,Kavon,,Stewart,,RMor,,5,19,1,3,0,,,,,0,,,,6,Defensive Rebound,,,,221,221,
1,13,09,Lucky Jones misses a 3-point jump shot from 23 feet out.,112415,,true,false,false,Lucky,,Jones,,RMor,,5,19,1,3,1,,,,,8,3,45,Jump Shot,4,Field Goal Missed,23,-16.2,16.7,221,221,
1,13,09,D'Angelo Harrison with a defensive rebound.,110494,,true,false,false,D'Angelo,,Harrison,,StJn,,5,19,1,3,0,,,,,3,,,,6,Defensive Rebound,,,,51,51,
1,13,00,D'Angelo Harrison misses a jump shot from 14 feet out.,110494,,true,false,false,D'Angelo,,Harrison,,StJn,,5,19,1,3,0,,,,,3,2,45,Jump Shot,4,Field Goal Missed,14,11,8.2,51,51,
1,13,00,David Appolon with a defensive rebound.,110172,,true,false,false,David,,Appolon,,RMor,,5,19,1,3,0,,,,,0,,,,6,Defensive Rebound,,,,221,221,
1,12,53,Offensive foul committed by Kavon Stewart.,121425,,true,false,false,Kavon,,Stewart,,RMor,,5,19,2,3,1,,,,,0,,4,Offensive,8,Foul,,,,221,221,
1,12,53,Kavon Stewart with a  turnover:,121425,,true,false,false,Kavon,,Stewart,,RMor,,5,19,2,3,1,,,,,0,,,,7,Turnover,,,,221,221,
1,12,49,D'Angelo Harrison misses a layup shot.,110494,,true,false,false,D'Angelo,,Harrison,,StJn,,5,19,2,3,0,,,,,3,2,40,Layup Shot,4,Field Goal Missed,0,0,0,51,51,
1,12,49,God'sgift Achiuwa with an offensive rebound.,110490,,true,false,false,God'sgift,,Achiuwa,,StJn,,5,19,2,3,0,,,,,0,,,,5,Offensive Rebound,,,,51,51,
1,12,46,Shooting foul committed by Charles Oliver.,109801,,true,false,false,Charles,,Oliver,,RMor,,5,19,3,3,1,,,,,0,,2,Shooting,8,Foul,,,,221,221,
1,12,46,God'sgift Achiuwa misses free throw 1 of 2.,110490,,true,false,false,God'sgift,,Achiuwa,,StJn,,5,19,3,3,0,,,,,0,1,11,Free Throw 1 of 2,2,Free Throw Missed,,,,51,51,
1,12,46,StJn with an offensive rebound.,,,false,false,false,,,,,,,5,19,3,3,0,,,,,0,,,,5,Offensive Rebound,,,,51,51,
1,12,46,God'sgift Achiuwa makes free throw 2 of 2.,110490,,true,false,false,God'sgift,,Achiuwa,,StJn,,6,19,3,3,0,,,,,1,1,12,Free Throw 2 of 2,1,Free Throw Made,,,,51,51,
1,12,18,Lucky Jones makes a 3-point jump shot from 25 feet out. David Appolon with the assist.,112415,110172,true,true,false,Lucky,David,Jones,Appolon,RMor,RMor,6,22,3,3,1,,,,,11,3,45,Jump Shot,3,Field Goal Made,25,-10.5,22.5,221,221,
1,12,10,Sir'Dominic Pointer with a lost ball turnover: Lost Ball,110497,,true,false,false,Sir'Dominic,,Pointer,,StJn,,6,22,3,3,0,,,,,0,,2,Lost Ball,7,Turnover,,,,51,51,
1,12,08,David Appolon with a traveling turnover: Traveling,110172,,true,false,false,David,,Appolon,,RMor,,6,22,3,3,0,,,,,0,,4,Traveling,7,Turnover,,,,221,221,
1,11,39,D'Angelo Harrison with a lost ball turnover: Lost Ball,110494,,true,false,false,D'Angelo,,Harrison,,StJn,,6,22,3,3,0,,,,,3,,2,Lost Ball,7,Turnover,,,,51,51,
1,11,39,Official TV timeout.,,,false,false,false,,,,,,,6,22,3,3,0,,,,,0,,3,Official TV,11,Timeout,,,,51,51,
1,11,17,Anthony Myers-Pate misses a jump shot from 20 feet out.,98422,,true,false,false,Anthony,,Myers-Pate,,RMor,,6,22,3,3,0,,,,,0,2,45,Jump Shot,4,Field Goal Missed,20,-7,19,221,221,
1,11,17,Sir'Dominic Pointer with a defensive rebound.,110497,,true,false,false,Sir'Dominic,,Pointer,,StJn,,6,22,3,3,0,,,,,0,,,,6,Defensive Rebound,,,,51,51,
1,11,02,D'Angelo Harrison misses a jump shot from 14 feet out.,110494,,true,false,false,D'Angelo,,Harrison,,StJn,,6,22,3,3,0,,,,,3,2,45,Jump Shot,4,Field Goal Missed,14,-13.5,2.5,51,51,
1,11,02,Karvel Anderson with a defensive rebound.,116453,,true,false,false,Karvel,,Anderson,,RMor,,6,22,3,3,0,,,,,9,,,,6,Defensive Rebound,,,,221,221,
1,10,43,Karvel Anderson misses a 3-point jump shot from 24 feet out.,116453,,true,false,false,Karvel,,Anderson,,RMor,,6,22,3,3,0,,,,,9,3,45,Jump Shot,4,Field Goal Missed,24,18.8,15,221,221,
1,10,43,D'Angelo Harrison with a defensive rebound.,110494,,true,false,false,D'Angelo,,Harrison,,StJn,,6,22,3,3,0,,,,,3,,,,6,Defensive Rebound,,,,51,51,
1,10,36,Max Hooper makes a 3-point jump shot from 24 feet out. D'Angelo Harrison with the assist.,110750,110494,true,true,false,Max,D'Angelo,Hooper,Harrison,StJn,StJn,9,22,3,3,0,,,,,3,3,45,Jump Shot,3,Field Goal Made,24,23,7.7,51,51,
1,10,00,Anthony Myers-Pate makes a jump shot from 21 feet out.,98422,,true,false,false,Anthony,,Myers-Pate,,RMor,,9,24,3,3,0,,,,,2,2,45,Jump Shot,3,Field Goal Made,21,-11.3,18.1,221,221,
1,9,43,Orlando Sanchez misses a 3-point jump shot from 22 feet out.,116750,,true,false,false,Orlando,,Sanchez,,StJn,,9,24,3,3,0,,,,,0,3,45,Jump Shot,4,Field Goal Missed,22,22.2,1.3,51,51,
1,9,43,Stephan Hawkins with a defensive rebound.,116454,,true,false,false,Stephan,,Hawkins,,RMor,,9,24,3,3,0,,,,,2,,,,6,Defensive Rebound,,,,221,221,
1,9,19,Karvel Anderson makes a jump shot from 16 feet out.,116453,,true,false,false,Karvel,,Anderson,,RMor,,9,26,3,3,0,,,,,11,2,45,Jump Shot,3,Field Goal Made,16,-2.8,16.1,221,221,
1,8,57,Marc-Antoine Bourgault makes a 3-point jump shot from 23 feet out. Max Hooper with the assist.,116747,110750,true,true,false,Marc-Antoine,Max,Bourgault,Hooper,StJn,StJn,12,26,3,3,0,,,,,3,3,45,Jump Shot,3,Field Goal Made,23,15.2,17.1,51,51,
1,8,29,Karvel Anderson makes a jump shot from 14 feet out. Aaron Tate with the assist.,116453,121428,true,true,false,Karvel,Aaron,Anderson,Tate,RMor,RMor,12,28,3,3,0,,,,,13,2,45,Jump Shot,3,Field Goal Made,14,14.2,2.3,221,221,
1,8,08,Marc-Antoine Bourgault misses a 3-point jump shot from 25 feet out.,116747,,true,false,false,Marc-Antoine,,Bourgault,,StJn,,12,28,3,3,0,,,,,3,3,45,Jump Shot,4,Field Goal Missed,25,-17.6,18.4,51,51,
1,8,08,Stephan Hawkins with a defensive rebound.,116454,,true,false,false,Stephan,,Hawkins,,RMor,,12,28,3,3,0,,,,,2,,,,6,Defensive Rebound,,,,221,221,
1,7,47,Lucky Jones makes a 3-point jump shot from 23 feet out. Anthony Myers-Pate with the assist.,112415,98422,true,true,false,Lucky,Anthony,Jones,Myers-Pate,RMor,RMor,12,31,3,3,1,,,,,14,3,45,Jump Shot,3,Field Goal Made,23,22.7,3.1,221,221,
1,7,32,Max Hooper makes a 3-point jump shot from 25 feet out. Marc-Antoine Bourgault with the assist.,110750,116747,true,true,false,Max,Marc-Antoine,Hooper,Bourgault,StJn,StJn,15,31,3,3,0,,,,,6,3,45,Jump Shot,3,Field Goal Made,25,-23.2,8.2,51,51,
1,7,12,Anthony Myers-Pate makes a jump shot from 18 feet out.,98422,,true,false,false,Anthony,,Myers-Pate,,RMor,,15,33,3,3,0,,,,,4,2,45,Jump Shot,3,Field Goal Made,18,12.5,13,221,221,
1,6,56,Max Hooper makes a 3-point jump shot from 23 feet out. D'Angelo Harrison with the assist.,110750,110494,true,true,false,Max,D'Angelo,Hooper,Harrison,StJn,StJn,18,33,3,3,0,,,,,9,3,45,Jump Shot,3,Field Goal Made,23,-22.7,1.8,51,51,
1,6,34,Anthony Myers-Pate misses a 3-point jump shot from 24 feet out.,98422,,true,false,false,Anthony,,Myers-Pate,,RMor,,18,33,3,3,0,,,,,4,3,45,Jump Shot,4,Field Goal Missed,24,19.8,13,221,221,
1,6,34,Lucky Jones with an offensive rebound.,112415,,true,false,false,Lucky,,Jones,,RMor,,18,33,3,3,1,,,,,14,,,,5,Offensive Rebound,,,,221,221,
1,6,28,Karvel Anderson makes a 3-point jump shot from 23 feet out. Lucky Jones with the assist.,116453,112415,true,true,false,Karvel,Lucky,Anderson,Jones,RMor,RMor,18,36,3,3,0,,,,,16,3,45,Jump Shot,3,Field Goal Made,23,-16.9,15.4,221,221,
1,6,24,Personal foul committed by Karvel Anderson.,116453,,true,false,false,Karvel,,Anderson,,RMor,,18,36,4,3,1,,,,,16,,1,Personal,8,Foul,,,,221,221,
1,6,24,Official TV timeout.,,,false,false,false,,,,,,,18,36,4,3,0,,,,,0,,3,Official TV,11,Timeout,,,,51,51,
1,6,10,Max Hooper misses a 3-point jump shot from 23 feet out.,110750,,true,false,false,Max,,Hooper,,StJn,,18,36,4,3,0,,,,,9,3,45,Jump Shot,4,Field Goal Missed,23,-20.8,10.8,51,51,
1,6,10,Lucky Jones with a defensive rebound.,112415,,true,false,false,Lucky,,Jones,,RMor,,18,36,4,3,1,,,,,14,,,,6,Defensive Rebound,,,,221,221,
1,5,53,Stephan Hawkins makes a jump shot from 14 feet out. Kavon Stewart with the assist.,116454,121425,true,true,false,Stephan,Kavon,Hawkins,Stewart,RMor,RMor,18,38,4,3,0,,,,,4,2,45,Jump Shot,3,Field Goal Made,14,-13.7,2.5,221,221,
1,5,31,Phil Greene IV misses a jump shot from 14 feet out.,110492,,true,false,false,Phil,,Greene IV,,StJn,,18,38,4,3,0,,,,,0,2,45,Jump Shot,4,Field Goal Missed,14,-13.9,1.8,51,51,
1,5,31,Kavon Stewart with a defensive rebound.,121425,,true,false,false,Kavon,,Stewart,,RMor,,18,38,4,3,1,,,,,0,,,,6,Defensive Rebound,,,,221,221,
1,5,17,Stephan Hawkins makes a jump shot from 17 feet out. Kavon Stewart with the assist.,116454,121425,true,true,false,Stephan,Kavon,Hawkins,Stewart,RMor,RMor,18,40,4,3,0,,,,,6,2,45,Jump Shot,3,Field Goal Made,17,-13.2,11.5,221,221,
1,5,08,Personal foul committed by Stephan Hawkins.,116454,,true,false,false,Stephan,,Hawkins,,RMor,,18,40,5,3,1,,,,,6,,1,Personal,8,Foul,,,,221,221,
1,4,47,God'sgift Achiuwa misses a hook shot from 7 feet out.,110490,,true,false,false,God'sgift,,Achiuwa,,StJn,,18,40,5,3,0,,,,,1,2,55,Hook Shot,4,Field Goal Missed,7,4,5.7,51,51,
1,4,47,David Appolon with a defensive rebound.,110172,,true,false,false,David,,Appolon,,RMor,,18,40,5,3,0,,,,,0,,,,6,Defensive Rebound,,,,221,221,
1,4,28,Lucky Jones with a traveling turnover: Traveling,112415,,true,false,false,Lucky,,Jones,,RMor,,18,40,5,3,1,,,,,14,,4,Traveling,7,Turnover,,,,221,221,
1,4,05,D'Angelo Harrison misses a jump shot from 12 feet out.,110494,,true,false,false,D'Angelo,,Harrison,,StJn,,18,40,5,3,0,,,,,3,2,45,Jump Shot,4,Field Goal Missed,12,4,11,51,51,
1,4,05,God'sgift Achiuwa with an offensive rebound.,110490,,true,false,false,God'sgift,,Achiuwa,,StJn,,18,40,5,3,0,,,,,1,,,,5,Offensive Rebound,,,,51,51,
1,4,03,God'sgift Achiuwa misses a tip shot from 4 feet out.,110490,,true,false,false,God'sgift,,Achiuwa,,StJn,,18,40,5,3,0,,,,,1,2,53,Tip Shot,4,Field Goal Missed,4,-3,3,51,51,
1,4,03,Stephan Hawkins with a defensive rebound.,116454,,true,false,false,Stephan,,Hawkins,,RMor,,18,40,5,3,1,,,,,6,,,,6,Defensive Rebound,,,,221,221,
1,3,56,Lucky Jones makes a 3-point jump shot from 23 feet out.,112415,,true,false,false,Lucky,,Jones,,RMor,,18,43,5,3,1,,,,,17,3,45,Jump Shot,3,Field Goal Made,23,17.4,14.7,221,221,
1,3,48,Phil Greene IV makes a 3-point jump shot from 23 feet out.,110492,,true,false,false,Phil,,Greene IV,,StJn,,21,43,5,3,0,,,,,3,3,45,Jump Shot,3,Field Goal Made,23,9.9,21.2,51,51,
1,3,19,Shooting foul committed by God'sgift Achiuwa.,110490,,true,false,false,God'sgift,,Achiuwa,,StJn,,21,43,5,4,1,,,,,1,,2,Shooting,8,Foul,,,,51,51,
1,3,19,Official TV timeout.,,,false,false,false,,,,,,,21,43,5,4,0,,,,,0,,3,Official TV,11,Timeout,,,,51,51,
1,3,19,Kavon Stewart makes free throw 1 of 2.,121425,,true,false,false,Kavon,,Stewart,,RMor,,21,44,5,4,1,,,,,1,1,11,Free Throw 1 of 2,1,Free Throw Made,,,,221,221,
1,3,19,Kavon Stewart misses free throw 2 of 2.,121425,,true,false,false,Kavon,,Stewart,,RMor,,21,44,5,4,1,,,,,1,1,12,Free Throw 2 of 2,2,Free Throw Missed,,,,221,221,
1,3,19,D'Angelo Harrison with a defensive rebound.,110494,,true,false,false,D'Angelo,,Harrison,,StJn,,21,44,5,4,0,,,,,3,,,,6,Defensive Rebound,,,,51,51,
1,2,52,D'Angelo Harrison makes a 3-point jump shot from 23 feet out. Max Hooper with the assist.,110494,110750,true,true,false,D'Angelo,Max,Harrison,Hooper,StJn,StJn,24,44,5,4,0,,,,,6,3,45,Jump Shot,3,Field Goal Made,23,-18.1,13.7,51,51,
1,2,16,David Appolon misses a jump shot from 8 feet out.,110172,,true,false,false,David,,Appolon,,RMor,,24,44,5,4,0,,,,,0,2,45,Jump Shot,4,Field Goal Missed,8,.4,7.9,221,221,
1,2,16,Charles Oliver with an offensive rebound.,109801,,true,false,false,Charles,,Oliver,,RMor,,24,44,5,4,1,,,,,0,,,,5,Offensive Rebound,,,,221,221,
1,2,14,Charles Oliver misses a 3-point jump shot from 24 feet out.,109801,,true,false,false,Charles,,Oliver,,RMor,,24,44,5,4,1,,,,,0,3,45,Jump Shot,4,Field Goal Missed,24,19.1,15.2,221,221,
1,2,14,Phil Greene IV with a defensive rebound.,110492,,true,false,false,Phil,,Greene IV,,StJn,,24,44,5,4,0,,,,,3,,,,6,Defensive Rebound,,,,51,51,
1,2,14,D'Angelo Harrison with a traveling turnover: Traveling,110494,,true,false,false,D'Angelo,,Harrison,,StJn,,24,44,5,4,0,,,,,6,,4,Traveling,7,Turnover,,,,51,51,
1,2,08,David Appolon misses a layup shot.,110172,,true,false,false,David,,Appolon,,RMor,,24,44,5,4,0,,,,,0,2,40,Layup Shot,4,Field Goal Missed,0,0,0,221,221,
1,2,08,Phil Greene IV with a defensive rebound.,110492,,true,false,false,Phil,,Greene IV,,StJn,,24,44,5,4,0,,,,,3,,,,6,Defensive Rebound,,,,51,51,
1,1,59,Max Hooper makes a 3-point jump shot from 24 feet out. D'Angelo Harrison with the assist.,110750,110494,true,true,false,Max,D'Angelo,Hooper,Harrison,StJn,StJn,27,44,5,4,0,,,,,12,3,45,Jump Shot,3,Field Goal Made,24,22,8,51,51,
1,1,47,Official's timeout.,,,false,false,false,,,,,,,27,44,5,4,0,,,,,0,,4,Official,11,Timeout,,,,51,51,
1,1,16,Karvel Anderson makes a layup shot.,116453,,true,false,false,Karvel,,Anderson,,RMor,,27,46,5,4,1,,,,,18,2,40,Layup Shot,3,Field Goal Made,0,0,0,221,221,
1,0,51.3,D'Angelo Harrison misses a 3-point jump shot from 24 feet out.,110494,,true,false,false,D'Angelo,,Harrison,,StJn,,27,46,5,4,0,,,,,6,3,45,Jump Shot,4,Field Goal Missed,24,16.8,16.7,51,51,
1,0,51.3,Lucky Jones with a defensive rebound.,112415,,true,false,false,Lucky,,Jones,,RMor,,27,46,5,4,1,,,,,17,,,,6,Defensive Rebound,,,,221,221,
1,0,48.0,RMor take a 20-second timeout.,,,false,false,false,,,,,,,27,46,5,4,0,,,,,0,,2,Short,11,Timeout,,,,221,221,
1,0,36.3,Lucky Jones makes a 3-point jump shot from 25 feet out. Anthony Myers-Pate with the assist.,112415,98422,true,true,false,Lucky,Anthony,Jones,Myers-Pate,RMor,RMor,27,49,5,4,1,,,,,20,3,45,Jump Shot,3,Field Goal Made,25,-5.7,23.9,221,221,
1,0,04.7,Phil Greene IV misses a 3-point jump shot from 25 feet out.,110492,,true,false,false,Phil,,Greene IV,,StJn,,27,49,5,4,0,,,,,3,3,45,Jump Shot,4,Field Goal Missed,25,-1.6,25.1,51,51,
1,0,04.7,Lucky Jones with a defensive rebound.,112415,,true,false,false,Lucky,,Jones,,RMor,,27,49,5,4,1,,,,,20,,,,6,Defensive Rebound,,,,221,221,
1,0,00,End of the 1st Half,,,false,false,false,,,,,,,27,49,5,4,0,,,,,0,,,,15,End Period,,,,51,51,
2,20,00,Start of the 2nd Half,,,false,false,false,,,,,,,27,49,0,0,0,,,,,0,,,,14,Start Period,,,,51,51,
2,19,52,Phil Greene IV misses a layup shot.,110492,,true,false,false,Phil,,Greene IV,,StJn,,27,49,0,0,0,,,,,3,2,40,Layup Shot,4,Field Goal Missed,0,0,0,51,51,
2,19,52,StJn with an offensive rebound.,,,false,false,false,,,,,,,27,49,0,0,0,,,,,0,,,,5,Offensive Rebound,,,,51,51,
2,19,34,Phil Greene IV misses a 3-point jump shot from 25 feet out.,110492,,true,false,false,Phil,,Greene IV,,StJn,,27,49,0,0,0,,,,,3,3,45,Jump Shot,4,Field Goal Missed,25,14.5,19.8,51,51,
2,19,34,Aaron Tate with a defensive rebound.,121428,,true,false,false,Aaron,,Tate,,RMor,,27,49,0,0,0,,,,,0,,,,6,Defensive Rebound,,,,221,221,
2,19,14,Lucky Jones misses a 3-point jump shot from 24 feet out.,112415,,true,false,false,Lucky,,Jones,,RMor,,27,49,0,0,1,,,,,20,3,45,Jump Shot,4,Field Goal Missed,24,-18.8,14.9,221,221,
2,19,14,Jakarr Sampson with a defensive rebound.,110498,,true,false,false,Jakarr,,Sampson,,StJn,,27,49,0,0,2,,,,,0,,,,6,Defensive Rebound,,,,51,51,
2,19,13,Personal foul committed by Stephan Hawkins.,116454,,true,false,false,Stephan,,Hawkins,,RMor,,27,49,1,0,2,,,,,6,,1,Personal,8,Foul,,,,221,221,
2,18,57,Jakarr Sampson makes a jump shot from 8 feet out.,110498,,true,false,false,Jakarr,,Sampson,,StJn,,29,49,1,0,2,,,,,2,2,45,Jump Shot,3,Field Goal Made,8,7.1,4,51,51,
2,18,30,Stephan Hawkins misses a dunk shot.,116454,,true,false,false,Stephan,,Hawkins,,RMor,,29,49,1,0,2,,,,,6,2,48,Dunk Shot,4,Field Goal Missed,0,0,0,221,221,
2,18,30,Karvel Anderson with an offensive rebound.,116453,,true,false,false,Karvel,,Anderson,,RMor,,29,49,1,0,1,,,,,18,,,,5,Offensive Rebound,,,,221,221,
2,18,24,Karvel Anderson misses a jump shot from 14 feet out.,116453,,true,false,false,Karvel,,Anderson,,RMor,,29,49,1,0,1,,,,,18,2,45,Jump Shot,4,Field Goal Missed,14,-13.2,4.2,221,221,
2,18,24,Phil Greene IV with a defensive rebound.,110492,,true,false,false,Phil,,Greene IV,,StJn,,29,49,1,0,0,,,,,3,,,,6,Defensive Rebound,,,,51,51,
2,18,19,Phil Greene IV misses a layup shot.,110492,,true,false,false,Phil,,Greene IV,,StJn,,29,49,1,0,0,,,,,3,2,40,Layup Shot,4,Field Goal Missed,0,0,0,51,51,
2,18,19,RMor with a defensive rebound.,,,false,false,false,,,,,,,29,49,1,0,0,,,,,0,,,,6,Defensive Rebound,,,,221,221,
2,18,05,Anthony Myers-Pate with a lost ball turnover: Lost Ball,98422,,true,false,false,Anthony,,Myers-Pate,,RMor,,29,49,1,0,0,,,,,4,,2,Lost Ball,7,Turnover,,,,221,221,
2,18,01,Jamal Branch makes a layup shot.,110203,,true,false,false,Jamal,,Branch,,StJn,,31,49,1,0,1,,,,,4,2,40,Layup Shot,3,Field Goal Made,0,0,0,51,51,
2,17,51,Personal foul committed by Phil Greene IV.,110492,,true,false,false,Phil,,Greene IV,,StJn,,31,49,1,1,1,,,,,3,,1,Personal,8,Foul,,,,51,51,
2,17,27,Karvel Anderson makes a 3-point jump shot from 24 feet out.,116453,,true,false,false,Karvel,,Anderson,,RMor,,31,52,1,1,1,,,,,21,3,45,Jump Shot,3,Field Goal Made,24,-4.5,23.7,221,221,
2,17,15,Jamal Branch misses a jump shot from 9 feet out.,110203,,true,false,false,Jamal,,Branch,,StJn,,31,52,1,1,1,,,,,4,2,45,Jump Shot,4,Field Goal Missed,9,-3.7,8.6,51,51,
2,17,15,Chris Obekpa with an offensive rebound.,116749,,true,false,false,Chris,,Obekpa,,StJn,,31,52,1,1,0,,,,,0,,,,5,Offensive Rebound,,,,51,51,
2,17,10,Chris Obekpa with a lost ball turnover: Lost Ball,116749,,true,false,false,Chris,,Obekpa,,StJn,,31,52,1,1,0,,,,,0,,2,Lost Ball,7,Turnover,,,,51,51,
2,17,03,Lucky Jones misses a 3-point jump shot from 25 feet out.,112415,,true,false,false,Lucky,,Jones,,RMor,,31,52,1,1,1,,,,,20,3,45,Jump Shot,4,Field Goal Missed,25,13.9,20.5,221,221,
2,17,03,RMor with an offensive rebound.,,,false,false,false,,,,,,,31,52,1,1,0,,,,,0,,,,5,Offensive Rebound,,,,221,221,
2,17,00,Charles Oliver with a out of bounds turnover: Out of Bounds,109801,,true,false,false,Charles,,Oliver,,RMor,,31,52,1,1,1,,,,,0,,3,Out of Bounds,7,Turnover,,,,221,221,
2,16,39,Jakarr Sampson misses a jump shot from 16 feet out.,110498,,true,false,false,Jakarr,,Sampson,,StJn,,31,52,1,1,2,,,,,2,2,45,Jump Shot,4,Field Goal Missed,16,-6,15,51,51,
2,16,39,Kavon Stewart with a defensive rebound.,121425,,true,false,false,Kavon,,Stewart,,RMor,,31,52,1,1,1,,,,,1,,,,6,Defensive Rebound,,,,221,221,
2,16,17,Personal foul committed by D'Angelo Harrison.,110494,,true,false,false,D'Angelo,,Harrison,,StJn,,31,52,1,2,1,,,,,6,,1,Personal,8,Foul,,,,51,51,
2,16,12,Karvel Anderson misses a 3-point jump shot from 23 feet out.,116453,,true,false,false,Karvel,,Anderson,,RMor,,31,52,1,2,1,,,,,21,3,45,Jump Shot,4,Field Goal Missed,23,-22.5,1.8,221,221,
2,16,12,Orlando Sanchez with a defensive rebound.,116750,,true,false,false,Orlando,,Sanchez,,StJn,,31,52,1,2,0,,,,,0,,,,6,Defensive Rebound,,,,51,51,
2,16,02,Jakarr Sampson misses a jump shot from 10 feet out.,110498,,true,false,false,Jakarr,,Sampson,,StJn,,31,52,1,2,2,,,,,2,2,45,Jump Shot,4,Field Goal Missed,10,8.9,5.2,51,51,
2,16,02,StJn with an offensive rebound.,,,false,false,false,,,,,,,31,52,1,2,0,,,,,0,,,,5,Offensive Rebound,,,,51,51,
2,15,50,Max Hooper misses a 3-point jump shot from 22 feet out.,110750,,true,false,false,Max,,Hooper,,StJn,,31,52,1,2,0,,,,,12,3,45,Jump Shot,4,Field Goal Missed,22,22.2,2.3,51,51,
2,15,50,Jakarr Sampson with an offensive rebound.,110498,,true,false,false,Jakarr,,Sampson,,StJn,,31,52,1,2,2,,,,,2,,,,5,Offensive Rebound,,,,51,51,
2,15,45,Jakarr Sampson misses a layup shot.,110498,,true,false,false,Jakarr,,Sampson,,StJn,,31,52,1,2,2,,,,,2,2,40,Layup Shot,4,Field Goal Missed,0,0,0,51,51,
2,15,45,Karvel Anderson with a defensive rebound.,116453,,true,false,false,Karvel,,Anderson,,RMor,,31,52,1,2,1,,,,,21,,,,6,Defensive Rebound,,,,221,221,
2,15,37,Karvel Anderson misses a 3-point jump shot from 24 feet out.,116453,,true,false,false,Karvel,,Anderson,,RMor,,31,52,1,2,1,,,,,21,3,45,Jump Shot,4,Field Goal Missed,24,13.7,20,221,221,
2,15,37,Jakarr Sampson with a defensive rebound.,110498,,true,false,false,Jakarr,,Sampson,,StJn,,31,52,1,2,2,,,,,2,,,,6,Defensive Rebound,,,,51,51,
2,15,23,Orlando Sanchez makes a jump shot from 12 feet out. Jakarr Sampson with the assist.,116750,110498,true,true,false,Orlando,Jakarr,Sanchez,Sampson,StJn,StJn,33,52,1,2,0,,,,,2,2,45,Jump Shot,3,Field Goal Made,12,11.3,2.1,51,51,
2,15,02,Charles Oliver makes a layup shot.,109801,,true,false,false,Charles,,Oliver,,RMor,,33,54,1,2,1,,,,,2,2,40,Layup Shot,3,Field Goal Made,0,0,0,221,221,
2,14,47,Jamal Branch misses a jump shot from 8 feet out.,110203,,true,false,false,Jamal,,Branch,,StJn,,33,54,1,2,1,,,,,4,2,45,Jump Shot,4,Field Goal Missed,8,1.3,7.6,51,51,
2,14,47,Stephan Hawkins with a defensive rebound.,116454,,true,false,false,Stephan,,Hawkins,,RMor,,33,54,1,2,2,,,,,6,,,,6,Defensive Rebound,,,,221,221,
2,14,38,Karvel Anderson misses a 3-point jump shot from 24 feet out.,116453,,true,false,false,Karvel,,Anderson,,RMor,,33,54,1,2,1,,,,,21,3,45,Jump Shot,4,Field Goal Missed,24,20,13.5,221,221,
2,14,38,Max Hooper with a defensive rebound.,110750,,true,false,false,Max,,Hooper,,StJn,,33,54,1,2,0,,,,,12,,,,6,Defensive Rebound,,,,51,51,
2,14,29,D'Angelo Harrison misses a jump shot from 13 feet out.,110494,,true,false,false,D'Angelo,,Harrison,,StJn,,33,54,1,2,1,,,,,6,2,45,Jump Shot,4,Field Goal Missed,13,-12.3,2.3,51,51,
2,14,29,Kavon Stewart with a defensive rebound.,121425,,true,false,false,Kavon,,Stewart,,RMor,,33,54,1,2,1,,,,,1,,,,6,Defensive Rebound,,,,221,221,
2,14,18,Lucky Jones misses a 3-point jump shot from 23 feet out.,112415,,true,false,false,Lucky,,Jones,,RMor,,33,54,1,2,1,,,,,20,3,45,Jump Shot,4,Field Goal Missed,23,-22.9,.4,221,221,
2,14,18,Orlando Sanchez with a defensive rebound.,116750,,true,false,false,Orlando,,Sanchez,,StJn,,33,54,1,2,0,,,,,2,,,,6,Defensive Rebound,,,,51,51,
2,14,08,Jamal Branch with a lost ball turnover: Lost Ball,110203,,true,false,false,Jamal,,Branch,,StJn,,33,54,1,2,1,,,,,4,,2,Lost Ball,7,Turnover,,,,51,51,
2,14,06,Personal foul committed by Jamal Branch.,110203,,true,false,false,Jamal,,Branch,,StJn,,33,54,1,3,2,,,,,4,,1,Personal,8,Foul,,,,51,51,
2,14,06,Official TV timeout.,,,false,false,false,,,,,,,33,54,1,3,0,,,,,0,,3,Official TV,11,Timeout,,,,51,51,
2,14,02,Anthony Myers-Pate makes a 3-point jump shot from 23 feet out. Lucky Jones with the assist.,98422,112415,true,true,false,Anthony,Lucky,Myers-Pate,Jones,RMor,RMor,33,57,1,3,0,,,,,7,3,45,Jump Shot,3,Field Goal Made,23,18.3,13.9,221,221,
2,13,36,D'Angelo Harrison makes a 3-point jump shot from 25 feet out. Sir'Dominic Pointer with the assist.,110494,110497,true,true,false,D'Angelo,Sir'Dominic,Harrison,Pointer,StJn,StJn,36,57,1,3,1,,,,,9,3,45,Jump Shot,3,Field Goal Made,25,-.6,25.4,51,51,
2,13,12,Karvel Anderson makes a 3-point jump shot from 25 feet out.,116453,,true,false,false,Karvel,,Anderson,,RMor,,36,60,1,3,1,,,,,24,3,45,Jump Shot,3,Field Goal Made,25,16.9,19,221,221,
2,12,38,D'Angelo Harrison misses a jump shot from 17 feet out.,110494,,true,false,false,D'Angelo,,Harrison,,StJn,,36,60,1,3,1,,,,,9,2,45,Jump Shot,4,Field Goal Missed,17,10.6,13.7,51,51,
2,12,38,Orlando Sanchez with an offensive rebound.,116750,,true,false,false,Orlando,,Sanchez,,StJn,,36,60,1,3,0,,,,,2,,,,5,Offensive Rebound,,,,51,51,
2,12,34,Orlando Sanchez makes a layup shot.,116750,,true,false,false,Orlando,,Sanchez,,StJn,,38,60,1,3,0,,,,,4,2,40,Layup Shot,3,Field Goal Made,0,0,0,51,51,
2,12,14,Lucky Jones misses a 3-point jump shot from 24 feet out.,112415,,true,false,false,Lucky,,Jones,,RMor,,38,60,1,3,1,,,,,20,3,45,Jump Shot,4,Field Goal Missed,24,-.8,24.1,221,221,
2,12,14,Max Hooper with a defensive rebound.,110750,,true,false,false,Max,,Hooper,,StJn,,38,60,1,3,0,,,,,12,,,,6,Defensive Rebound,,,,51,51,
2,12,05,D'Angelo Harrison misses a 3-point jump shot from 25 feet out.,110494,,true,false,false,D'Angelo,,Harrison,,StJn,,38,60,1,3,1,,,,,9,3,45,Jump Shot,4,Field Goal Missed,25,-10.6,22.4,51,51,
2,12,05,Kavon Stewart with a defensive rebound.,121425,,true,false,false,Kavon,,Stewart,,RMor,,38,60,1,3,1,,,,,1,,,,6,Defensive Rebound,,,,221,221,
2,11,44,Karvel Anderson with a lost ball turnover: Lost Ball,116453,,true,false,false,Karvel,,Anderson,,RMor,,38,60,1,3,1,,,,,24,,2,Lost Ball,7,Turnover,,,,221,221,
2,11,41,Official TV timeout.,,,false,false,false,,,,,,,38,60,1,3,0,,,,,0,,3,Official TV,11,Timeout,,,,51,51,
2,11,19,Marc-Antoine Bourgault misses a 3-point jump shot from 25 feet out.,116747,,true,false,false,Marc-Antoine,,Bourgault,,StJn,,38,60,1,3,0,,,,,3,3,45,Jump Shot,4,Field Goal Missed,25,-22,11,51,51,
2,11,19,Aaron Tate with a defensive rebound.,121428,,true,false,false,Aaron,,Tate,,RMor,,38,60,1,3,0,,,,,0,,,,6,Defensive Rebound,,,,221,221,
2,10,47,Charles Oliver misses a jump shot from 17 feet out.,109801,,true,false,false,Charles,,Oliver,,RMor,,38,60,1,3,1,,,,,2,2,45,Jump Shot,4,Field Goal Missed,17,-16.9,2.6,221,221,
2,10,47,Jakarr Sampson with a defensive rebound.,110498,,true,false,false,Jakarr,,Sampson,,StJn,,38,60,1,3,2,,,,,2,,,,6,Defensive Rebound,,,,51,51,
2,10,35,Jakarr Sampson makes a layup shot.,110498,,true,false,false,Jakarr,,Sampson,,StJn,,40,60,1,3,2,,,,,4,2,40,Layup Shot,3,Field Goal Made,0,0,0,51,51,
2,10,11,Aaron Tate makes a layup shot. Lucky Jones with the assist.,121428,112415,true,true,false,Aaron,Lucky,Tate,Jones,RMor,RMor,40,62,1,3,0,,,,,2,2,40,Layup Shot,3,Field Goal Made,0,0,0,221,221,
2,9,58,Jakarr Sampson makes a dunk shot. Orlando Sanchez with the assist.,110498,116750,true,true,false,Jakarr,Orlando,Sampson,Sanchez,StJn,StJn,42,62,1,3,2,,,,,6,2,48,Dunk Shot,3,Field Goal Made,0,0,0,51,51,
2,9,56,StJn take a full timeout.,,,false,false,false,,,,,,,42,62,1,3,0,,,,,0,,1,Regular,11,Timeout,,,,51,51,
2,9,30,Lucky Jones makes a 3-point jump shot from 23 feet out. Anthony Myers-Pate with the assist.,112415,98422,true,true,false,Lucky,Anthony,Jones,Myers-Pate,RMor,RMor,42,65,1,3,1,,,,,23,3,45,Jump Shot,3,Field Goal Made,23,23,1.8,221,221,
2,9,20,Max Hooper misses a 3-point jump shot from 22 feet out.,110750,,true,false,false,Max,,Hooper,,StJn,,42,65,1,3,0,,,,,12,3,45,Jump Shot,4,Field Goal Missed,22,22.2,1.8,51,51,
2,9,20,D'Angelo Harrison with an offensive rebound.,110494,,true,false,false,D'Angelo,,Harrison,,StJn,,42,65,1,3,1,,,,,9,,,,5,Offensive Rebound,,,,51,51,
2,9,12,D'Angelo Harrison misses a layup shot.,110494,,true,false,false,D'Angelo,,Harrison,,StJn,,42,65,1,3,1,,,,,9,2,40,Layup Shot,4,Field Goal Missed,0,0,0,51,51,
2,9,12,Karvel Anderson with a defensive rebound.,116453,,true,false,false,Karvel,,Anderson,,RMor,,42,65,1,3,1,,,,,24,,,,6,Defensive Rebound,,,,221,221,
2,8,59,Karvel Anderson makes a 3-point jump shot from 23 feet out. Anthony Myers-Pate with the assist.,116453,98422,true,true,false,Karvel,Anthony,Anderson,Myers-Pate,RMor,RMor,42,68,1,3,1,,,,,27,3,45,Jump Shot,3,Field Goal Made,23,-16.8,16.4,221,221,
2,8,43,Sir'Dominic Pointer misses a 3-point jump shot from 25 feet out.,110497,,true,false,false,Sir'Dominic,,Pointer,,StJn,,42,68,1,3,0,,,,,0,3,45,Jump Shot,4,Field Goal Missed,25,19,15.9,51,51,
2,8,43,Orlando Sanchez with an offensive rebound.,116750,,true,false,false,Orlando,,Sanchez,,StJn,,42,68,1,3,0,,,,,4,,,,5,Offensive Rebound,,,,51,51,
2,8,42,Personal foul committed by Charles Oliver.,109801,,true,false,false,Charles,,Oliver,,RMor,,42,68,2,3,2,,,,,2,,1,Personal,8,Foul,,,,221,221,
2,8,30,Jamal Branch makes a layup shot. Jakarr Sampson with the assist.,110203,110498,true,true,false,Jamal,Jakarr,Branch,Sampson,StJn,StJn,44,68,2,3,2,,,,,6,2,40,Layup Shot,3,Field Goal Made,0,0,0,51,51,
2,8,15,Charles Oliver misses a 3-point jump shot from 24 feet out.,109801,,true,false,false,Charles,,Oliver,,RMor,,44,68,2,3,2,,,,,2,3,45,Jump Shot,4,Field Goal Missed,24,17.9,16.2,221,221,
2,8,15,Phil Greene IV with a defensive rebound.,110492,,true,false,false,Phil,,Greene IV,,StJn,,44,68,2,3,1,,,,,3,,,,6,Defensive Rebound,,,,51,51,
2,8,08,Jamal Branch makes a layup shot. Jakarr Sampson with the assist.,110203,110498,true,true,false,Jamal,Jakarr,Branch,Sampson,StJn,StJn,46,68,2,3,2,,,,,8,2,40,Layup Shot,3,Field Goal Made,0,0,0,51,51,
2,7,41,Stephan Hawkins misses a jump shot from 10 feet out.,116454,,true,false,false,Stephan,,Hawkins,,RMor,,46,68,2,3,2,,,,,6,2,45,Jump Shot,4,Field Goal Missed,10,-9.4,1.8,221,221,
2,7,41,Jamal Branch with a defensive rebound.,110203,,true,false,false,Jamal,,Branch,,StJn,,46,68,2,3,2,,,,,8,,,,6,Defensive Rebound,,,,51,51,
2,7,35,Personal foul committed by Anthony Myers-Pate.,98422,,true,false,false,Anthony,,Myers-Pate,,RMor,,46,68,3,3,1,,,,,7,,1,Personal,8,Foul,,,,221,221,
2,7,35,Official TV timeout.,,,false,false,false,,,,,,,46,68,3,3,0,,,,,0,,3,Official TV,11,Timeout,,,,51,51,
2,7,29,Orlando Sanchez makes a dunk shot. Jamal Branch with the assist.,116750,110203,true,true,false,Orlando,Jamal,Sanchez,Branch,StJn,StJn,48,68,3,3,0,,,,,6,2,48,Dunk Shot,3,Field Goal Made,0,0,0,51,51,
2,7,07,Anthony Myers-Pate makes a layup shot. Kavon Stewart with the assist.,98422,121425,true,true,false,Anthony,Kavon,Myers-Pate,Stewart,RMor,RMor,48,70,3,3,1,,,,,9,2,40,Layup Shot,3,Field Goal Made,0,0,0,221,221,
2,7,07,Shooting foul committed by Phil Greene IV.,110492,,true,false,false,Phil,,Greene IV,,StJn,,48,70,3,4,2,,,,,3,,2,Shooting,8,Foul,,,,51,51,
2,7,07,Kavon Stewart makes free throw 1 of 1.,121425,,true,false,false,Kavon,,Stewart,,RMor,,48,71,3,4,1,,,,,2,1,10,Free Throw 1 of 1,1,Free Throw Made,,,,221,221,
2,6,54,Jakarr Sampson makes a layup shot.,110498,,true,false,false,Jakarr,,Sampson,,StJn,,50,71,3,4,2,,,,,8,2,40,Layup Shot,3,Field Goal Made,0,0,0,51,51,
2,6,54,Shooting foul committed by Stephan Hawkins.,116454,,true,false,false,Stephan,,Hawkins,,RMor,,50,71,4,4,3,,,,,6,,2,Shooting,8,Foul,,,,221,221,
2,6,54,Jakarr Sampson makes free throw 1 of 1.,110498,,true,false,false,Jakarr,,Sampson,,StJn,,51,71,4,4,2,,,,,9,1,10,Free Throw 1 of 1,1,Free Throw Made,,,,51,51,
2,6,44,Karvel Anderson makes a 3-point jump shot from 25 feet out. Lucky Jones with the assist.,116453,112415,true,true,false,Karvel,Lucky,Anderson,Jones,RMor,RMor,51,74,4,4,1,,,,,30,3,45,Jump Shot,3,Field Goal Made,25,22,10.8,221,221,
2,6,28,Jakarr Sampson misses a jump shot from 19 feet out.,110498,,true,false,false,Jakarr,,Sampson,,StJn,,51,74,4,4,2,,,,,9,2,45,Jump Shot,4,Field Goal Missed,19,19.1,.2,51,51,
2,6,28,Charles Oliver with a defensive rebound.,109801,,true,false,false,Charles,,Oliver,,RMor,,51,74,4,4,2,,,,,2,,,,6,Defensive Rebound,,,,221,221,
2,6,21,Lucky Jones with a lost ball turnover: Lost Ball,112415,,true,false,false,Lucky,,Jones,,RMor,,51,74,4,4,1,,,,,23,,2,Lost Ball,7,Turnover,,,,221,221,
2,6,16,Jakarr Sampson misses a layup shot.,110498,,true,false,false,Jakarr,,Sampson,,StJn,,51,74,4,4,2,,,,,9,2,40,Layup Shot,4,Field Goal Missed,0,0,0,51,51,
2,6,16,RMor with a defensive rebound.,,,false,false,false,,,,,,,51,74,4,4,0,,,,,0,,,,6,Defensive Rebound,,,,221,221,
2,5,58,Charles Oliver misses a layup shot.,109801,,true,false,false,Charles,,Oliver,,RMor,,51,74,4,4,2,,,,,2,2,40,Layup Shot,4,Field Goal Missed,0,0,0,221,221,
2,5,58,Orlando Sanchez with a defensive rebound.,116750,,true,false,false,Orlando,,Sanchez,,StJn,,51,74,4,4,0,,,,,6,,,,6,Defensive Rebound,,,,51,51,
2,5,51,Marc-Antoine Bourgault makes a 3-point jump shot from 22 feet out. Orlando Sanchez with the assist.,116747,116750,true,true,false,Marc-Antoine,Orlando,Bourgault,Sanchez,StJn,StJn,54,74,4,4,0,,,,,6,3,45,Jump Shot,3,Field Goal Made,22,-22.2,2.3,51,51,
2,5,22,Karvel Anderson misses a 3-point jump shot from 24 feet out.,116453,,true,false,false,Karvel,,Anderson,,RMor,,54,74,4,4,1,,,,,30,3,45,Jump Shot,4,Field Goal Missed,24,22.5,7.4,221,221,
2,5,22,Marc-Antoine Bourgault with a defensive rebound.,116747,,true,false,false,Marc-Antoine,,Bourgault,,StJn,,54,74,4,4,0,,,,,6,,,,6,Defensive Rebound,,,,51,51,
2,5,12,Max Hooper makes a 3-point jump shot from 23 feet out.,110750,,true,false,false,Max,,Hooper,,StJn,,57,74,4,4,0,,,,,15,3,45,Jump Shot,3,Field Goal Made,23,-21.5,6.7,51,51,
2,5,11,RMor take a 20-second timeout.,,,false,false,false,,,,,,,57,74,4,4,0,,,,,0,,2,Short,11,Timeout,,,,221,221,
2,4,44,Lucky Jones with a lost ball turnover: Lost Ball,112415,,true,false,false,Lucky,,Jones,,RMor,,57,74,4,4,1,,,,,23,,2,Lost Ball,7,Turnover,,,,221,221,
2,4,40,Shooting foul committed by Lucky Jones.,112415,,true,false,false,Lucky,,Jones,,RMor,,57,74,5,4,2,,,,,23,,2,Shooting,8,Foul,,,,221,221,
2,4,40,Jamal Branch makes free throw 1 of 2.,110203,,true,false,false,Jamal,,Branch,,StJn,,58,74,5,4,2,,,,,9,1,11,Free Throw 1 of 2,1,Free Throw Made,,,,51,51,
2,4,40,Jamal Branch makes free throw 2 of 2.,110203,,true,false,false,Jamal,,Branch,,StJn,,59,74,5,4,2,,,,,10,1,12,Free Throw 2 of 2,1,Free Throw Made,,,,51,51,
2,4,29,Lucky Jones misses a 3-point jump shot from 23 feet out.,112415,,true,false,false,Lucky,,Jones,,RMor,,59,74,5,4,2,,,,,23,3,45,Jump Shot,4,Field Goal Missed,23,-20.7,11,221,221,
2,4,29,Sir'Dominic Pointer with a defensive rebound.,110497,,true,false,false,Sir'Dominic,,Pointer,,StJn,,59,74,5,4,0,,,,,0,,,,6,Defensive Rebound,,,,51,51,
2,4,22,Sir'Dominic Pointer misses a jump shot from 3 feet out.,110497,,true,false,false,Sir'Dominic,,Pointer,,StJn,,59,74,5,4,0,,,,,0,2,45,Jump Shot,4,Field Goal Missed,3,-2.6,1.8,51,51,
2,4,22,Lucky Jones with a defensive rebound.,112415,,true,false,false,Lucky,,Jones,,RMor,,59,74,5,4,2,,,,,23,,,,6,Defensive Rebound,,,,221,221,
2,4,12,Stephan Hawkins misses a layup shot.,116454,,true,false,false,Stephan,,Hawkins,,RMor,,59,74,5,4,3,,,,,6,2,40,Layup Shot,4,Field Goal Missed,0,0,0,221,221,
2,4,12,Jamal Branch with a defensive rebound.,110203,,true,false,false,Jamal,,Branch,,StJn,,59,74,5,4,2,,,,,10,,,,6,Defensive Rebound,,,,51,51,
2,4,09,Max Hooper makes a 3-point jump shot from 24 feet out. Sir'Dominic Pointer with the assist.,110750,110497,true,true,false,Max,Sir'Dominic,Hooper,Pointer,StJn,StJn,62,74,5,4,0,,,,,18,3,45,Jump Shot,3,Field Goal Made,24,22.5,7,51,51,
2,4,00,Personal foul committed by Sir'Dominic Pointer.,110497,,true,false,false,Sir'Dominic,,Pointer,,StJn,,62,74,5,5,1,,,,,0,,1,Personal,8,Foul,,,,51,51,
2,3,57,Lucky Jones with a lost ball turnover: Lost Ball,112415,,true,false,false,Lucky,,Jones,,RMor,,62,74,5,5,2,,,,,23,,2,Lost Ball,7,Turnover,,,,221,221,
2,3,49,Orlando Sanchez makes a dunk shot.,116750,,true,false,false,Orlando,,Sanchez,,StJn,,64,74,5,5,0,,,,,8,2,48,Dunk Shot,3,Field Goal Made,0,0,0,51,51,
2,3,39,Stephan Hawkins misses a dunk shot.,116454,,true,false,false,Stephan,,Hawkins,,RMor,,64,74,5,5,3,,,,,6,2,48,Dunk Shot,4,Field Goal Missed,0,0,0,221,221,
2,3,39,Phil Greene IV with a defensive rebound.,110492,,true,false,false,Phil,,Greene IV,,StJn,,64,74,5,5,2,,,,,3,,,,6,Defensive Rebound,,,,51,51,
2,3,28,Jakarr Sampson makes a dunk shot. Phil Greene IV with the assist.,110498,110492,true,true,false,Jakarr,Phil,Sampson,Greene IV,StJn,StJn,66,74,5,5,2,,,,,11,2,48,Dunk Shot,3,Field Goal Made,0,0,0,51,51,
2,3,28,RMor take a 20-second timeout.,,,false,false,false,,,,,,,66,74,5,5,0,,,,,0,,2,Short,11,Timeout,,,,221,221,
2,3,22,Personal foul committed by Jakarr Sampson.,110498,,true,false,false,Jakarr,,Sampson,,StJn,,66,74,5,6,3,,,,,11,,1,Personal,8,Foul,,,,51,51,
2,3,22,Official TV timeout.,,,false,false,false,,,,,,,66,74,5,6,0,,,,,0,,3,Official TV,11,Timeout,,,,51,51,
2,3,03,Karvel Anderson with a bad pass turnover: Bad Pass,116453,,true,false,false,Karvel,,Anderson,,RMor,,66,74,5,6,1,,,,,30,,1,Bad Pass,7,Turnover,,,,221,221,
2,2,58,Max Hooper misses a 3-point jump shot from 21 feet out.,110750,,true,false,false,Max,,Hooper,,StJn,,66,74,5,6,0,,,,,18,3,45,Jump Shot,4,Field Goal Missed,21,20.8,4,51,51,
2,2,58,Phil Greene IV with an offensive rebound.,110492,,true,false,false,Phil,,Greene IV,,StJn,,66,74,5,6,2,,,,,3,,,,5,Offensive Rebound,,,,51,51,
2,2,51,Jamal Branch misses a layup shot.,110203,,true,false,false,Jamal,,Branch,,StJn,,66,74,5,6,2,,,,,10,2,40,Layup Shot,4,Field Goal Missed,0,0,0,51,51,
2,2,51,Lucky Jones with a defensive rebound.,112415,,true,false,false,Lucky,,Jones,,RMor,,66,74,5,6,2,,,,,23,,,,6,Defensive Rebound,,,,221,221,
2,2,41,Karvel Anderson makes a 3-point jump shot. Lucky Jones with the assist.,116453,112415,true,true,false,Karvel,Lucky,Anderson,Jones,RMor,RMor,66,77,5,6,1,,,,,33,3,45,Jump Shot,3,Field Goal Made,0,0,0,221,221,
2,2,13,Orlando Sanchez misses a jump shot from 15 feet out.,116750,,true,false,false,Orlando,,Sanchez,,StJn,,66,77,5,6,0,,,,,8,2,45,Jump Shot,4,Field Goal Missed,15,-14.5,1.6,51,51,
2,2,13,Lucky Jones with a defensive rebound.,112415,,true,false,false,Lucky,,Jones,,RMor,,66,77,5,6,2,,,,,23,,,,6,Defensive Rebound,,,,221,221,
2,1,48,Personal foul committed by Phil Greene IV.,110492,,true,false,false,Phil,,Greene IV,,StJn,,66,77,5,7,3,,,,,3,,1,Personal,8,Foul,,,,51,51,
2,1,48,Kavon Stewart misses free throw 1st of 1-and-1.,121425,,true,false,false,Kavon,,Stewart,,RMor,,66,77,5,7,1,,,,,2,1,8,Free Throw 1st of 1-and-1,2,Free Throw Missed,,,,221,221,
2,1,48,Orlando Sanchez with a defensive rebound.,116750,,true,false,false,Orlando,,Sanchez,,StJn,,66,77,5,7,0,,,,,8,,,,6,Defensive Rebound,,,,51,51,
2,1,34,Phil Greene IV misses a 3-point jump shot from 26 feet out.,110492,,true,false,false,Phil,,Greene IV,,StJn,,66,77,5,7,3,,,,,3,3,45,Jump Shot,4,Field Goal Missed,26,-10.3,24.4,51,51,
2,1,34,Lucky Jones with a defensive rebound.,112415,,true,false,false,Lucky,,Jones,,RMor,,66,77,5,7,2,,,,,23,,,,6,Defensive Rebound,,,,221,221,
2,1,31,Personal foul committed by Max Hooper.,110750,,true,false,false,Max,,Hooper,,StJn,,66,77,5,8,1,,,,,18,,1,Personal,8,Foul,,,,51,51,
2,1,31,Kavon Stewart misses free throw 1st of 1-and-1.,121425,,true,false,false,Kavon,,Stewart,,RMor,,66,77,5,8,1,,,,,2,1,8,Free Throw 1st of 1-and-1,2,Free Throw Missed,,,,221,221,
2,1,31,Jakarr Sampson with a defensive rebound.,110498,,true,false,false,Jakarr,,Sampson,,StJn,,66,77,5,8,3,,,,,11,,,,6,Defensive Rebound,,,,51,51,
2,1,12,Max Hooper misses a 3-point jump shot from 26 feet out.,110750,,true,false,false,Max,,Hooper,,StJn,,66,77,5,8,1,,,,,18,3,45,Jump Shot,4,Field Goal Missed,26,4.2,25.9,51,51,
2,1,12,RMor with a defensive rebound.,,,false,false,false,,,,,,,66,77,5,8,0,,,,,0,,,,6,Defensive Rebound,,,,221,221,
2,1,09,Personal foul committed by Jakarr Sampson.,110498,,true,false,false,Jakarr,,Sampson,,StJn,,66,77,5,9,4,,,,,11,,1,Personal,8,Foul,,,,51,51,
2,1,09,Karvel Anderson makes free throw 1st of 1-and-1.,116453,,true,false,false,Karvel,,Anderson,,RMor,,66,78,5,9,1,,,,,34,1,8,Free Throw 1st of 1-and-1,1,Free Throw Made,,,,221,221,
2,1,09,Karvel Anderson makes free throw 2nd of 1-and-1.,116453,,true,false,false,Karvel,,Anderson,,RMor,,66,79,5,9,1,,,,,35,1,9,Free Throw 2nd of 1-and-1,1,Free Throw Made,,,,221,221,
2,0,59.0,Max Hooper misses a 3-point jump shot from 24 feet out.,110750,,true,false,false,Max,,Hooper,,StJn,,66,79,5,9,1,,,,,18,3,45,Jump Shot,4,Field Goal Missed,24,.6,24.2,51,51,
2,0,59.0,Karvel Anderson with a defensive rebound.,116453,,true,false,false,Karvel,,Anderson,,RMor,,66,79,5,9,1,,,,,35,,,,6,Defensive Rebound,,,,221,221,
2,0,55.1,Personal foul committed by Jakarr Sampson.,110498,,true,false,false,Jakarr,,Sampson,,StJn,,66,79,5,10,5,,,,,11,,1,Personal,8,Foul,,,,51,51,
2,0,55.1,Official's timeout.,,,false,false,false,,,,,,,66,79,5,10,0,,,,,0,,4,Official,11,Timeout,,,,51,51,
2,0,54.3,Anthony Myers-Pate misses free throw 1 of 2.,98422,,true,false,false,Anthony,,Myers-Pate,,RMor,,66,79,5,10,1,,,,,9,1,11,Free Throw 1 of 2,2,Free Throw Missed,,,,221,221,
2,0,54.3,RMor with an offensive rebound.,,,false,false,false,,,,,,,66,79,5,10,0,,,,,0,,,,5,Offensive Rebound,,,,221,221,
2,0,54.3,Anthony Myers-Pate makes free throw 2 of 2.,98422,,true,false,false,Anthony,,Myers-Pate,,RMor,,66,80,5,10,1,,,,,10,1,12,Free Throw 2 of 2,1,Free Throw Made,,,,221,221,
2,0,49.4,Jamal Branch makes a 3-point jump shot from 23 feet out. Max Hooper with the assist.,110203,110750,true,true,false,Jamal,Max,Branch,Hooper,StJn,StJn,69,80,5,10,2,,,,,13,3,45,Jump Shot,3,Field Goal Made,23,20.2,11,51,51,
2,0,47.3,Personal foul committed by Sir'Dominic Pointer.,110497,,true,false,false,Sir'Dominic,,Pointer,,StJn,,69,80,5,11,2,,,,,0,,1,Personal,8,Foul,,,,51,51,
2,0,47.3,Karvel Anderson misses free throw 1 of 2.,116453,,true,false,false,Karvel,,Anderson,,RMor,,69,80,5,11,1,,,,,35,1,11,Free Throw 1 of 2,2,Free Throw Missed,,,,221,221,
2,0,47.3,RMor with an offensive rebound.,,,false,false,false,,,,,,,69,80,5,11,0,,,,,0,,,,5,Offensive Rebound,,,,221,221,
2,0,47.3,Karvel Anderson makes free throw 2 of 2.,116453,,true,false,false,Karvel,,Anderson,,RMor,,69,81,5,11,1,,,,,36,1,12,Free Throw 2 of 2,1,Free Throw Made,,,,221,221,
2,0,41.0,Jamal Branch makes a 3-point jump shot from 23 feet out.,110203,,true,false,false,Jamal,,Branch,,StJn,,72,81,5,11,2,,,,,16,3,45,Jump Shot,3,Field Goal Made,23,-9.3,21.3,51,51,
2,0,40.4,Personal foul committed by Jamal Branch.,110203,,true,false,false,Jamal,,Branch,,StJn,,72,81,5,12,3,,,,,16,,1,Personal,8,Foul,,,,51,51,
2,0,40.4,Kavon Stewart makes free throw 1 of 2.,121425,,true,false,false,Kavon,,Stewart,,RMor,,72,82,5,12,1,,,,,3,1,11,Free Throw 1 of 2,1,Free Throw Made,,,,221,221,
2,0,40.4,Kavon Stewart misses free throw 2 of 2.,121425,,true,false,false,Kavon,,Stewart,,RMor,,72,82,5,12,1,,,,,3,1,12,Free Throw 2 of 2,2,Free Throw Missed,,,,221,221,
2,0,40.4,Sir'Dominic Pointer with a defensive rebound.,110497,,true,false,false,Sir'Dominic,,Pointer,,StJn,,72,82,5,12,2,,,,,0,,,,6,Defensive Rebound,,,,51,51,
2,0,36.1,Jamal Branch makes a 3-point jump shot from 24 feet out.,110203,,true,false,false,Jamal,,Branch,,StJn,,75,82,5,12,3,,,,,19,3,45,Jump Shot,3,Field Goal Made,24,-11.3,20.7,51,51,
2,0,32.4,Personal foul committed by Sir'Dominic Pointer.,110497,,true,false,false,Sir'Dominic,,Pointer,,StJn,,75,82,5,13,3,,,,,0,,1,Personal,8,Foul,,,,51,51,
2,0,32.4,Anthony Myers-Pate makes free throw 1 of 2.,98422,,true,false,false,Anthony,,Myers-Pate,,RMor,,75,83,5,13,1,,,,,11,1,11,Free Throw 1 of 2,1,Free Throw Made,,,,221,221,
2,0,32.4,Anthony Myers-Pate misses free throw 2 of 2.,98422,,true,false,false,Anthony,,Myers-Pate,,RMor,,75,83,5,13,1,,,,,11,1,12,Free Throw 2 of 2,2,Free Throw Missed,,,,221,221,
2,0,32.4,Orlando Sanchez with a defensive rebound.,116750,,true,false,false,Orlando,,Sanchez,,StJn,,75,83,5,13,0,,,,,8,,,,6,Defensive Rebound,,,,51,51,
2,0,26.8,Jamal Branch misses a 3-point jump shot from 23 feet out.,110203,,true,false,false,Jamal,,Branch,,StJn,,75,83,5,13,3,,,,,19,3,45,Jump Shot,4,Field Goal Missed,23,8.1,21.7,51,51,
2,0,26.8,Anthony Myers-Pate with a defensive rebound.,98422,,true,false,false,Anthony,,Myers-Pate,,RMor,,75,83,5,13,1,,,,,11,,,,6,Defensive Rebound,,,,221,221,
2,0,26.3,Personal foul committed by Sir'Dominic Pointer.,110497,,true,false,false,Sir'Dominic,,Pointer,,StJn,,75,83,5,14,4,,,,,0,,1,Personal,8,Foul,,,,51,51,
2,0,26.3,Anthony Myers-Pate makes free throw 1 of 2.,98422,,true,false,false,Anthony,,Myers-Pate,,RMor,,75,84,5,14,1,,,,,12,1,11,Free Throw 1 of 2,1,Free Throw Made,,,,221,221,
2,0,26.3,Anthony Myers-Pate makes free throw 2 of 2.,98422,,true,false,false,Anthony,,Myers-Pate,,RMor,,75,85,5,14,1,,,,,13,1,12,Free Throw 2 of 2,1,Free Throw Made,,,,221,221,
2,0,22.0,Jamal Branch makes a 3-point jump shot from 26 feet out.,110203,,true,false,false,Jamal,,Branch,,StJn,,78,85,5,14,3,,,,,22,3,45,Jump Shot,3,Field Goal Made,26,-12.2,23.2,51,51,
2,0,20.4,Personal foul committed by Marc-Antoine Bourgault.,116747,,true,false,false,Marc-Antoine,,Bourgault,,StJn,,78,85,5,15,1,,,,,6,,1,Personal,8,Foul,,,,51,51,
2,0,20.4,Karvel Anderson makes free throw 1 of 2.,116453,,true,false,false,Karvel,,Anderson,,RMor,,78,86,5,15,1,,,,,37,1,11,Free Throw 1 of 2,1,Free Throw Made,,,,221,221,
2,0,20.4,Karvel Anderson makes free throw 2 of 2.,116453,,true,false,false,Karvel,,Anderson,,RMor,,78,87,5,15,1,,,,,38,1,12,Free Throw 2 of 2,1,Free Throw Made,,,,221,221,
2,0,14.0,Jamal Branch misses a 3-point jump shot from 24 feet out.,110203,,true,false,false,Jamal,,Branch,,StJn,,78,87,5,15,3,,,,,22,3,45,Jump Shot,4,Field Goal Missed,24,-3.8,23.7,51,51,
2,0,14.0,Lucky Jones with a defensive rebound.,112415,,true,false,false,Lucky,,Jones,,RMor,,78,87,5,15,2,,,,,23,,,,6,Defensive Rebound,,,,221,221,
2,0,13.0,Personal foul committed by Sir'Dominic Pointer.,110497,,true,false,false,Sir'Dominic,,Pointer,,StJn,,78,87,5,16,5,,,,,0,,1,Personal,8,Foul,,,,51,51,
2,0,13.0,Official's timeout.,,,false,false,false,,,,,,,78,87,5,16,0,,,,,0,,4,Official,11,Timeout,,,,51,51,
2,0,13.0,Lucky Jones makes free throw 1 of 2.,112415,,true,false,false,Lucky,,Jones,,RMor,,78,88,5,16,2,,,,,24,1,11,Free Throw 1 of 2,1,Free Throw Made,,,,221,221,
2,0,13.0,Lucky Jones makes free throw 2 of 2.,112415,,true,false,false,Lucky,,Jones,,RMor,,78,89,5,16,2,,,,,25,1,12,Free Throw 2 of 2,1,Free Throw Made,,,,221,221,
2,0,09.6,Jamal Branch misses a 3-point jump shot from 26 feet out.,110203,,true,false,false,Jamal,,Branch,,StJn,,78,89,5,16,3,,,,,22,3,45,Jump Shot,4,Field Goal Missed,26,-11.3,23.7,51,51,
2,0,09.6,Kavon Stewart with a defensive rebound.,121425,,true,false,false,Kavon,,Stewart,,RMor,,78,89,5,16,1,,,,,3,,,,6,Defensive Rebound,,,,221,221,
2,0,00,End of the 2nd Half,,,false,false,false,,,,,,,78,89,5,16,0,,,,,0,,,,15,End Period,,,,51,51,
2,0,00,End of the Game,,,false,false,false,,,,,,,78,89,5,16,0,,,,,0,,,,19,Game Over,,,,51,51,
