half,time-minutes,time-seconds,details,player1-id,player2-id,player1-linkable,player2-linkable,player3-linkable,player-first-name-1,player-first-name-2,player-last-name-1,player-last-name-2,player-team-alias-1,player-team-alias-2,home-score,visitor-score,visitor-fouls,home-fouls,player-fouls,fastbreak,in-paint,second-chance,off-turnover,player-score,points-type,detail-id,detail-desc,event-id,event-desc,distance,x-coord,y-coord,team-id-1,team-id-2,team-id-3
1,20,00,Start of the 1st Half,,,false,false,false,,,,,,,0,0,0,0,0,,,,,0,,,,14,Start Period,,,,154,154,
1,19,52,D.J. Covington makes a jump shot.,97738,,true,false,false,D.J.,,Covington,,VMI,,0,2,0,0,0,,,,,2,2,45,Jump Shot,3,Field Goal Made,,,,274,274,
1,19,40,Chris Manhertz misses a jump shot.,98160,,true,false,false,Chris,,Manhertz,,Can,,0,2,0,0,0,,,,,0,2,45,Jump Shot,4,Field Goal Missed,,,,154,154,
1,19,33,Rodney Glasgow makes a 3-point jump shot.,97739,,true,false,false,Rodney,,Glasgow,,VMI,,0,5,0,0,0,,,,,3,3,45,Jump Shot,3,Field Goal Made,,,,274,274,
1,19,02,Chris Manhertz misses a layup shot.,98160,,true,false,false,Chris,,Manhertz,,Can,,0,5,0,0,0,,,,,0,2,40,Layup Shot,4,Field Goal Missed,,,,154,154,
1,18,51,Rodney Glasgow misses a 3-point jump shot.,97739,,true,false,false,Rodney,,Glasgow,,VMI,,0,5,0,0,0,,,,,3,3,45,Jump Shot,4,Field Goal Missed,,,,274,274,
1,18,48,Phillip Anglade makes a dunk shot.,117715,,true,false,false,Phillip,,Anglade,,VMI,,0,7,0,0,0,,,,,2,2,48,Dunk Shot,3,Field Goal Made,,,,274,274,
1,18,37,Personal foul committed by Phillip Anglade.,117715,,true,false,false,Phillip,,Anglade,,VMI,,0,7,1,0,1,,,,,2,,1,Personal,8,Foul,,,,274,274,
1,18,33,Chris Perez misses a layup shot.,88327,,true,false,false,Chris,,Perez,,Can,,0,7,1,0,0,,,,,0,2,40,Layup Shot,4,Field Goal Missed,,,,154,154,
1,18,23,Brian Brown misses a 3-point jump shot.,109534,,true,false,false,Brian,,Brown,,VMI,,0,7,1,0,0,,,,,0,3,45,Jump Shot,4,Field Goal Missed,,,,274,274,
1,18,20,Personal foul committed by Rodney Glasgow.,97739,,true,false,false,Rodney,,Glasgow,,VMI,,0,7,2,0,1,,,,,3,,1,Personal,8,Foul,,,,274,274,
1,18,02,QJ Peterson misses a 3-point jump shot.,121110,,true,false,false,QJ,,Peterson,,VMI,,0,7,2,0,0,,,,,0,3,45,Jump Shot,4,Field Goal Missed,,,,274,274,
1,17,59,D.J. Covington makes a layup shot.,97738,,true,false,false,D.J.,,Covington,,VMI,,0,9,2,0,0,,,,,4,2,40,Layup Shot,3,Field Goal Made,,,,274,274,
1,17,55,Can take a 20-second timeout.,,,false,false,false,,,,,,,0,9,2,0,0,,,,,0,,2,Short,11,Timeout,,,,154,154,
1,17,52,Offensive foul committed by Billy Baron.,97109,,true,false,false,Billy,,Baron,,Can,,0,9,2,1,1,,,,,0,,4,Offensive,8,Foul,,,,154,154,
1,17,49,D.J. Covington makes a jump shot.,97738,,true,false,false,D.J.,,Covington,,VMI,,0,11,2,1,0,,,,,6,2,45,Jump Shot,3,Field Goal Made,,,,274,274,
1,17,33,Chris Perez misses a 3-point jump shot.,88327,,true,false,false,Chris,,Perez,,Can,,0,11,2,1,0,,,,,0,3,45,Jump Shot,4,Field Goal Missed,,,,154,154,
1,17,30,Personal foul committed by Brian Brown.,109534,,true,false,false,Brian,,Brown,,VMI,,0,11,3,1,1,,,,,0,,1,Personal,8,Foul,,,,274,274,
1,17,20,Billy Baron misses a jump shot.,97109,,true,false,false,Billy,,Baron,,Can,,0,11,3,1,1,,,,,0,2,45,Jump Shot,4,Field Goal Missed,,,,154,154,
1,17,17,Josiah Heath misses a jump shot.,110246,,true,false,false,Josiah,,Heath,,Can,,0,11,3,1,0,,,,,0,2,45,Jump Shot,4,Field Goal Missed,,,,154,154,
1,16,47,Josiah Heath misses a jump shot.,110246,,true,false,false,Josiah,,Heath,,Can,,0,11,3,1,0,,,,,0,2,45,Jump Shot,4,Field Goal Missed,,,,154,154,
1,16,31,D.J. Covington makes a jump shot.,97738,,true,false,false,D.J.,,Covington,,VMI,,0,13,3,1,0,,,,,8,2,45,Jump Shot,3,Field Goal Made,,,,274,274,
1,16,15,Billy Baron misses a jump shot.,97109,,true,false,false,Billy,,Baron,,Can,,0,13,3,1,1,,,,,0,2,45,Jump Shot,4,Field Goal Missed,,,,154,154,
1,16,08,Rodney Glasgow makes a jump shot.,97739,,true,false,false,Rodney,,Glasgow,,VMI,,0,15,3,1,1,,,,,5,2,45,Jump Shot,3,Field Goal Made,,,,274,274,
1,16,05,Can take a 20-second timeout.,,,false,false,false,,,,,,,0,15,3,1,0,,,,,0,,2,Short,11,Timeout,,,,154,154,
1,15,54,Chris Manhertz makes a jump shot.,98160,,true,false,false,Chris,,Manhertz,,Can,,2,15,3,1,0,,,,,2,2,45,Jump Shot,3,Field Goal Made,,,,154,154,
1,15,45,Offensive foul committed by QJ Peterson.,121110,,true,false,false,QJ,,Peterson,,VMI,,2,15,4,1,1,,,,,0,,4,Offensive,8,Foul,,,,274,274,
1,15,45,Official TV timeout.,,,false,false,false,,,,,,,2,15,4,1,0,,,,,0,,3,Official TV,11,Timeout,,,,154,154,
1,15,30,Chris Manhertz makes a jump shot.,98160,,true,false,false,Chris,,Manhertz,,Can,,4,15,4,1,0,,,,,4,2,45,Jump Shot,3,Field Goal Made,,,,154,154,
1,15,12,D.J. Covington misses a jump shot.,97738,,true,false,false,D.J.,,Covington,,VMI,,4,15,4,1,0,,,,,8,2,45,Jump Shot,4,Field Goal Missed,,,,274,274,
1,15,10,Trey Chapman makes a layup shot.,121108,,true,false,false,Trey,,Chapman,,VMI,,4,17,4,1,0,,,,,2,2,40,Layup Shot,3,Field Goal Made,,,,274,274,
1,14,51,Chris Perez makes a layup shot.,88327,,true,false,false,Chris,,Perez,,Can,,6,17,4,1,0,,,,,2,2,40,Layup Shot,3,Field Goal Made,,,,154,154,
1,14,42,D.J. Covington misses a dunk shot.,97738,,true,false,false,D.J.,,Covington,,VMI,,6,17,4,1,0,,,,,8,2,48,Dunk Shot,4,Field Goal Missed,,,,274,274,
1,14,34,Chris Manhertz makes a dunk shot.,98160,,true,false,false,Chris,,Manhertz,,Can,,8,17,4,1,0,,,,,6,2,48,Dunk Shot,3,Field Goal Made,,,,154,154,
1,14,19,QJ Peterson misses a 3-point jump shot.,121110,,true,false,false,QJ,,Peterson,,VMI,,8,17,4,1,1,,,,,0,3,45,Jump Shot,4,Field Goal Missed,,,,274,274,
1,14,10,Zach Lewis misses a layup shot.,121656,,true,false,false,Zach,,Lewis,,Can,,8,17,4,1,0,,,,,0,2,40,Layup Shot,4,Field Goal Missed,,,,154,154,
1,14,09,Jordan Heath makes a layup shot.,111478,,true,false,false,Jordan,,Heath,,Can,,10,17,4,1,0,,,,,2,2,40,Layup Shot,3,Field Goal Made,,,,154,154,
1,14,02,Tim Marshall makes a 3-point jump shot.,117716,,true,false,false,Tim,,Marshall,,VMI,,10,20,4,1,0,,,,,3,3,45,Jump Shot,3,Field Goal Made,,,,274,274,
1,13,48,Billy Baron misses a 3-point jump shot.,97109,,true,false,false,Billy,,Baron,,Can,,10,20,4,1,1,,,,,0,3,45,Jump Shot,4,Field Goal Missed,,,,154,154,
1,13,33,Tim Marshall makes a 3-point jump shot.,117716,,true,false,false,Tim,,Marshall,,VMI,,10,23,4,1,0,,,,,6,3,45,Jump Shot,3,Field Goal Made,,,,274,274,
1,12,58,Dominique Raney makes a jump shot.,117796,,true,false,false,Dominique,,Raney,,Can,,12,23,4,1,0,,,,,2,2,45,Jump Shot,3,Field Goal Made,,,,154,154,
1,12,37,Billy Baron misses a 3-point jump shot.,97109,,true,false,false,Billy,,Baron,,Can,,12,23,4,1,1,,,,,0,3,45,Jump Shot,4,Field Goal Missed,,,,154,154,
1,12,27,QJ Peterson misses a jump shot.,121110,,true,false,false,QJ,,Peterson,,VMI,,12,23,4,1,1,,,,,0,2,45,Jump Shot,4,Field Goal Missed,,,,274,274,
1,12,19,D.J. Covington makes a jump shot.,97738,,true,false,false,D.J.,,Covington,,VMI,,12,25,4,1,0,,,,,10,2,45,Jump Shot,3,Field Goal Made,,,,274,274,
1,12,01,Chris Perez misses a jump shot.,88327,,true,false,false,Chris,,Perez,,Can,,12,25,4,1,0,,,,,2,2,45,Jump Shot,4,Field Goal Missed,,,,154,154,
1,11,56,Shooting foul committed by Tim Marshall.,117716,,true,false,false,Tim,,Marshall,,VMI,,12,25,5,1,1,,,,,6,,2,Shooting,8,Foul,,,,274,274,
1,11,56,Official TV timeout.,,,false,false,false,,,,,,,12,25,5,1,0,,,,,0,,3,Official TV,11,Timeout,,,,154,154,
1,11,56,Chris Manhertz misses free throw 1 of 2.,98160,,true,false,false,Chris,,Manhertz,,Can,,12,25,5,1,0,,,,,6,1,11,Free Throw 1 of 2,2,Free Throw Missed,,,,154,154,
1,11,56,Chris Manhertz makes free throw 2 of 2.,98160,,true,false,false,Chris,,Manhertz,,Can,,13,25,5,1,0,,,,,7,1,12,Free Throw 2 of 2,1,Free Throw Made,,,,154,154,
1,11,44,Brian Brown misses a 3-point jump shot.,109534,,true,false,false,Brian,,Brown,,VMI,,13,25,5,1,1,,,,,0,3,45,Jump Shot,4,Field Goal Missed,,,,274,274,
1,11,13,Dominique Raney makes a 3-point jump shot.,117796,,true,false,false,Dominique,,Raney,,Can,,16,25,5,1,0,,,,,5,3,45,Jump Shot,3,Field Goal Made,,,,154,154,
1,10,53,D.J. Covington makes a layup shot.,97738,,true,false,false,D.J.,,Covington,,VMI,,16,27,5,1,0,,,,,12,2,40,Layup Shot,3,Field Goal Made,,,,274,274,
1,10,28,Shooting foul committed by Brian Brown.,109534,,true,false,false,Brian,,Brown,,VMI,,16,27,6,1,2,,,,,0,,2,Shooting,8,Foul,,,,274,274,
1,10,28,Chris Perez makes free throw 1 of 2.,88327,,true,false,false,Chris,,Perez,,Can,,17,27,6,1,0,,,,,3,1,11,Free Throw 1 of 2,1,Free Throw Made,,,,154,154,
1,10,28,Chris Perez misses free throw 2 of 2.,88327,,true,false,false,Chris,,Perez,,Can,,17,27,6,1,0,,,,,3,1,12,Free Throw 2 of 2,2,Free Throw Missed,,,,154,154,
1,10,19,QJ Peterson misses a 3-point jump shot.,121110,,true,false,false,QJ,,Peterson,,VMI,,17,27,6,1,1,,,,,0,3,45,Jump Shot,4,Field Goal Missed,,,,274,274,
1,10,10,Chris Perez makes a layup shot.,88327,,true,false,false,Chris,,Perez,,Can,,19,27,6,1,0,,,,,5,2,40,Layup Shot,3,Field Goal Made,,,,154,154,
1,9,51,Shooting foul committed by Chris Perez.,88327,,true,false,false,Chris,,Perez,,Can,,19,27,6,2,1,,,,,5,,2,Shooting,8,Foul,,,,154,154,
1,9,51,Tim Marshall makes free throw 1 of 3.,117716,,true,false,false,Tim,,Marshall,,VMI,,19,28,6,2,1,,,,,7,1,13,Free Throw 1 of 3,1,Free Throw Made,,,,274,274,
1,9,51,Tim Marshall makes free throw 2 of 3.,117716,,true,false,false,Tim,,Marshall,,VMI,,19,29,6,2,1,,,,,8,1,14,Free Throw 2 of 3,1,Free Throw Made,,,,274,274,
1,9,51,Tim Marshall misses free throw 3 of 3.,117716,,true,false,false,Tim,,Marshall,,VMI,,19,29,6,2,1,,,,,8,1,15,Free Throw 3 of 3,2,Free Throw Missed,,,,274,274,
1,9,42,Phil Valenti misses a jump shot.,116343,,true,false,false,Phil,,Valenti,,Can,,19,29,6,2,0,,,,,0,2,45,Jump Shot,4,Field Goal Missed,,,,154,154,
1,9,33,QJ Peterson makes a layup shot.,121110,,true,false,false,QJ,,Peterson,,VMI,,19,31,6,2,1,,,,,2,2,40,Layup Shot,3,Field Goal Made,,,,274,274,
1,9,01,Rodney Glasgow makes a jump shot.,97739,,true,false,false,Rodney,,Glasgow,,VMI,,19,33,6,2,1,,,,,7,2,45,Jump Shot,3,Field Goal Made,,,,274,274,
1,8,48,Billy Baron makes a layup shot.,97109,,true,false,false,Billy,,Baron,,Can,,21,33,6,2,1,,,,,2,2,40,Layup Shot,3,Field Goal Made,,,,154,154,
1,8,38,QJ Peterson makes a 3-point jump shot.,121110,,true,false,false,QJ,,Peterson,,VMI,,21,36,6,2,1,,,,,5,3,45,Jump Shot,3,Field Goal Made,,,,274,274,
1,8,18,Dominique Raney misses a jump shot.,117796,,true,false,false,Dominique,,Raney,,Can,,21,36,6,2,0,,,,,5,2,45,Jump Shot,4,Field Goal Missed,,,,154,154,
1,8,15,Shooting foul committed by Tim Marshall.,117716,,true,false,false,Tim,,Marshall,,VMI,,21,36,7,2,2,,,,,8,,2,Shooting,8,Foul,,,,274,274,
1,8,14,Josiah Heath misses free throw 1 of 2.,110246,,true,false,false,Josiah,,Heath,,Can,,21,36,7,2,0,,,,,0,1,11,Free Throw 1 of 2,2,Free Throw Missed,,,,154,154,
1,8,14,Josiah Heath misses free throw 2 of 2.,110246,,true,false,false,Josiah,,Heath,,Can,,21,36,7,2,0,,,,,0,1,12,Free Throw 2 of 2,2,Free Throw Missed,,,,154,154,
1,8,05,Jordan Weethee misses a 3-point jump shot.,109537,,true,false,false,Jordan,,Weethee,,VMI,,21,36,7,2,0,,,,,0,3,45,Jump Shot,4,Field Goal Missed,,,,274,274,
1,8,02,QJ Peterson misses a layup shot.,121110,,true,false,false,QJ,,Peterson,,VMI,,21,36,7,2,1,,,,,5,2,40,Layup Shot,4,Field Goal Missed,,,,274,274,
1,7,48,Shooting foul committed by Josiah Heath.,110246,,true,false,false,Josiah,,Heath,,Can,,21,36,7,3,1,,,,,0,,2,Shooting,8,Foul,,,,154,154,
1,7,48,Official TV timeout.,,,false,false,false,,,,,,,21,36,7,3,0,,,,,0,,3,Official TV,11,Timeout,,,,154,154,
1,7,48,D.J. Covington makes free throw 1 of 2.,97738,,true,false,false,D.J.,,Covington,,VMI,,21,37,7,3,0,,,,,13,1,11,Free Throw 1 of 2,1,Free Throw Made,,,,274,274,
1,7,48,D.J. Covington makes free throw 2 of 2.,97738,,true,false,false,D.J.,,Covington,,VMI,,21,38,7,3,0,,,,,14,1,12,Free Throw 2 of 2,1,Free Throw Made,,,,274,274,
1,7,41,Chris Perez makes a layup shot.,88327,,true,false,false,Chris,,Perez,,Can,,23,38,7,3,1,,,,,7,2,40,Layup Shot,3,Field Goal Made,,,,154,154,
1,7,34,QJ Peterson misses a layup shot.,121110,,true,false,false,QJ,,Peterson,,VMI,,23,38,7,3,1,,,,,5,2,40,Layup Shot,4,Field Goal Missed,,,,274,274,
1,7,29,Rodney Glasgow makes a 3-point jump shot.,97739,,true,false,false,Rodney,,Glasgow,,VMI,,23,41,7,3,1,,,,,10,3,45,Jump Shot,3,Field Goal Made,,,,274,274,
1,7,08,Chris Perez makes a layup shot.,88327,,true,false,false,Chris,,Perez,,Can,,25,41,7,3,1,,,,,9,2,40,Layup Shot,3,Field Goal Made,,,,154,154,
1,7,00,Shooting foul committed by Phil Valenti.,116343,,true,false,false,Phil,,Valenti,,Can,,25,41,7,4,1,,,,,0,,2,Shooting,8,Foul,,,,154,154,
1,7,00,D.J. Covington makes free throw 1 of 2.,97738,,true,false,false,D.J.,,Covington,,VMI,,25,42,7,4,0,,,,,15,1,11,Free Throw 1 of 2,1,Free Throw Made,,,,274,274,
1,7,00,D.J. Covington makes free throw 2 of 2.,97738,,true,false,false,D.J.,,Covington,,VMI,,25,43,7,4,0,,,,,16,1,12,Free Throw 2 of 2,1,Free Throw Made,,,,274,274,
1,6,52,Chris Perez misses a jump shot.,88327,,true,false,false,Chris,,Perez,,Can,,25,43,7,4,1,,,,,9,2,45,Jump Shot,4,Field Goal Missed,,,,154,154,
1,6,49,Jordan Heath makes a dunk shot.,111478,,true,false,false,Jordan,,Heath,,Can,,27,43,7,4,0,,,,,4,2,48,Dunk Shot,3,Field Goal Made,,,,154,154,
1,6,33,Personal foul committed by Chris Manhertz.,98160,,true,false,false,Chris,,Manhertz,,Can,,27,43,7,5,1,,,,,7,,1,Personal,8,Foul,,,,154,154,
1,6,29,D.J. Covington misses a jump shot.,97738,,true,false,false,D.J.,,Covington,,VMI,,27,43,7,5,0,,,,,16,2,45,Jump Shot,4,Field Goal Missed,,,,274,274,
1,6,14,Dominique Raney misses a 3-point jump shot.,117796,,true,false,false,Dominique,,Raney,,Can,,27,43,7,5,0,,,,,5,3,45,Jump Shot,4,Field Goal Missed,,,,154,154,
1,5,40,QJ Peterson makes a 3-point jump shot.,121110,,true,false,false,QJ,,Peterson,,VMI,,27,46,7,5,1,,,,,8,3,45,Jump Shot,3,Field Goal Made,,,,274,274,
1,5,24,Chris Manhertz misses a hook shot.,98160,,true,false,false,Chris,,Manhertz,,Can,,27,46,7,5,1,,,,,7,2,55,Hook Shot,4,Field Goal Missed,,,,154,154,
1,5,15,Trey Chapman makes a layup shot.,121108,,true,false,false,Trey,,Chapman,,VMI,,27,48,7,5,0,,,,,4,2,40,Layup Shot,3,Field Goal Made,,,,274,274,
1,5,02,Billy Baron makes a 3-point jump shot.,97109,,true,false,false,Billy,,Baron,,Can,,30,48,7,5,1,,,,,5,3,45,Jump Shot,3,Field Goal Made,,,,154,154,
1,4,55,Rodney Glasgow misses a 3-point jump shot.,97739,,true,false,false,Rodney,,Glasgow,,VMI,,30,48,7,5,1,,,,,10,3,45,Jump Shot,4,Field Goal Missed,,,,274,274,
1,4,50,Rodney Glasgow makes a 3-point jump shot.,97739,,true,false,false,Rodney,,Glasgow,,VMI,,30,51,7,5,1,,,,,13,3,45,Jump Shot,3,Field Goal Made,,,,274,274,
1,4,34,Dominique Raney makes a jump shot.,117796,,true,false,false,Dominique,,Raney,,Can,,32,51,7,5,0,,,,,7,2,45,Jump Shot,3,Field Goal Made,,,,154,154,
1,4,18,Jarid Watson misses a layup shot.,109536,,true,false,false,Jarid,,Watson,,VMI,,32,51,7,5,0,,,,,0,2,40,Layup Shot,4,Field Goal Missed,,,,274,274,
1,4,16,Shooting foul committed by Trey Chapman.,121108,,true,false,false,Trey,,Chapman,,VMI,,32,51,8,5,1,,,,,4,,2,Shooting,8,Foul,,,,274,274,
1,4,16,Chris Perez makes free throw 1 of 2.,88327,,true,false,false,Chris,,Perez,,Can,,33,51,8,5,1,,,,,10,1,11,Free Throw 1 of 2,1,Free Throw Made,,,,154,154,
1,4,16,Chris Perez makes free throw 2 of 2.,88327,,true,false,false,Chris,,Perez,,Can,,34,51,8,5,1,,,,,11,1,12,Free Throw 2 of 2,1,Free Throw Made,,,,154,154,
1,3,57,Billy Baron misses a layup shot.,97109,,true,false,false,Billy,,Baron,,Can,,34,51,8,5,1,,,,,5,2,40,Layup Shot,4,Field Goal Missed,,,,154,154,
1,3,49,Shooting foul committed by Jordan Heath.,111478,,true,false,false,Jordan,,Heath,,Can,,34,51,8,6,1,,,,,4,,2,Shooting,8,Foul,,,,154,154,
1,3,49,Official TV timeout.,,,false,false,false,,,,,,,34,51,8,6,0,,,,,0,,3,Official TV,11,Timeout,,,,154,154,
1,3,49,D.J. Covington makes free throw 1 of 2.,97738,,true,false,false,D.J.,,Covington,,VMI,,34,52,8,6,0,,,,,17,1,11,Free Throw 1 of 2,1,Free Throw Made,,,,274,274,
1,3,49,D.J. Covington makes free throw 2 of 2.,97738,,true,false,false,D.J.,,Covington,,VMI,,34,53,8,6,0,,,,,18,1,12,Free Throw 2 of 2,1,Free Throw Made,,,,274,274,
1,3,15,Tim Marshall misses a 3-point jump shot.,117716,,true,false,false,Tim,,Marshall,,VMI,,34,53,8,6,2,,,,,8,3,45,Jump Shot,4,Field Goal Missed,,,,274,274,
1,3,09,D.J. Covington makes a layup shot.,97738,,true,false,false,D.J.,,Covington,,VMI,,34,55,8,6,0,,,,,20,2,40,Layup Shot,3,Field Goal Made,,,,274,274,
1,2,55,Chris Perez makes a layup shot.,88327,,true,false,false,Chris,,Perez,,Can,,36,55,8,6,1,,,,,13,2,40,Layup Shot,3,Field Goal Made,,,,154,154,
1,2,46,Tim Marshall misses a jump shot.,117716,,true,false,false,Tim,,Marshall,,VMI,,36,55,8,6,2,,,,,8,2,45,Jump Shot,4,Field Goal Missed,,,,274,274,
1,2,40,Billy Baron misses a 3-point jump shot.,97109,,true,false,false,Billy,,Baron,,Can,,36,55,8,6,1,,,,,5,3,45,Jump Shot,4,Field Goal Missed,,,,154,154,
1,2,36,Jordan Heath makes a dunk shot.,111478,,true,false,false,Jordan,,Heath,,Can,,38,55,8,6,1,,,,,6,2,48,Dunk Shot,3,Field Goal Made,,,,154,154,
1,2,19,Shooting foul committed by Rodney Glasgow.,97739,,true,false,false,Rodney,,Glasgow,,VMI,,38,55,9,6,2,,,,,13,,2,Shooting,8,Foul,,,,274,274,
1,2,19,Billy Baron makes free throw 1 of 2.,97109,,true,false,false,Billy,,Baron,,Can,,39,55,9,6,1,,,,,6,1,11,Free Throw 1 of 2,1,Free Throw Made,,,,154,154,
1,2,19,Billy Baron makes free throw 2 of 2.,97109,,true,false,false,Billy,,Baron,,Can,,40,55,9,6,1,,,,,7,1,12,Free Throw 2 of 2,1,Free Throw Made,,,,154,154,
1,1,56,D.J. Covington makes a jump shot.,97738,,true,false,false,D.J.,,Covington,,VMI,,40,57,9,6,0,,,,,22,2,45,Jump Shot,3,Field Goal Made,,,,274,274,
1,1,53,VMI take a 20-second timeout.,,,false,false,false,,,,,,,40,57,9,6,0,,,,,0,,2,Short,11,Timeout,,,,274,274,
1,1,41,Billy Baron misses a 3-point jump shot.,97109,,true,false,false,Billy,,Baron,,Can,,40,57,9,6,1,,,,,7,3,45,Jump Shot,4,Field Goal Missed,,,,154,154,
1,1,34,QJ Peterson misses a jump shot.,121110,,true,false,false,QJ,,Peterson,,VMI,,40,57,9,6,1,,,,,8,2,45,Jump Shot,4,Field Goal Missed,,,,274,274,
1,1,30,Jordan Heath makes a layup shot.,111478,,true,false,false,Jordan,,Heath,,Can,,42,57,9,6,1,,,,,8,2,40,Layup Shot,3,Field Goal Made,,,,154,154,
1,0,45.2,Trey Chapman makes a layup shot.,121108,,true,false,false,Trey,,Chapman,,VMI,,42,59,9,6,1,,,,,6,2,40,Layup Shot,3,Field Goal Made,,,,274,274,
1,0,36.9,Dominique Raney makes a 3-point jump shot.,117796,,true,false,false,Dominique,,Raney,,Can,,45,59,9,6,0,,,,,10,3,45,Jump Shot,3,Field Goal Made,,,,154,154,
1,0,01.1,QJ Peterson misses a 3-point jump shot.,121110,,true,false,false,QJ,,Peterson,,VMI,,45,59,9,6,1,,,,,8,3,45,Jump Shot,4,Field Goal Missed,,,,274,274,
1,0,00,End of the 1st Half,,,false,false,false,,,,,,,45,59,9,6,0,,,,,0,,,,15,End Period,,,,154,154,
2,20,00,Start of the 2nd Half,,,false,false,false,,,,,,,45,59,0,0,0,,,,,0,,,,14,Start Period,,,,154,154,
2,19,44,Jordan Heath makes a 3-point jump shot.,111478,,true,false,false,Jordan,,Heath,,Can,,48,59,0,0,1,,,,,11,3,45,Jump Shot,3,Field Goal Made,,,,154,154,
2,19,12,QJ Peterson misses a layup shot.,121110,,true,false,false,QJ,,Peterson,,VMI,,48,59,0,0,1,,,,,8,2,40,Layup Shot,4,Field Goal Missed,,,,274,274,
2,19,04,Chris Perez misses a hook shot.,88327,,true,false,false,Chris,,Perez,,Can,,48,59,0,0,1,,,,,13,2,55,Hook Shot,4,Field Goal Missed,,,,154,154,
2,19,01,Personal foul committed by Chris Perez.,88327,,true,false,false,Chris,,Perez,,Can,,48,59,0,1,2,,,,,13,,1,Personal,8,Foul,,,,154,154,
2,18,49,Brian Brown misses a 3-point jump shot.,109534,,true,false,false,Brian,,Brown,,VMI,,48,59,0,1,2,,,,,0,3,45,Jump Shot,4,Field Goal Missed,,,,274,274,
2,18,37,Billy Baron makes a 3-point jump shot.,97109,,true,false,false,Billy,,Baron,,Can,,51,59,0,1,1,,,,,10,3,45,Jump Shot,3,Field Goal Made,,,,154,154,
2,18,19,QJ Peterson misses a 3-point jump shot.,121110,,true,false,false,QJ,,Peterson,,VMI,,51,59,0,1,1,,,,,8,3,45,Jump Shot,4,Field Goal Missed,,,,274,274,
2,18,10,Jordan Heath makes a layup shot.,111478,,true,false,false,Jordan,,Heath,,Can,,53,59,0,1,1,,,,,13,2,40,Layup Shot,3,Field Goal Made,,,,154,154,
2,18,01,VMI take a full timeout.,,,false,false,false,,,,,,,53,59,0,1,0,,,,,0,,1,Regular,11,Timeout,,,,274,274,
2,17,46,Tim Marshall misses a 3-point jump shot.,117716,,true,false,false,Tim,,Marshall,,VMI,,53,59,0,1,2,,,,,8,3,45,Jump Shot,4,Field Goal Missed,,,,274,274,
2,17,36,D.J. Covington makes a layup shot.,97738,,true,false,false,D.J.,,Covington,,VMI,,53,61,0,1,0,,,,,24,2,40,Layup Shot,3,Field Goal Made,,,,274,274,
2,17,36,Shooting foul committed by Jordan Heath.,111478,,true,false,false,Jordan,,Heath,,Can,,53,61,0,2,2,,,,,13,,2,Shooting,8,Foul,,,,154,154,
2,17,36,D.J. Covington makes free throw 1 of 1.,97738,,true,false,false,D.J.,,Covington,,VMI,,53,62,0,2,0,,,,,25,1,10,Free Throw 1 of 1,1,Free Throw Made,,,,274,274,
2,17,23,Billy Baron makes a jump shot.,97109,,true,false,false,Billy,,Baron,,Can,,55,62,0,2,1,,,,,12,2,45,Jump Shot,3,Field Goal Made,,,,154,154,
2,17,04,D.J. Covington makes a layup shot.,97738,,true,false,false,D.J.,,Covington,,VMI,,55,64,0,2,0,,,,,27,2,40,Layup Shot,3,Field Goal Made,,,,274,274,
2,17,04,Shooting foul committed by Chris Manhertz.,98160,,true,false,false,Chris,,Manhertz,,Can,,55,64,0,3,2,,,,,7,,2,Shooting,8,Foul,,,,154,154,
2,17,04,D.J. Covington makes free throw 1 of 1.,97738,,true,false,false,D.J.,,Covington,,VMI,,55,65,0,3,0,,,,,28,1,10,Free Throw 1 of 1,1,Free Throw Made,,,,274,274,
2,16,44,Chris Perez misses a jump shot.,88327,,true,false,false,Chris,,Perez,,Can,,55,65,0,3,2,,,,,13,2,45,Jump Shot,4,Field Goal Missed,,,,154,154,
2,16,31,Trey Chapman misses a 3-point jump shot.,121108,,true,false,false,Trey,,Chapman,,VMI,,55,65,0,3,1,,,,,6,3,45,Jump Shot,4,Field Goal Missed,,,,274,274,
2,16,28,D.J. Covington makes a dunk shot.,97738,,true,false,false,D.J.,,Covington,,VMI,,55,67,0,3,0,,,,,30,2,48,Dunk Shot,3,Field Goal Made,,,,274,274,
2,16,16,Shooting foul committed by D.J. Covington.,97738,,true,false,false,D.J.,,Covington,,VMI,,55,67,1,3,1,,,,,30,,2,Shooting,8,Foul,,,,274,274,
2,16,16,Chris Manhertz misses free throw 1 of 2.,98160,,true,false,false,Chris,,Manhertz,,Can,,55,67,1,3,2,,,,,7,1,11,Free Throw 1 of 2,2,Free Throw Missed,,,,154,154,
2,16,16,Chris Manhertz misses free throw 2 of 2.,98160,,true,false,false,Chris,,Manhertz,,Can,,55,67,1,3,2,,,,,7,1,12,Free Throw 2 of 2,2,Free Throw Missed,,,,154,154,
2,15,58,Trey Chapman misses a jump shot.,121108,,true,false,false,Trey,,Chapman,,VMI,,55,67,1,3,1,,,,,6,2,45,Jump Shot,4,Field Goal Missed,,,,274,274,
2,15,45,Personal foul committed by QJ Peterson.,121110,,true,false,false,QJ,,Peterson,,VMI,,55,67,2,3,2,,,,,8,,1,Personal,8,Foul,,,,274,274,
2,15,45,Official TV timeout.,,,false,false,false,,,,,,,55,67,2,3,0,,,,,0,,3,Official TV,11,Timeout,,,,154,154,
2,15,11,Shooting foul committed by Jordan Heath.,111478,,true,false,false,Jordan,,Heath,,Can,,55,67,2,4,3,,,,,13,,2,Shooting,8,Foul,,,,154,154,
2,15,11,D.J. Covington makes free throw 1 of 2.,97738,,true,false,false,D.J.,,Covington,,VMI,,55,68,2,4,1,,,,,31,1,11,Free Throw 1 of 2,1,Free Throw Made,,,,274,274,
2,15,11,D.J. Covington misses free throw 2 of 2.,97738,,true,false,false,D.J.,,Covington,,VMI,,55,68,2,4,1,,,,,31,1,12,Free Throw 2 of 2,2,Free Throw Missed,,,,274,274,
2,15,07,Shooting foul committed by D.J. Covington.,97738,,true,false,false,D.J.,,Covington,,VMI,,55,68,3,4,2,,,,,31,,2,Shooting,8,Foul,,,,274,274,
2,15,07,Dominique Raney makes free throw 1 of 2.,117796,,true,false,false,Dominique,,Raney,,Can,,56,68,3,4,0,,,,,11,1,11,Free Throw 1 of 2,1,Free Throw Made,,,,154,154,
2,15,07,Dominique Raney makes free throw 2 of 2.,117796,,true,false,false,Dominique,,Raney,,Can,,57,68,3,4,0,,,,,12,1,12,Free Throw 2 of 2,1,Free Throw Made,,,,154,154,
2,14,47,Billy Baron makes a 3-point jump shot.,97109,,true,false,false,Billy,,Baron,,Can,,60,68,3,4,1,,,,,15,3,45,Jump Shot,3,Field Goal Made,,,,154,154,
2,14,39,Tim Marshall misses a 3-point jump shot.,117716,,true,false,false,Tim,,Marshall,,VMI,,60,68,3,4,2,,,,,8,3,45,Jump Shot,4,Field Goal Missed,,,,274,274,
2,14,34,Jordan Heath misses a layup shot.,111478,,true,false,false,Jordan,,Heath,,Can,,60,68,3,4,3,,,,,13,2,40,Layup Shot,4,Field Goal Missed,,,,154,154,
2,14,29,QJ Peterson makes a layup shot.,121110,,true,false,false,QJ,,Peterson,,VMI,,60,70,3,4,2,,,,,10,2,40,Layup Shot,3,Field Goal Made,,,,274,274,
2,14,02,Dominique Raney makes a 3-point jump shot.,117796,,true,false,false,Dominique,,Raney,,Can,,63,70,3,4,0,,,,,15,3,45,Jump Shot,3,Field Goal Made,,,,154,154,
2,13,33,Tim Marshall misses a 3-point jump shot.,117716,,true,false,false,Tim,,Marshall,,VMI,,63,70,3,4,2,,,,,8,3,45,Jump Shot,4,Field Goal Missed,,,,274,274,
2,13,29,Shooting foul committed by Jordan Heath.,111478,,true,false,false,Jordan,,Heath,,Can,,63,70,3,5,4,,,,,13,,2,Shooting,8,Foul,,,,154,154,
2,13,29,QJ Peterson makes free throw 1 of 2.,121110,,true,false,false,QJ,,Peterson,,VMI,,63,71,3,5,2,,,,,11,1,11,Free Throw 1 of 2,1,Free Throw Made,,,,274,274,
2,13,29,QJ Peterson makes free throw 2 of 2.,121110,,true,false,false,QJ,,Peterson,,VMI,,63,72,3,5,2,,,,,12,1,12,Free Throw 2 of 2,1,Free Throw Made,,,,274,274,
2,13,15,Billy Baron misses a 3-point jump shot.,97109,,true,false,false,Billy,,Baron,,Can,,63,72,3,5,1,,,,,15,3,45,Jump Shot,4,Field Goal Missed,,,,154,154,
2,13,12,Chris Perez makes a layup shot.,88327,,true,false,false,Chris,,Perez,,Can,,65,72,3,5,2,,,,,15,2,40,Layup Shot,3,Field Goal Made,,,,154,154,
2,12,53,Shooting foul committed by Chris Manhertz.,98160,,true,false,false,Chris,,Manhertz,,Can,,65,72,3,6,3,,,,,7,,2,Shooting,8,Foul,,,,154,154,
2,12,53,D.J. Covington makes free throw 1 of 2.,97738,,true,false,false,D.J.,,Covington,,VMI,,65,73,3,6,2,,,,,32,1,11,Free Throw 1 of 2,1,Free Throw Made,,,,274,274,
2,12,53,D.J. Covington makes free throw 2 of 2.,97738,,true,false,false,D.J.,,Covington,,VMI,,65,74,3,6,2,,,,,33,1,12,Free Throw 2 of 2,1,Free Throw Made,,,,274,274,
2,12,41,Billy Baron misses a layup shot.,97109,,true,false,false,Billy,,Baron,,Can,,65,74,3,6,1,,,,,15,2,40,Layup Shot,4,Field Goal Missed,,,,154,154,
2,12,18,Dominique Raney makes a 3-point jump shot.,117796,,true,false,false,Dominique,,Raney,,Can,,68,74,3,6,0,,,,,18,3,45,Jump Shot,3,Field Goal Made,,,,154,154,
2,12,00,D.J. Covington misses a layup shot.,97738,,true,false,false,D.J.,,Covington,,VMI,,68,74,3,6,2,,,,,33,2,40,Layup Shot,4,Field Goal Missed,,,,274,274,
2,11,52,Chris Perez misses a 3-point jump shot.,88327,,true,false,false,Chris,,Perez,,Can,,68,74,3,6,2,,,,,15,3,45,Jump Shot,4,Field Goal Missed,,,,154,154,
2,11,43,QJ Peterson misses a 3-point jump shot.,121110,,true,false,false,QJ,,Peterson,,VMI,,68,74,3,6,2,,,,,12,3,45,Jump Shot,4,Field Goal Missed,,,,274,274,
2,11,40,Tim Marshall makes a layup shot.,117716,,true,false,false,Tim,,Marshall,,VMI,,68,76,3,6,2,,,,,10,2,40,Layup Shot,3,Field Goal Made,,,,274,274,
2,11,11,Phil Valenti makes a hook shot.,116343,,true,false,false,Phil,,Valenti,,Can,,70,76,3,6,1,,,,,2,2,55,Hook Shot,3,Field Goal Made,,,,154,154,
2,11,01,Tim Marshall misses a 3-point jump shot.,117716,,true,false,false,Tim,,Marshall,,VMI,,70,76,3,6,2,,,,,10,3,45,Jump Shot,4,Field Goal Missed,,,,274,274,
2,10,58,D.J. Covington misses a layup shot.,97738,,true,false,false,D.J.,,Covington,,VMI,,70,76,3,6,2,,,,,33,2,40,Layup Shot,4,Field Goal Missed,,,,274,274,
2,10,52,Official TV timeout.,,,false,false,false,,,,,,,70,76,3,6,0,,,,,0,,3,Official TV,11,Timeout,,,,154,154,
2,10,40,Shooting foul committed by Tim Marshall.,117716,,true,false,false,Tim,,Marshall,,VMI,,70,76,4,6,3,,,,,10,,2,Shooting,8,Foul,,,,274,274,
2,10,40,Chris Perez makes free throw 1 of 2.,88327,,true,false,false,Chris,,Perez,,Can,,71,76,4,6,2,,,,,16,1,11,Free Throw 1 of 2,1,Free Throw Made,,,,154,154,
2,10,40,Chris Perez makes free throw 2 of 2.,88327,,true,false,false,Chris,,Perez,,Can,,72,76,4,6,2,,,,,17,1,12,Free Throw 2 of 2,1,Free Throw Made,,,,154,154,
2,10,23,Tim Marshall misses a 3-point jump shot.,117716,,true,false,false,Tim,,Marshall,,VMI,,72,76,4,6,3,,,,,10,3,45,Jump Shot,4,Field Goal Missed,,,,274,274,
2,10,13,Billy Baron makes a layup shot.,97109,,true,false,false,Billy,,Baron,,Can,,74,76,4,6,1,,,,,17,2,40,Layup Shot,3,Field Goal Made,,,,154,154,
2,9,59,Rodney Glasgow makes a layup shot.,97739,,true,false,false,Rodney,,Glasgow,,VMI,,74,78,4,6,2,,,,,15,2,40,Layup Shot,3,Field Goal Made,,,,274,274,
2,9,41,Offensive foul committed by Josiah Heath.,110246,,true,false,false,Josiah,,Heath,,Can,,74,78,4,7,2,,,,,0,,4,Offensive,8,Foul,,,,154,154,
2,9,29,Rodney Glasgow makes a 3-point jump shot.,97739,,true,false,false,Rodney,,Glasgow,,VMI,,74,81,4,7,2,,,,,18,3,45,Jump Shot,3,Field Goal Made,,,,274,274,
2,9,20,QJ Peterson misses a layup shot.,121110,,true,false,false,QJ,,Peterson,,VMI,,74,81,4,7,2,,,,,12,2,40,Layup Shot,4,Field Goal Missed,,,,274,274,
2,9,17,QJ Peterson makes a layup shot.,121110,,true,false,false,QJ,,Peterson,,VMI,,74,83,4,7,2,,,,,14,2,40,Layup Shot,3,Field Goal Made,,,,274,274,
2,9,02,Personal foul committed by QJ Peterson.,121110,,true,false,false,QJ,,Peterson,,VMI,,74,83,5,7,3,,,,,14,,1,Personal,8,Foul,,,,274,274,
2,8,50,Chris Perez makes a layup shot.,88327,,true,false,false,Chris,,Perez,,Can,,76,83,5,7,2,,,,,19,2,40,Layup Shot,3,Field Goal Made,,,,154,154,
2,8,42,Rodney Glasgow misses a 3-point jump shot.,97739,,true,false,false,Rodney,,Glasgow,,VMI,,76,83,5,7,2,,,,,18,3,45,Jump Shot,4,Field Goal Missed,,,,274,274,
2,8,20,Rodney Glasgow makes a jump shot.,97739,,true,false,false,Rodney,,Glasgow,,VMI,,76,85,5,7,2,,,,,20,2,45,Jump Shot,3,Field Goal Made,,,,274,274,
2,7,59,Personal foul committed by Trey Chapman.,121108,,true,false,false,Trey,,Chapman,,VMI,,76,85,6,7,2,,,,,6,,1,Personal,8,Foul,,,,274,274,
2,7,59,Official TV timeout.,,,false,false,false,,,,,,,76,85,6,7,0,,,,,0,,3,Official TV,11,Timeout,,,,154,154,
2,7,51,Dominique Raney misses a jump shot.,117796,,true,false,false,Dominique,,Raney,,Can,,76,85,6,7,0,,,,,18,2,45,Jump Shot,4,Field Goal Missed,,,,154,154,
2,7,47,Chris Manhertz misses a jump shot.,98160,,true,false,false,Chris,,Manhertz,,Can,,76,85,6,7,3,,,,,7,2,45,Jump Shot,4,Field Goal Missed,,,,154,154,
2,7,24,Rodney Glasgow makes a 3-point jump shot.,97739,,true,false,false,Rodney,,Glasgow,,VMI,,76,88,6,7,2,,,,,23,3,45,Jump Shot,3,Field Goal Made,,,,274,274,
2,6,54,Dominique Raney misses a 3-point jump shot.,117796,,true,false,false,Dominique,,Raney,,Can,,76,88,6,7,0,,,,,18,3,45,Jump Shot,4,Field Goal Missed,,,,154,154,
2,6,51,Chris Perez makes a 3-point jump shot.,88327,,true,false,false,Chris,,Perez,,Can,,79,88,6,7,2,,,,,22,3,45,Jump Shot,3,Field Goal Made,,,,154,154,
2,6,44,Personal foul committed by Chris Manhertz.,98160,,true,false,false,Chris,,Manhertz,,Can,,79,88,6,8,4,,,,,7,,1,Personal,8,Foul,,,,154,154,
2,6,44,D.J. Covington makes free throw 1 of 2.,97738,,true,false,false,D.J.,,Covington,,VMI,,79,89,6,8,2,,,,,34,1,11,Free Throw 1 of 2,1,Free Throw Made,,,,274,274,
2,6,44,D.J. Covington makes free throw 2 of 2.,97738,,true,false,false,D.J.,,Covington,,VMI,,79,90,6,8,2,,,,,35,1,12,Free Throw 2 of 2,1,Free Throw Made,,,,274,274,
2,6,28,Chris Manhertz makes a jump shot.,98160,,true,false,false,Chris,,Manhertz,,Can,,81,90,6,8,4,,,,,9,2,45,Jump Shot,3,Field Goal Made,,,,154,154,
2,6,01,Rodney Glasgow misses a 3-point jump shot.,97739,,true,false,false,Rodney,,Glasgow,,VMI,,81,90,6,8,2,,,,,23,3,45,Jump Shot,4,Field Goal Missed,,,,274,274,
2,5,48,Billy Baron misses a layup shot.,97109,,true,false,false,Billy,,Baron,,Can,,81,90,6,8,1,,,,,17,2,40,Layup Shot,4,Field Goal Missed,,,,154,154,
2,5,40,Rodney Glasgow misses a jump shot.,97739,,true,false,false,Rodney,,Glasgow,,VMI,,81,90,6,8,2,,,,,23,2,45,Jump Shot,4,Field Goal Missed,,,,274,274,
2,5,23,Chris Manhertz misses a layup shot.,98160,,true,false,false,Chris,,Manhertz,,Can,,81,90,6,8,4,,,,,9,2,40,Layup Shot,4,Field Goal Missed,,,,154,154,
2,5,20,QJ Peterson makes a layup shot.,121110,,true,false,false,QJ,,Peterson,,VMI,,81,92,6,8,3,,,,,16,2,40,Layup Shot,3,Field Goal Made,,,,274,274,
2,5,20,Shooting foul committed by Billy Baron.,97109,,true,false,false,Billy,,Baron,,Can,,81,92,6,9,2,,,,,17,,2,Shooting,8,Foul,,,,154,154,
2,5,20,VMI take a full timeout.,,,false,false,false,,,,,,,81,92,6,9,0,,,,,0,,1,Regular,11,Timeout,,,,274,274,
2,5,20,QJ Peterson makes free throw 1 of 1.,121110,,true,false,false,QJ,,Peterson,,VMI,,81,93,6,9,3,,,,,17,1,10,Free Throw 1 of 1,1,Free Throw Made,,,,274,274,
2,4,59,Dominique Raney makes a jump shot.,117796,,true,false,false,Dominique,,Raney,,Can,,83,93,6,9,0,,,,,20,2,45,Jump Shot,3,Field Goal Made,,,,154,154,
2,4,31,QJ Peterson makes a layup shot.,121110,,true,false,false,QJ,,Peterson,,VMI,,83,95,6,9,3,,,,,19,2,40,Layup Shot,3,Field Goal Made,,,,274,274,
2,4,31,Shooting foul committed by Chris Manhertz.,98160,,true,false,false,Chris,,Manhertz,,Can,,83,95,6,10,5,,,,,9,,2,Shooting,8,Foul,,,,154,154,
2,4,31,QJ Peterson makes free throw 1 of 1.,121110,,true,false,false,QJ,,Peterson,,VMI,,83,96,6,10,3,,,,,20,1,10,Free Throw 1 of 1,1,Free Throw Made,,,,274,274,
2,4,17,Chris Perez makes a layup shot.,88327,,true,false,false,Chris,,Perez,,Can,,85,96,6,10,2,,,,,24,2,40,Layup Shot,3,Field Goal Made,,,,154,154,
2,4,17,Shooting foul committed by QJ Peterson.,121110,,true,false,false,QJ,,Peterson,,VMI,,85,96,7,10,4,,,,,20,,2,Shooting,8,Foul,,,,274,274,
2,4,17,Chris Perez makes free throw 1 of 1.,88327,,true,false,false,Chris,,Perez,,Can,,86,96,7,10,2,,,,,25,1,10,Free Throw 1 of 1,1,Free Throw Made,,,,154,154,
2,3,55,Rodney Glasgow makes a layup shot.,97739,,true,false,false,Rodney,,Glasgow,,VMI,,86,98,7,10,2,,,,,25,2,40,Layup Shot,3,Field Goal Made,,,,274,274,
2,3,55,Shooting foul committed by Chris Perez.,88327,,true,false,false,Chris,,Perez,,Can,,86,98,7,11,3,,,,,25,,2,Shooting,8,Foul,,,,154,154,
2,3,55,Official TV timeout.,,,false,false,false,,,,,,,86,98,7,11,0,,,,,0,,3,Official TV,11,Timeout,,,,154,154,
2,3,55,Rodney Glasgow misses free throw 1 of 1.,97739,,true,false,false,Rodney,,Glasgow,,VMI,,86,98,7,11,2,,,,,25,1,10,Free Throw 1 of 1,2,Free Throw Missed,,,,274,274,
2,3,12,D.J. Covington makes a layup shot.,97738,,true,false,false,D.J.,,Covington,,VMI,,86,100,7,11,2,,,,,37,2,40,Layup Shot,3,Field Goal Made,,,,274,274,
2,3,01,Chris Perez makes a layup shot.,88327,,true,false,false,Chris,,Perez,,Can,,88,100,7,11,3,,,,,27,2,40,Layup Shot,3,Field Goal Made,,,,154,154,
2,3,01,Can take a 20-second timeout.,,,false,false,false,,,,,,,88,100,7,11,0,,,,,0,,2,Short,11,Timeout,,,,154,154,
2,2,44,Personal foul committed by Dominique Raney.,117796,,true,false,false,Dominique,,Raney,,Can,,88,100,7,12,1,,,,,20,,1,Personal,8,Foul,,,,154,154,
2,2,44,QJ Peterson makes free throw 1 of 2.,121110,,true,false,false,QJ,,Peterson,,VMI,,88,101,7,12,4,,,,,21,1,11,Free Throw 1 of 2,1,Free Throw Made,,,,274,274,
2,2,44,QJ Peterson makes free throw 2 of 2.,121110,,true,false,false,QJ,,Peterson,,VMI,,88,102,7,12,4,,,,,22,1,12,Free Throw 2 of 2,1,Free Throw Made,,,,274,274,
2,2,33,Billy Baron makes a 3-point jump shot.,97109,,true,false,false,Billy,,Baron,,Can,,91,102,7,12,2,,,,,20,3,45,Jump Shot,3,Field Goal Made,,,,154,154,
2,2,29,Can take a 20-second timeout.,,,false,false,false,,,,,,,91,102,7,12,0,,,,,0,,2,Short,11,Timeout,,,,154,154,
2,2,20,Billy Baron misses a 3-point jump shot.,97109,,true,false,false,Billy,,Baron,,Can,,91,102,7,12,2,,,,,20,3,45,Jump Shot,4,Field Goal Missed,,,,154,154,
2,2,17,Personal foul committed by Trey Chapman.,121108,,true,false,false,Trey,,Chapman,,VMI,,91,102,8,12,3,,,,,6,,1,Personal,8,Foul,,,,274,274,
2,2,17,Jordan Heath makes free throw 1 of 2.,111478,,true,false,false,Jordan,,Heath,,Can,,92,102,8,12,4,,,,,14,1,11,Free Throw 1 of 2,1,Free Throw Made,,,,154,154,
2,2,17,Jordan Heath makes free throw 2 of 2.,111478,,true,false,false,Jordan,,Heath,,Can,,93,102,8,12,4,,,,,15,1,12,Free Throw 2 of 2,1,Free Throw Made,,,,154,154,
2,2,09,Personal foul committed by Dominique Raney.,117796,,true,false,false,Dominique,,Raney,,Can,,93,102,8,13,2,,,,,20,,1,Personal,8,Foul,,,,154,154,
2,2,09,Rodney Glasgow makes free throw 1 of 2.,97739,,true,false,false,Rodney,,Glasgow,,VMI,,93,103,8,13,2,,,,,26,1,11,Free Throw 1 of 2,1,Free Throw Made,,,,274,274,
2,2,09,Rodney Glasgow makes free throw 2 of 2.,97739,,true,false,false,Rodney,,Glasgow,,VMI,,93,104,8,13,2,,,,,27,1,12,Free Throw 2 of 2,1,Free Throw Made,,,,274,274,
2,2,00,Billy Baron makes a layup shot.,97109,,true,false,false,Billy,,Baron,,Can,,95,104,8,13,2,,,,,22,2,40,Layup Shot,3,Field Goal Made,,,,154,154,
2,1,59,Can take a 20-second timeout.,,,false,false,false,,,,,,,95,104,8,13,0,,,,,0,,2,Short,11,Timeout,,,,154,154,
2,1,56,Personal foul committed by Chris Perez.,88327,,true,false,false,Chris,,Perez,,Can,,95,104,8,14,4,,,,,27,,1,Personal,8,Foul,,,,154,154,
2,1,56,QJ Peterson makes free throw 1 of 2.,121110,,true,false,false,QJ,,Peterson,,VMI,,95,105,8,14,4,,,,,23,1,11,Free Throw 1 of 2,1,Free Throw Made,,,,274,274,
2,1,56,QJ Peterson makes free throw 2 of 2.,121110,,true,false,false,QJ,,Peterson,,VMI,,95,106,8,14,4,,,,,24,1,12,Free Throw 2 of 2,1,Free Throw Made,,,,274,274,
2,1,50,Chris Perez makes a 3-point jump shot.,88327,,true,false,false,Chris,,Perez,,Can,,98,106,8,14,4,,,,,30,3,45,Jump Shot,3,Field Goal Made,,,,154,154,
2,1,45,Personal foul committed by Dominique Raney.,117796,,true,false,false,Dominique,,Raney,,Can,,98,106,8,15,3,,,,,20,,1,Personal,8,Foul,,,,154,154,
2,1,45,QJ Peterson makes free throw 1 of 2.,121110,,true,false,false,QJ,,Peterson,,VMI,,98,107,8,15,4,,,,,25,1,11,Free Throw 1 of 2,1,Free Throw Made,,,,274,274,
2,1,45,QJ Peterson makes free throw 2 of 2.,121110,,true,false,false,QJ,,Peterson,,VMI,,98,108,8,15,4,,,,,26,1,12,Free Throw 2 of 2,1,Free Throw Made,,,,274,274,
2,1,33,Personal foul committed by Billy Baron.,97109,,true,false,false,Billy,,Baron,,Can,,98,108,8,16,3,,,,,22,,1,Personal,8,Foul,,,,154,154,
2,1,33,QJ Peterson makes free throw 1 of 2.,121110,,true,false,false,QJ,,Peterson,,VMI,,98,109,8,16,4,,,,,27,1,11,Free Throw 1 of 2,1,Free Throw Made,,,,274,274,
2,1,33,QJ Peterson makes free throw 2 of 2.,121110,,true,false,false,QJ,,Peterson,,VMI,,98,110,8,16,4,,,,,28,1,12,Free Throw 2 of 2,1,Free Throw Made,,,,274,274,
2,1,18,Shooting foul committed by D.J. Covington.,97738,,true,false,false,D.J.,,Covington,,VMI,,98,110,9,16,3,,,,,37,,2,Shooting,8,Foul,,,,274,274,
2,1,18,Billy Baron makes free throw 1 of 2.,97109,,true,false,false,Billy,,Baron,,Can,,99,110,9,16,3,,,,,23,1,11,Free Throw 1 of 2,1,Free Throw Made,,,,154,154,
2,1,18,Billy Baron makes free throw 2 of 2.,97109,,true,false,false,Billy,,Baron,,Can,,100,110,9,16,3,,,,,24,1,12,Free Throw 2 of 2,1,Free Throw Made,,,,154,154,
2,1,07,Personal foul committed by Phil Valenti.,116343,,true,false,false,Phil,,Valenti,,Can,,100,110,9,17,2,,,,,2,,1,Personal,8,Foul,,,,154,154,
2,1,07,Rodney Glasgow makes free throw 1 of 2.,97739,,true,false,false,Rodney,,Glasgow,,VMI,,100,111,9,17,2,,,,,28,1,11,Free Throw 1 of 2,1,Free Throw Made,,,,274,274,
2,1,07,Rodney Glasgow misses free throw 2 of 2.,97739,,true,false,false,Rodney,,Glasgow,,VMI,,100,111,9,17,2,,,,,28,1,12,Free Throw 2 of 2,2,Free Throw Missed,,,,274,274,
2,0,56.7,Chris Perez misses a 3-point jump shot.,88327,,true,false,false,Chris,,Perez,,Can,,100,111,9,17,4,,,,,30,3,45,Jump Shot,4,Field Goal Missed,,,,154,154,
2,0,12.7,Billy Baron misses a 3-point jump shot.,97109,,true,false,false,Billy,,Baron,,Can,,100,111,9,17,3,,,,,24,3,45,Jump Shot,4,Field Goal Missed,,,,154,154,
2,0,07.5,Phil Valenti misses a 3-point jump shot.,116343,,true,false,false,Phil,,Valenti,,Can,,100,111,9,17,2,,,,,2,3,45,Jump Shot,4,Field Goal Missed,,,,154,154,
2,0,00,End of the 2nd Half,,,false,false,false,,,,,,,100,111,9,17,0,,,,,0,,,,15,End Period,,,,154,154,
2,0,00,End of the Game,,,false,false,false,,,,,,,100,111,9,17,0,,,,,0,,,,19,Game Over,,,,154,154,
