half,time-minutes,time-seconds,details,player1-id,player2-id,player1-linkable,player2-linkable,player3-linkable,player-first-name-1,player-first-name-2,player-last-name-1,player-last-name-2,player-team-alias-1,player-team-alias-2,home-score,visitor-score,visitor-fouls,home-fouls,player-fouls,fastbreak,in-paint,second-chance,off-turnover,player-score,points-type,detail-id,detail-desc,event-id,event-desc,distance,x-coord,y-coord,team-id-1,team-id-2,team-id-3
1,20,00,Start of the 1st Half,,,false,false,false,,,,,,,0,0,0,0,0,,,,,0,,,,14,Start Period,,,,249,249,
1,19,40,Dave Dudzinski misses a layup shot.,96996,,true,false,false,Dave,,Dudzinski,,HolyCr,,0,0,0,0,0,,,,,0,2,40,Layup Shot,4,Field Goal Missed,,,,249,249,
1,19,08,Justin Sears makes a jump shot.,116340,,true,false,false,Justin,,Sears,,Yale,,0,2,0,0,0,,,,,2,2,45,Jump Shot,3,Field Goal Made,,,,153,153,
1,18,58,Malcolm Miller makes a 3-point jump shot.,109900,,true,false,false,Malcolm,,Miller,,HolyCr,,3,2,0,0,0,,,,,3,3,45,Jump Shot,3,Field Goal Made,,,,249,249,
1,18,22,Armani Cotton misses a jump shot.,109742,,true,false,false,Armani,,Cotton,,Yale,,3,2,0,0,0,,,,,0,2,45,Jump Shot,4,Field Goal Missed,,,,153,153,
1,18,08,Dave Dudzinski misses a layup shot.,96996,,true,false,false,Dave,,Dudzinski,,HolyCr,,3,2,0,0,0,,,,,0,2,40,Layup Shot,4,Field Goal Missed,,,,249,249,
1,17,55,Justin Sears misses a jump shot.,116340,,true,false,false,Justin,,Sears,,Yale,,3,2,0,0,0,,,,,2,2,45,Jump Shot,4,Field Goal Missed,,,,153,153,
1,17,51,Personal foul committed by Eric Green.,117334,,true,false,false,Eric,,Green,,HolyCr,,3,2,0,1,1,,,,,0,,1,Personal,8,Foul,,,,249,249,
1,17,40,Matt Townsend makes a jump shot.,109749,,true,false,false,Matt,,Townsend,,Yale,,3,4,0,1,0,,,,,2,2,45,Jump Shot,3,Field Goal Made,,,,153,153,
1,17,25,Justin Sears makes a layup shot.,116340,,true,false,false,Justin,,Sears,,Yale,,3,6,0,1,0,,,,,4,2,40,Layup Shot,3,Field Goal Made,,,,153,153,
1,16,57,Personal foul committed by Armani Cotton.,109742,,true,false,false,Armani,,Cotton,,Yale,,3,6,1,1,1,,,,,0,,1,Personal,8,Foul,,,,153,153,
1,16,49,Malcolm Miller misses a hook shot.,109900,,true,false,false,Malcolm,,Miller,,HolyCr,,3,6,1,1,0,,,,,3,2,55,Hook Shot,4,Field Goal Missed,,,,249,249,
1,16,23,Justin Burrell misses a 3-point jump shot.,109899,,true,false,false,Justin,,Burrell,,HolyCr,,3,6,1,1,0,,,,,0,3,45,Jump Shot,4,Field Goal Missed,,,,249,249,
1,16,14,Matt Townsend misses a layup shot.,109749,,true,false,false,Matt,,Townsend,,Yale,,3,6,1,1,0,,,,,2,2,40,Layup Shot,4,Field Goal Missed,,,,153,153,
1,16,09,Anthony Thompson makes a layup shot.,121673,,true,false,false,Anthony,,Thompson,,HolyCr,,5,6,1,1,0,,,,,2,2,40,Layup Shot,3,Field Goal Made,,,,249,249,
1,15,27,Eric Green makes a jump shot.,117334,,true,false,false,Eric,,Green,,HolyCr,,7,6,1,1,1,,,,,2,2,45,Jump Shot,3,Field Goal Made,,,,249,249,
1,15,05,Offensive foul committed by Justin Sears.,116340,,true,false,false,Justin,,Sears,,Yale,,7,6,2,1,1,,,,,4,,4,Offensive,8,Foul,,,,153,153,
1,15,05,Official TV timeout.,,,false,false,false,,,,,,,7,6,2,1,0,,,,,0,,3,Official TV,11,Timeout,,,,249,249,
1,14,38,Eric Green makes a jump shot.,117334,,true,false,false,Eric,,Green,,HolyCr,,9,6,2,1,1,,,,,4,2,45,Jump Shot,3,Field Goal Made,,,,249,249,
1,14,31,Personal foul committed by Anthony Thompson.,121673,,true,false,false,Anthony,,Thompson,,HolyCr,,9,6,2,2,1,,,,,2,,1,Personal,8,Foul,,,,249,249,
1,14,16,Justin Sears makes a jump shot.,116340,,true,false,false,Justin,,Sears,,Yale,,9,8,2,2,1,,,,,6,2,45,Jump Shot,3,Field Goal Made,,,,153,153,
1,14,06,Robert Champion makes a layup shot.,121675,,true,false,false,Robert,,Champion,,HolyCr,,11,8,2,2,0,,,,,2,2,40,Layup Shot,3,Field Goal Made,,,,249,249,
1,13,44,Personal foul committed by Taylor Abt.,109901,,true,false,false,Taylor,,Abt,,HolyCr,,11,8,2,3,1,,,,,0,,1,Personal,8,Foul,,,,249,249,
1,13,35,Offensive foul committed by Javier Duren.,109746,,true,false,false,Javier,,Duren,,Yale,,11,8,3,3,1,,,,,0,,4,Offensive,8,Foul,,,,153,153,
1,13,22,Malcolm Miller makes a jump shot.,109900,,true,false,false,Malcolm,,Miller,,HolyCr,,13,8,3,3,0,,,,,5,2,45,Jump Shot,3,Field Goal Made,,,,249,249,
1,12,57,Brandon Sherrod misses a layup shot.,109748,,true,false,false,Brandon,,Sherrod,,Yale,,13,8,3,3,0,,,,,0,2,40,Layup Shot,4,Field Goal Missed,,,,153,153,
1,12,34,J.T. Flowers makes a layup shot.,121332,,true,false,false,J.T.,,Flowers,,Yale,,13,10,3,3,0,,,,,2,2,40,Layup Shot,3,Field Goal Made,,,,153,153,
1,12,12,Malachi Alexander misses a jump shot.,121674,,true,false,false,Malachi,,Alexander,,HolyCr,,13,10,3,3,0,,,,,0,2,45,Jump Shot,4,Field Goal Missed,,,,249,249,
1,12,06,Justin Sears misses a dunk shot.,116340,,true,false,false,Justin,,Sears,,Yale,,13,10,3,3,1,,,,,6,2,48,Dunk Shot,4,Field Goal Missed,,,,153,153,
1,11,46,Nick Victor makes a 3-point jump shot.,116341,,true,false,false,Nick,,Victor,,Yale,,13,13,3,3,0,,,,,3,3,45,Jump Shot,3,Field Goal Made,,,,153,153,
1,11,25,Official TV timeout.,,,false,false,false,,,,,,,13,13,3,3,0,,,,,0,,3,Official TV,11,Timeout,,,,249,249,
1,10,51,Malcolm Miller misses a jump shot.,109900,,true,false,false,Malcolm,,Miller,,HolyCr,,13,13,3,3,0,,,,,5,2,45,Jump Shot,4,Field Goal Missed,,,,249,249,
1,10,39,Greg Kelley makes a 3-point jump shot.,97781,,true,false,false,Greg,,Kelley,,Yale,,13,16,3,3,0,,,,,3,3,45,Jump Shot,3,Field Goal Made,,,,153,153,
1,10,25,Personal foul committed by Jack Montague.,116339,,true,false,false,Jack,,Montague,,Yale,,13,16,4,3,1,,,,,0,,1,Personal,8,Foul,,,,153,153,
1,10,25,Dave Dudzinski makes free throw 1 of 2.,96996,,true,false,false,Dave,,Dudzinski,,HolyCr,,14,16,4,3,0,,,,,1,1,11,Free Throw 1 of 2,1,Free Throw Made,,,,249,249,
1,10,25,Dave Dudzinski misses free throw 2 of 2.,96996,,true,false,false,Dave,,Dudzinski,,HolyCr,,14,16,4,3,0,,,,,1,1,12,Free Throw 2 of 2,2,Free Throw Missed,,,,249,249,
1,10,01,Justin Burrell makes a 3-point jump shot.,109899,,true,false,false,Justin,,Burrell,,HolyCr,,17,16,4,3,0,,,,,3,3,45,Jump Shot,3,Field Goal Made,,,,249,249,
1,9,47,Jack Montague misses a jump shot.,116339,,true,false,false,Jack,,Montague,,Yale,,17,16,4,3,1,,,,,0,2,45,Jump Shot,4,Field Goal Missed,,,,153,153,
1,9,29,Matt Townsend makes a jump shot.,109749,,true,false,false,Matt,,Townsend,,Yale,,17,18,4,3,0,,,,,4,2,45,Jump Shot,3,Field Goal Made,,,,153,153,
1,9,02,Anthony Thompson makes a 3-point jump shot.,121673,,true,false,false,Anthony,,Thompson,,HolyCr,,20,18,4,3,1,,,,,5,3,45,Jump Shot,3,Field Goal Made,,,,249,249,
1,8,32,Jesse Pritchard misses a 3-point jump shot.,97783,,true,false,false,Jesse,,Pritchard,,Yale,,20,18,4,3,0,,,,,0,3,45,Jump Shot,4,Field Goal Missed,,,,153,153,
1,8,02,J.T. Flowers misses a jump shot.,121332,,true,false,false,J.T.,,Flowers,,Yale,,20,18,4,3,0,,,,,2,2,45,Jump Shot,4,Field Goal Missed,,,,153,153,
1,7,56,Justin Burrell makes a jump shot.,109899,,true,false,false,Justin,,Burrell,,HolyCr,,22,18,4,3,0,,,,,5,2,45,Jump Shot,3,Field Goal Made,,,,249,249,
1,7,28,Greg Kelley makes a jump shot.,97781,,true,false,false,Greg,,Kelley,,Yale,,22,20,4,3,0,,,,,5,2,45,Jump Shot,3,Field Goal Made,,,,153,153,
1,7,05,Anthony Thompson misses a 3-point jump shot.,121673,,true,false,false,Anthony,,Thompson,,HolyCr,,22,20,4,3,1,,,,,5,3,45,Jump Shot,4,Field Goal Missed,,,,249,249,
1,6,51,J.T. Flowers makes a layup shot.,121332,,true,false,false,J.T.,,Flowers,,Yale,,22,22,4,3,0,,,,,4,2,40,Layup Shot,3,Field Goal Made,,,,153,153,
1,6,26,Malcolm Miller misses a layup shot.,109900,,true,false,false,Malcolm,,Miller,,HolyCr,,22,22,4,3,0,,,,,5,2,40,Layup Shot,4,Field Goal Missed,,,,249,249,
1,6,15,Personal foul committed by Dave Dudzinski.,96996,,true,false,false,Dave,,Dudzinski,,HolyCr,,22,22,4,4,1,,,,,1,,1,Personal,8,Foul,,,,249,249,
1,6,15,Official TV timeout.,,,false,false,false,,,,,,,22,22,4,4,0,,,,,0,,3,Official TV,11,Timeout,,,,249,249,
1,6,15,Matt Townsend makes free throw 1 of 2.,109749,,true,false,false,Matt,,Townsend,,Yale,,22,23,4,4,0,,,,,5,1,11,Free Throw 1 of 2,1,Free Throw Made,,,,153,153,
1,6,15,Matt Townsend makes free throw 2 of 2.,109749,,true,false,false,Matt,,Townsend,,Yale,,22,24,4,4,0,,,,,6,1,12,Free Throw 2 of 2,1,Free Throw Made,,,,153,153,
1,5,40,Robert Champion makes a 3-point jump shot.,121675,,true,false,false,Robert,,Champion,,HolyCr,,25,24,4,4,0,,,,,5,3,45,Jump Shot,3,Field Goal Made,,,,249,249,
1,5,00,Justin Sears misses a 3-point jump shot.,116340,,true,false,false,Justin,,Sears,,Yale,,25,24,4,4,1,,,,,6,3,45,Jump Shot,4,Field Goal Missed,,,,153,153,
1,4,57,Javier Duren makes a layup shot.,109746,,true,false,false,Javier,,Duren,,Yale,,25,26,4,4,1,,,,,2,2,40,Layup Shot,3,Field Goal Made,,,,153,153,
1,4,46,Eric Green misses a dunk shot.,117334,,true,false,false,Eric,,Green,,HolyCr,,25,26,4,4,1,,,,,4,2,48,Dunk Shot,4,Field Goal Missed,,,,249,249,
1,4,23,Malcolm Miller makes a jump shot.,109900,,true,false,false,Malcolm,,Miller,,HolyCr,,27,26,4,4,0,,,,,7,2,45,Jump Shot,3,Field Goal Made,,,,249,249,
1,3,41,Malcolm Miller misses a jump shot.,109900,,true,false,false,Malcolm,,Miller,,HolyCr,,27,26,4,4,0,,,,,7,2,45,Jump Shot,4,Field Goal Missed,,,,249,249,
1,3,37,Javier Duren misses a 3-point jump shot.,109746,,true,false,false,Javier,,Duren,,Yale,,27,26,4,4,1,,,,,2,3,45,Jump Shot,4,Field Goal Missed,,,,153,153,
1,3,30,Justin Sears misses a jump shot.,116340,,true,false,false,Justin,,Sears,,Yale,,27,26,4,4,1,,,,,6,2,45,Jump Shot,4,Field Goal Missed,,,,153,153,
1,3,24,Personal foul committed by Matt Townsend.,109749,,true,false,false,Matt,,Townsend,,Yale,,27,26,5,4,1,,,,,6,,1,Personal,8,Foul,,,,153,153,
1,3,24,Anthony Thompson makes free throw 1 of 2.,121673,,true,false,false,Anthony,,Thompson,,HolyCr,,28,26,5,4,1,,,,,6,1,11,Free Throw 1 of 2,1,Free Throw Made,,,,249,249,
1,3,24,Anthony Thompson makes free throw 2 of 2.,121673,,true,false,false,Anthony,,Thompson,,HolyCr,,29,26,5,4,1,,,,,7,1,12,Free Throw 2 of 2,1,Free Throw Made,,,,249,249,
1,3,06,Malachi Alexander makes a 3-point jump shot.,121674,,true,false,false,Malachi,,Alexander,,HolyCr,,32,26,5,4,0,,,,,3,3,45,Jump Shot,3,Field Goal Made,,,,249,249,
1,2,50,Personal foul committed by Justin Burrell.,109899,,true,false,false,Justin,,Burrell,,HolyCr,,32,26,5,5,1,,,,,5,,1,Personal,8,Foul,,,,249,249,
1,2,19,Dave Dudzinski makes a hook shot.,96996,,true,false,false,Dave,,Dudzinski,,HolyCr,,34,26,5,5,1,,,,,3,2,55,Hook Shot,3,Field Goal Made,,,,249,249,
1,2,00,Offensive foul committed by Javier Duren.,109746,,true,false,false,Javier,,Duren,,Yale,,34,26,6,5,2,,,,,2,,4,Offensive,8,Foul,,,,153,153,
1,1,38,Personal foul committed by Dave Dudzinski.,96996,,true,false,false,Dave,,Dudzinski,,HolyCr,,34,26,6,6,2,,,,,3,,1,Personal,8,Foul,,,,249,249,
1,1,18,Personal foul committed by Eric Green.,117334,,true,false,false,Eric,,Green,,HolyCr,,34,26,6,7,2,,,,,4,,1,Personal,8,Foul,,,,249,249,
1,1,18,J.T. Flowers misses free throw 1st of 1-and-1.,121332,,true,false,false,J.T.,,Flowers,,Yale,,34,26,6,7,0,,,,,4,1,8,Free Throw 1st of 1-and-1,2,Free Throw Missed,,,,153,153,
1,1,01,Justin Burrell misses a 3-point jump shot.,109899,,true,false,false,Justin,,Burrell,,HolyCr,,34,26,6,7,1,,,,,5,3,45,Jump Shot,4,Field Goal Missed,,,,249,249,
1,0,49.8,Brandon Sherrod makes a dunk shot.,109748,,true,false,false,Brandon,,Sherrod,,Yale,,34,28,6,7,0,,,,,2,2,48,Dunk Shot,3,Field Goal Made,,,,153,153,
1,0,49.8,Personal foul committed by Taylor Abt.,109901,,true,false,false,Taylor,,Abt,,HolyCr,,34,28,6,8,2,,,,,0,,1,Personal,8,Foul,,,,249,249,
1,0,49.8,Brandon Sherrod makes free throw 1 of 1.,109748,,true,false,false,Brandon,,Sherrod,,Yale,,34,29,6,8,0,,,,,3,1,10,Free Throw 1 of 1,1,Free Throw Made,,,,153,153,
1,0,16.3,Justin Burrell misses a 3-point jump shot.,109899,,true,false,false,Justin,,Burrell,,HolyCr,,34,29,6,8,1,,,,,5,3,45,Jump Shot,4,Field Goal Missed,,,,249,249,
1,0,02.0,Jack Montague makes a jump shot.,116339,,true,false,false,Jack,,Montague,,Yale,,34,31,6,8,1,,,,,2,2,45,Jump Shot,3,Field Goal Made,,,,153,153,
1,0,00,End of the 1st Half,,,false,false,false,,,,,,,34,31,6,8,0,,,,,0,,,,15,End Period,,,,249,249,
2,20,00,Start of the 2nd Half,,,false,false,false,,,,,,,34,31,0,0,0,,,,,0,,,,14,Start Period,,,,249,249,
2,19,40,Justin Sears misses a jump shot.,116340,,true,false,false,Justin,,Sears,,Yale,,34,31,0,0,1,,,,,6,2,45,Jump Shot,4,Field Goal Missed,,,,153,153,
2,19,05,Malcolm Miller misses a 3-point jump shot.,109900,,true,false,false,Malcolm,,Miller,,HolyCr,,34,31,0,0,0,,,,,7,3,45,Jump Shot,4,Field Goal Missed,,,,249,249,
2,18,58,Nick Victor makes a layup shot.,116341,,true,false,false,Nick,,Victor,,Yale,,34,33,0,0,0,,,,,5,2,40,Layup Shot,3,Field Goal Made,,,,153,153,
2,18,24,Eric Green makes a jump shot.,117334,,true,false,false,Eric,,Green,,HolyCr,,36,33,0,0,2,,,,,6,2,45,Jump Shot,3,Field Goal Made,,,,249,249,
2,18,00,Justin Sears misses a layup shot.,116340,,true,false,false,Justin,,Sears,,Yale,,36,33,0,0,1,,,,,6,2,40,Layup Shot,4,Field Goal Missed,,,,153,153,
2,17,48,Javier Duren misses a jump shot.,109746,,true,false,false,Javier,,Duren,,Yale,,36,33,0,0,2,,,,,2,2,45,Jump Shot,4,Field Goal Missed,,,,153,153,
2,17,37,Shooting foul committed by Malcolm Miller.,109900,,true,false,false,Malcolm,,Miller,,HolyCr,,36,33,0,1,1,,,,,7,,2,Shooting,8,Foul,,,,249,249,
2,17,37,Matt Townsend makes free throw 1 of 2.,109749,,true,false,false,Matt,,Townsend,,Yale,,36,34,0,1,1,,,,,7,1,11,Free Throw 1 of 2,1,Free Throw Made,,,,153,153,
2,17,37,Matt Townsend makes free throw 2 of 2.,109749,,true,false,false,Matt,,Townsend,,Yale,,36,35,0,1,1,,,,,8,1,12,Free Throw 2 of 2,1,Free Throw Made,,,,153,153,
2,17,24,Personal foul committed by Javier Duren.,109746,,true,false,false,Javier,,Duren,,Yale,,36,35,1,1,3,,,,,2,,1,Personal,8,Foul,,,,153,153,
2,17,07,Personal foul committed by Eric Green.,117334,,true,false,false,Eric,,Green,,HolyCr,,36,35,1,2,3,,,,,6,,1,Personal,8,Foul,,,,249,249,
2,17,07,Anthony Thompson misses a 3-point jump shot.,121673,,true,false,false,Anthony,,Thompson,,HolyCr,,36,35,1,2,1,,,,,7,3,45,Jump Shot,4,Field Goal Missed,,,,249,249,
2,16,59,Jack Montague makes a 3-point jump shot.,116339,,true,false,false,Jack,,Montague,,Yale,,36,38,1,2,1,,,,,5,3,45,Jump Shot,3,Field Goal Made,,,,153,153,
2,16,01,Matt Townsend misses a layup shot.,109749,,true,false,false,Matt,,Townsend,,Yale,,36,38,1,2,1,,,,,8,2,40,Layup Shot,4,Field Goal Missed,,,,153,153,
2,15,54,Justin Sears makes a layup shot.,116340,,true,false,false,Justin,,Sears,,Yale,,36,40,1,2,1,,,,,8,2,40,Layup Shot,3,Field Goal Made,,,,153,153,
2,15,33,Justin Burrell misses a 3-point jump shot.,109899,,true,false,false,Justin,,Burrell,,HolyCr,,36,40,1,2,1,,,,,5,3,45,Jump Shot,4,Field Goal Missed,,,,249,249,
2,15,24,Nick Victor misses a layup shot.,116341,,true,false,false,Nick,,Victor,,Yale,,36,40,1,2,0,,,,,5,2,40,Layup Shot,4,Field Goal Missed,,,,153,153,
2,15,24,Official TV timeout.,,,false,false,false,,,,,,,36,40,1,2,0,,,,,0,,3,Official TV,11,Timeout,,,,249,249,
2,15,05,Justin Sears makes a layup shot.,116340,,true,false,false,Justin,,Sears,,Yale,,36,42,1,2,1,,,,,10,2,40,Layup Shot,3,Field Goal Made,,,,153,153,
2,14,43,Dave Dudzinski makes a jump shot.,96996,,true,false,false,Dave,,Dudzinski,,HolyCr,,38,42,1,2,2,,,,,5,2,45,Jump Shot,3,Field Goal Made,,,,249,249,
2,14,29,Armani Cotton misses a layup shot.,109742,,true,false,false,Armani,,Cotton,,Yale,,38,42,1,2,1,,,,,0,2,40,Layup Shot,4,Field Goal Missed,,,,153,153,
2,14,21,Shooting foul committed by Matt Townsend.,109749,,true,false,false,Matt,,Townsend,,Yale,,38,42,2,2,2,,,,,8,,2,Shooting,8,Foul,,,,153,153,
2,14,21,Dave Dudzinski makes free throw 1 of 2.,96996,,true,false,false,Dave,,Dudzinski,,HolyCr,,39,42,2,2,2,,,,,6,1,11,Free Throw 1 of 2,1,Free Throw Made,,,,249,249,
2,14,21,Dave Dudzinski makes free throw 2 of 2.,96996,,true,false,false,Dave,,Dudzinski,,HolyCr,,40,42,2,2,2,,,,,7,1,12,Free Throw 2 of 2,1,Free Throw Made,,,,249,249,
2,14,17,Personal foul committed by Nick Victor.,116341,,true,false,false,Nick,,Victor,,Yale,,40,42,3,2,1,,,,,5,,1,Personal,8,Foul,,,,153,153,
2,13,40,J.T. Flowers makes a jump shot.,121332,,true,false,false,J.T.,,Flowers,,Yale,,40,44,3,2,0,,,,,6,2,45,Jump Shot,3,Field Goal Made,,,,153,153,
2,13,20,Robert Champion misses a 3-point jump shot.,121675,,true,false,false,Robert,,Champion,,HolyCr,,40,44,3,2,0,,,,,5,3,45,Jump Shot,4,Field Goal Missed,,,,249,249,
2,13,10,Jack Montague makes a jump shot.,116339,,true,false,false,Jack,,Montague,,Yale,,40,46,3,2,1,,,,,7,2,45,Jump Shot,3,Field Goal Made,,,,153,153,
2,12,52,Robert Champion makes a 3-point jump shot.,121675,,true,false,false,Robert,,Champion,,HolyCr,,43,46,3,2,0,,,,,8,3,45,Jump Shot,3,Field Goal Made,,,,249,249,
2,12,04,Javier Duren makes a 3-point jump shot.,109746,,true,false,false,Javier,,Duren,,Yale,,43,49,3,2,3,,,,,5,3,45,Jump Shot,3,Field Goal Made,,,,153,153,
2,12,01,Robert Champion misses a 3-point jump shot.,121675,,true,false,false,Robert,,Champion,,HolyCr,,43,49,3,2,0,,,,,8,3,45,Jump Shot,4,Field Goal Missed,,,,249,249,
2,11,43,Justin Sears makes a layup shot.,116340,,true,false,false,Justin,,Sears,,Yale,,43,51,3,2,1,,,,,12,2,40,Layup Shot,3,Field Goal Made,,,,153,153,
2,11,34,Official TV timeout.,,,false,false,false,,,,,,,43,51,3,2,0,,,,,0,,3,Official TV,11,Timeout,,,,249,249,
2,11,21,Offensive foul committed by Jesse Pritchard.,97783,,true,false,false,Jesse,,Pritchard,,Yale,,43,51,4,2,1,,,,,0,,4,Offensive,8,Foul,,,,153,153,
2,11,01,Taylor Abt makes a layup shot.,109901,,true,false,false,Taylor,,Abt,,HolyCr,,45,51,4,2,2,,,,,2,2,40,Layup Shot,3,Field Goal Made,,,,249,249,
2,10,46,Javier Duren makes a 3-point jump shot.,109746,,true,false,false,Javier,,Duren,,Yale,,45,54,4,2,3,,,,,8,3,45,Jump Shot,3,Field Goal Made,,,,153,153,
2,10,42,Eric Green misses a layup shot.,117334,,true,false,false,Eric,,Green,,HolyCr,,45,54,4,2,3,,,,,6,2,40,Layup Shot,4,Field Goal Missed,,,,249,249,
2,10,27,Malcolm Miller makes a 3-point jump shot.,109900,,true,false,false,Malcolm,,Miller,,HolyCr,,48,54,4,2,1,,,,,10,3,45,Jump Shot,3,Field Goal Made,,,,249,249,
2,9,48,Javier Duren misses a jump shot.,109746,,true,false,false,Javier,,Duren,,Yale,,48,54,4,2,3,,,,,8,2,45,Jump Shot,4,Field Goal Missed,,,,153,153,
2,9,44,Personal foul committed by Greg Kelley.,97781,,true,false,false,Greg,,Kelley,,Yale,,48,54,5,2,1,,,,,5,,1,Personal,8,Foul,,,,153,153,
2,9,44,Malcolm Miller makes free throw 1 of 2.,109900,,true,false,false,Malcolm,,Miller,,HolyCr,,49,54,5,2,1,,,,,11,1,11,Free Throw 1 of 2,1,Free Throw Made,,,,249,249,
2,9,44,Malcolm Miller makes free throw 2 of 2.,109900,,true,false,false,Malcolm,,Miller,,HolyCr,,50,54,5,2,1,,,,,12,1,12,Free Throw 2 of 2,1,Free Throw Made,,,,249,249,
2,9,23,Malcolm Miller misses a 3-point jump shot.,109900,,true,false,false,Malcolm,,Miller,,HolyCr,,50,54,5,2,1,,,,,12,3,45,Jump Shot,4,Field Goal Missed,,,,249,249,
2,9,20,Eric Green makes a layup shot.,117334,,true,false,false,Eric,,Green,,HolyCr,,52,54,5,2,3,,,,,8,2,40,Layup Shot,3,Field Goal Made,,,,249,249,
2,9,12,Yale take a full timeout.,,,false,false,false,,,,,,,52,54,5,2,0,,,,,0,,1,Regular,11,Timeout,,,,153,153,
2,9,12,Personal foul committed by Taylor Abt.,109901,,true,false,false,Taylor,,Abt,,HolyCr,,52,54,5,3,3,,,,,2,,1,Personal,8,Foul,,,,249,249,
2,8,49,Malcolm Miller makes a dunk shot.,109900,,true,false,false,Malcolm,,Miller,,HolyCr,,54,54,5,3,1,,,,,14,2,48,Dunk Shot,3,Field Goal Made,,,,249,249,
2,8,19,Brandon Sherrod makes a layup shot.,109748,,true,false,false,Brandon,,Sherrod,,Yale,,54,56,5,3,0,,,,,5,2,40,Layup Shot,3,Field Goal Made,,,,153,153,
2,8,00,Javier Duren makes a layup shot.,109746,,true,false,false,Javier,,Duren,,Yale,,54,58,5,3,3,,,,,10,2,40,Layup Shot,3,Field Goal Made,,,,153,153,
2,7,54,HolyCr take a 20-second timeout.,,,false,false,false,,,,,,,54,58,5,3,0,,,,,0,,2,Short,11,Timeout,,,,249,249,
2,7,42,Dave Dudzinski misses a layup shot.,96996,,true,false,false,Dave,,Dudzinski,,HolyCr,,54,58,5,3,2,,,,,7,2,40,Layup Shot,4,Field Goal Missed,,,,249,249,
2,7,24,Dave Dudzinski misses a 3-point jump shot.,96996,,true,false,false,Dave,,Dudzinski,,HolyCr,,54,58,5,3,2,,,,,7,3,45,Jump Shot,4,Field Goal Missed,,,,249,249,
2,6,56,Justin Sears makes a jump shot.,116340,,true,false,false,Justin,,Sears,,Yale,,54,60,5,3,1,,,,,14,2,45,Jump Shot,3,Field Goal Made,,,,153,153,
2,6,37,Personal foul committed by Justin Sears.,116340,,true,false,false,Justin,,Sears,,Yale,,54,60,6,3,2,,,,,14,,1,Personal,8,Foul,,,,153,153,
2,6,37,Official TV timeout.,,,false,false,false,,,,,,,54,60,6,3,0,,,,,0,,3,Official TV,11,Timeout,,,,249,249,
2,6,32,Shooting foul committed by Armani Cotton.,109742,,true,false,false,Armani,,Cotton,,Yale,,54,60,7,3,2,,,,,0,,2,Shooting,8,Foul,,,,153,153,
2,6,30,Dave Dudzinski makes free throw 1 of 2.,96996,,true,false,false,Dave,,Dudzinski,,HolyCr,,55,60,7,3,2,,,,,8,1,11,Free Throw 1 of 2,1,Free Throw Made,,,,249,249,
2,6,30,Dave Dudzinski makes free throw 2 of 2.,96996,,true,false,false,Dave,,Dudzinski,,HolyCr,,56,60,7,3,2,,,,,9,1,12,Free Throw 2 of 2,1,Free Throw Made,,,,249,249,
2,6,30,Personal foul committed by Dave Dudzinski.,96996,,true,false,false,Dave,,Dudzinski,,HolyCr,,56,60,7,4,3,,,,,9,,1,Personal,8,Foul,,,,249,249,
2,6,08,Personal foul committed by Anthony Thompson.,121673,,true,false,false,Anthony,,Thompson,,HolyCr,,56,60,7,5,2,,,,,7,,1,Personal,8,Foul,,,,249,249,
2,5,54,Personal foul committed by Dave Dudzinski.,96996,,true,false,false,Dave,,Dudzinski,,HolyCr,,56,60,7,6,4,,,,,9,,1,Personal,8,Foul,,,,249,249,
2,5,54,Justin Sears misses free throw 1 of 2.,116340,,true,false,false,Justin,,Sears,,Yale,,56,60,7,6,2,,,,,14,1,11,Free Throw 1 of 2,2,Free Throw Missed,,,,153,153,
2,5,54,Personal foul committed by Javier Duren.,109746,,true,false,false,Javier,,Duren,,Yale,,56,60,8,6,4,,,,,10,,1,Personal,8,Foul,,,,153,153,
2,5,54,Justin Sears makes free throw 2 of 2.,116340,,true,false,false,Justin,,Sears,,Yale,,56,61,8,6,2,,,,,15,1,12,Free Throw 2 of 2,1,Free Throw Made,,,,153,153,
2,5,54,Anthony Thompson makes free throw 1 of 2.,121673,,true,false,false,Anthony,,Thompson,,HolyCr,,57,61,8,6,2,,,,,8,1,11,Free Throw 1 of 2,1,Free Throw Made,,,,249,249,
2,5,54,Anthony Thompson makes free throw 2 of 2.,121673,,true,false,false,Anthony,,Thompson,,HolyCr,,58,61,8,6,2,,,,,9,1,12,Free Throw 2 of 2,1,Free Throw Made,,,,249,249,
2,5,32,Justin Burrell misses a 3-point jump shot.,109899,,true,false,false,Justin,,Burrell,,HolyCr,,58,61,8,6,1,,,,,5,3,45,Jump Shot,4,Field Goal Missed,,,,249,249,
2,5,27,Malachi Alexander misses a layup shot.,121674,,true,false,false,Malachi,,Alexander,,HolyCr,,58,61,8,6,0,,,,,3,2,40,Layup Shot,4,Field Goal Missed,,,,249,249,
2,5,08,Personal foul committed by Malachi Alexander.,121674,,true,false,false,Malachi,,Alexander,,HolyCr,,58,61,8,7,1,,,,,3,,1,Personal,8,Foul,,,,249,249,
2,5,08,Justin Sears makes free throw 1 of 2.,116340,,true,false,false,Justin,,Sears,,Yale,,58,62,8,7,2,,,,,16,1,11,Free Throw 1 of 2,1,Free Throw Made,,,,153,153,
2,5,08,Justin Sears makes free throw 2 of 2.,116340,,true,false,false,Justin,,Sears,,Yale,,58,63,8,7,2,,,,,17,1,12,Free Throw 2 of 2,1,Free Throw Made,,,,153,153,
2,4,33,Anthony Thompson misses a 3-point jump shot.,121673,,true,false,false,Anthony,,Thompson,,HolyCr,,58,63,8,7,2,,,,,9,3,45,Jump Shot,4,Field Goal Missed,,,,249,249,
2,4,33,Admin Technical Foul foul committed by Taylor Abt.,109901,,true,false,false,Taylor,,Abt,,HolyCr,,58,63,8,7,4,,,,,2,,30,Admin Technical Foul,8,Foul,,,,249,249,
2,4,33,Justin Sears makes free throw 1 of 2.,116340,,true,false,false,Justin,,Sears,,Yale,,58,64,8,7,2,,,,,18,1,11,Free Throw 1 of 2,1,Free Throw Made,,,,153,153,
2,4,33,Justin Sears misses free throw 2 of 2.,116340,,true,false,false,Justin,,Sears,,Yale,,58,64,8,7,2,,,,,18,1,12,Free Throw 2 of 2,2,Free Throw Missed,,,,153,153,
2,4,00,Matt Townsend misses a jump shot.,109749,,true,false,false,Matt,,Townsend,,Yale,,58,64,8,7,2,,,,,8,2,45,Jump Shot,4,Field Goal Missed,,,,153,153,
2,3,59,Official TV timeout.,,,false,false,false,,,,,,,58,64,8,7,0,,,,,0,,3,Official TV,11,Timeout,,,,249,249,
2,3,36,Malcolm Miller makes a layup shot.,109900,,true,false,false,Malcolm,,Miller,,HolyCr,,60,64,8,7,1,,,,,16,2,40,Layup Shot,3,Field Goal Made,,,,249,249,
2,3,23,Dave Dudzinski misses a dunk shot.,96996,,true,false,false,Dave,,Dudzinski,,HolyCr,,60,64,8,7,4,,,,,9,2,48,Dunk Shot,4,Field Goal Missed,,,,249,249,
2,3,10,Shooting foul committed by Justin Sears.,116340,,true,false,false,Justin,,Sears,,Yale,,60,64,9,7,3,,,,,18,,2,Shooting,8,Foul,,,,153,153,
2,3,10,Malcolm Miller makes free throw 1 of 2.,109900,,true,false,false,Malcolm,,Miller,,HolyCr,,61,64,9,7,1,,,,,17,1,11,Free Throw 1 of 2,1,Free Throw Made,,,,249,249,
2,3,10,Malcolm Miller makes free throw 2 of 2.,109900,,true,false,false,Malcolm,,Miller,,HolyCr,,62,64,9,7,1,,,,,18,1,12,Free Throw 2 of 2,1,Free Throw Made,,,,249,249,
2,2,35,Dave Dudzinski makes a jump shot.,96996,,true,false,false,Dave,,Dudzinski,,HolyCr,,64,64,9,7,4,,,,,11,2,45,Jump Shot,3,Field Goal Made,,,,249,249,
2,2,09,Personal foul committed by Malcolm Miller.,109900,,true,false,false,Malcolm,,Miller,,HolyCr,,64,64,9,8,2,,,,,18,,1,Personal,8,Foul,,,,249,249,
2,2,09,Brandon Sherrod makes free throw 1 of 2.,109748,,true,false,false,Brandon,,Sherrod,,Yale,,64,65,9,8,0,,,,,6,1,11,Free Throw 1 of 2,1,Free Throw Made,,,,153,153,
2,2,09,Brandon Sherrod misses free throw 2 of 2.,109748,,true,false,false,Brandon,,Sherrod,,Yale,,64,65,9,8,0,,,,,6,1,12,Free Throw 2 of 2,2,Free Throw Missed,,,,153,153,
2,1,46,Brandon Sherrod misses a layup shot.,109748,,true,false,false,Brandon,,Sherrod,,Yale,,64,65,9,8,0,,,,,6,2,40,Layup Shot,4,Field Goal Missed,,,,153,153,
2,1,42,Personal foul committed by Nick Victor.,116341,,true,false,false,Nick,,Victor,,Yale,,64,65,10,8,2,,,,,5,,1,Personal,8,Foul,,,,153,153,
2,1,42,Anthony Thompson makes free throw 1 of 2.,121673,,true,false,false,Anthony,,Thompson,,HolyCr,,65,65,10,8,2,,,,,10,1,11,Free Throw 1 of 2,1,Free Throw Made,,,,249,249,
2,1,42,Anthony Thompson makes free throw 2 of 2.,121673,,true,false,false,Anthony,,Thompson,,HolyCr,,66,65,10,8,2,,,,,11,1,12,Free Throw 2 of 2,1,Free Throw Made,,,,249,249,
2,1,13,Armani Cotton makes a 3-point jump shot.,109742,,true,false,false,Armani,,Cotton,,Yale,,66,68,10,8,2,,,,,3,3,45,Jump Shot,3,Field Goal Made,,,,153,153,
2,1,04,HolyCr take a full timeout.,,,false,false,false,,,,,,,66,68,10,8,0,,,,,0,,1,Regular,11,Timeout,,,,249,249,
2,0,42.4,Justin Burrell misses a 3-point jump shot.,109899,,true,false,false,Justin,,Burrell,,HolyCr,,66,68,10,8,1,,,,,5,3,45,Jump Shot,4,Field Goal Missed,,,,249,249,
2,0,42.4,HolyCr take a 20-second timeout.,,,false,false,false,,,,,,,66,68,10,8,0,,,,,0,,2,Short,11,Timeout,,,,249,249,
2,0,24.2,Anthony Thompson misses a layup shot.,121673,,true,false,false,Anthony,,Thompson,,HolyCr,,66,68,10,8,2,,,,,11,2,40,Layup Shot,4,Field Goal Missed,,,,249,249,
2,0,24.2,HolyCr take a full timeout.,,,false,false,false,,,,,,,66,68,10,8,0,,,,,0,,1,Regular,11,Timeout,,,,249,249,
2,0,05.7,Anthony Thompson misses a jump shot.,121673,,true,false,false,Anthony,,Thompson,,HolyCr,,66,68,10,8,2,,,,,11,2,45,Jump Shot,4,Field Goal Missed,,,,249,249,
2,0,05.7,Eric Green misses a jump shot.,117334,,true,false,false,Eric,,Green,,HolyCr,,66,68,10,8,3,,,,,8,2,45,Jump Shot,4,Field Goal Missed,,,,249,249,
2,0,05.7,Yale take a 20-second timeout.,,,false,false,false,,,,,,,66,68,10,8,0,,,,,0,,2,Short,11,Timeout,,,,153,153,
2,0,05.7,Personal foul committed by Anthony Thompson.,121673,,true,false,false,Anthony,,Thompson,,HolyCr,,66,68,10,9,3,,,,,11,,1,Personal,8,Foul,,,,249,249,
2,0,05.7,Javier Duren makes free throw 1st of 1-and-1.,109746,,true,false,false,Javier,,Duren,,Yale,,66,69,10,9,4,,,,,11,1,8,Free Throw 1st of 1-and-1,1,Free Throw Made,,,,153,153,
2,0,05.7,Javier Duren misses free throw 2nd of 1-and-1.,109746,,true,false,false,Javier,,Duren,,Yale,,66,69,10,9,4,,,,,11,1,9,Free Throw 2nd of 1-and-1,2,Free Throw Missed,,,,153,153,
2,0,01.0,Malcolm Miller misses a 3-point jump shot.,109900,,true,false,false,Malcolm,,Miller,,HolyCr,,66,69,10,9,2,,,,,18,3,45,Jump Shot,4,Field Goal Missed,,,,249,249,
2,0,01.0,Javier Duren makes free throw 1 of 2.,109746,,true,false,false,Javier,,Duren,,Yale,,66,70,10,9,4,,,,,12,1,11,Free Throw 1 of 2,1,Free Throw Made,,,,153,153,
2,0,01.0,Personal foul committed by Robert Champion.,121675,,true,false,false,Robert,,Champion,,HolyCr,,66,70,10,10,1,,,,,8,,1,Personal,8,Foul,,,,249,249,
2,0,01.0,Javier Duren makes free throw 2 of 2.,109746,,true,false,false,Javier,,Duren,,Yale,,66,71,10,10,4,,,,,13,1,12,Free Throw 2 of 2,1,Free Throw Made,,,,153,153,
2,0,00,End of the 2nd Half,,,false,false,false,,,,,,,66,71,10,10,0,,,,,0,,,,15,End Period,,,,249,249,
2,0,00,End of the Game,,,false,false,false,,,,,,,66,71,10,10,0,,,,,0,,,,19,Game Over,,,,249,249,
