half,time-minutes,time-seconds,details,player1-id,player2-id,player1-linkable,player2-linkable,player3-linkable,player-first-name-1,player-first-name-2,player-last-name-1,player-last-name-2,player-team-alias-1,player-team-alias-2,home-score,visitor-score,visitor-fouls,home-fouls,player-fouls,fastbreak,in-paint,second-chance,off-turnover,player-score,points-type,detail-id,detail-desc,event-id,event-desc,distance,x-coord,y-coord,team-id-1,team-id-2,team-id-3
1,20,00,Start of the 1st Half,,,false,false,false,,,,,,,0,0,0,0,0,,,,,0,,,,14,Start Period,,,,314,314,
1,19,53,Jarell Martin misses a 3-point jump shot from 23 feet out.,120724,,true,false,false,Jarell,,Martin,,LSU,,0,0,0,0,0,,,,,0,3,45,Jump Shot,4,Field Goal Missed,23,3.5,23,259,259,
1,19,53,SanFr with a defensive rebound.,,,false,false,false,,,,,,,0,0,0,0,0,,,,,0,,,,6,Defensive Rebound,,,,314,314,
1,19,26,Kruize Pinkins makes a jump shot from 17 feet out. Matt Glover with the assist.,120947,109552,true,true,false,Kruize,Matt,Pinkins,Glover,SanFr,SanFr,2,0,0,0,0,,,,,2,2,45,Jump Shot,3,Field Goal Made,17,-16.6,-.1,314,314,
1,19,13,Jarell Martin misses a jump shot from 20 feet out.,120724,,true,false,false,Jarell,,Martin,,LSU,,2,0,0,0,0,,,,,0,2,45,Jump Shot,4,Field Goal Missed,20,-12.2,15.4,259,259,
1,19,13,Cole Dickerson with a defensive rebound.,97266,,true,false,false,Cole,,Dickerson,,SanFr,,2,0,0,0,0,,,,,0,,,,6,Defensive Rebound,,,,314,314,
1,18,45,Kruize Pinkins misses a hook shot from 6 feet out.,120947,,true,false,false,Kruize,,Pinkins,,SanFr,,2,0,0,0,0,,,,,2,2,55,Hook Shot,4,Field Goal Missed,6,3.1,5,314,314,
1,18,45,Jarell Martin with a defensive rebound.,120724,,true,false,false,Jarell,,Martin,,LSU,,2,0,0,0,0,,,,,0,,,,6,Defensive Rebound,,,,259,259,
1,18,34,Shavon Coleman misses a 3-point jump shot from 23 feet out.,116559,,true,false,false,Shavon,,Coleman,,LSU,,2,0,0,0,0,,,,,0,3,45,Jump Shot,4,Field Goal Missed,23,-18.6,12.7,259,259,
1,18,34,Jarell Martin with an offensive rebound.,120724,,true,false,false,Jarell,,Martin,,LSU,,2,0,0,0,0,,,,,0,,,,5,Offensive Rebound,,,,259,259,
1,18,24,Jarell Martin makes a dunk shot.,120724,,true,false,false,Jarell,,Martin,,LSU,,2,2,0,0,0,,,,,2,2,48,Dunk Shot,3,Field Goal Made,0,0,0,259,259,
1,17,44,Matt Glover with a lost ball turnover: Lost Ball,109552,,true,false,false,Matt,,Glover,,SanFr,,2,2,0,0,0,,,,,0,,2,Lost Ball,7,Turnover,,,,314,314,
1,17,30,Johnny O'Bryant III misses a jump shot from 15 feet out.,109779,,true,false,false,Johnny,,O'Bryant III,,LSU,,2,2,0,0,0,,,,,0,2,45,Jump Shot,4,Field Goal Missed,15,-15.2,-.3,259,259,
1,17,30,Jordan Mickey with an offensive rebound.,120727,,true,false,false,Jordan,,Mickey,,LSU,,2,2,0,0,0,,,,,0,,,,5,Offensive Rebound,,,,259,259,
1,17,21,Jordan Mickey misses a layup shot.,120727,,true,false,false,Jordan,,Mickey,,LSU,,2,2,0,0,0,,,,,0,2,40,Layup Shot,4,Field Goal Missed,0,0,0,259,259,
1,17,21,Kruize Pinkins with a defensive rebound.,120947,,true,false,false,Kruize,,Pinkins,,SanFr,,2,2,0,0,0,,,,,2,,,,6,Defensive Rebound,,,,314,314,
1,17,14,Matt Glover with a lost ball turnover: Lost Ball,109552,,true,false,false,Matt,,Glover,,SanFr,,2,2,0,0,0,,,,,0,,2,Lost Ball,7,Turnover,,,,314,314,
1,16,57,Jarell Martin makes a 3-point jump shot from 24 feet out. Jordan Mickey with the assist.,120724,120727,true,true,false,Jarell,Jordan,Martin,Mickey,LSU,LSU,2,5,0,0,0,,,,,5,3,45,Jump Shot,3,Field Goal Made,24,-13,20,259,259,
1,16,45,Cole Dickerson misses a 3-point jump shot from 24 feet out.,97266,,true,false,false,Cole,,Dickerson,,SanFr,,2,5,0,0,0,,,,,0,3,45,Jump Shot,4,Field Goal Missed,24,-10.1,21.8,314,314,
1,16,45,Anthony Hickey with a defensive rebound.,109778,,true,false,false,Anthony,,Hickey,,LSU,,2,5,0,0,0,,,,,0,,,,6,Defensive Rebound,,,,259,259,
1,16,33,Anthony Hickey misses a 3-point jump shot from 23 feet out.,109778,,true,false,false,Anthony,,Hickey,,LSU,,2,5,0,0,0,,,,,0,3,45,Jump Shot,4,Field Goal Missed,23,-12,19.6,259,259,
1,16,33,Shavon Coleman with an offensive rebound.,116559,,true,false,false,Shavon,,Coleman,,LSU,,2,5,0,0,0,,,,,0,,,,5,Offensive Rebound,,,,259,259,
1,16,33,Shavon Coleman misses a layup shot.,116559,,true,false,false,Shavon,,Coleman,,LSU,,2,5,0,0,0,,,,,0,2,40,Layup Shot,4,Field Goal Missed,0,0,0,259,259,
1,16,33,Johnny O'Bryant III with an offensive rebound.,109779,,true,false,false,Johnny,,O'Bryant III,,LSU,,2,5,0,0,0,,,,,0,,,,5,Offensive Rebound,,,,259,259,
1,16,30,Shooting foul committed by Kruize Pinkins.,120947,,true,false,false,Kruize,,Pinkins,,SanFr,,2,5,0,1,1,,,,,2,,2,Shooting,8,Foul,,,,314,314,
1,16,30,Johnny O'Bryant III makes free throw 1 of 2.,109779,,true,false,false,Johnny,,O'Bryant III,,LSU,,2,6,0,1,0,,,,,1,1,11,Free Throw 1 of 2,1,Free Throw Made,,,,259,259,
1,16,30,Johnny O'Bryant III makes free throw 2 of 2.,109779,,true,false,false,Johnny,,O'Bryant III,,LSU,,2,7,0,1,0,,,,,2,1,12,Free Throw 2 of 2,1,Free Throw Made,,,,259,259,
1,16,15,Cole Dickerson misses a jump shot from 9 feet out.,97266,,true,false,false,Cole,,Dickerson,,SanFr,,2,7,0,1,0,,,,,0,2,45,Jump Shot,4,Field Goal Missed,9,.6,8.7,314,314,
1,16,15,Jarell Martin with a defensive rebound.,120724,,true,false,false,Jarell,,Martin,,LSU,,2,7,0,1,0,,,,,5,,,,6,Defensive Rebound,,,,259,259,
1,15,57,Personal foul committed by Matt Christiansen.,116982,,true,false,false,Matt,,Christiansen,,SanFr,,2,7,0,2,1,,,,,0,,1,Personal,8,Foul,,,,314,314,
1,15,57,Official's timeout.,,,false,false,false,,,,,,,2,7,0,2,0,,,,,0,,4,Official,11,Timeout,,,,314,314,
1,15,52,Jarell Martin makes a dunk shot. Jordan Mickey with the assist.,120724,120727,true,true,false,Jarell,Jordan,Martin,Mickey,LSU,LSU,2,9,0,2,0,,,,,7,2,48,Dunk Shot,3,Field Goal Made,0,0,0,259,259,
1,15,33,Mark Tollefsen misses a 3-point jump shot from 24 feet out.,110447,,true,false,false,Mark,,Tollefsen,,SanFr,,2,9,0,2,0,,,,,0,3,45,Jump Shot,4,Field Goal Missed,24,16.4,16.9,314,314,
1,15,33,Shavon Coleman with a defensive rebound.,116559,,true,false,false,Shavon,,Coleman,,LSU,,2,9,0,2,0,,,,,0,,,,6,Defensive Rebound,,,,259,259,
1,15,22,Anthony Hickey with a lost ball turnover: Lost Ball,109778,,true,false,false,Anthony,,Hickey,,LSU,,2,9,0,2,0,,,,,0,,2,Lost Ball,7,Turnover,,,,259,259,
1,15,12,Avry Holmes makes a layup shot.,116983,,true,false,false,Avry,,Holmes,,SanFr,,4,9,0,2,0,,,,,2,2,40,Layup Shot,3,Field Goal Made,0,0,0,314,314,
1,14,52,Johnny O'Bryant III makes a jump shot from 13 feet out.,109779,,true,false,false,Johnny,,O'Bryant III,,LSU,,4,11,0,2,0,,,,,4,2,45,Jump Shot,3,Field Goal Made,13,3,12.2,259,259,
1,14,34,Avry Holmes misses a 3-point jump shot from 22 feet out.,116983,,true,false,false,Avry,,Holmes,,SanFr,,4,11,0,2,0,,,,,2,3,45,Jump Shot,4,Field Goal Missed,22,-21.9,1.1,314,314,
1,14,34,Matt Christiansen with an offensive rebound.,116982,,true,false,false,Matt,,Christiansen,,SanFr,,4,11,0,2,1,,,,,0,,,,5,Offensive Rebound,,,,314,314,
1,14,25,Tim Derksen makes a layup shot.,116987,,true,false,false,Tim,,Derksen,,SanFr,,6,11,0,2,0,,,,,2,2,40,Layup Shot,3,Field Goal Made,0,0,0,314,314,
1,14,25,Shooting foul committed by Jordan Mickey.,120727,,true,false,false,Jordan,,Mickey,,LSU,,6,11,1,2,1,,,,,0,,2,Shooting,8,Foul,,,,259,259,
1,14,25,Tim Derksen misses free throw 1 of 1.,116987,,true,false,false,Tim,,Derksen,,SanFr,,6,11,1,2,0,,,,,2,1,10,Free Throw 1 of 1,2,Free Throw Missed,,,,314,314,
1,14,25,Jarell Martin with a defensive rebound.,120724,,true,false,false,Jarell,,Martin,,LSU,,6,11,1,2,0,,,,,7,,,,6,Defensive Rebound,,,,259,259,
1,14,08,Jarell Martin misses a 3-point jump shot from 24 feet out.,120724,,true,false,false,Jarell,,Martin,,LSU,,6,11,1,2,0,,,,,7,3,45,Jump Shot,4,Field Goal Missed,24,13.4,19.8,259,259,
1,14,08,Tim Derksen with a defensive rebound.,116987,,true,false,false,Tim,,Derksen,,SanFr,,6,11,1,2,0,,,,,2,,,,6,Defensive Rebound,,,,314,314,
1,13,56,Chris Adams misses a 3-point jump shot from 23 feet out.,110446,,true,false,false,Chris,,Adams,,SanFr,,6,11,1,2,0,,,,,0,3,45,Jump Shot,4,Field Goal Missed,23,-17.1,15.7,314,314,
1,13,56,Jordan Mickey with a defensive rebound.,120727,,true,false,false,Jordan,,Mickey,,LSU,,6,11,1,2,1,,,,,0,,,,6,Defensive Rebound,,,,259,259,
1,13,42,Personal foul committed by Tim Derksen.,116987,,true,false,false,Tim,,Derksen,,SanFr,,6,11,1,3,1,,,,,2,,1,Personal,8,Foul,,,,314,314,
1,13,29,Shavon Coleman misses a 3-point jump shot from 23 feet out.,116559,,true,false,false,Shavon,,Coleman,,LSU,,6,11,1,3,0,,,,,0,3,45,Jump Shot,4,Field Goal Missed,23,-21.5,6.9,259,259,
1,13,29,Tim Derksen with a defensive rebound.,116987,,true,false,false,Tim,,Derksen,,SanFr,,6,11,1,3,1,,,,,2,,,,6,Defensive Rebound,,,,314,314,
1,12,55,Matt Glover misses a layup shot.,109552,,true,false,false,Matt,,Glover,,SanFr,,6,11,1,3,0,,,,,0,2,40,Layup Shot,4,Field Goal Missed,0,0,0,314,314,
1,12,55,Jordan Mickey with a defensive rebound.,120727,,true,false,false,Jordan,,Mickey,,LSU,,6,11,1,3,1,,,,,0,,,,6,Defensive Rebound,,,,259,259,
1,12,46,Shavon Coleman misses a layup shot.,116559,,true,false,false,Shavon,,Coleman,,LSU,,6,11,1,3,0,,,,,0,2,40,Layup Shot,4,Field Goal Missed,0,0,0,259,259,
1,12,46,Jordan Mickey with an offensive rebound.,120727,,true,false,false,Jordan,,Mickey,,LSU,,6,11,1,3,1,,,,,0,,,,5,Offensive Rebound,,,,259,259,
1,12,39,Jordan Mickey misses a jump shot from 7 feet out.,120727,,true,false,false,Jordan,,Mickey,,LSU,,6,11,1,3,1,,,,,0,2,45,Jump Shot,4,Field Goal Missed,7,3.7,5.7,259,259,
1,12,39,Matt Christiansen with a defensive rebound.,116982,,true,false,false,Matt,,Christiansen,,SanFr,,6,11,1,3,1,,,,,0,,,,6,Defensive Rebound,,,,314,314,
1,12,20,Kruize Pinkins misses a layup shot.,120947,,true,false,false,Kruize,,Pinkins,,SanFr,,6,11,1,3,1,,,,,2,2,40,Layup Shot,4,Field Goal Missed,0,0,0,314,314,
1,12,20,Shavon Coleman with a defensive rebound.,116559,,true,false,false,Shavon,,Coleman,,LSU,,6,11,1,3,0,,,,,0,,,,6,Defensive Rebound,,,,259,259,
1,12,12,Anthony Hickey misses a 3-point jump shot from 22 feet out.,109778,,true,false,false,Anthony,,Hickey,,LSU,,6,11,1,3,0,,,,,0,3,45,Jump Shot,4,Field Goal Missed,22,-14.7,16.7,259,259,
1,12,12,Chris Adams with a defensive rebound.,110446,,true,false,false,Chris,,Adams,,SanFr,,6,11,1,3,0,,,,,0,,,,6,Defensive Rebound,,,,314,314,
1,11,51,Chris Adams misses a 3-point jump shot from 24 feet out.,110446,,true,false,false,Chris,,Adams,,SanFr,,6,11,1,3,0,,,,,0,3,45,Jump Shot,4,Field Goal Missed,24,-15.2,18.1,314,314,
1,11,51,Kruize Pinkins with an offensive rebound.,120947,,true,false,false,Kruize,,Pinkins,,SanFr,,6,11,1,3,1,,,,,2,,,,5,Offensive Rebound,,,,314,314,
1,11,45,Kruize Pinkins misses a 3-point jump shot from 23 feet out.,120947,,true,false,false,Kruize,,Pinkins,,SanFr,,6,11,1,3,1,,,,,2,3,45,Jump Shot,4,Field Goal Missed,23,13.2,19.3,314,314,
1,11,45,Jordan Mickey with a defensive rebound.,120727,,true,false,false,Jordan,,Mickey,,LSU,,6,11,1,3,1,,,,,0,,,,6,Defensive Rebound,,,,259,259,
1,11,38,Jordan Mickey makes a hook shot from 8 feet out.,120727,,true,false,false,Jordan,,Mickey,,LSU,,6,13,1,3,1,,,,,2,2,55,Hook Shot,3,Field Goal Made,8,5,6.5,259,259,
1,11,14,Kruize Pinkins misses a 3-point jump shot from 23 feet out.,120947,,true,false,false,Kruize,,Pinkins,,SanFr,,6,13,1,3,1,,,,,2,3,45,Jump Shot,4,Field Goal Missed,23,-16.1,16.7,314,314,
1,11,14,Johnny O'Bryant III with a defensive rebound.,109779,,true,false,false,Johnny,,O'Bryant III,,LSU,,6,13,1,3,0,,,,,4,,,,6,Defensive Rebound,,,,259,259,
1,10,54,Johnny O'Bryant III misses a jump shot from 19 feet out.,109779,,true,false,false,Johnny,,O'Bryant III,,LSU,,6,13,1,3,0,,,,,4,2,45,Jump Shot,4,Field Goal Missed,19,14.4,12.7,259,259,
1,10,54,Matt Glover with a defensive rebound.,109552,,true,false,false,Matt,,Glover,,SanFr,,6,13,1,3,0,,,,,0,,,,6,Defensive Rebound,,,,314,314,
1,10,44,Tim Derksen makes a jump shot from 16 feet out.,116987,,true,false,false,Tim,,Derksen,,SanFr,,8,13,1,3,1,,,,,4,2,45,Jump Shot,3,Field Goal Made,16,-5,16,314,314,
1,10,07,Anthony Hickey misses a 3-point jump shot from 25 feet out.,109778,,true,false,false,Anthony,,Hickey,,LSU,,8,13,1,3,0,,,,,0,3,45,Jump Shot,4,Field Goal Missed,25,8.2,23.2,259,259,
1,10,07,Chris Adams with a defensive rebound.,110446,,true,false,false,Chris,,Adams,,SanFr,,8,13,1,3,0,,,,,0,,,,6,Defensive Rebound,,,,314,314,
1,9,47,Tim Derksen makes a layup shot. Kruize Pinkins with the assist.,116987,120947,true,true,false,Tim,Kruize,Derksen,Pinkins,SanFr,SanFr,10,13,1,3,1,,,,,6,2,40,Layup Shot,3,Field Goal Made,0,0,0,314,314,
1,9,47,Shooting foul committed by Johnny O'Bryant III.,109779,,true,false,false,Johnny,,O'Bryant III,,LSU,,10,13,2,3,1,,,,,4,,2,Shooting,8,Foul,,,,259,259,
1,9,47,Official's timeout.,,,false,false,false,,,,,,,10,13,2,3,0,,,,,0,,4,Official,11,Timeout,,,,314,314,
1,9,47,Tim Derksen misses free throw 1 of 1.,116987,,true,false,false,Tim,,Derksen,,SanFr,,10,13,2,3,1,,,,,6,1,10,Free Throw 1 of 1,2,Free Throw Missed,,,,314,314,
1,9,47,Cole Dickerson with an offensive rebound.,97266,,true,false,false,Cole,,Dickerson,,SanFr,,10,13,2,3,0,,,,,0,,,,5,Offensive Rebound,,,,314,314,
1,9,21,Cole Dickerson with a lost ball turnover: Lost Ball,97266,,true,false,false,Cole,,Dickerson,,SanFr,,10,13,2,3,0,,,,,0,,2,Lost Ball,7,Turnover,,,,314,314,
1,9,19,Shavon Coleman misses a 3-point jump shot from 23 feet out.,116559,,true,false,false,Shavon,,Coleman,,LSU,,10,13,2,3,0,,,,,0,3,45,Jump Shot,4,Field Goal Missed,23,13.4,19.3,259,259,
1,9,19,SanFr with a defensive rebound.,,,false,false,false,,,,,,,10,13,2,3,0,,,,,0,,,,6,Defensive Rebound,,,,314,314,
1,8,53,Cole Dickerson misses a 3-point jump shot from 24 feet out.,97266,,true,false,false,Cole,,Dickerson,,SanFr,,10,13,2,3,0,,,,,0,3,45,Jump Shot,4,Field Goal Missed,24,-4.5,23.4,314,314,
1,8,53,Matt Glover with an offensive rebound.,109552,,true,false,false,Matt,,Glover,,SanFr,,10,13,2,3,0,,,,,0,,,,5,Offensive Rebound,,,,314,314,
1,8,39,Kruize Pinkins makes a layup shot. Matt Glover with the assist.,120947,109552,true,true,false,Kruize,Matt,Pinkins,Glover,SanFr,SanFr,12,13,2,3,1,,,,,4,2,40,Layup Shot,3,Field Goal Made,0,0,0,314,314,
1,8,21,Personal foul committed by Matt Glover.,109552,,true,false,false,Matt,,Glover,,SanFr,,12,13,2,4,1,,,,,0,,1,Personal,8,Foul,,,,314,314,
1,8,16,Jarell Martin makes a layup shot.,120724,,true,false,false,Jarell,,Martin,,LSU,,12,15,2,4,0,,,,,9,2,40,Layup Shot,3,Field Goal Made,0,0,0,259,259,
1,8,04,Avry Holmes misses a 3-point jump shot from 25 feet out.,116983,,true,false,false,Avry,,Holmes,,SanFr,,12,15,2,4,0,,,,,2,3,45,Jump Shot,4,Field Goal Missed,25,18.8,16.9,314,314,
1,8,04,Jarell Martin with a defensive rebound.,120724,,true,false,false,Jarell,,Martin,,LSU,,12,15,2,4,0,,,,,9,,,,6,Defensive Rebound,,,,259,259,
1,7,46,Jarell Martin makes a jump shot from 6 feet out.,120724,,true,false,false,Jarell,,Martin,,LSU,,12,17,2,4,0,,,,,11,2,45,Jump Shot,3,Field Goal Made,6,-.3,6.4,259,259,
1,7,46,Shooting foul committed by Cole Dickerson.,97266,,true,false,false,Cole,,Dickerson,,SanFr,,12,17,2,5,1,,,,,0,,2,Shooting,8,Foul,,,,314,314,
1,7,46,Official's timeout.,,,false,false,false,,,,,,,12,17,2,5,0,,,,,0,,4,Official,11,Timeout,,,,314,314,
1,7,46,Jarell Martin makes free throw 1 of 1.,120724,,true,false,false,Jarell,,Martin,,LSU,,12,18,2,5,0,,,,,12,1,10,Free Throw 1 of 1,1,Free Throw Made,,,,259,259,
1,7,42,Cole Dickerson misses a hook shot from 8 feet out.,97266,,true,false,false,Cole,,Dickerson,,SanFr,,12,18,2,5,1,,,,,0,2,55,Hook Shot,4,Field Goal Missed,8,-3.5,6.7,314,314,
1,7,42,Cole Dickerson with an offensive rebound.,97266,,true,false,false,Cole,,Dickerson,,SanFr,,12,18,2,5,1,,,,,0,,,,5,Offensive Rebound,,,,314,314,
1,7,24,Personal foul committed by Shane Hammink.,116561,,true,false,false,Shane,,Hammink,,LSU,,12,18,3,5,1,,,,,0,,1,Personal,8,Foul,,,,259,259,
1,7,13,Kruize Pinkins with a lost ball turnover: Lost Ball,120947,,true,false,false,Kruize,,Pinkins,,SanFr,,12,18,3,5,1,,,,,4,,2,Lost Ball,7,Turnover,,,,314,314,
1,7,03,Shane Hammink makes a dunk shot. Shavon Coleman with the assist.,116561,116559,true,true,false,Shane,Shavon,Hammink,Coleman,LSU,LSU,12,20,3,5,1,,,,,2,2,48,Dunk Shot,3,Field Goal Made,0,0,0,259,259,
1,6,45,Cole Dickerson makes a 3-point jump shot from 24 feet out. Avry Holmes with the assist.,97266,116983,true,true,false,Cole,Avry,Dickerson,Holmes,SanFr,SanFr,15,20,3,5,1,,,,,3,3,45,Jump Shot,3,Field Goal Made,24,-18.1,15.9,314,314,
1,6,32,Shane Hammink makes a layup shot.,116561,,true,false,false,Shane,,Hammink,,LSU,,15,22,3,5,1,,,,,4,2,40,Layup Shot,3,Field Goal Made,0,0,0,259,259,
1,5,56,Cole Dickerson misses a 3-point jump shot from 23 feet out.,97266,,true,false,false,Cole,,Dickerson,,SanFr,,15,22,3,5,1,,,,,3,3,45,Jump Shot,4,Field Goal Missed,23,-16,17,314,314,
1,5,56,Matt Glover with an offensive rebound.,109552,,true,false,false,Matt,,Glover,,SanFr,,15,22,3,5,1,,,,,0,,,,5,Offensive Rebound,,,,314,314,
1,5,53,Cole Dickerson makes a layup shot. Matt Christiansen with the assist.,97266,116982,true,true,false,Cole,Matt,Dickerson,Christiansen,SanFr,SanFr,17,22,3,5,1,,,,,5,2,40,Layup Shot,3,Field Goal Made,0,0,0,314,314,
1,5,29,Johnny O'Bryant III with a bad pass turnover: Bad Pass,109779,,true,false,false,Johnny,,O'Bryant III,,LSU,,17,22,3,5,1,,,,,4,,1,Bad Pass,7,Turnover,,,,259,259,
1,5,10,Avry Holmes makes a jump shot from 11 feet out.,116983,,true,false,false,Avry,,Holmes,,SanFr,,19,22,3,5,0,,,,,4,2,45,Jump Shot,3,Field Goal Made,11,-4.3,10.1,314,314,
1,4,56,Johnny O'Bryant III makes a layup shot.,109779,,true,false,false,Johnny,,O'Bryant III,,LSU,,19,24,3,5,1,,,,,6,2,40,Layup Shot,3,Field Goal Made,0,0,0,259,259,
1,4,31,Avry Holmes misses a layup shot.,116983,,true,false,false,Avry,,Holmes,,SanFr,,19,24,3,5,0,,,,,4,2,40,Layup Shot,4,Field Goal Missed,0,0,0,314,314,
1,4,31,Anthony Hickey with a defensive rebound.,109778,,true,false,false,Anthony,,Hickey,,LSU,,19,24,3,5,0,,,,,0,,,,6,Defensive Rebound,,,,259,259,
1,4,25,Shavon Coleman makes a 3-point jump shot from 23 feet out.,116559,,true,false,false,Shavon,,Coleman,,LSU,,19,27,3,5,0,,,,,3,3,45,Jump Shot,3,Field Goal Made,23,23,3,259,259,
1,4,13,Cole Dickerson makes a layup shot. Mark Tollefsen with the assist.,97266,110447,true,true,false,Cole,Mark,Dickerson,Tollefsen,SanFr,SanFr,21,27,3,5,1,,,,,7,2,40,Layup Shot,3,Field Goal Made,0,0,0,314,314,
1,4,02,Shane Hammink misses a 3-point jump shot from 23 feet out.,116561,,true,false,false,Shane,,Hammink,,LSU,,21,27,3,5,1,,,,,4,3,45,Jump Shot,4,Field Goal Missed,23,-7.1,22,259,259,
1,4,02,Tim Derksen with a defensive rebound.,116987,,true,false,false,Tim,,Derksen,,SanFr,,21,27,3,5,1,,,,,6,,,,6,Defensive Rebound,,,,314,314,
1,3,52,Avry Holmes makes a layup shot.,116983,,true,false,false,Avry,,Holmes,,SanFr,,23,27,3,5,0,,,,,6,2,40,Layup Shot,3,Field Goal Made,0,0,0,314,314,
1,3,44,LSU take a 20-second timeout.,,,false,false,false,,,,,,,23,27,3,5,0,,,,,0,,2,Short,11,Timeout,,,,259,259,
1,3,25,Jarell Martin with a backcourt turnover turnover: Backcourt Turnover,120724,,true,false,false,Jarell,,Martin,,LSU,,23,27,3,5,0,,,,,12,,13,Backcourt Turnover,7,Turnover,,,,259,259,
1,3,25,Official's timeout.,,,false,false,false,,,,,,,23,27,3,5,0,,,,,0,,4,Official,11,Timeout,,,,314,314,
1,3,18,Avry Holmes misses a 3-point jump shot from 25 feet out.,116983,,true,false,false,Avry,,Holmes,,SanFr,,23,27,3,5,0,,,,,6,3,45,Jump Shot,4,Field Goal Missed,25,-13.5,20.5,314,314,
1,3,18,Jarell Martin with a defensive rebound.,120724,,true,false,false,Jarell,,Martin,,LSU,,23,27,3,5,0,,,,,12,,,,6,Defensive Rebound,,,,259,259,
1,2,57,Tim Quarterman misses a 3-point jump shot from 24 feet out.,120729,,true,false,false,Tim,,Quarterman,,LSU,,23,27,3,5,0,,,,,0,3,45,Jump Shot,4,Field Goal Missed,24,22.7,6.2,259,259,
1,2,57,SanFr with a defensive rebound.,,,false,false,false,,,,,,,23,27,3,5,0,,,,,0,,,,6,Defensive Rebound,,,,314,314,
1,2,30,Avry Holmes misses a layup shot.,116983,,true,false,false,Avry,,Holmes,,SanFr,,23,27,3,5,0,,,,,6,2,40,Layup Shot,4,Field Goal Missed,0,0,0,314,314,
1,2,30,Cole Dickerson with an offensive rebound.,97266,,true,false,false,Cole,,Dickerson,,SanFr,,23,27,3,5,1,,,,,7,,,,5,Offensive Rebound,,,,314,314,
1,2,25,Cole Dickerson makes a tip shot from 3 feet out.,97266,,true,false,false,Cole,,Dickerson,,SanFr,,25,27,3,5,1,,,,,9,2,53,Tip Shot,3,Field Goal Made,3,1.3,3,314,314,
1,2,19,Anthony Hickey with a lost ball turnover: Lost Ball,109778,,true,false,false,Anthony,,Hickey,,LSU,,25,27,3,5,0,,,,,0,,2,Lost Ball,7,Turnover,,,,259,259,
1,1,57,Avry Holmes with a lost ball turnover: Lost Ball,116983,,true,false,false,Avry,,Holmes,,SanFr,,25,27,3,5,0,,,,,6,,2,Lost Ball,7,Turnover,,,,314,314,
1,1,57,Jarell Martin makes a dunk shot.,120724,,true,false,false,Jarell,,Martin,,LSU,,25,29,3,5,0,,,,,14,2,48,Dunk Shot,3,Field Goal Made,0,0,0,259,259,
1,1,55,Matt Glover with a lost ball turnover: Lost Ball,109552,,true,false,false,Matt,,Glover,,SanFr,,25,29,3,5,1,,,,,0,,2,Lost Ball,7,Turnover,,,,314,314,
1,1,49,Personal foul committed by Avry Holmes.,116983,,true,false,false,Avry,,Holmes,,SanFr,,25,29,3,6,1,,,,,6,,1,Personal,8,Foul,,,,314,314,
1,1,25,Jarell Martin misses a jump shot from 6 feet out.,120724,,true,false,false,Jarell,,Martin,,LSU,,25,29,3,6,0,,,,,14,2,45,Jump Shot,4,Field Goal Missed,6,.6,6,259,259,
1,1,25,Kruize Pinkins with a defensive rebound.,120947,,true,false,false,Kruize,,Pinkins,,SanFr,,25,29,3,6,1,,,,,4,,,,6,Defensive Rebound,,,,314,314,
1,1,14,Cole Dickerson makes a 3-point jump shot from 23 feet out. Tim Derksen with the assist.,97266,116987,true,true,false,Cole,Tim,Dickerson,Derksen,SanFr,SanFr,28,29,3,6,1,,,,,12,3,45,Jump Shot,3,Field Goal Made,23,2.1,23.4,314,314,
1,0,56.0,Jordan Mickey makes a jump shot from 19 feet out. Anthony Hickey with the assist.,120727,109778,true,true,false,Jordan,Anthony,Mickey,Hickey,LSU,LSU,28,31,3,6,1,,,,,4,2,45,Jump Shot,3,Field Goal Made,19,2,19,259,259,
1,0,16.5,Kruize Pinkins makes a dunk shot. Avry Holmes with the assist.,120947,116983,true,true,false,Kruize,Avry,Pinkins,Holmes,SanFr,SanFr,30,31,3,6,1,,,,,6,2,48,Dunk Shot,3,Field Goal Made,0,0,0,314,314,
1,0,12.8,LSU take a 20-second timeout.,,,false,false,false,,,,,,,30,31,3,6,0,,,,,0,,2,Short,11,Timeout,,,,259,259,
1,0,06.6,Anthony Hickey makes a layup shot.,109778,,true,false,false,Anthony,,Hickey,,LSU,,30,33,3,6,0,,,,,2,2,40,Layup Shot,3,Field Goal Made,0,0,0,259,259,
1,0,00,End of the 1st Half,,,false,false,false,,,,,,,30,33,3,6,0,,,,,0,,,,15,End Period,,,,314,314,
2,20,00,Start of the 2nd Half,,,false,false,false,,,,,,,30,33,0,0,0,,,,,0,,,,14,Start Period,,,,314,314,
2,19,30,Shavon Coleman makes a jump shot from 13 feet out.,116559,,true,false,false,Shavon,,Coleman,,LSU,,30,35,0,0,0,,,,,5,2,45,Jump Shot,3,Field Goal Made,13,-5,11.5,259,259,
2,18,59,Matt Glover makes a jump shot from 6 feet out.,109552,,true,false,false,Matt,,Glover,,SanFr,,32,35,0,0,1,,,,,2,2,45,Jump Shot,3,Field Goal Made,6,1.1,6,314,314,
2,18,45,Jarell Martin makes a dunk shot. Shavon Coleman with the assist.,120724,116559,true,true,false,Jarell,Shavon,Martin,Coleman,LSU,LSU,32,37,0,0,0,,,,,16,2,48,Dunk Shot,3,Field Goal Made,0,0,0,259,259,
2,18,28,Mark Tollefsen misses a 3-point jump shot from 23 feet out.,110447,,true,false,false,Mark,,Tollefsen,,SanFr,,32,37,0,0,0,,,,,0,3,45,Jump Shot,4,Field Goal Missed,23,22.9,4.3,314,314,
2,18,28,Shavon Coleman with a defensive rebound.,116559,,true,false,false,Shavon,,Coleman,,LSU,,32,37,0,0,0,,,,,5,,,,6,Defensive Rebound,,,,259,259,
2,18,01,Johnny O'Bryant III misses a jump shot from 10 feet out.,109779,,true,false,false,Johnny,,O'Bryant III,,LSU,,32,37,0,0,1,,,,,6,2,45,Jump Shot,4,Field Goal Missed,10,-4.2,9.4,259,259,
2,18,01,Kruize Pinkins with a defensive rebound.,120947,,true,false,false,Kruize,,Pinkins,,SanFr,,32,37,0,0,1,,,,,6,,,,6,Defensive Rebound,,,,314,314,
2,17,49,Cole Dickerson makes a jump shot from 19 feet out. Avry Holmes with the assist.,97266,116983,true,true,false,Cole,Avry,Dickerson,Holmes,SanFr,SanFr,34,37,0,0,1,,,,,14,2,45,Jump Shot,3,Field Goal Made,19,-14,13,314,314,
2,17,29,Jordan Mickey makes a layup shot.,120727,,true,false,false,Jordan,,Mickey,,LSU,,34,39,0,0,1,,,,,6,2,40,Layup Shot,3,Field Goal Made,0,0,0,259,259,
2,17,17,Cole Dickerson makes a hook shot from 7 feet out.,97266,,true,false,false,Cole,,Dickerson,,SanFr,,36,39,0,0,1,,,,,16,2,55,Hook Shot,3,Field Goal Made,7,4.5,5.5,314,314,
2,16,47,Johnny O'Bryant III makes a jump shot from 17 feet out. Anthony Hickey with the assist.,109779,109778,true,true,false,Johnny,Anthony,O'Bryant III,Hickey,LSU,LSU,36,41,0,0,1,,,,,8,2,45,Jump Shot,3,Field Goal Made,17,13.4,11,259,259,
2,16,44,LSU take a full timeout.,,,false,false,false,,,,,,,36,41,0,0,0,,,,,0,,1,Regular,11,Timeout,,,,259,259,
2,16,14,Mark Tollefsen makes a dunk shot. Kruize Pinkins with the assist.,110447,120947,true,true,false,Mark,Kruize,Tollefsen,Pinkins,SanFr,SanFr,38,41,0,0,0,,,,,2,2,48,Dunk Shot,3,Field Goal Made,0,0,0,314,314,
2,16,00,Johnny O'Bryant III misses a layup shot.,109779,,true,false,false,Johnny,,O'Bryant III,,LSU,,38,41,0,0,1,,,,,8,2,40,Layup Shot,4,Field Goal Missed,0,0,0,259,259,
2,16,00,Johnny O'Bryant III with an offensive rebound.,109779,,true,false,false,Johnny,,O'Bryant III,,LSU,,38,41,0,0,1,,,,,8,,,,5,Offensive Rebound,,,,259,259,
2,16,00,Shooting foul committed by Kruize Pinkins.,120947,,true,false,false,Kruize,,Pinkins,,SanFr,,38,41,0,1,2,,,,,6,,2,Shooting,8,Foul,,,,314,314,
2,16,00,Johnny O'Bryant III misses free throw 1 of 2.,109779,,true,false,false,Johnny,,O'Bryant III,,LSU,,38,41,0,1,1,,,,,8,1,11,Free Throw 1 of 2,2,Free Throw Missed,,,,259,259,
2,16,00,LSU with an offensive rebound.,,,false,false,false,,,,,,,38,41,0,1,0,,,,,0,,,,5,Offensive Rebound,,,,259,259,
2,16,00,Johnny O'Bryant III misses free throw 2 of 2.,109779,,true,false,false,Johnny,,O'Bryant III,,LSU,,38,41,0,1,1,,,,,8,1,12,Free Throw 2 of 2,2,Free Throw Missed,,,,259,259,
2,16,00,Matt Glover with a defensive rebound.,109552,,true,false,false,Matt,,Glover,,SanFr,,38,41,0,1,1,,,,,2,,,,6,Defensive Rebound,,,,314,314,
2,15,44,Personal foul committed by Anthony Hickey.,109778,,true,false,false,Anthony,,Hickey,,LSU,,38,41,1,1,1,,,,,2,,1,Personal,8,Foul,,,,259,259,
2,15,44,Official's timeout.,,,false,false,false,,,,,,,38,41,1,1,0,,,,,0,,4,Official,11,Timeout,,,,314,314,
2,15,34,Cole Dickerson misses a jump shot from 19 feet out.,97266,,true,false,false,Cole,,Dickerson,,SanFr,,38,41,1,1,1,,,,,16,2,45,Jump Shot,4,Field Goal Missed,19,19.1,.6,314,314,
2,15,34,Kruize Pinkins with an offensive rebound.,120947,,true,false,false,Kruize,,Pinkins,,SanFr,,38,41,1,1,2,,,,,6,,,,5,Offensive Rebound,,,,314,314,
2,15,28,Kruize Pinkins misses a layup shot.,120947,,true,false,false,Kruize,,Pinkins,,SanFr,,38,41,1,1,2,,,,,6,2,40,Layup Shot,4,Field Goal Missed,0,0,0,314,314,
2,15,28,Johnny O'Bryant III with a defensive rebound.,109779,,true,false,false,Johnny,,O'Bryant III,,LSU,,38,41,1,1,1,,,,,8,,,,6,Defensive Rebound,,,,259,259,
2,15,19,Shavon Coleman makes a 3-point jump shot from 25 feet out. Johnny O'Bryant III with the assist.,116559,109779,true,true,false,Shavon,Johnny,Coleman,O'Bryant III,LSU,LSU,38,44,1,1,0,,,,,8,3,45,Jump Shot,3,Field Goal Made,25,17.9,16.9,259,259,
2,14,52,Kruize Pinkins misses a layup shot.,120947,,true,false,false,Kruize,,Pinkins,,SanFr,,38,44,1,1,2,,,,,6,2,40,Layup Shot,4,Field Goal Missed,0,0,0,314,314,
2,14,52,Anthony Hickey with a defensive rebound.,109778,,true,false,false,Anthony,,Hickey,,LSU,,38,44,1,1,1,,,,,2,,,,6,Defensive Rebound,,,,259,259,
2,14,45,Anthony Hickey misses a layup shot.,109778,,true,false,false,Anthony,,Hickey,,LSU,,38,44,1,1,1,,,,,2,2,40,Layup Shot,4,Field Goal Missed,0,0,0,259,259,
2,14,45,LSU with an offensive rebound.,,,false,false,false,,,,,,,38,44,1,1,0,,,,,0,,,,5,Offensive Rebound,,,,259,259,
2,14,41,Jordan Mickey misses a jump shot from 11 feet out.,120727,,true,false,false,Jordan,,Mickey,,LSU,,38,44,1,1,1,,,,,6,2,45,Jump Shot,4,Field Goal Missed,11,-.3,10.8,259,259,
2,14,41,SanFr with a defensive rebound.,,,false,false,false,,,,,,,38,44,1,1,0,,,,,0,,,,6,Defensive Rebound,,,,314,314,
2,14,26,Tim Derksen misses a layup shot.,116987,,true,false,false,Tim,,Derksen,,SanFr,,38,44,1,1,1,,,,,6,2,40,Layup Shot,4,Field Goal Missed,0,0,0,314,314,
2,14,26,Jordan Mickey with a defensive rebound.,120727,,true,false,false,Jordan,,Mickey,,LSU,,38,44,1,1,1,,,,,6,,,,6,Defensive Rebound,,,,259,259,
2,14,17,Jarell Martin with a lost ball turnover: Lost Ball,120724,,true,false,false,Jarell,,Martin,,LSU,,38,44,1,1,0,,,,,16,,2,Lost Ball,7,Turnover,,,,259,259,
2,14,17,Tim Derksen makes a layup shot.,116987,,true,false,false,Tim,,Derksen,,SanFr,,40,44,1,1,1,,,,,8,2,40,Layup Shot,3,Field Goal Made,0,0,0,314,314,
2,14,12,Personal foul committed by Cole Dickerson.,97266,,true,false,false,Cole,,Dickerson,,SanFr,,40,44,1,2,2,,,,,16,,1,Personal,8,Foul,,,,314,314,
2,14,01,Jordan Mickey makes a dunk shot.,120727,,true,false,false,Jordan,,Mickey,,LSU,,40,46,1,2,1,,,,,8,2,48,Dunk Shot,3,Field Goal Made,0,0,0,259,259,
2,13,56,Tim Derksen misses a layup shot.,116987,,true,false,false,Tim,,Derksen,,SanFr,,40,46,1,2,1,,,,,8,2,40,Layup Shot,4,Field Goal Missed,0,0,0,314,314,
2,13,56,Mark Tollefsen with an offensive rebound.,110447,,true,false,false,Mark,,Tollefsen,,SanFr,,40,46,1,2,0,,,,,2,,,,5,Offensive Rebound,,,,314,314,
2,13,45,Mark Tollefsen misses a tip shot from 5 feet out.,110447,,true,false,false,Mark,,Tollefsen,,SanFr,,40,46,1,2,0,,,,,2,2,53,Tip Shot,4,Field Goal Missed,5,.4,4.7,314,314,
2,13,45,Mark Tollefsen with an offensive rebound.,110447,,true,false,false,Mark,,Tollefsen,,SanFr,,40,46,1,2,0,,,,,2,,,,5,Offensive Rebound,,,,314,314,
2,13,43,Personal foul committed by Jordan Mickey.,120727,,true,false,false,Jordan,,Mickey,,LSU,,40,46,2,2,2,,,,,8,,1,Personal,8,Foul,,,,259,259,
2,13,32,Avry Holmes misses a 3-point jump shot from 24 feet out.,116983,,true,false,false,Avry,,Holmes,,SanFr,,40,46,2,2,1,,,,,6,3,45,Jump Shot,4,Field Goal Missed,24,-4,23.4,314,314,
2,13,32,Anthony Hickey with a defensive rebound.,109778,,true,false,false,Anthony,,Hickey,,LSU,,40,46,2,2,1,,,,,2,,,,6,Defensive Rebound,,,,259,259,
2,13,11,Shavon Coleman makes a 3-point jump shot from 22 feet out. Andre Stringer with the assist.,116559,97045,true,true,false,Shavon,Andre,Coleman,Stringer,LSU,LSU,40,49,2,2,0,,,,,11,3,45,Jump Shot,3,Field Goal Made,22,22,1.1,259,259,
2,12,33,Cole Dickerson misses a 3-point jump shot from 24 feet out.,97266,,true,false,false,Cole,,Dickerson,,SanFr,,40,49,2,2,2,,,,,16,3,45,Jump Shot,4,Field Goal Missed,24,17.4,15.9,314,314,
2,12,33,Kruize Pinkins with an offensive rebound.,120947,,true,false,false,Kruize,,Pinkins,,SanFr,,40,49,2,2,2,,,,,6,,,,5,Offensive Rebound,,,,314,314,
2,12,33,Kruize Pinkins misses a layup shot.,120947,,true,false,false,Kruize,,Pinkins,,SanFr,,40,49,2,2,2,,,,,6,2,40,Layup Shot,4,Field Goal Missed,0,0,0,314,314,
2,12,33,Kruize Pinkins with an offensive rebound.,120947,,true,false,false,Kruize,,Pinkins,,SanFr,,40,49,2,2,2,,,,,6,,,,5,Offensive Rebound,,,,314,314,
2,12,29,Shooting foul committed by Anthony Hickey.,109778,,true,false,false,Anthony,,Hickey,,LSU,,40,49,3,2,2,,,,,2,,2,Shooting,8,Foul,,,,259,259,
2,12,29,Kruize Pinkins makes free throw 1 of 2.,120947,,true,false,false,Kruize,,Pinkins,,SanFr,,41,49,3,2,2,,,,,7,1,11,Free Throw 1 of 2,1,Free Throw Made,,,,314,314,
2,12,29,Kruize Pinkins misses free throw 2 of 2.,120947,,true,false,false,Kruize,,Pinkins,,SanFr,,41,49,3,2,2,,,,,7,1,12,Free Throw 2 of 2,2,Free Throw Missed,,,,314,314,
2,12,29,LSU with a defensive rebound.,,,false,false,false,,,,,,,41,49,3,2,0,,,,,0,,,,6,Defensive Rebound,,,,259,259,
2,12,11,Jarell Martin with a traveling turnover: Traveling,120724,,true,false,false,Jarell,,Martin,,LSU,,41,49,3,2,0,,,,,16,,4,Traveling,7,Turnover,,,,259,259,
2,12,02,Cole Dickerson makes a hook shot from 8 feet out.,97266,,true,false,false,Cole,,Dickerson,,SanFr,,43,49,3,2,2,,,,,18,2,55,Hook Shot,3,Field Goal Made,8,7.4,2.8,314,314,
2,11,48,Andre Stringer makes a 3-point jump shot from 24 feet out.,97045,,true,false,false,Andre,,Stringer,,LSU,,43,52,3,2,0,,,,,3,3,45,Jump Shot,3,Field Goal Made,24,-20.7,11.5,259,259,
2,11,28,Cole Dickerson misses a layup shot.,97266,,true,false,false,Cole,,Dickerson,,SanFr,,43,52,3,2,2,,,,,18,2,40,Layup Shot,4,Field Goal Missed,0,0,0,314,314,
2,11,28,SanFr with an offensive rebound.,,,false,false,false,,,,,,,43,52,3,2,0,,,,,0,,,,5,Offensive Rebound,,,,314,314,
2,11,28,Official's timeout.,,,false,false,false,,,,,,,43,52,3,2,0,,,,,0,,4,Official,11,Timeout,,,,314,314,
2,11,18,Tim Derksen misses a 3-point jump shot from 23 feet out.,116987,,true,false,false,Tim,,Derksen,,SanFr,,43,52,3,2,1,,,,,8,3,45,Jump Shot,4,Field Goal Missed,23,22.4,5,314,314,
2,11,18,Johnny O'Bryant III with a defensive rebound.,109779,,true,false,false,Johnny,,O'Bryant III,,LSU,,43,52,3,2,1,,,,,8,,,,6,Defensive Rebound,,,,259,259,
2,10,49,Shavon Coleman misses a 3-point jump shot from 23 feet out.,116559,,true,false,false,Shavon,,Coleman,,LSU,,43,52,3,2,0,,,,,11,3,45,Jump Shot,4,Field Goal Missed,23,-22,3,259,259,
2,10,49,Kruize Pinkins with a defensive rebound.,120947,,true,false,false,Kruize,,Pinkins,,SanFr,,43,52,3,2,2,,,,,7,,,,6,Defensive Rebound,,,,314,314,
2,10,34,Shooting foul committed by Shavon Coleman.,116559,,true,false,false,Shavon,,Coleman,,LSU,,43,52,4,2,1,,,,,11,,2,Shooting,8,Foul,,,,259,259,
2,10,34,Matt Glover makes free throw 1 of 2.,109552,,true,false,false,Matt,,Glover,,SanFr,,44,52,4,2,1,,,,,3,1,11,Free Throw 1 of 2,1,Free Throw Made,,,,314,314,
2,10,34,Matt Glover makes free throw 2 of 2.,109552,,true,false,false,Matt,,Glover,,SanFr,,45,52,4,2,1,,,,,4,1,12,Free Throw 2 of 2,1,Free Throw Made,,,,314,314,
2,10,11,Shooting foul committed by Tim Derksen.,116987,,true,false,false,Tim,,Derksen,,SanFr,,45,52,4,3,2,,,,,8,,2,Shooting,8,Foul,,,,314,314,
2,10,11,Johnny O'Bryant III makes free throw 1 of 2.,109779,,true,false,false,Johnny,,O'Bryant III,,LSU,,45,53,4,3,1,,,,,9,1,11,Free Throw 1 of 2,1,Free Throw Made,,,,259,259,
2,10,11,Johnny O'Bryant III misses free throw 2 of 2.,109779,,true,false,false,Johnny,,O'Bryant III,,LSU,,45,53,4,3,1,,,,,9,1,12,Free Throw 2 of 2,2,Free Throw Missed,,,,259,259,
2,10,11,Kruize Pinkins with a defensive rebound.,120947,,true,false,false,Kruize,,Pinkins,,SanFr,,45,53,4,3,2,,,,,7,,,,6,Defensive Rebound,,,,314,314,
2,9,59,Cole Dickerson misses a 3-point jump shot from 24 feet out.,97266,,true,false,false,Cole,,Dickerson,,SanFr,,45,53,4,3,2,,,,,18,3,45,Jump Shot,4,Field Goal Missed,24,17.1,16.4,314,314,
2,9,59,Andre Stringer with a defensive rebound.,97045,,true,false,false,Andre,,Stringer,,LSU,,45,53,4,3,0,,,,,3,,,,6,Defensive Rebound,,,,259,259,
2,9,50,Andre Stringer misses a 3-point jump shot from 23 feet out.,97045,,true,false,false,Andre,,Stringer,,LSU,,45,53,4,3,0,,,,,3,3,45,Jump Shot,4,Field Goal Missed,23,14,17.8,259,259,
2,9,50,SanFr with a defensive rebound.,,,false,false,false,,,,,,,45,53,4,3,0,,,,,0,,,,6,Defensive Rebound,,,,314,314,
2,9,33,Personal foul committed by Andre Stringer.,97045,,true,false,false,Andre,,Stringer,,LSU,,45,53,5,3,1,,,,,3,,1,Personal,8,Foul,,,,259,259,
2,9,33,Technical foul committed by Matt Glover.,109552,,true,false,false,Matt,,Glover,,SanFr,,45,53,5,4,2,,,,,4,,11,Technical,8,Foul,,,,314,314,
2,9,33,Andre Stringer makes free throw technical.,97045,,true,false,false,Andre,,Stringer,,LSU,,45,54,5,4,1,,,,,4,1,16,Free Throw Technical,1,Free Throw Made,,,,259,259,
2,9,33,Andre Stringer makes free throw technical.,97045,,true,false,false,Andre,,Stringer,,LSU,,45,55,5,4,1,,,,,5,1,16,Free Throw Technical,1,Free Throw Made,,,,259,259,
2,9,18,Johnny O'Bryant III misses a jump shot from 13 feet out.,109779,,true,false,false,Johnny,,O'Bryant III,,LSU,,45,55,5,4,1,,,,,9,2,45,Jump Shot,4,Field Goal Missed,13,-13.4,.9,259,259,
2,9,18,Cole Dickerson with a defensive rebound.,97266,,true,false,false,Cole,,Dickerson,,SanFr,,45,55,5,4,2,,,,,18,,,,6,Defensive Rebound,,,,314,314,
2,8,44,Avry Holmes misses a 3-point jump shot from 23 feet out.,116983,,true,false,false,Avry,,Holmes,,SanFr,,45,55,5,4,1,,,,,6,3,45,Jump Shot,4,Field Goal Missed,23,22.5,1.9,314,314,
2,8,44,Johnny O'Bryant III with a defensive rebound.,109779,,true,false,false,Johnny,,O'Bryant III,,LSU,,45,55,5,4,1,,,,,9,,,,6,Defensive Rebound,,,,259,259,
2,8,35,Anthony Hickey makes a 3-point jump shot from 23 feet out. Jordan Mickey with the assist.,109778,120727,true,true,false,Anthony,Jordan,Hickey,Mickey,LSU,LSU,45,58,5,4,2,,,,,5,3,45,Jump Shot,3,Field Goal Made,23,19.5,12.3,259,259,
2,8,13,Tim Derksen with a lost ball turnover: Lost Ball,116987,,true,false,false,Tim,,Derksen,,SanFr,,45,58,5,4,2,,,,,8,,2,Lost Ball,7,Turnover,,,,314,314,
2,8,03,Tim Quarterman makes a 3-point jump shot from 23 feet out. Anthony Hickey with the assist.,120729,109778,true,true,false,Tim,Anthony,Quarterman,Hickey,LSU,LSU,45,61,5,4,0,,,,,3,3,45,Jump Shot,3,Field Goal Made,23,-17.9,14.9,259,259,
2,7,49,Cole Dickerson makes a layup shot.,97266,,true,false,false,Cole,,Dickerson,,SanFr,,47,61,5,4,2,,,,,20,2,40,Layup Shot,3,Field Goal Made,0,0,0,314,314,
2,7,26,Anthony Hickey misses a 3-point jump shot from 24 feet out.,109778,,true,false,false,Anthony,,Hickey,,LSU,,47,61,5,4,2,,,,,5,3,45,Jump Shot,4,Field Goal Missed,24,-18.1,16.2,259,259,
2,7,26,Jordan Mickey with an offensive rebound.,120727,,true,false,false,Jordan,,Mickey,,LSU,,47,61,5,4,2,,,,,8,,,,5,Offensive Rebound,,,,259,259,
2,7,13,Official's timeout.,,,false,false,false,,,,,,,47,61,5,4,0,,,,,0,,4,Official,11,Timeout,,,,314,314,
2,7,10,Tim Quarterman misses a 3-point jump shot from 22 feet out.,120729,,true,false,false,Tim,,Quarterman,,LSU,,47,61,5,4,0,,,,,3,3,45,Jump Shot,4,Field Goal Missed,22,-22.2,3,259,259,
2,7,10,Matt Glover with a defensive rebound.,109552,,true,false,false,Matt,,Glover,,SanFr,,47,61,5,4,2,,,,,4,,,,6,Defensive Rebound,,,,314,314,
2,6,50,Personal foul committed by Anthony Hickey.,109778,,true,false,false,Anthony,,Hickey,,LSU,,47,61,6,4,3,,,,,5,,1,Personal,8,Foul,,,,259,259,
2,6,47,Avry Holmes makes a jump shot from 8 feet out.,116983,,true,false,false,Avry,,Holmes,,SanFr,,49,61,6,4,1,,,,,8,2,45,Jump Shot,3,Field Goal Made,8,-3.1,7.2,314,314,
2,6,26,Andre Stringer makes a 3-point jump shot from 24 feet out. Shavon Coleman with the assist.,97045,116559,true,true,false,Andre,Shavon,Stringer,Coleman,LSU,LSU,49,64,6,4,1,,,,,8,3,45,Jump Shot,3,Field Goal Made,24,13.4,19.5,259,259,
2,6,07,Kruize Pinkins misses a layup shot.,120947,,true,false,false,Kruize,,Pinkins,,SanFr,,49,64,6,4,2,,,,,7,2,40,Layup Shot,4,Field Goal Missed,0,0,0,314,314,
2,6,07,Jordan Mickey with a defensive rebound.,120727,,true,false,false,Jordan,,Mickey,,LSU,,49,64,6,4,2,,,,,8,,,,6,Defensive Rebound,,,,259,259,
2,5,45,Shavon Coleman with a lost ball turnover: Lost Ball,116559,,true,false,false,Shavon,,Coleman,,LSU,,49,64,6,4,1,,,,,11,,2,Lost Ball,7,Turnover,,,,259,259,
2,5,38,Tim Derksen makes a layup shot. Kruize Pinkins with the assist.,116987,120947,true,true,false,Tim,Kruize,Derksen,Pinkins,SanFr,SanFr,51,64,6,4,2,,,,,10,2,40,Layup Shot,3,Field Goal Made,0,0,0,314,314,
2,5,38,SanFr take a 20-second timeout.,,,false,false,false,,,,,,,51,64,6,4,0,,,,,0,,2,Short,11,Timeout,,,,314,314,
2,5,29,Personal foul committed by Matt Glover.,109552,,true,false,false,Matt,,Glover,,SanFr,,51,64,6,5,3,,,,,4,,1,Personal,8,Foul,,,,314,314,
2,5,10,Anthony Hickey misses a jump shot from 9 feet out.,109778,,true,false,false,Anthony,,Hickey,,LSU,,51,64,6,5,3,,,,,5,2,45,Jump Shot,4,Field Goal Missed,9,0,9,259,259,
2,5,10,Cole Dickerson with a defensive rebound.,97266,,true,false,false,Cole,,Dickerson,,SanFr,,51,64,6,5,2,,,,,20,,,,6,Defensive Rebound,,,,314,314,
2,5,10,Personal foul committed by Johnny O'Bryant III.,109779,,true,false,false,Johnny,,O'Bryant III,,LSU,,51,64,7,5,2,,,,,9,,1,Personal,8,Foul,,,,259,259,
2,5,10,Cole Dickerson makes free throw 1st of 1-and-1.,97266,,true,false,false,Cole,,Dickerson,,SanFr,,52,64,7,5,2,,,,,21,1,8,Free Throw 1st of 1-and-1,1,Free Throw Made,,,,314,314,
2,5,10,Cole Dickerson makes free throw 2nd of 1-and-1.,97266,,true,false,false,Cole,,Dickerson,,SanFr,,53,64,7,5,2,,,,,22,1,9,Free Throw 2nd of 1-and-1,1,Free Throw Made,,,,314,314,
2,5,05,Shooting foul committed by Kruize Pinkins.,120947,,true,false,false,Kruize,,Pinkins,,SanFr,,53,64,7,6,3,,,,,7,,2,Shooting,8,Foul,,,,314,314,
2,5,05,Johnny O'Bryant III makes free throw 1 of 2.,109779,,true,false,false,Johnny,,O'Bryant III,,LSU,,53,65,7,6,2,,,,,10,1,11,Free Throw 1 of 2,1,Free Throw Made,,,,259,259,
2,5,05,Johnny O'Bryant III makes free throw 2 of 2.,109779,,true,false,false,Johnny,,O'Bryant III,,LSU,,53,66,7,6,2,,,,,11,1,12,Free Throw 2 of 2,1,Free Throw Made,,,,259,259,
2,4,58,Tim Derksen makes a layup shot. Avry Holmes with the assist.,116987,116983,true,true,false,Tim,Avry,Derksen,Holmes,SanFr,SanFr,55,66,7,6,2,,,,,12,2,40,Layup Shot,3,Field Goal Made,0,0,0,314,314,
2,4,58,SanFr take a 20-second timeout.,,,false,false,false,,,,,,,55,66,7,6,0,,,,,0,,2,Short,11,Timeout,,,,314,314,
2,4,42,Jarell Martin with a bad pass turnover: Bad Pass,120724,,true,false,false,Jarell,,Martin,,LSU,,55,66,7,6,0,,,,,16,,1,Bad Pass,7,Turnover,,,,259,259,
2,4,40,Matt Glover makes a 3-point jump shot from 23 feet out. Tim Derksen with the assist.,109552,116987,true,true,false,Matt,Tim,Glover,Derksen,SanFr,SanFr,58,66,7,6,3,,,,,7,3,45,Jump Shot,3,Field Goal Made,23,-22,5,314,314,
2,4,21,LSU take a 20-second timeout.,,,false,false,false,,,,,,,58,66,7,6,0,,,,,0,,2,Short,11,Timeout,,,,259,259,
2,4,10,Shooting foul committed by Matt Glover.,109552,,true,false,false,Matt,,Glover,,SanFr,,58,66,7,7,4,,,,,7,,2,Shooting,8,Foul,,,,314,314,
2,4,10,Johnny O'Bryant III makes free throw 1 of 2.,109779,,true,false,false,Johnny,,O'Bryant III,,LSU,,58,67,7,7,2,,,,,12,1,11,Free Throw 1 of 2,1,Free Throw Made,,,,259,259,
2,4,10,Johnny O'Bryant III makes free throw 2 of 2.,109779,,true,false,false,Johnny,,O'Bryant III,,LSU,,58,68,7,7,2,,,,,13,1,12,Free Throw 2 of 2,1,Free Throw Made,,,,259,259,
2,4,01,Avry Holmes misses a 3-point jump shot from 24 feet out.,116983,,true,false,false,Avry,,Holmes,,SanFr,,58,68,7,7,1,,,,,8,3,45,Jump Shot,4,Field Goal Missed,24,15.1,18.4,314,314,
2,4,01,Kruize Pinkins with an offensive rebound.,120947,,true,false,false,Kruize,,Pinkins,,SanFr,,58,68,7,7,3,,,,,7,,,,5,Offensive Rebound,,,,314,314,
2,3,49,Tim Derksen misses a 3-point jump shot from 23 feet out.,116987,,true,false,false,Tim,,Derksen,,SanFr,,58,68,7,7,2,,,,,12,3,45,Jump Shot,4,Field Goal Missed,23,22.4,2.8,314,314,
2,3,49,Shavon Coleman with a defensive rebound.,116559,,true,false,false,Shavon,,Coleman,,LSU,,58,68,7,7,1,,,,,11,,,,6,Defensive Rebound,,,,259,259,
2,3,37,Offensive foul committed by Jordan Mickey.,120727,,true,false,false,Jordan,,Mickey,,LSU,,58,68,8,7,3,,,,,8,,4,Offensive,8,Foul,,,,259,259,
2,3,37,Jordan Mickey with a  turnover:,120727,,true,false,false,Jordan,,Mickey,,LSU,,58,68,8,7,3,,,,,8,,,,7,Turnover,,,,259,259,
2,3,37,Official's timeout.,,,false,false,false,,,,,,,58,68,8,7,0,,,,,0,,4,Official,11,Timeout,,,,314,314,
2,3,24,Cole Dickerson makes a hook shot from 6 feet out.,97266,,true,false,false,Cole,,Dickerson,,SanFr,,60,68,8,7,2,,,,,24,2,55,Hook Shot,3,Field Goal Made,6,1.4,5.9,314,314,
2,2,39,Anthony Hickey with a lost ball turnover: Lost Ball,109778,,true,false,false,Anthony,,Hickey,,LSU,,60,68,8,7,3,,,,,5,,2,Lost Ball,7,Turnover,,,,259,259,
2,2,23,SanFr take a full timeout.,,,false,false,false,,,,,,,60,68,8,7,0,,,,,0,,1,Regular,11,Timeout,,,,314,314,
2,2,21,Mark Tollefsen makes a dunk shot. Avry Holmes with the assist.,110447,116983,true,true,false,Mark,Avry,Tollefsen,Holmes,SanFr,SanFr,62,68,8,7,0,,,,,4,2,48,Dunk Shot,3,Field Goal Made,0,0,0,314,314,
2,2,05,LSU take a 20-second timeout.,,,false,false,false,,,,,,,62,68,8,7,0,,,,,0,,2,Short,11,Timeout,,,,259,259,
2,1,58,Jordan Mickey misses a layup shot.,120727,,true,false,false,Jordan,,Mickey,,LSU,,62,68,8,7,3,,,,,8,2,40,Layup Shot,4,Field Goal Missed,0,0,0,259,259,
2,1,58,Cole Dickerson with a defensive rebound.,97266,,true,false,false,Cole,,Dickerson,,SanFr,,62,68,8,7,2,,,,,24,,,,6,Defensive Rebound,,,,314,314,
2,1,52,Avry Holmes misses a jump shot from 11 feet out.,116983,,true,false,false,Avry,,Holmes,,SanFr,,62,68,8,7,1,,,,,8,2,45,Jump Shot,4,Field Goal Missed,11,2.3,10.3,314,314,
2,1,52,Anthony Hickey with a defensive rebound.,109778,,true,false,false,Anthony,,Hickey,,LSU,,62,68,8,7,3,,,,,5,,,,6,Defensive Rebound,,,,259,259,
2,1,12,Shooting foul committed by Cole Dickerson.,97266,,true,false,false,Cole,,Dickerson,,SanFr,,62,68,8,8,3,,,,,24,,2,Shooting,8,Foul,,,,314,314,
2,1,12,Jordan Mickey misses free throw 1 of 2.,120727,,true,false,false,Jordan,,Mickey,,LSU,,62,68,8,8,3,,,,,8,1,11,Free Throw 1 of 2,2,Free Throw Missed,,,,259,259,
2,1,12,LSU with an offensive rebound.,,,false,false,false,,,,,,,62,68,8,8,0,,,,,0,,,,5,Offensive Rebound,,,,259,259,
2,1,12,Jordan Mickey misses free throw 2 of 2.,120727,,true,false,false,Jordan,,Mickey,,LSU,,62,68,8,8,3,,,,,8,1,12,Free Throw 2 of 2,2,Free Throw Missed,,,,259,259,
2,1,12,Mark Tollefsen with a defensive rebound.,110447,,true,false,false,Mark,,Tollefsen,,SanFr,,62,68,8,8,0,,,,,4,,,,6,Defensive Rebound,,,,314,314,
2,1,03,Tim Derksen misses a layup shot.,116987,,true,false,false,Tim,,Derksen,,SanFr,,62,68,8,8,2,,,,,12,2,40,Layup Shot,4,Field Goal Missed,0,0,0,314,314,
2,1,03,Shavon Coleman with a defensive rebound.,116559,,true,false,false,Shavon,,Coleman,,LSU,,62,68,8,8,1,,,,,11,,,,6,Defensive Rebound,,,,259,259,
2,1,03,Personal foul committed by Cole Dickerson.,97266,,true,false,false,Cole,,Dickerson,,SanFr,,62,68,8,9,4,,,,,24,,1,Personal,8,Foul,,,,314,314,
2,1,03,Shavon Coleman makes free throw 1st of 1-and-1.,116559,,true,false,false,Shavon,,Coleman,,LSU,,62,69,8,9,1,,,,,12,1,8,Free Throw 1st of 1-and-1,1,Free Throw Made,,,,259,259,
2,1,03,Shavon Coleman makes free throw 2nd of 1-and-1.,116559,,true,false,false,Shavon,,Coleman,,LSU,,62,70,8,9,1,,,,,13,1,9,Free Throw 2nd of 1-and-1,1,Free Throw Made,,,,259,259,
2,1,00,Shooting foul committed by Johnny O'Bryant III.,109779,,true,false,false,Johnny,,O'Bryant III,,LSU,,62,70,9,9,3,,,,,13,,2,Shooting,8,Foul,,,,259,259,
2,1,00,Avry Holmes misses free throw 1 of 2.,116983,,true,false,false,Avry,,Holmes,,SanFr,,62,70,9,9,1,,,,,8,1,11,Free Throw 1 of 2,2,Free Throw Missed,,,,314,314,
2,1,00,SanFr with an offensive rebound.,,,false,false,false,,,,,,,62,70,9,9,0,,,,,0,,,,5,Offensive Rebound,,,,314,314,
2,1,00,Avry Holmes makes free throw 2 of 2.,116983,,true,false,false,Avry,,Holmes,,SanFr,,63,70,9,9,1,,,,,9,1,12,Free Throw 2 of 2,1,Free Throw Made,,,,314,314,
2,0,44.9,Personal foul committed by Tim Derksen.,116987,,true,false,false,Tim,,Derksen,,SanFr,,63,70,9,10,3,,,,,12,,1,Personal,8,Foul,,,,314,314,
2,0,44.9,Andre Stringer makes free throw 1 of 2.,97045,,true,false,false,Andre,,Stringer,,LSU,,63,71,9,10,1,,,,,9,1,11,Free Throw 1 of 2,1,Free Throw Made,,,,259,259,
2,0,44.9,Andre Stringer misses free throw 2 of 2.,97045,,true,false,false,Andre,,Stringer,,LSU,,63,71,9,10,1,,,,,9,1,12,Free Throw 2 of 2,2,Free Throw Missed,,,,259,259,
2,0,44.9,Cole Dickerson with a defensive rebound.,97266,,true,false,false,Cole,,Dickerson,,SanFr,,63,71,9,10,4,,,,,24,,,,6,Defensive Rebound,,,,314,314,
2,0,36.6,Cole Dickerson misses a 3-point jump shot from 24 feet out.,97266,,true,false,false,Cole,,Dickerson,,SanFr,,63,71,9,10,4,,,,,24,3,45,Jump Shot,4,Field Goal Missed,24,-17.4,16.7,314,314,
2,0,36.6,Mark Tollefsen with an offensive rebound.,110447,,true,false,false,Mark,,Tollefsen,,SanFr,,63,71,9,10,0,,,,,4,,,,5,Offensive Rebound,,,,314,314,
2,0,21.3,Mark Tollefsen with a lost ball turnover: Lost Ball,110447,,true,false,false,Mark,,Tollefsen,,SanFr,,63,71,9,10,0,,,,,4,,2,Lost Ball,7,Turnover,,,,314,314,
2,0,00,End of the 2nd Half,,,false,false,false,,,,,,,63,71,9,10,0,,,,,0,,,,15,End Period,,,,314,314,
2,0,00,End of the Game,,,false,false,false,,,,,,,63,71,9,10,0,,,,,0,,,,19,Game Over,,,,314,314,
