half,time-minutes,time-seconds,details,player1-id,player2-id,player1-linkable,player2-linkable,player3-linkable,player-first-name-1,player-first-name-2,player-last-name-1,player-last-name-2,player-team-alias-1,player-team-alias-2,home-score,visitor-score,visitor-fouls,home-fouls,player-fouls,fastbreak,in-paint,second-chance,off-turnover,player-score,points-type,detail-id,detail-desc,event-id,event-desc,distance,x-coord,y-coord,team-id-1,team-id-2,team-id-3
1,20,00,Start of the 1st Half,,,false,false,false,,,,,,,0,0,0,0,0,,,,,0,,,,14,Start Period,,,,257,257,
1,19,31,Candon Rusin misses a layup shot.,91408,,true,false,false,Candon,,Rusin,,Ver,,0,0,0,0,0,,,,,0,2,40,Layup Shot,4,Field Goal Missed,0,0,0,9,9,
1,19,31,Sandro Carissimo with an offensive rebound.,98474,,true,false,false,Sandro,,Carissimo,,Ver,,0,0,0,0,0,,,,,0,,,,5,Offensive Rebound,,,,9,9,
1,19,20,Sandro Carissimo misses a jump shot from 20 feet out.,98474,,true,false,false,Sandro,,Carissimo,,Ver,,0,0,0,0,0,,,,,0,2,45,Jump Shot,4,Field Goal Missed,20,16,12,9,9,
1,19,20,Kenny Gaines with a defensive rebound.,116536,,true,false,false,Kenny,,Gaines,,UGa,,0,0,0,0,0,,,,,0,,,,6,Defensive Rebound,,,,257,257,
1,18,52,Charles Mann makes a jump shot from 17 feet out.,116538,,true,false,false,Charles,,Mann,,UGa,,2,0,0,0,0,,,,,2,2,45,Jump Shot,3,Field Goal Made,17,7.2,15,257,257,
1,18,24,Brian Voelkel misses a jump shot from 9 feet out.,98476,,true,false,false,Brian,,Voelkel,,Ver,,2,0,0,0,0,,,,,0,2,45,Jump Shot,4,Field Goal Missed,9,2.5,8.9,9,9,
1,18,24,Charles Mann with a defensive rebound.,116538,,true,false,false,Charles,,Mann,,UGa,,2,0,0,0,0,,,,,2,,,,6,Defensive Rebound,,,,257,257,
1,18,07,Charles Mann with a lost ball turnover: Lost Ball,116538,,true,false,false,Charles,,Mann,,UGa,,2,0,0,0,0,,,,,2,,2,Lost Ball,7,Turnover,,,,257,257,
1,17,30,Clancy Rugg misses a 3-point jump shot from 23 feet out.,98477,,true,false,false,Clancy,,Rugg,,Ver,,2,0,0,0,0,,,,,0,3,45,Jump Shot,4,Field Goal Missed,23,-4,23,9,9,
1,17,30,Ver with an offensive rebound.,,,false,false,false,,,,,,,2,0,0,0,0,,,,,0,,,,5,Offensive Rebound,,,,9,9,
1,17,30,Ver with a turnover: Shot Clock Turnover,,,false,false,false,,,,,,,2,0,0,0,0,,,,,0,,11,Shot Clock Turnover,7,Turnover,,,,9,9,
1,17,12,Marcus Thornton makes a layup shot. Charles Mann with the assist.,97168,116538,true,true,false,Marcus,Charles,Thornton,Mann,UGa,UGa,4,0,0,0,0,,,,,2,2,40,Layup Shot,3,Field Goal Made,0,0,0,257,257,
1,16,53,Sandro Carissimo makes a layup shot.,98474,,true,false,false,Sandro,,Carissimo,,Ver,,4,2,0,0,0,,,,,2,2,40,Layup Shot,3,Field Goal Made,0,0,0,9,9,
1,16,38,Brandon Morris misses a layup shot.,116539,,true,false,false,Brandon,,Morris,,UGa,,4,2,0,0,0,,,,,0,2,40,Layup Shot,4,Field Goal Missed,0,0,0,257,257,
1,16,38,Brandon Morris with an offensive rebound.,116539,,true,false,false,Brandon,,Morris,,UGa,,4,2,0,0,0,,,,,0,,,,5,Offensive Rebound,,,,257,257,
1,16,37,Brandon Morris makes a layup shot.,116539,,true,false,false,Brandon,,Morris,,UGa,,6,2,0,0,0,,,,,2,2,40,Layup Shot,3,Field Goal Made,0,0,0,257,257,
1,16,19,Ethan O'Day misses a jump shot from 6 feet out.,117050,,true,false,false,Ethan,,O'Day,,Ver,,6,2,0,0,0,,,,,0,2,45,Jump Shot,4,Field Goal Missed,6,5.9,1.9,9,9,
1,16,19,Clancy Rugg with an offensive rebound.,98477,,true,false,false,Clancy,,Rugg,,Ver,,6,2,0,0,0,,,,,0,,,,5,Offensive Rebound,,,,9,9,
1,16,17,Clancy Rugg makes a layup shot.,98477,,true,false,false,Clancy,,Rugg,,Ver,,6,4,0,0,0,,,,,2,2,40,Layup Shot,3,Field Goal Made,0,0,0,9,9,
1,16,01,Marcus Thornton misses a jump shot from 19 feet out.,97168,,true,false,false,Marcus,,Thornton,,UGa,,6,4,0,0,0,,,,,2,2,45,Jump Shot,4,Field Goal Missed,19,-19,1.9,257,257,
1,16,01,Brian Voelkel with a defensive rebound.,98476,,true,false,false,Brian,,Voelkel,,Ver,,6,4,0,0,0,,,,,0,,,,6,Defensive Rebound,,,,9,9,
1,15,48,Candon Rusin misses a 3-point jump shot from 23 feet out.,91408,,true,false,false,Candon,,Rusin,,Ver,,6,4,0,0,0,,,,,0,3,45,Jump Shot,4,Field Goal Missed,23,22.2,4.7,9,9,
1,15,48,Charles Mann with a defensive rebound.,116538,,true,false,false,Charles,,Mann,,UGa,,6,4,0,0,0,,,,,2,,,,6,Defensive Rebound,,,,257,257,
1,15,41,Kenny Gaines misses a 3-point jump shot from 23 feet out.,116536,,true,false,false,Kenny,,Gaines,,UGa,,6,4,0,0,0,,,,,0,3,45,Jump Shot,4,Field Goal Missed,23,-23,.4,257,257,
1,15,41,Donte' Williams with an offensive rebound.,97169,,true,false,false,Donte',,Williams,,UGa,,6,4,0,0,0,,,,,0,,,,5,Offensive Rebound,,,,257,257,
1,15,39,Official TV timeout.,,,false,false,false,,,,,,,6,4,0,0,0,,,,,0,,3,Official TV,11,Timeout,,,,257,257,
1,15,15,Marcus Thornton misses a jump shot from 16 feet out.,97168,,true,false,false,Marcus,,Thornton,,UGa,,6,4,0,0,0,,,,,2,2,45,Jump Shot,4,Field Goal Missed,16,0,16,257,257,
1,15,15,Ver with a defensive rebound.,,,false,false,false,,,,,,,6,4,0,0,0,,,,,0,,,,6,Defensive Rebound,,,,9,9,
1,15,02,Clancy Rugg misses a layup shot.,98477,,true,false,false,Clancy,,Rugg,,Ver,,6,4,0,0,0,,,,,2,2,40,Layup Shot,4,Field Goal Missed,0,0,0,9,9,
1,15,02,Marcus Thornton with a defensive rebound.,97168,,true,false,false,Marcus,,Thornton,,UGa,,6,4,0,0,0,,,,,2,,,,6,Defensive Rebound,,,,257,257,
1,14,59,Shooting foul committed by Sandro Carissimo.,98474,,true,false,false,Sandro,,Carissimo,,Ver,,6,4,1,0,1,,,,,2,,2,Shooting,8,Foul,,,,9,9,
1,14,59,Marcus Thornton makes free throw 1 of 2.,97168,,true,false,false,Marcus,,Thornton,,UGa,,7,4,1,0,0,,,,,3,1,11,Free Throw 1 of 2,1,Free Throw Made,,,,257,257,
1,14,59,Marcus Thornton makes free throw 2 of 2.,97168,,true,false,false,Marcus,,Thornton,,UGa,,8,4,1,0,0,,,,,4,1,12,Free Throw 2 of 2,1,Free Throw Made,,,,257,257,
1,14,45,Sandro Carissimo with a lost ball turnover: Lost Ball,98474,,true,false,false,Sandro,,Carissimo,,Ver,,8,4,1,0,1,,,,,2,,2,Lost Ball,7,Turnover,,,,9,9,
1,14,24,Personal foul committed by Kurt Steidl.,120971,,true,false,false,Kurt,,Steidl,,Ver,,8,4,2,0,1,,,,,0,,1,Personal,8,Foul,,,,9,9,
1,14,08,Offensive foul committed by Juwan Parker.,120722,,true,false,false,Juwan,,Parker,,UGa,,8,4,2,1,1,,,,,0,,4,Offensive,8,Foul,,,,257,257,
1,14,08,Juwan Parker with a  turnover:,120722,,true,false,false,Juwan,,Parker,,UGa,,8,4,2,1,1,,,,,0,,,,7,Turnover,,,,257,257,
1,13,57,Luke Apfeld misses a jump shot from 17 feet out.,89591,,true,false,false,Luke,,Apfeld,,Ver,,8,4,2,1,0,,,,,0,2,45,Jump Shot,4,Field Goal Missed,17,-16.9,3.5,9,9,
1,13,57,Josh Elbaum with an offensive rebound.,98475,,true,false,false,Josh,,Elbaum,,Ver,,8,4,2,1,0,,,,,0,,,,5,Offensive Rebound,,,,9,9,
1,13,46,Brian Voelkel makes a jump shot from 4 feet out.,98476,,true,false,false,Brian,,Voelkel,,Ver,,8,6,2,1,0,,,,,2,2,45,Jump Shot,3,Field Goal Made,4,2.1,3.6,9,9,
1,13,25,Nemanja Djurisic misses a 3-point jump shot from 24 feet out.,109771,,true,false,false,Nemanja,,Djurisic,,UGa,,8,6,2,1,0,,,,,0,3,45,Jump Shot,4,Field Goal Missed,24,1.6,24.2,257,257,
1,13,25,Marcus Thornton with an offensive rebound.,97168,,true,false,false,Marcus,,Thornton,,UGa,,8,6,2,1,0,,,,,4,,,,5,Offensive Rebound,,,,257,257,
1,13,24,Personal foul committed by Luke Apfeld.,89591,,true,false,false,Luke,,Apfeld,,Ver,,8,6,3,1,1,,,,,0,,1,Personal,8,Foul,,,,9,9,
1,13,10,Kenny Gaines misses a 3-point jump shot from 24 feet out.,116536,,true,false,false,Kenny,,Gaines,,UGa,,8,6,3,1,0,,,,,0,3,45,Jump Shot,4,Field Goal Missed,24,-.9,24.2,257,257,
1,13,10,Ver with a defensive rebound.,,,false,false,false,,,,,,,8,6,3,1,0,,,,,0,,,,6,Defensive Rebound,,,,9,9,
1,12,52,Hector Harold with a lost ball turnover: Lost Ball,97969,,true,false,false,Hector,,Harold,,Ver,,8,6,3,1,0,,,,,0,,2,Lost Ball,7,Turnover,,,,9,9,
1,12,47,Brandon Morris makes a layup shot.,116539,,true,false,false,Brandon,,Morris,,UGa,,10,6,3,1,0,,,,,4,2,40,Layup Shot,3,Field Goal Made,0,0,0,257,257,
1,12,35,Shooting foul committed by Nemanja Djurisic.,109771,,true,false,false,Nemanja,,Djurisic,,UGa,,10,6,3,2,1,,,,,0,,2,Shooting,8,Foul,,,,257,257,
1,12,35,Josh Elbaum makes free throw 1 of 2.,98475,,true,false,false,Josh,,Elbaum,,Ver,,10,7,3,2,0,,,,,1,1,11,Free Throw 1 of 2,1,Free Throw Made,,,,9,9,
1,12,35,Josh Elbaum misses free throw 2 of 2.,98475,,true,false,false,Josh,,Elbaum,,Ver,,10,7,3,2,0,,,,,1,1,12,Free Throw 2 of 2,2,Free Throw Missed,,,,9,9,
1,12,35,Kenny Gaines with a defensive rebound.,116536,,true,false,false,Kenny,,Gaines,,UGa,,10,7,3,2,0,,,,,0,,,,6,Defensive Rebound,,,,257,257,
1,12,29,Kenny Gaines with a lost ball turnover: Lost Ball,116536,,true,false,false,Kenny,,Gaines,,UGa,,10,7,3,2,0,,,,,0,,2,Lost Ball,7,Turnover,,,,257,257,
1,12,11,Hector Harold misses a 3-point jump shot from 24 feet out.,97969,,true,false,false,Hector,,Harold,,Ver,,10,7,3,2,0,,,,,0,3,45,Jump Shot,4,Field Goal Missed,24,12.5,20,9,9,
1,12,11,Luke Apfeld with an offensive rebound.,89591,,true,false,false,Luke,,Apfeld,,Ver,,10,7,3,2,1,,,,,0,,,,5,Offensive Rebound,,,,9,9,
1,11,59,Kurt Steidl misses a jump shot from 4 feet out.,120971,,true,false,false,Kurt,,Steidl,,Ver,,10,7,3,2,1,,,,,0,2,45,Jump Shot,4,Field Goal Missed,4,.1,4.2,9,9,
1,11,59,Ver with an offensive rebound.,,,false,false,false,,,,,,,10,7,3,2,0,,,,,0,,,,5,Offensive Rebound,,,,9,9,
1,11,57,Official TV timeout.,,,false,false,false,,,,,,,10,7,3,2,0,,,,,0,,3,Official TV,11,Timeout,,,,257,257,
1,11,55,Luke Apfeld with a lost ball turnover: Lost Ball,89591,,true,false,false,Luke,,Apfeld,,Ver,,10,7,3,2,1,,,,,0,,2,Lost Ball,7,Turnover,,,,9,9,
1,11,50,J.J. Frazier makes a 3-point jump shot from 24 feet out.,120719,,true,false,false,J.J.,,Frazier,,UGa,,13,7,3,2,0,,,,,3,3,45,Jump Shot,3,Field Goal Made,24,-3.5,23.7,257,257,
1,11,48,Ver take a 20-second timeout.,,,false,false,false,,,,,,,13,7,3,2,0,,,,,0,,2,Short,11,Timeout,,,,9,9,
1,11,36,Luke Apfeld misses a layup shot.,89591,,true,false,false,Luke,,Apfeld,,Ver,,13,7,3,2,1,,,,,0,2,40,Layup Shot,4,Field Goal Missed,0,0,0,9,9,
1,11,36,Luke Apfeld with an offensive rebound.,89591,,true,false,false,Luke,,Apfeld,,Ver,,13,7,3,2,1,,,,,0,,,,5,Offensive Rebound,,,,9,9,
1,11,34,Luke Apfeld makes a tip shot from 2 feet out.,89591,,true,false,false,Luke,,Apfeld,,Ver,,13,9,3,2,1,,,,,2,2,53,Tip Shot,3,Field Goal Made,2,-.4,2.5,9,9,
1,11,03,Brandon Morris with a lost ball turnover: Lost Ball,116539,,true,false,false,Brandon,,Morris,,UGa,,13,9,3,2,0,,,,,4,,2,Lost Ball,7,Turnover,,,,257,257,
1,11,02,Brian Voelkel with a traveling turnover: Traveling,98476,,true,false,false,Brian,,Voelkel,,Ver,,13,9,3,2,0,,,,,2,,4,Traveling,7,Turnover,,,,9,9,
1,10,50,Offensive foul committed by Donte' Williams.,97169,,true,false,false,Donte',,Williams,,UGa,,13,9,3,3,1,,,,,0,,4,Offensive,8,Foul,,,,257,257,
1,10,50,Donte' Williams with a  turnover:,97169,,true,false,false,Donte',,Williams,,UGa,,13,9,3,3,1,,,,,0,,,,7,Turnover,,,,257,257,
1,10,37,Hector Harold misses a layup shot.,97969,,true,false,false,Hector,,Harold,,Ver,,13,9,3,3,0,,,,,0,2,40,Layup Shot,4,Field Goal Missed,0,0,0,9,9,
1,10,37,J.J. Frazier with a defensive rebound.,120719,,true,false,false,J.J.,,Frazier,,UGa,,13,9,3,3,0,,,,,3,,,,6,Defensive Rebound,,,,257,257,
1,10,31,J.J. Frazier with a lost ball turnover: Lost Ball,120719,,true,false,false,J.J.,,Frazier,,UGa,,13,9,3,3,0,,,,,3,,2,Lost Ball,7,Turnover,,,,257,257,
1,10,18,Candon Rusin with a lost ball turnover: Lost Ball,91408,,true,false,false,Candon,,Rusin,,Ver,,13,9,3,3,0,,,,,0,,2,Lost Ball,7,Turnover,,,,9,9,
1,9,56,Marcus Thornton with a lost ball turnover: Lost Ball,97168,,true,false,false,Marcus,,Thornton,,UGa,,13,9,3,3,0,,,,,4,,2,Lost Ball,7,Turnover,,,,257,257,
1,9,33,Sandro Carissimo with a lost ball turnover: Lost Ball,98474,,true,false,false,Sandro,,Carissimo,,Ver,,13,9,3,3,1,,,,,2,,2,Lost Ball,7,Turnover,,,,9,9,
1,9,20,Marcus Thornton makes a layup shot.,97168,,true,false,false,Marcus,,Thornton,,UGa,,15,9,3,3,0,,,,,6,2,40,Layup Shot,3,Field Goal Made,0,0,0,257,257,
1,9,20,Shooting foul committed by Clancy Rugg.,98477,,true,false,false,Clancy,,Rugg,,Ver,,15,9,4,3,1,,,,,2,,2,Shooting,8,Foul,,,,9,9,
1,9,20,Marcus Thornton makes free throw 1 of 1.,97168,,true,false,false,Marcus,,Thornton,,UGa,,16,9,4,3,0,,,,,7,1,10,Free Throw 1 of 1,1,Free Throw Made,,,,257,257,
1,8,48,Josh Elbaum makes a layup shot. Brian Voelkel with the assist.,98475,98476,true,true,false,Josh,Brian,Elbaum,Voelkel,Ver,Ver,16,11,4,3,0,,,,,3,2,40,Layup Shot,3,Field Goal Made,0,0,0,9,9,
1,8,21,Charles Mann with a lost ball turnover: Lost Ball,116538,,true,false,false,Charles,,Mann,,UGa,,16,11,4,3,0,,,,,2,,2,Lost Ball,7,Turnover,,,,257,257,
1,8,11,Clancy Rugg makes a layup shot.,98477,,true,false,false,Clancy,,Rugg,,Ver,,16,13,4,3,1,,,,,4,2,40,Layup Shot,3,Field Goal Made,0,0,0,9,9,
1,7,48,Marcus Thornton misses a jump shot from 5 feet out.,97168,,true,false,false,Marcus,,Thornton,,UGa,,16,13,4,3,0,,,,,7,2,45,Jump Shot,4,Field Goal Missed,5,1,5,257,257,
1,7,48,UGa with an offensive rebound.,,,false,false,false,,,,,,,16,13,4,3,0,,,,,0,,,,5,Offensive Rebound,,,,257,257,
1,7,48,Official TV timeout.,,,false,false,false,,,,,,,16,13,4,3,0,,,,,0,,3,Official TV,11,Timeout,,,,257,257,
1,7,38,Shooting foul committed by Ethan O'Day.,117050,,true,false,false,Ethan,,O'Day,,Ver,,16,13,5,3,1,,,,,0,,2,Shooting,8,Foul,,,,9,9,
1,7,38,Marcus Thornton makes free throw 1 of 2.,97168,,true,false,false,Marcus,,Thornton,,UGa,,17,13,5,3,0,,,,,8,1,11,Free Throw 1 of 2,1,Free Throw Made,,,,257,257,
1,7,38,Marcus Thornton makes free throw 2 of 2.,97168,,true,false,false,Marcus,,Thornton,,UGa,,18,13,5,3,0,,,,,9,1,12,Free Throw 2 of 2,1,Free Throw Made,,,,257,257,
1,7,20,Brian Voelkel with a lost ball turnover: Lost Ball,98476,,true,false,false,Brian,,Voelkel,,Ver,,18,13,5,3,0,,,,,2,,2,Lost Ball,7,Turnover,,,,9,9,
1,7,16,Charles Mann with a lost ball turnover: Lost Ball,116538,,true,false,false,Charles,,Mann,,UGa,,18,13,5,3,0,,,,,2,,2,Lost Ball,7,Turnover,,,,257,257,
1,7,09,Clancy Rugg with a lost ball turnover: Lost Ball,98477,,true,false,false,Clancy,,Rugg,,Ver,,18,13,5,3,1,,,,,4,,2,Lost Ball,7,Turnover,,,,9,9,
1,7,05,Charles Mann makes a layup shot. Cameron Forte with the assist.,116538,110822,true,true,false,Charles,Cameron,Mann,Forte,UGa,UGa,20,13,5,3,0,,,,,4,2,40,Layup Shot,3,Field Goal Made,0,0,0,257,257,
1,6,46,Shooting foul committed by Cameron Forte.,110822,,true,false,false,Cameron,,Forte,,UGa,,20,13,5,4,1,,,,,0,,2,Shooting,8,Foul,,,,257,257,
1,6,46,Ethan O'Day makes free throw 1 of 2.,117050,,true,false,false,Ethan,,O'Day,,Ver,,20,14,5,4,1,,,,,1,1,11,Free Throw 1 of 2,1,Free Throw Made,,,,9,9,
1,6,46,Ethan O'Day misses free throw 2 of 2.,117050,,true,false,false,Ethan,,O'Day,,Ver,,20,14,5,4,1,,,,,1,1,12,Free Throw 2 of 2,2,Free Throw Missed,,,,9,9,
1,6,46,Nemanja Djurisic with a defensive rebound.,109771,,true,false,false,Nemanja,,Djurisic,,UGa,,20,14,5,4,1,,,,,0,,,,6,Defensive Rebound,,,,257,257,
1,6,26,Marcus Thornton makes a layup shot. Charles Mann with the assist.,97168,116538,true,true,false,Marcus,Charles,Thornton,Mann,UGa,UGa,22,14,5,4,0,,,,,11,2,40,Layup Shot,3,Field Goal Made,0,0,0,257,257,
1,6,01,Josh Elbaum makes a layup shot.,98475,,true,false,false,Josh,,Elbaum,,Ver,,22,16,5,4,0,,,,,5,2,40,Layup Shot,3,Field Goal Made,0,0,0,9,9,
1,5,54,Charles Mann with a discontinue dribble turnover: Discontinue Dribble,116538,,true,false,false,Charles,,Mann,,UGa,,22,16,5,4,0,,,,,4,,7,Discontinue Dribble,7,Turnover,,,,257,257,
1,5,22,Hector Harold misses a 3-point jump shot from 25 feet out.,97969,,true,false,false,Hector,,Harold,,Ver,,22,16,5,4,0,,,,,0,3,45,Jump Shot,4,Field Goal Missed,25,-.1,24.7,9,9,
1,5,22,Sandro Carissimo with an offensive rebound.,98474,,true,false,false,Sandro,,Carissimo,,Ver,,22,16,5,4,1,,,,,2,,,,5,Offensive Rebound,,,,9,9,
1,4,34,Ver with a turnover: Shot Clock Turnover,,,false,false,false,,,,,,,22,16,5,4,0,,,,,0,,11,Shot Clock Turnover,7,Turnover,,,,9,9,
1,4,16,Juwan Parker with a lost ball turnover: Lost Ball,120722,,true,false,false,Juwan,,Parker,,UGa,,22,16,5,4,1,,,,,0,,2,Lost Ball,7,Turnover,,,,257,257,
1,4,09,Candon Rusin makes a 3-point jump shot from 24 feet out. Josh Elbaum with the assist.,91408,98475,true,true,false,Candon,Josh,Rusin,Elbaum,Ver,Ver,22,19,5,4,0,,,,,3,3,45,Jump Shot,3,Field Goal Made,24,-16.4,17.9,9,9,
1,3,34,Charles Mann with a lost ball turnover: Lost Ball,116538,,true,false,false,Charles,,Mann,,UGa,,22,19,5,4,0,,,,,4,,2,Lost Ball,7,Turnover,,,,257,257,
1,3,32,Candon Rusin misses a layup shot.,91408,,true,false,false,Candon,,Rusin,,Ver,,22,19,5,4,0,,,,,3,2,40,Layup Shot,4,Field Goal Missed,0,0,0,9,9,
1,3,32,Sandro Carissimo with an offensive rebound.,98474,,true,false,false,Sandro,,Carissimo,,Ver,,22,19,5,4,1,,,,,2,,,,5,Offensive Rebound,,,,9,9,
1,3,19,Sandro Carissimo misses a 3-point jump shot from 24 feet out.,98474,,true,false,false,Sandro,,Carissimo,,Ver,,22,19,5,4,1,,,,,2,3,45,Jump Shot,4,Field Goal Missed,24,-5.4,23.7,9,9,
1,3,19,Donte' Williams with a defensive rebound.,97169,,true,false,false,Donte',,Williams,,UGa,,22,19,5,4,1,,,,,0,,,,6,Defensive Rebound,,,,257,257,
1,3,10,Kenny Gaines makes a layup shot.,116536,,true,false,false,Kenny,,Gaines,,UGa,,24,19,5,4,0,,,,,2,2,40,Layup Shot,3,Field Goal Made,0,0,0,257,257,
1,2,43,Ver take a full timeout.,,,false,false,false,,,,,,,24,19,5,4,0,,,,,0,,1,Regular,11,Timeout,,,,9,9,
1,2,43,Brian Voelkel with a 5 second violation turnover: 5 Second Violation,98476,,true,false,false,Brian,,Voelkel,,Ver,,24,19,5,4,0,,,,,2,,9,5 Second Violation,7,Turnover,,,,9,9,
1,2,28,Kenny Gaines makes a 3-point jump shot from 23 feet out. Tim Dixon with the assist.,116536,109770,true,true,false,Kenny,Tim,Gaines,Dixon,UGa,UGa,27,19,5,4,0,,,,,5,3,45,Jump Shot,3,Field Goal Made,23,9.3,21.5,257,257,
1,2,11,Brian Voelkel misses a jump shot from 10 feet out.,98476,,true,false,false,Brian,,Voelkel,,Ver,,27,19,5,4,0,,,,,2,2,45,Jump Shot,4,Field Goal Missed,10,-5.5,7.7,9,9,
1,2,11,Charles Mann with a defensive rebound.,116538,,true,false,false,Charles,,Mann,,UGa,,27,19,5,4,0,,,,,4,,,,6,Defensive Rebound,,,,257,257,
1,1,47,Shooting foul committed by Candon Rusin.,91408,,true,false,false,Candon,,Rusin,,Ver,,27,19,6,4,1,,,,,3,,2,Shooting,8,Foul,,,,9,9,
1,1,47,J.J. Frazier misses free throw 1 of 3.,120719,,true,false,false,J.J.,,Frazier,,UGa,,27,19,6,4,0,,,,,3,1,13,Free Throw 1 of 3,2,Free Throw Missed,,,,257,257,
1,1,47,UGa with an offensive rebound.,,,false,false,false,,,,,,,27,19,6,4,0,,,,,0,,,,5,Offensive Rebound,,,,257,257,
1,1,47,J.J. Frazier makes free throw 2 of 3.,120719,,true,false,false,J.J.,,Frazier,,UGa,,28,19,6,4,0,,,,,4,1,14,Free Throw 2 of 3,1,Free Throw Made,,,,257,257,
1,1,47,J.J. Frazier makes free throw 3 of 3.,120719,,true,false,false,J.J.,,Frazier,,UGa,,29,19,6,4,0,,,,,5,1,15,Free Throw 3 of 3,1,Free Throw Made,,,,257,257,
1,1,32,Clancy Rugg misses a layup shot.,98477,,true,false,false,Clancy,,Rugg,,Ver,,29,19,6,4,1,,,,,4,2,40,Layup Shot,4,Field Goal Missed,0,0,0,9,9,
1,1,32,J.J. Frazier with a defensive rebound.,120719,,true,false,false,J.J.,,Frazier,,UGa,,29,19,6,4,0,,,,,5,,,,6,Defensive Rebound,,,,257,257,
1,1,20,Tim Dixon with a lost ball turnover: Lost Ball,109770,,true,false,false,Tim,,Dixon,,UGa,,29,19,6,4,0,,,,,0,,2,Lost Ball,7,Turnover,,,,257,257,
1,1,05,Shooting foul committed by Marcus Thornton.,97168,,true,false,false,Marcus,,Thornton,,UGa,,29,19,6,5,1,,,,,11,,2,Shooting,8,Foul,,,,257,257,
1,1,05,Clancy Rugg makes free throw 1 of 2.,98477,,true,false,false,Clancy,,Rugg,,Ver,,29,20,6,5,1,,,,,5,1,11,Free Throw 1 of 2,1,Free Throw Made,,,,9,9,
1,1,05,Clancy Rugg misses free throw 2 of 2.,98477,,true,false,false,Clancy,,Rugg,,Ver,,29,20,6,5,1,,,,,5,1,12,Free Throw 2 of 2,2,Free Throw Missed,,,,9,9,
1,1,05,Tim Dixon with a defensive rebound.,109770,,true,false,false,Tim,,Dixon,,UGa,,29,20,6,5,0,,,,,0,,,,6,Defensive Rebound,,,,257,257,
1,0,36.8,J.J. Frazier misses a 3-point jump shot from 27 feet out.,120719,,true,false,false,J.J.,,Frazier,,UGa,,29,20,6,5,0,,,,,5,3,45,Jump Shot,4,Field Goal Missed,27,.9,27.3,257,257,
1,0,36.8,Brian Voelkel with a defensive rebound.,98476,,true,false,false,Brian,,Voelkel,,Ver,,29,20,6,5,0,,,,,2,,,,6,Defensive Rebound,,,,9,9,
1,0,00,End of the 1st Half,,,false,false,false,,,,,,,29,20,6,5,0,,,,,0,,,,15,End Period,,,,257,257,
2,20,00,Start of the 2nd Half,,,false,false,false,,,,,,,29,20,0,0,0,,,,,0,,,,14,Start Period,,,,257,257,
2,19,24,Charles Mann makes a jump shot from 7 feet out.,116538,,true,false,false,Charles,,Mann,,UGa,,31,20,0,0,0,,,,,6,2,45,Jump Shot,3,Field Goal Made,7,-6,3.8,257,257,
2,18,50,Clancy Rugg makes a layup shot.,98477,,true,false,false,Clancy,,Rugg,,Ver,,31,22,0,0,1,,,,,7,2,40,Layup Shot,3,Field Goal Made,0,0,0,9,9,
2,18,31,Personal foul committed by Candon Rusin.,91408,,true,false,false,Candon,,Rusin,,Ver,,31,22,1,0,2,,,,,3,,1,Personal,8,Foul,,,,9,9,
2,18,18,Donte' Williams with a lost ball turnover: Lost Ball,97169,,true,false,false,Donte',,Williams,,UGa,,31,22,1,0,1,,,,,0,,2,Lost Ball,7,Turnover,,,,257,257,
2,18,08,Ethan O'Day makes a hook shot from 8 feet out.,117050,,true,false,false,Ethan,,O'Day,,Ver,,31,24,1,0,1,,,,,3,2,55,Hook Shot,3,Field Goal Made,8,-1.3,7.4,9,9,
2,17,45,Charles Mann makes a jump shot from 7 feet out.,116538,,true,false,false,Charles,,Mann,,UGa,,33,24,1,0,0,,,,,8,2,45,Jump Shot,3,Field Goal Made,7,2.6,6.5,257,257,
2,17,34,Sandro Carissimo makes a jump shot from 19 feet out.,98474,,true,false,false,Sandro,,Carissimo,,Ver,,33,26,1,0,1,,,,,4,2,45,Jump Shot,3,Field Goal Made,19,-4,18.6,9,9,
2,17,15,Kenny Gaines misses a jump shot from 13 feet out.,116536,,true,false,false,Kenny,,Gaines,,UGa,,33,26,1,0,0,,,,,5,2,45,Jump Shot,4,Field Goal Missed,13,12.8,4,257,257,
2,17,15,Brian Voelkel with a defensive rebound.,98476,,true,false,false,Brian,,Voelkel,,Ver,,33,26,1,0,0,,,,,2,,,,6,Defensive Rebound,,,,9,9,
2,16,51,Ethan O'Day misses a jump shot from 19 feet out.,117050,,true,false,false,Ethan,,O'Day,,Ver,,33,26,1,0,1,,,,,3,2,45,Jump Shot,4,Field Goal Missed,19,4.7,17.9,9,9,
2,16,51,Marcus Thornton with a defensive rebound.,97168,,true,false,false,Marcus,,Thornton,,UGa,,33,26,1,0,1,,,,,11,,,,6,Defensive Rebound,,,,257,257,
2,16,51,Personal foul committed by Clancy Rugg.,98477,,true,false,false,Clancy,,Rugg,,Ver,,33,26,2,0,2,,,,,7,,1,Personal,8,Foul,,,,9,9,
2,16,36,Charles Mann makes a 3-point jump shot from 25 feet out.,116538,,true,false,false,Charles,,Mann,,UGa,,36,26,2,0,0,,,,,11,3,45,Jump Shot,3,Field Goal Made,25,8.8,23.4,257,257,
2,16,19,Personal foul committed by Brandon Morris.,116539,,true,false,false,Brandon,,Morris,,UGa,,36,26,2,1,1,,,,,4,,1,Personal,8,Foul,,,,257,257,
2,15,58,Clancy Rugg misses a dunk shot.,98477,,true,false,false,Clancy,,Rugg,,Ver,,36,26,2,1,2,,,,,7,2,48,Dunk Shot,4,Field Goal Missed,0,0,0,9,9,
2,15,58,Donte' Williams with a defensive rebound.,97169,,true,false,false,Donte',,Williams,,UGa,,36,26,2,1,1,,,,,0,,,,6,Defensive Rebound,,,,257,257,
2,15,42,Offensive foul committed by Kenny Gaines.,116536,,true,false,false,Kenny,,Gaines,,UGa,,36,26,2,2,1,,,,,5,,4,Offensive,8,Foul,,,,257,257,
2,15,42,Kenny Gaines with a  turnover:,116536,,true,false,false,Kenny,,Gaines,,UGa,,36,26,2,2,1,,,,,5,,,,7,Turnover,,,,257,257,
2,15,42,Official TV timeout.,,,false,false,false,,,,,,,36,26,2,2,0,,,,,0,,3,Official TV,11,Timeout,,,,257,257,
2,15,25,Shooting foul committed by Marcus Thornton.,97168,,true,false,false,Marcus,,Thornton,,UGa,,36,26,2,3,2,,,,,11,,2,Shooting,8,Foul,,,,257,257,
2,15,25,Clancy Rugg misses free throw 1 of 2.,98477,,true,false,false,Clancy,,Rugg,,Ver,,36,26,2,3,2,,,,,7,1,11,Free Throw 1 of 2,2,Free Throw Missed,,,,9,9,
2,15,25,Ver with an offensive rebound.,,,false,false,false,,,,,,,36,26,2,3,0,,,,,0,,,,5,Offensive Rebound,,,,9,9,
2,15,25,Clancy Rugg makes free throw 2 of 2.,98477,,true,false,false,Clancy,,Rugg,,Ver,,36,27,2,3,2,,,,,8,1,12,Free Throw 2 of 2,1,Free Throw Made,,,,9,9,
2,14,55,Marcus Thornton with a lost ball turnover: Lost Ball,97168,,true,false,false,Marcus,,Thornton,,UGa,,36,27,2,3,2,,,,,11,,2,Lost Ball,7,Turnover,,,,257,257,
2,14,44,Clancy Rugg misses a 3-point jump shot from 24 feet out.,98477,,true,false,false,Clancy,,Rugg,,Ver,,36,27,2,3,2,,,,,8,3,45,Jump Shot,4,Field Goal Missed,24,3.1,24.1,9,9,
2,14,44,Kenny Gaines with a defensive rebound.,116536,,true,false,false,Kenny,,Gaines,,UGa,,36,27,2,3,1,,,,,5,,,,6,Defensive Rebound,,,,257,257,
2,14,36,Kenny Gaines with a lost ball turnover: Lost Ball,116536,,true,false,false,Kenny,,Gaines,,UGa,,36,27,2,3,1,,,,,5,,2,Lost Ball,7,Turnover,,,,257,257,
2,14,31,Candon Rusin makes a layup shot. Brian Voelkel with the assist.,91408,98476,true,true,false,Candon,Brian,Rusin,Voelkel,Ver,Ver,36,29,2,3,2,,,,,5,2,40,Layup Shot,3,Field Goal Made,0,0,0,9,9,
2,14,11,Offensive foul committed by Kenny Gaines.,116536,,true,false,false,Kenny,,Gaines,,UGa,,36,29,2,4,2,,,,,5,,4,Offensive,8,Foul,,,,257,257,
2,14,11,Kenny Gaines with a  turnover:,116536,,true,false,false,Kenny,,Gaines,,UGa,,36,29,2,4,2,,,,,5,,,,7,Turnover,,,,257,257,
2,13,46,Luke Apfeld makes a 3-point jump shot from 22 feet out. Candon Rusin with the assist.,89591,91408,true,true,false,Luke,Candon,Apfeld,Rusin,Ver,Ver,36,32,2,4,1,,,,,5,3,45,Jump Shot,3,Field Goal Made,22,-22,3.6,9,9,
2,13,40,UGa take a full timeout.,,,false,false,false,,,,,,,36,32,2,4,0,,,,,0,,1,Regular,11,Timeout,,,,257,257,
2,13,11,Charles Mann with a lost ball turnover: Lost Ball,116538,,true,false,false,Charles,,Mann,,UGa,,36,32,2,4,0,,,,,11,,2,Lost Ball,7,Turnover,,,,257,257,
2,12,53,Candon Rusin makes a layup shot. Brian Voelkel with the assist.,91408,98476,true,true,false,Candon,Brian,Rusin,Voelkel,Ver,Ver,36,34,2,4,2,,,,,7,2,40,Layup Shot,3,Field Goal Made,0,0,0,9,9,
2,12,36,Shooting foul committed by Brian Voelkel.,98476,,true,false,false,Brian,,Voelkel,,Ver,,36,34,3,4,1,,,,,2,,2,Shooting,8,Foul,,,,9,9,
2,12,36,Charles Mann makes free throw 1 of 2.,116538,,true,false,false,Charles,,Mann,,UGa,,37,34,3,4,0,,,,,12,1,11,Free Throw 1 of 2,1,Free Throw Made,,,,257,257,
2,12,36,Charles Mann makes free throw 2 of 2.,116538,,true,false,false,Charles,,Mann,,UGa,,38,34,3,4,0,,,,,13,1,12,Free Throw 2 of 2,1,Free Throw Made,,,,257,257,
2,12,24,Luke Apfeld makes a jump shot from 5 feet out.,89591,,true,false,false,Luke,,Apfeld,,Ver,,38,36,3,4,1,,,,,7,2,45,Jump Shot,3,Field Goal Made,5,3,4,9,9,
2,12,06,Brandon Morris misses a jump shot from 6 feet out.,116539,,true,false,false,Brandon,,Morris,,UGa,,38,36,3,4,1,,,,,4,2,45,Jump Shot,4,Field Goal Missed,6,4.2,3.8,257,257,
2,12,06,Nemanja Djurisic with an offensive rebound.,109771,,true,false,false,Nemanja,,Djurisic,,UGa,,38,36,3,4,1,,,,,0,,,,5,Offensive Rebound,,,,257,257,
2,12,02,Nemanja Djurisic misses a layup shot.,109771,,true,false,false,Nemanja,,Djurisic,,UGa,,38,36,3,4,1,,,,,0,2,40,Layup Shot,4,Field Goal Missed,0,0,0,257,257,
2,12,02,Brandon Morris with an offensive rebound.,116539,,true,false,false,Brandon,,Morris,,UGa,,38,36,3,4,1,,,,,4,,,,5,Offensive Rebound,,,,257,257,
2,12,00,Personal foul committed by Brian Voelkel.,98476,,true,false,false,Brian,,Voelkel,,Ver,,38,36,4,4,2,,,,,2,,1,Personal,8,Foul,,,,9,9,
2,11,40,Nemanja Djurisic misses a jump shot from 7 feet out.,109771,,true,false,false,Nemanja,,Djurisic,,UGa,,38,36,4,4,1,,,,,0,2,45,Jump Shot,4,Field Goal Missed,7,-6.7,2.8,257,257,
2,11,40,Luke Apfeld with a defensive rebound.,89591,,true,false,false,Luke,,Apfeld,,Ver,,38,36,4,4,1,,,,,7,,,,6,Defensive Rebound,,,,9,9,
2,11,23,Hector Harold makes a 3-point jump shot from 24 feet out. Luke Apfeld with the assist.,97969,89591,true,true,false,Hector,Luke,Harold,Apfeld,Ver,Ver,38,39,4,4,0,,,,,3,3,45,Jump Shot,3,Field Goal Made,24,-7.4,22.7,9,9,
2,11,08,Nemanja Djurisic with a lost ball turnover: Lost Ball,109771,,true,false,false,Nemanja,,Djurisic,,UGa,,38,39,4,4,1,,,,,0,,2,Lost Ball,7,Turnover,,,,257,257,
2,10,57,Sandro Carissimo makes a 3-point jump shot from 25 feet out. Brian Voelkel with the assist.,98474,98476,true,true,false,Sandro,Brian,Carissimo,Voelkel,Ver,Ver,38,42,4,4,1,,,,,7,3,45,Jump Shot,3,Field Goal Made,25,-19.3,15.6,9,9,
2,10,57,UGa take a 20-second timeout.,,,false,false,false,,,,,,,38,42,4,4,0,,,,,0,,2,Short,11,Timeout,,,,257,257,
2,10,24,Charles Mann misses a 3-point jump shot from 25 feet out.,116538,,true,false,false,Charles,,Mann,,UGa,,38,42,4,4,0,,,,,13,3,45,Jump Shot,4,Field Goal Missed,25,-13,20.8,257,257,
2,10,24,Brian Voelkel with a defensive rebound.,98476,,true,false,false,Brian,,Voelkel,,Ver,,38,42,4,4,2,,,,,2,,,,6,Defensive Rebound,,,,9,9,
2,9,56,Hector Harold makes a layup shot.,97969,,true,false,false,Hector,,Harold,,Ver,,38,44,4,4,0,,,,,5,2,40,Layup Shot,3,Field Goal Made,0,0,0,9,9,
2,9,54,J.J. Frazier with a traveling turnover: Traveling,120719,,true,false,false,J.J.,,Frazier,,UGa,,38,44,4,4,0,,,,,5,,4,Traveling,7,Turnover,,,,257,257,
2,9,54,Official TV timeout.,,,false,false,false,,,,,,,38,44,4,4,0,,,,,0,,3,Official TV,11,Timeout,,,,257,257,
2,9,36,Personal foul committed by Charles Mann.,116538,,true,false,false,Charles,,Mann,,UGa,,38,44,4,5,1,,,,,13,,1,Personal,8,Foul,,,,257,257,
2,9,10,Hector Harold makes a 3-point jump shot from 24 feet out. Brian Voelkel with the assist.,97969,98476,true,true,false,Hector,Brian,Harold,Voelkel,Ver,Ver,38,47,4,5,0,,,,,8,3,45,Jump Shot,3,Field Goal Made,24,-22.5,9.3,9,9,
2,8,46,Shooting foul committed by Hector Harold.,97969,,true,false,false,Hector,,Harold,,Ver,,38,47,5,5,1,,,,,8,,2,Shooting,8,Foul,,,,9,9,
2,8,46,Charles Mann makes free throw 1 of 2.,116538,,true,false,false,Charles,,Mann,,UGa,,39,47,5,5,1,,,,,14,1,11,Free Throw 1 of 2,1,Free Throw Made,,,,257,257,
2,8,46,Charles Mann makes free throw 2 of 2.,116538,,true,false,false,Charles,,Mann,,UGa,,40,47,5,5,1,,,,,15,1,12,Free Throw 2 of 2,1,Free Throw Made,,,,257,257,
2,8,15,Brian Voelkel with a lost ball turnover: Lost Ball,98476,,true,false,false,Brian,,Voelkel,,Ver,,40,47,5,5,2,,,,,2,,2,Lost Ball,7,Turnover,,,,9,9,
2,8,11,Kenny Gaines makes a layup shot. Charles Mann with the assist.,116536,116538,true,true,false,Kenny,Charles,Gaines,Mann,UGa,UGa,42,47,5,5,2,,,,,7,2,40,Layup Shot,3,Field Goal Made,0,0,0,257,257,
2,8,02,Ver take a 20-second timeout.,,,false,false,false,,,,,,,42,47,5,5,0,,,,,0,,2,Short,11,Timeout,,,,9,9,
2,7,43,Sandro Carissimo misses a 3-point jump shot from 25 feet out.,98474,,true,false,false,Sandro,,Carissimo,,Ver,,42,47,5,5,1,,,,,7,3,45,Jump Shot,4,Field Goal Missed,25,-17.6,17.1,9,9,
2,7,43,Kenny Gaines with a defensive rebound.,116536,,true,false,false,Kenny,,Gaines,,UGa,,42,47,5,5,2,,,,,7,,,,6,Defensive Rebound,,,,257,257,
2,7,31,Charles Mann makes a jump shot from 5 feet out.,116538,,true,false,false,Charles,,Mann,,UGa,,44,47,5,5,1,,,,,17,2,45,Jump Shot,3,Field Goal Made,5,3.7,3.1,257,257,
2,7,31,Shooting foul committed by Hector Harold.,97969,,true,false,false,Hector,,Harold,,Ver,,44,47,6,5,2,,,,,8,,2,Shooting,8,Foul,,,,9,9,
2,7,31,Official TV timeout.,,,false,false,false,,,,,,,44,47,6,5,0,,,,,0,,3,Official TV,11,Timeout,,,,257,257,
2,7,31,Charles Mann makes free throw 1 of 1.,116538,,true,false,false,Charles,,Mann,,UGa,,45,47,6,5,1,,,,,18,1,10,Free Throw 1 of 1,1,Free Throw Made,,,,257,257,
2,7,05,Candon Rusin makes a 3-point jump shot from 25 feet out.,91408,,true,false,false,Candon,,Rusin,,Ver,,45,50,6,5,2,,,,,10,3,45,Jump Shot,3,Field Goal Made,25,-7.4,23.4,9,9,
2,6,36,Charles Mann misses a jump shot from 6 feet out.,116538,,true,false,false,Charles,,Mann,,UGa,,45,50,6,5,1,,,,,18,2,45,Jump Shot,4,Field Goal Missed,6,-5.2,2.5,257,257,
2,6,36,Sandro Carissimo with a defensive rebound.,98474,,true,false,false,Sandro,,Carissimo,,Ver,,45,50,6,5,1,,,,,7,,,,6,Defensive Rebound,,,,9,9,
2,6,24,Sandro Carissimo makes a jump shot from 19 feet out.,98474,,true,false,false,Sandro,,Carissimo,,Ver,,45,52,6,5,1,,,,,9,2,45,Jump Shot,3,Field Goal Made,19,-.1,19.5,9,9,
2,6,05,Brandon Morris misses a 3-point jump shot from 22 feet out.,116539,,true,false,false,Brandon,,Morris,,UGa,,45,52,6,5,1,,,,,4,3,45,Jump Shot,4,Field Goal Missed,22,22.4,2.5,257,257,
2,6,05,Charles Mann with an offensive rebound.,116538,,true,false,false,Charles,,Mann,,UGa,,45,52,6,5,1,,,,,18,,,,5,Offensive Rebound,,,,257,257,
2,6,05,Personal foul committed by Clancy Rugg.,98477,,true,false,false,Clancy,,Rugg,,Ver,,45,52,7,5,3,,,,,8,,1,Personal,8,Foul,,,,9,9,
2,6,05,Charles Mann misses free throw 1st of 1-and-1.,116538,,true,false,false,Charles,,Mann,,UGa,,45,52,7,5,1,,,,,18,1,8,Free Throw 1st of 1-and-1,2,Free Throw Missed,,,,257,257,
2,6,05,Marcus Thornton with an offensive rebound.,97168,,true,false,false,Marcus,,Thornton,,UGa,,45,52,7,5,2,,,,,11,,,,5,Offensive Rebound,,,,257,257,
2,6,03,Personal foul committed by Clancy Rugg.,98477,,true,false,false,Clancy,,Rugg,,Ver,,45,52,8,5,4,,,,,8,,1,Personal,8,Foul,,,,9,9,
2,6,03,Marcus Thornton makes free throw 1st of 1-and-1.,97168,,true,false,false,Marcus,,Thornton,,UGa,,46,52,8,5,2,,,,,12,1,8,Free Throw 1st of 1-and-1,1,Free Throw Made,,,,257,257,
2,6,03,Marcus Thornton makes free throw 2nd of 1-and-1.,97168,,true,false,false,Marcus,,Thornton,,UGa,,47,52,8,5,2,,,,,13,1,9,Free Throw 2nd of 1-and-1,1,Free Throw Made,,,,257,257,
2,5,54,Personal foul committed by J.J. Frazier.,120719,,true,false,false,J.J.,,Frazier,,UGa,,47,52,8,6,1,,,,,5,,1,Personal,8,Foul,,,,257,257,
2,5,22,Sandro Carissimo misses a jump shot from 17 feet out.,98474,,true,false,false,Sandro,,Carissimo,,Ver,,47,52,8,6,1,,,,,9,2,45,Jump Shot,4,Field Goal Missed,17,6.7,15.4,9,9,
2,5,22,Marcus Thornton with a defensive rebound.,97168,,true,false,false,Marcus,,Thornton,,UGa,,47,52,8,6,2,,,,,13,,,,6,Defensive Rebound,,,,257,257,
2,5,14,Charles Mann makes a layup shot.,116538,,true,false,false,Charles,,Mann,,UGa,,49,52,8,6,1,,,,,20,2,40,Layup Shot,3,Field Goal Made,0,0,0,257,257,
2,4,45,Luke Apfeld makes a layup shot. Brian Voelkel with the assist.,89591,98476,true,true,false,Luke,Brian,Apfeld,Voelkel,Ver,Ver,49,54,8,6,1,,,,,9,2,40,Layup Shot,3,Field Goal Made,0,0,0,9,9,
2,4,32,Offensive foul committed by Charles Mann.,116538,,true,false,false,Charles,,Mann,,UGa,,49,54,8,7,2,,,,,20,,4,Offensive,8,Foul,,,,257,257,
2,4,32,Charles Mann with a  turnover:,116538,,true,false,false,Charles,,Mann,,UGa,,49,54,8,7,2,,,,,20,,,,7,Turnover,,,,257,257,
2,4,32,Ver take a 20-second timeout.,,,false,false,false,,,,,,,49,54,8,7,0,,,,,0,,2,Short,11,Timeout,,,,9,9,
2,4,16,Luke Apfeld misses a 3-point jump shot from 24 feet out.,89591,,true,false,false,Luke,,Apfeld,,Ver,,49,54,8,7,1,,,,,9,3,45,Jump Shot,4,Field Goal Missed,24,-.1,23.9,9,9,
2,4,16,UGa with a defensive rebound.,,,false,false,false,,,,,,,49,54,8,7,0,,,,,0,,,,6,Defensive Rebound,,,,257,257,
2,4,06,Shooting foul committed by Luke Apfeld.,89591,,true,false,false,Luke,,Apfeld,,Ver,,49,54,9,7,2,,,,,9,,2,Shooting,8,Foul,,,,9,9,
2,4,06,Charles Mann makes free throw 1 of 2.,116538,,true,false,false,Charles,,Mann,,UGa,,50,54,9,7,2,,,,,21,1,11,Free Throw 1 of 2,1,Free Throw Made,,,,257,257,
2,4,06,Charles Mann makes free throw 2 of 2.,116538,,true,false,false,Charles,,Mann,,UGa,,51,54,9,7,2,,,,,22,1,12,Free Throw 2 of 2,1,Free Throw Made,,,,257,257,
2,3,44,Shooting foul committed by Marcus Thornton.,97168,,true,false,false,Marcus,,Thornton,,UGa,,51,54,9,8,3,,,,,13,,2,Shooting,8,Foul,,,,257,257,
2,3,44,Official TV timeout.,,,false,false,false,,,,,,,51,54,9,8,0,,,,,0,,3,Official TV,11,Timeout,,,,257,257,
2,3,44,Josh Elbaum misses free throw 1 of 2.,98475,,true,false,false,Josh,,Elbaum,,Ver,,51,54,9,8,0,,,,,5,1,11,Free Throw 1 of 2,2,Free Throw Missed,,,,9,9,
2,3,44,Ver with an offensive rebound.,,,false,false,false,,,,,,,51,54,9,8,0,,,,,0,,,,5,Offensive Rebound,,,,9,9,
2,3,44,Josh Elbaum misses free throw 2 of 2.,98475,,true,false,false,Josh,,Elbaum,,Ver,,51,54,9,8,0,,,,,5,1,12,Free Throw 2 of 2,2,Free Throw Missed,,,,9,9,
2,3,44,Donte' Williams with a defensive rebound.,97169,,true,false,false,Donte',,Williams,,UGa,,51,54,9,8,1,,,,,0,,,,6,Defensive Rebound,,,,257,257,
2,3,33,Personal foul committed by Josh Elbaum.,98475,,true,false,false,Josh,,Elbaum,,Ver,,51,54,10,8,1,,,,,5,,1,Personal,8,Foul,,,,9,9,
2,3,33,Charles Mann makes free throw 1 of 2.,116538,,true,false,false,Charles,,Mann,,UGa,,52,54,10,8,2,,,,,23,1,11,Free Throw 1 of 2,1,Free Throw Made,,,,257,257,
2,3,33,Charles Mann makes free throw 2 of 2.,116538,,true,false,false,Charles,,Mann,,UGa,,53,54,10,8,2,,,,,24,1,12,Free Throw 2 of 2,1,Free Throw Made,,,,257,257,
2,3,24,Offensive foul committed by Luke Apfeld.,89591,,true,false,false,Luke,,Apfeld,,Ver,,53,54,11,8,3,,,,,9,,4,Offensive,8,Foul,,,,9,9,
2,3,24,Luke Apfeld with a  turnover:,89591,,true,false,false,Luke,,Apfeld,,Ver,,53,54,11,8,3,,,,,9,,,,7,Turnover,,,,9,9,
2,3,11,J.J. Frazier misses a 3-point jump shot from 26 feet out.,120719,,true,false,false,J.J.,,Frazier,,UGa,,53,54,11,8,1,,,,,5,3,45,Jump Shot,4,Field Goal Missed,26,19,17.1,257,257,
2,3,11,Sandro Carissimo with a defensive rebound.,98474,,true,false,false,Sandro,,Carissimo,,Ver,,53,54,11,8,1,,,,,9,,,,6,Defensive Rebound,,,,9,9,
2,2,45,Clancy Rugg with a traveling turnover: Traveling,98477,,true,false,false,Clancy,,Rugg,,Ver,,53,54,11,8,4,,,,,8,,4,Traveling,7,Turnover,,,,9,9,
2,2,25,Charles Mann makes a jump shot from 4 feet out.,116538,,true,false,false,Charles,,Mann,,UGa,,55,54,11,8,2,,,,,26,2,45,Jump Shot,3,Field Goal Made,4,3.1,2.5,257,257,
2,2,25,Shooting foul committed by Luke Apfeld.,89591,,true,false,false,Luke,,Apfeld,,Ver,,55,54,12,8,4,,,,,9,,2,Shooting,8,Foul,,,,9,9,
2,2,25,Charles Mann makes free throw 1 of 1.,116538,,true,false,false,Charles,,Mann,,UGa,,56,54,12,8,2,,,,,27,1,10,Free Throw 1 of 1,1,Free Throw Made,,,,257,257,
2,2,11,Candon Rusin misses a jump shot from 21 feet out.,91408,,true,false,false,Candon,,Rusin,,Ver,,56,54,12,8,2,,,,,10,2,45,Jump Shot,4,Field Goal Missed,21,6,20.3,9,9,
2,2,11,J.J. Frazier with a defensive rebound.,120719,,true,false,false,J.J.,,Frazier,,UGa,,56,54,12,8,1,,,,,5,,,,6,Defensive Rebound,,,,257,257,
2,1,54,Kenny Gaines misses a 3-point jump shot from 24 feet out.,116536,,true,false,false,Kenny,,Gaines,,UGa,,56,54,12,8,2,,,,,7,3,45,Jump Shot,4,Field Goal Missed,24,-15.9,17.8,257,257,
2,1,54,Donte' Williams with an offensive rebound.,97169,,true,false,false,Donte',,Williams,,UGa,,56,54,12,8,1,,,,,0,,,,5,Offensive Rebound,,,,257,257,
2,1,34,Marcus Thornton makes a jump shot from 4 feet out.,97168,,true,false,false,Marcus,,Thornton,,UGa,,58,54,12,8,3,,,,,15,2,45,Jump Shot,3,Field Goal Made,4,-1.1,4.2,257,257,
2,1,34,Shooting foul committed by Clancy Rugg.,98477,,true,false,false,Clancy,,Rugg,,Ver,,58,54,13,8,5,,,,,8,,2,Shooting,8,Foul,,,,9,9,
2,1,34,Marcus Thornton makes free throw 1 of 1.,97168,,true,false,false,Marcus,,Thornton,,UGa,,59,54,13,8,3,,,,,16,1,10,Free Throw 1 of 1,1,Free Throw Made,,,,257,257,
2,1,18,Personal foul committed by J.J. Frazier.,120719,,true,false,false,J.J.,,Frazier,,UGa,,59,54,13,9,2,,,,,5,,1,Personal,8,Foul,,,,257,257,
2,1,18,Hector Harold misses free throw 1st of 1-and-1.,97969,,true,false,false,Hector,,Harold,,Ver,,59,54,13,9,2,,,,,8,1,8,Free Throw 1st of 1-and-1,2,Free Throw Missed,,,,9,9,
2,1,18,Donte' Williams with a defensive rebound.,97169,,true,false,false,Donte',,Williams,,UGa,,59,54,13,9,1,,,,,0,,,,6,Defensive Rebound,,,,257,257,
2,0,44.4,Charles Mann misses a 3-point jump shot from 24 feet out.,116538,,true,false,false,Charles,,Mann,,UGa,,59,54,13,9,2,,,,,27,3,45,Jump Shot,4,Field Goal Missed,24,-18.5,15.4,257,257,
2,0,44.4,Hector Harold with a defensive rebound.,97969,,true,false,false,Hector,,Harold,,Ver,,59,54,13,9,2,,,,,8,,,,6,Defensive Rebound,,,,9,9,
2,0,34.3,Hector Harold misses a 3-point jump shot from 25 feet out.,97969,,true,false,false,Hector,,Harold,,Ver,,59,54,13,9,2,,,,,8,3,45,Jump Shot,4,Field Goal Missed,25,-17.6,17.1,9,9,
2,0,34.3,Charles Mann with a defensive rebound.,116538,,true,false,false,Charles,,Mann,,UGa,,59,54,13,9,2,,,,,27,,,,6,Defensive Rebound,,,,257,257,
2,0,30.8,Personal foul committed by Brian Voelkel.,98476,,true,false,false,Brian,,Voelkel,,Ver,,59,54,14,9,3,,,,,2,,1,Personal,8,Foul,,,,9,9,
2,0,30.8,Charles Mann makes free throw 1 of 2.,116538,,true,false,false,Charles,,Mann,,UGa,,60,54,14,9,2,,,,,28,1,11,Free Throw 1 of 2,1,Free Throw Made,,,,257,257,
2,0,30.8,Charles Mann makes free throw 2 of 2.,116538,,true,false,false,Charles,,Mann,,UGa,,61,54,14,9,2,,,,,29,1,12,Free Throw 2 of 2,1,Free Throw Made,,,,257,257,
2,0,19.6,Personal foul committed by Kenny Gaines.,116536,,true,false,false,Kenny,,Gaines,,UGa,,61,54,14,10,3,,,,,7,,1,Personal,8,Foul,,,,257,257,
2,0,19.6,Candon Rusin misses free throw 1 of 2.,91408,,true,false,false,Candon,,Rusin,,Ver,,61,54,14,10,2,,,,,10,1,11,Free Throw 1 of 2,2,Free Throw Missed,,,,9,9,
2,0,19.6,Ver with an offensive rebound.,,,false,false,false,,,,,,,61,54,14,10,0,,,,,0,,,,5,Offensive Rebound,,,,9,9,
2,0,19.6,Candon Rusin misses free throw 2 of 2.,91408,,true,false,false,Candon,,Rusin,,Ver,,61,54,14,10,2,,,,,10,1,12,Free Throw 2 of 2,2,Free Throw Missed,,,,9,9,
2,0,19.6,Donte' Williams with a defensive rebound.,97169,,true,false,false,Donte',,Williams,,UGa,,61,54,14,10,1,,,,,0,,,,6,Defensive Rebound,,,,257,257,
2,0,18.7,Personal foul committed by Hector Harold.,97969,,true,false,false,Hector,,Harold,,Ver,,61,54,15,10,3,,,,,8,,1,Personal,8,Foul,,,,9,9,
2,0,18.7,Donte' Williams makes free throw 1 of 2.,97169,,true,false,false,Donte',,Williams,,UGa,,62,54,15,10,1,,,,,1,1,11,Free Throw 1 of 2,1,Free Throw Made,,,,257,257,
2,0,18.7,Donte' Williams makes free throw 2 of 2.,97169,,true,false,false,Donte',,Williams,,UGa,,63,54,15,10,1,,,,,2,1,12,Free Throw 2 of 2,1,Free Throw Made,,,,257,257,
2,0,12.1,Personal foul committed by J.J. Frazier.,120719,,true,false,false,J.J.,,Frazier,,UGa,,63,54,15,11,3,,,,,5,,1,Personal,8,Foul,,,,257,257,
2,0,12.1,Sandro Carissimo makes free throw 1 of 2.,98474,,true,false,false,Sandro,,Carissimo,,Ver,,63,55,15,11,1,,,,,10,1,11,Free Throw 1 of 2,1,Free Throw Made,,,,9,9,
2,0,12.1,Sandro Carissimo makes free throw 2 of 2.,98474,,true,false,false,Sandro,,Carissimo,,Ver,,63,56,15,11,1,,,,,11,1,12,Free Throw 2 of 2,1,Free Throw Made,,,,9,9,
2,0,00,End of the 2nd Half,,,false,false,false,,,,,,,63,56,15,11,0,,,,,0,,,,15,End Period,,,,257,257,
2,0,00,End of the Game,,,false,false,false,,,,,,,63,56,15,11,0,,,,,0,,,,19,Game Over,,,,257,257,
