half,time-minutes,time-seconds,details,player1-id,player2-id,player1-linkable,player2-linkable,player3-linkable,player-first-name-1,player-first-name-2,player-last-name-1,player-last-name-2,player-team-alias-1,player-team-alias-2,home-score,visitor-score,visitor-fouls,home-fouls,player-fouls,fastbreak,in-paint,second-chance,off-turnover,player-score,points-type,detail-id,detail-desc,event-id,event-desc,distance,x-coord,y-coord,team-id-1,team-id-2,team-id-3
1,20,00,Start of the 1st Half,,,false,false,false,,,,,,,0,0,0,0,0,,,,,0,,,,14,Start Period,,,,320,320,
1,19,32,Kenneth Smith makes a 3-point jump shot from 26 feet out. Chris Anderson with the assist.,110384,116736,true,true,false,Kenneth,Chris,Smith,Anderson,LaTech,LaTech,3,0,0,0,0,,,,,3,3,45,Jump Shot,3,Field Goal Made,26,-19.6,17.6,320,320,
1,19,18,Isaiah Williams with a lost ball turnover: Lost Ball,121833,,true,false,false,Isaiah,,Williams,,Iona,,3,0,0,0,0,,,,,0,,2,Lost Ball,7,Turnover,,,,156,156,
1,19,13,Kenneth Smith makes a layup shot.,110384,,true,false,false,Kenneth,,Smith,,LaTech,,5,0,0,0,0,,,,,5,2,40,Layup Shot,3,Field Goal Made,0,0,0,320,320,
1,18,58,Isaiah Williams with a bad pass turnover: Bad Pass,121833,,true,false,false,Isaiah,,Williams,,Iona,,5,0,0,0,0,,,,,0,,1,Bad Pass,7,Turnover,,,,156,156,
1,18,58,Jaron Johnson misses a 3-point jump shot from 24 feet out.,116738,,true,false,false,Jaron,,Johnson,,LaTech,,5,0,0,0,0,,,,,0,3,45,Jump Shot,4,Field Goal Missed,24,16.4,18.1,320,320,
1,18,58,A.J. English with a defensive rebound.,116345,,true,false,false,A.J.,,English,,Iona,,5,0,0,0,0,,,,,0,,,,6,Defensive Rebound,,,,156,156,
1,18,41,Tre Bowman makes a layup shot. Sean Armand with the assist.,97093,98314,true,true,false,Tre,Sean,Bowman,Armand,Iona,Iona,5,2,0,0,0,,,,,2,2,40,Layup Shot,3,Field Goal Made,0,0,0,156,156,
1,18,25,Chris Anderson makes a 3-point jump shot from 23 feet out. Jaron Johnson with the assist.,116736,116738,true,true,false,Chris,Jaron,Anderson,Johnson,LaTech,LaTech,8,2,0,0,0,,,,,3,3,45,Jump Shot,3,Field Goal Made,23,15,18,320,320,
1,18,12,Tre Bowman with a traveling turnover: Traveling,97093,,true,false,false,Tre,,Bowman,,Iona,,8,2,0,0,0,,,,,2,,4,Traveling,7,Turnover,,,,156,156,
1,18,03,Michale Kyser makes a dunk shot. Alex Hamilton with the assist.,110382,116735,true,true,false,Michale,Alex,Kyser,Hamilton,LaTech,LaTech,10,2,0,0,0,,,,,2,2,48,Dunk Shot,3,Field Goal Made,0,0,0,320,320,
1,17,59,Iona take a 20-second timeout.,,,false,false,false,,,,,,,10,2,0,0,0,,,,,0,,2,Short,11,Timeout,,,,156,156,
1,17,50,Personal foul committed by Jaron Johnson.,116738,,true,false,false,Jaron,,Johnson,,LaTech,,10,2,0,1,1,,,,,0,,1,Personal,8,Foul,,,,320,320,
1,17,49,Isaiah Williams makes a layup shot. A.J. English with the assist.,121833,116345,true,true,false,Isaiah,A.J.,Williams,English,Iona,Iona,10,4,0,1,0,,,,,2,2,40,Layup Shot,3,Field Goal Made,0,0,0,156,156,
1,17,33,Kenneth Smith with a lost ball turnover: Lost Ball,110384,,true,false,false,Kenneth,,Smith,,LaTech,,10,4,0,1,0,,,,,5,,2,Lost Ball,7,Turnover,,,,320,320,
1,17,28,Tre Bowman makes a layup shot. A.J. English with the assist.,97093,116345,true,true,false,Tre,A.J.,Bowman,English,Iona,Iona,10,6,0,1,0,,,,,4,2,40,Layup Shot,3,Field Goal Made,0,0,0,156,156,
1,17,22,Personal foul committed by A.J. English.,116345,,true,false,false,A.J.,,English,,Iona,,10,6,1,1,1,,,,,0,,1,Personal,8,Foul,,,,156,156,
1,17,06,Alex Hamilton misses a jump shot from 10 feet out.,116735,,true,false,false,Alex,,Hamilton,,LaTech,,10,6,1,1,0,,,,,0,2,45,Jump Shot,4,Field Goal Missed,10,3.7,9.1,320,320,
1,17,06,Michale Kyser with an offensive rebound.,110382,,true,false,false,Michale,,Kyser,,LaTech,,10,6,1,1,0,,,,,2,,,,5,Offensive Rebound,,,,320,320,
1,17,06,Michale Kyser misses a tip shot from 4 feet out.,110382,,true,false,false,Michale,,Kyser,,LaTech,,10,6,1,1,0,,,,,2,2,53,Tip Shot,4,Field Goal Missed,4,-1.6,3.6,320,320,
1,17,06,David Laury with a defensive rebound.,116348,,true,false,false,David,,Laury,,Iona,,10,6,1,1,0,,,,,0,,,,6,Defensive Rebound,,,,156,156,
1,17,01,Personal foul committed by Chris Anderson.,116736,,true,false,false,Chris,,Anderson,,LaTech,,10,6,1,2,1,,,,,3,,1,Personal,8,Foul,,,,320,320,
1,16,54,Sean Armand misses a 3-point jump shot from 26 feet out.,98314,,true,false,false,Sean,,Armand,,Iona,,10,6,1,2,0,,,,,0,3,45,Jump Shot,4,Field Goal Missed,26,18.5,18.1,156,156,
1,16,54,Michale Kyser with a defensive rebound.,110382,,true,false,false,Michale,,Kyser,,LaTech,,10,6,1,2,0,,,,,2,,,,6,Defensive Rebound,,,,320,320,
1,16,45,Alex Hamilton makes a jump shot from 14 feet out.,116735,,true,false,false,Alex,,Hamilton,,LaTech,,12,6,1,2,0,,,,,2,2,45,Jump Shot,3,Field Goal Made,14,13.9,3.8,320,320,
1,16,37,A.J. English makes a layup shot.,116345,,true,false,false,A.J.,,English,,Iona,,12,8,1,2,1,,,,,2,2,40,Layup Shot,3,Field Goal Made,0,0,0,156,156,
1,16,27,Chris Anderson makes a hook shot from 10 feet out. Michale Kyser with the assist.,116736,110382,true,true,false,Chris,Michale,Anderson,Kyser,LaTech,LaTech,14,8,1,2,1,,,,,5,2,55,Hook Shot,3,Field Goal Made,10,3.8,8.9,320,320,
1,16,14,A.J. English makes a jump shot from 17 feet out.,116345,,true,false,false,A.J.,,English,,Iona,,14,10,1,2,1,,,,,4,2,45,Jump Shot,3,Field Goal Made,17,9.8,13.7,156,156,
1,15,47,Kenyon McNeail makes a 3-point jump shot from 24 feet out. Kenneth Smith with the assist.,97729,110384,true,true,false,Kenyon,Kenneth,McNeail,Smith,LaTech,LaTech,17,10,1,2,0,,,,,3,3,45,Jump Shot,3,Field Goal Made,24,14,19,320,320,
1,15,38,A.J. English with a traveling turnover: Traveling,116345,,true,false,false,A.J.,,English,,Iona,,17,10,1,2,1,,,,,4,,4,Traveling,7,Turnover,,,,156,156,
1,15,36,Official TV timeout.,,,false,false,false,,,,,,,17,10,1,2,0,,,,,0,,3,Official TV,11,Timeout,,,,320,320,
1,15,23,Raheem Appleby misses a jump shot from 16 feet out.,110383,,true,false,false,Raheem,,Appleby,,LaTech,,17,10,1,2,0,,,,,0,2,45,Jump Shot,4,Field Goal Missed,16,-16,0,320,320,
1,15,23,A.J. English with a defensive rebound.,116345,,true,false,false,A.J.,,English,,Iona,,17,10,1,2,1,,,,,4,,,,6,Defensive Rebound,,,,156,156,
1,15,12,David Laury misses a layup shot.,116348,,true,false,false,David,,Laury,,Iona,,17,10,1,2,0,,,,,0,2,40,Layup Shot,4,Field Goal Missed,0,0,0,156,156,
1,15,12,Michale Kyser with a defensive rebound.,110382,,true,false,false,Michale,,Kyser,,LaTech,,17,10,1,2,0,,,,,2,,,,6,Defensive Rebound,,,,320,320,
1,15,03,Kenyon McNeail misses a 3-point jump shot from 24 feet out.,97729,,true,false,false,Kenyon,,McNeail,,LaTech,,17,10,1,2,0,,,,,3,3,45,Jump Shot,4,Field Goal Missed,24,17.4,16.9,320,320,
1,15,03,Sean Armand with a defensive rebound.,98314,,true,false,false,Sean,,Armand,,Iona,,17,10,1,2,0,,,,,0,,,,6,Defensive Rebound,,,,156,156,
1,14,55,Isaiah Williams makes a layup shot. Sean Armand with the assist.,121833,98314,true,true,false,Isaiah,Sean,Williams,Armand,Iona,Iona,17,12,1,2,0,,,,,4,2,40,Layup Shot,3,Field Goal Made,0,0,0,156,156,
1,14,44,Kenyon McNeail makes a 3-point jump shot from 23 feet out. Stojan Gjuroski with the assist.,97729,97726,true,true,false,Kenyon,Stojan,McNeail,Gjuroski,LaTech,LaTech,20,12,1,2,0,,,,,6,3,45,Jump Shot,3,Field Goal Made,23,-23.2,1.8,320,320,
1,14,25,A.J. English makes a 3-point jump shot from 22 feet out. David Laury with the assist.,116345,116348,true,true,false,A.J.,David,English,Laury,Iona,Iona,20,15,1,2,1,,,,,7,3,45,Jump Shot,3,Field Goal Made,22,15.4,15.4,156,156,
1,14,10,Kenneth Smith misses a layup shot.,110384,,true,false,false,Kenneth,,Smith,,LaTech,,20,15,1,2,0,,,,,5,2,40,Layup Shot,4,Field Goal Missed,0,0,0,320,320,
1,14,10,LaTech with an offensive rebound.,,,false,false,false,,,,,,,20,15,1,2,0,,,,,0,,,,5,Offensive Rebound,,,,320,320,
1,14,05,Chris Anderson makes a layup shot.,116736,,true,false,false,Chris,,Anderson,,LaTech,,22,15,1,2,1,,,,,7,2,40,Layup Shot,3,Field Goal Made,0,0,0,320,320,
1,13,53,Sean Armand misses a jump shot from 12 feet out.,98314,,true,false,false,Sean,,Armand,,Iona,,22,15,1,2,0,,,,,0,2,45,Jump Shot,4,Field Goal Missed,12,-8,10,156,156,
1,13,53,Cordarius Johnson with a defensive rebound.,100061,,true,false,false,Cordarius,,Johnson,,LaTech,,22,15,1,2,0,,,,,0,,,,6,Defensive Rebound,,,,320,320,
1,13,43,Kenneth Smith with a lost ball turnover: Lost Ball,110384,,true,false,false,Kenneth,,Smith,,LaTech,,22,15,1,2,0,,,,,5,,2,Lost Ball,7,Turnover,,,,320,320,
1,13,39,Shooting foul committed by Kenyon McNeail.,97729,,true,false,false,Kenyon,,McNeail,,LaTech,,22,15,1,3,1,,,,,6,,2,Shooting,8,Foul,,,,320,320,
1,13,39,Isaiah Williams makes free throw 1 of 2.,121833,,true,false,false,Isaiah,,Williams,,Iona,,22,16,1,3,0,,,,,5,1,11,Free Throw 1 of 2,1,Free Throw Made,,,,156,156,
1,13,39,Isaiah Williams makes free throw 2 of 2.,121833,,true,false,false,Isaiah,,Williams,,Iona,,22,17,1,3,0,,,,,6,1,12,Free Throw 2 of 2,1,Free Throw Made,,,,156,156,
1,13,39,Cordarius Johnson misses a layup shot.,100061,,true,false,false,Cordarius,,Johnson,,LaTech,,22,17,1,3,0,,,,,0,2,40,Layup Shot,4,Field Goal Missed,0,0,0,320,320,
1,13,39,A.J. English with a defensive rebound.,116345,,true,false,false,A.J.,,English,,Iona,,22,17,1,3,1,,,,,7,,,,6,Defensive Rebound,,,,156,156,
1,13,21,Sean Armand misses a 3-point jump shot from 23 feet out.,98314,,true,false,false,Sean,,Armand,,Iona,,22,17,1,3,0,,,,,0,3,45,Jump Shot,4,Field Goal Missed,23,-11.5,20.5,156,156,
1,13,21,Alex Hamilton with a defensive rebound.,116735,,true,false,false,Alex,,Hamilton,,LaTech,,22,17,1,3,0,,,,,2,,,,6,Defensive Rebound,,,,320,320,
1,13,14,Raheem Appleby makes a layup shot. Alex Hamilton with the assist.,110383,116735,true,true,false,Raheem,Alex,Appleby,Hamilton,LaTech,LaTech,24,17,1,3,0,,,,,2,2,40,Layup Shot,3,Field Goal Made,0,0,0,320,320,
1,13,02,Personal foul committed by Raheem Appleby.,110383,,true,false,false,Raheem,,Appleby,,LaTech,,24,17,1,4,1,,,,,2,,1,Personal,8,Foul,,,,320,320,
1,12,52,David Laury misses a jump shot from 12 feet out.,116348,,true,false,false,David,,Laury,,Iona,,24,17,1,4,0,,,,,0,2,45,Jump Shot,4,Field Goal Missed,12,2,11.5,156,156,
1,12,52,Chris Anderson with a defensive rebound.,116736,,true,false,false,Chris,,Anderson,,LaTech,,24,17,1,4,1,,,,,7,,,,6,Defensive Rebound,,,,320,320,
1,12,41,Alex Hamilton misses a jump shot from 14 feet out.,116735,,true,false,false,Alex,,Hamilton,,LaTech,,24,17,1,4,0,,,,,2,2,45,Jump Shot,4,Field Goal Missed,14,12.7,6.9,320,320,
1,12,41,David Laury with a defensive rebound.,116348,,true,false,false,David,,Laury,,Iona,,24,17,1,4,0,,,,,0,,,,6,Defensive Rebound,,,,156,156,
1,12,35,Isaiah Williams makes a layup shot. Sean Armand with the assist.,121833,98314,true,true,false,Isaiah,Sean,Williams,Armand,Iona,Iona,24,19,1,4,0,,,,,8,2,40,Layup Shot,3,Field Goal Made,0,0,0,156,156,
1,12,23,Kenyon McNeail misses a 3-point jump shot from 23 feet out.,97729,,true,false,false,Kenyon,,McNeail,,LaTech,,24,19,1,4,1,,,,,6,3,45,Jump Shot,4,Field Goal Missed,23,-12.5,19.3,320,320,
1,12,23,LaTech with an offensive rebound.,,,false,false,false,,,,,,,24,19,1,4,0,,,,,0,,,,5,Offensive Rebound,,,,320,320,
1,12,05,Personal foul committed by Isaiah Williams.,121833,,true,false,false,Isaiah,,Williams,,Iona,,24,19,2,4,1,,,,,8,,1,Personal,8,Foul,,,,156,156,
1,12,05,Personal foul committed by Tavon Sledge.,109483,,true,false,false,Tavon,,Sledge,,Iona,,24,19,3,4,1,,,,,0,,1,Personal,8,Foul,,,,156,156,
1,12,00,Chris Anderson misses a layup shot.,116736,,true,false,false,Chris,,Anderson,,LaTech,,24,19,3,4,1,,,,,7,2,40,Layup Shot,4,Field Goal Missed,0,0,0,320,320,
1,12,00,David Laury with a defensive rebound.,116348,,true,false,false,David,,Laury,,Iona,,24,19,3,4,0,,,,,0,,,,6,Defensive Rebound,,,,156,156,
1,11,58,Official TV timeout.,,,false,false,false,,,,,,,24,19,3,4,0,,,,,0,,3,Official TV,11,Timeout,,,,320,320,
1,11,47,Sean Armand misses a layup shot.,98314,,true,false,false,Sean,,Armand,,Iona,,24,19,3,4,0,,,,,0,2,40,Layup Shot,4,Field Goal Missed,0,0,0,156,156,
1,11,47,David Laury with an offensive rebound.,116348,,true,false,false,David,,Laury,,Iona,,24,19,3,4,0,,,,,0,,,,5,Offensive Rebound,,,,156,156,
1,11,47,A.J. English misses a 3-point jump shot from 24 feet out.,116345,,true,false,false,A.J.,,English,,Iona,,24,19,3,4,1,,,,,7,3,45,Jump Shot,4,Field Goal Missed,24,-7.7,22.5,156,156,
1,11,47,Jaron Johnson with a defensive rebound.,116738,,true,false,false,Jaron,,Johnson,,LaTech,,24,19,3,4,1,,,,,0,,,,6,Defensive Rebound,,,,320,320,
1,11,47,Personal foul committed by Sean Armand.,98314,,true,false,false,Sean,,Armand,,Iona,,24,19,4,4,1,,,,,0,,1,Personal,8,Foul,,,,156,156,
1,11,29,Alex Hamilton makes a layup shot.,116735,,true,false,false,Alex,,Hamilton,,LaTech,,26,19,4,4,0,,,,,4,2,40,Layup Shot,3,Field Goal Made,0,0,0,320,320,
1,11,23,A.J. English makes a jump shot from 16 feet out.,116345,,true,false,false,A.J.,,English,,Iona,,26,21,4,4,1,,,,,9,2,45,Jump Shot,3,Field Goal Made,16,15,7,156,156,
1,10,50,Personal foul committed by Mike Poole.,97400,,true,false,false,Mike,,Poole,,Iona,,26,21,5,4,1,,,,,0,,1,Personal,8,Foul,,,,156,156,
1,10,29,Chris Anderson misses a layup shot.,116736,,true,false,false,Chris,,Anderson,,LaTech,,26,21,5,4,1,,,,,7,2,40,Layup Shot,4,Field Goal Missed,0,0,0,320,320,
1,10,29,David Laury with a defensive rebound.,116348,,true,false,false,David,,Laury,,Iona,,26,21,5,4,0,,,,,0,,,,6,Defensive Rebound,,,,156,156,
1,10,22,David Laury with a lost ball turnover: Lost Ball,116348,,true,false,false,David,,Laury,,Iona,,26,21,5,4,0,,,,,0,,2,Lost Ball,7,Turnover,,,,156,156,
1,10,18,Alex Hamilton makes a layup shot. Chris Anderson with the assist.,116735,116736,true,true,false,Alex,Chris,Hamilton,Anderson,LaTech,LaTech,28,21,5,4,0,,,,,6,2,40,Layup Shot,3,Field Goal Made,0,0,0,320,320,
1,10,11,A.J. English misses a jump shot from 11 feet out.,116345,,true,false,false,A.J.,,English,,Iona,,28,21,5,4,1,,,,,9,2,45,Jump Shot,4,Field Goal Missed,11,6.9,8.1,156,156,
1,10,11,David Laury with an offensive rebound.,116348,,true,false,false,David,,Laury,,Iona,,28,21,5,4,0,,,,,0,,,,5,Offensive Rebound,,,,156,156,
1,10,11,Shooting foul committed by Kenyon McNeail.,97729,,true,false,false,Kenyon,,McNeail,,LaTech,,28,21,5,5,2,,,,,6,,2,Shooting,8,Foul,,,,320,320,
1,10,11,David Laury makes free throw 1 of 2.,116348,,true,false,false,David,,Laury,,Iona,,28,22,5,5,0,,,,,1,1,11,Free Throw 1 of 2,1,Free Throw Made,,,,156,156,
1,10,11,David Laury makes free throw 2 of 2.,116348,,true,false,false,David,,Laury,,Iona,,28,23,5,5,0,,,,,2,1,12,Free Throw 2 of 2,1,Free Throw Made,,,,156,156,
1,10,05,Personal foul committed by Isaiah Williams.,121833,,true,false,false,Isaiah,,Williams,,Iona,,28,23,6,5,2,,,,,8,,1,Personal,8,Foul,,,,156,156,
1,9,49,Chris Anderson misses a 3-point jump shot from 22 feet out.,116736,,true,false,false,Chris,,Anderson,,LaTech,,28,23,6,5,1,,,,,7,3,45,Jump Shot,4,Field Goal Missed,22,-22.2,3.6,320,320,
1,9,49,Chris Anderson with an offensive rebound.,116736,,true,false,false,Chris,,Anderson,,LaTech,,28,23,6,5,1,,,,,7,,,,5,Offensive Rebound,,,,320,320,
1,9,33,Alex Hamilton misses a 3-point jump shot from 25 feet out.,116735,,true,false,false,Alex,,Hamilton,,LaTech,,28,23,6,5,0,,,,,6,3,45,Jump Shot,4,Field Goal Missed,25,15.9,19.6,320,320,
1,9,33,Kenneth Smith with an offensive rebound.,110384,,true,false,false,Kenneth,,Smith,,LaTech,,28,23,6,5,0,,,,,5,,,,5,Offensive Rebound,,,,320,320,
1,9,17,Jaron Johnson misses a 3-point jump shot from 22 feet out.,116738,,true,false,false,Jaron,,Johnson,,LaTech,,28,23,6,5,1,,,,,0,3,45,Jump Shot,4,Field Goal Missed,22,21.9,2.6,320,320,
1,9,17,Mike Poole with a defensive rebound.,97400,,true,false,false,Mike,,Poole,,Iona,,28,23,6,5,1,,,,,0,,,,6,Defensive Rebound,,,,156,156,
1,9,03,Mike Poole misses a 3-point jump shot from 23 feet out.,97400,,true,false,false,Mike,,Poole,,Iona,,28,23,6,5,1,,,,,0,3,45,Jump Shot,4,Field Goal Missed,23,22.5,2.8,156,156,
1,9,03,Tavon Sledge with an offensive rebound.,109483,,true,false,false,Tavon,,Sledge,,Iona,,28,23,6,5,1,,,,,0,,,,5,Offensive Rebound,,,,156,156,
1,8,34,Sean Armand misses a 3-point jump shot from 23 feet out.,98314,,true,false,false,Sean,,Armand,,Iona,,28,23,6,5,1,,,,,0,3,45,Jump Shot,4,Field Goal Missed,23,-13,19,156,156,
1,8,34,Michale Kyser with a defensive rebound.,110382,,true,false,false,Michale,,Kyser,,LaTech,,28,23,6,5,0,,,,,2,,,,6,Defensive Rebound,,,,320,320,
1,8,34,Michale Kyser misses a tip shot from 5 feet out.,110382,,true,false,false,Michale,,Kyser,,LaTech,,28,23,6,5,0,,,,,2,2,53,Tip Shot,4,Field Goal Missed,5,4,4,320,320,
1,8,34,Jaron Johnson with an offensive rebound.,116738,,true,false,false,Jaron,,Johnson,,LaTech,,28,23,6,5,1,,,,,0,,,,5,Offensive Rebound,,,,320,320,
1,8,34,Jaron Johnson makes a dunk shot.,116738,,true,false,false,Jaron,,Johnson,,LaTech,,30,23,6,5,1,,,,,2,2,48,Dunk Shot,3,Field Goal Made,0,0,0,320,320,
1,8,25,Tavon Sledge makes a layup shot.,109483,,true,false,false,Tavon,,Sledge,,Iona,,30,25,6,5,1,,,,,2,2,40,Layup Shot,3,Field Goal Made,0,0,0,156,156,
1,8,17,Michale Kyser makes a dunk shot. Alex Hamilton with the assist.,110382,116735,true,true,false,Michale,Alex,Kyser,Hamilton,LaTech,LaTech,32,25,6,5,0,,,,,4,2,48,Dunk Shot,3,Field Goal Made,0,0,0,320,320,
1,8,06,A.J. English makes a 3-point jump shot from 25 feet out.,116345,,true,false,false,A.J.,,English,,Iona,,32,28,6,5,1,,,,,12,3,45,Jump Shot,3,Field Goal Made,25,2.1,24.7,156,156,
1,7,59,Official TV timeout.,,,false,false,false,,,,,,,32,28,6,5,0,,,,,0,,3,Official TV,11,Timeout,,,,320,320,
1,7,33,Cordarius Johnson misses a layup shot.,100061,,true,false,false,Cordarius,,Johnson,,LaTech,,32,28,6,5,0,,,,,0,2,40,Layup Shot,4,Field Goal Missed,0,0,0,320,320,
1,7,33,Jaron Johnson with an offensive rebound.,116738,,true,false,false,Jaron,,Johnson,,LaTech,,32,28,6,5,1,,,,,2,,,,5,Offensive Rebound,,,,320,320,
1,7,18,Jaron Johnson misses a jump shot from 6 feet out.,116738,,true,false,false,Jaron,,Johnson,,LaTech,,32,28,6,5,1,,,,,2,2,45,Jump Shot,4,Field Goal Missed,6,-3,6,320,320,
1,7,18,Cordarius Johnson with an offensive rebound.,100061,,true,false,false,Cordarius,,Johnson,,LaTech,,32,28,6,5,0,,,,,0,,,,5,Offensive Rebound,,,,320,320,
1,7,13,Cordarius Johnson makes a layup shot.,100061,,true,false,false,Cordarius,,Johnson,,LaTech,,34,28,6,5,0,,,,,2,2,40,Layup Shot,3,Field Goal Made,0,0,0,320,320,
1,7,06,A.J. English misses a 3-point jump shot from 25 feet out.,116345,,true,false,false,A.J.,,English,,Iona,,34,28,6,5,1,,,,,12,3,45,Jump Shot,4,Field Goal Missed,25,-13.4,21.3,156,156,
1,7,06,Cordarius Johnson with a defensive rebound.,100061,,true,false,false,Cordarius,,Johnson,,LaTech,,34,28,6,5,0,,,,,2,,,,6,Defensive Rebound,,,,320,320,
1,7,00,Jaron Johnson makes a layup shot. Kenneth Smith with the assist.,116738,110384,true,true,false,Jaron,Kenneth,Johnson,Smith,LaTech,LaTech,36,28,6,5,1,,,,,4,2,40,Layup Shot,3,Field Goal Made,0,0,0,320,320,
1,6,59,Shooting foul committed by David Laury.,116348,,true,false,false,David,,Laury,,Iona,,36,28,7,5,1,,,,,2,,2,Shooting,8,Foul,,,,156,156,
1,6,59,Jaron Johnson misses free throw 1 of 1.,116738,,true,false,false,Jaron,,Johnson,,LaTech,,36,28,7,5,1,,,,,4,1,10,Free Throw 1 of 1,2,Free Throw Missed,,,,320,320,
1,6,59,Mike Poole with a defensive rebound.,97400,,true,false,false,Mike,,Poole,,Iona,,36,28,7,5,1,,,,,0,,,,6,Defensive Rebound,,,,156,156,
1,6,57,Tre Bowman misses a jump shot from 13 feet out.,97093,,true,false,false,Tre,,Bowman,,Iona,,36,28,7,5,0,,,,,4,2,45,Jump Shot,4,Field Goal Missed,13,11.3,5.7,156,156,
1,6,57,Iona with an offensive rebound.,,,false,false,false,,,,,,,36,28,7,5,0,,,,,0,,,,5,Offensive Rebound,,,,156,156,
1,6,52,A.J. English makes a layup shot.,116345,,true,false,false,A.J.,,English,,Iona,,36,30,7,5,1,,,,,14,2,40,Layup Shot,3,Field Goal Made,0,0,0,156,156,
1,6,21,Kenneth Smith makes a 3-point jump shot from 27 feet out. Raheem Appleby with the assist.,110384,110383,true,true,false,Kenneth,Raheem,Smith,Appleby,LaTech,LaTech,39,30,7,5,0,,,,,8,3,45,Jump Shot,3,Field Goal Made,27,-12,24.4,320,320,
1,6,05,Mike Poole makes a layup shot. A.J. English with the assist.,97400,116345,true,true,false,Mike,A.J.,Poole,English,Iona,Iona,39,32,7,5,1,,,,,2,2,40,Layup Shot,3,Field Goal Made,0,0,0,156,156,
1,6,05,Shooting foul committed by Kenneth Smith.,110384,,true,false,false,Kenneth,,Smith,,LaTech,,39,32,7,6,1,,,,,8,,2,Shooting,8,Foul,,,,320,320,
1,6,05,Mike Poole makes free throw 1 of 1.,97400,,true,false,false,Mike,,Poole,,Iona,,39,33,7,6,1,,,,,3,1,10,Free Throw 1 of 1,1,Free Throw Made,,,,156,156,
1,5,45,Shooting foul committed by Sean Armand.,98314,,true,false,false,Sean,,Armand,,Iona,,39,33,8,6,2,,,,,0,,2,Shooting,8,Foul,,,,156,156,
1,5,45,Jaron Johnson makes free throw 1 of 2.,116738,,true,false,false,Jaron,,Johnson,,LaTech,,40,33,8,6,1,,,,,5,1,11,Free Throw 1 of 2,1,Free Throw Made,,,,320,320,
1,5,45,Jaron Johnson makes free throw 2 of 2.,116738,,true,false,false,Jaron,,Johnson,,LaTech,,41,33,8,6,1,,,,,6,1,12,Free Throw 2 of 2,1,Free Throw Made,,,,320,320,
1,5,31,A.J. English makes a 3-point jump shot from 23 feet out. Sean Armand with the assist.,116345,98314,true,true,false,A.J.,Sean,English,Armand,Iona,Iona,41,36,8,6,1,,,,,17,3,45,Jump Shot,3,Field Goal Made,23,13.5,19.1,156,156,
1,5,12,Raheem Appleby misses a layup shot.,110383,,true,false,false,Raheem,,Appleby,,LaTech,,41,36,8,6,1,,,,,2,2,40,Layup Shot,4,Field Goal Missed,0,0,0,320,320,
1,5,12,A.J. English with a defensive rebound.,116345,,true,false,false,A.J.,,English,,Iona,,41,36,8,6,1,,,,,17,,,,6,Defensive Rebound,,,,156,156,
1,5,07,Sean Armand misses a 3-point jump shot from 24 feet out.,98314,,true,false,false,Sean,,Armand,,Iona,,41,36,8,6,2,,,,,0,3,45,Jump Shot,4,Field Goal Missed,24,-21,12,156,156,
1,5,07,Michale Kyser with a defensive rebound.,110382,,true,false,false,Michale,,Kyser,,LaTech,,41,36,8,6,0,,,,,4,,,,6,Defensive Rebound,,,,320,320,
1,5,07,Personal foul committed by A.J. English.,116345,,true,false,false,A.J.,,English,,Iona,,41,36,9,6,2,,,,,17,,1,Personal,8,Foul,,,,156,156,
1,5,07,Michale Kyser misses free throw 1st of 1-and-1.,110382,,true,false,false,Michale,,Kyser,,LaTech,,41,36,9,6,0,,,,,4,1,8,Free Throw 1st of 1-and-1,2,Free Throw Missed,,,,320,320,
1,5,07,Tre Bowman with a defensive rebound.,97093,,true,false,false,Tre,,Bowman,,Iona,,41,36,9,6,0,,,,,4,,,,6,Defensive Rebound,,,,156,156,
1,5,06,Mike Poole makes a dunk shot.,97400,,true,false,false,Mike,,Poole,,Iona,,41,38,9,6,1,,,,,5,2,48,Dunk Shot,3,Field Goal Made,0,0,0,156,156,
1,5,06,LaTech take a 20-second timeout.,,,false,false,false,,,,,,,41,38,9,6,0,,,,,0,,2,Short,11,Timeout,,,,320,320,
1,4,57,Kenneth Smith with a lost ball turnover: Lost Ball,110384,,true,false,false,Kenneth,,Smith,,LaTech,,41,38,9,6,1,,,,,8,,2,Lost Ball,7,Turnover,,,,320,320,
1,4,56,Shooting foul committed by Michale Kyser.,110382,,true,false,false,Michale,,Kyser,,LaTech,,41,38,9,7,1,,,,,4,,2,Shooting,8,Foul,,,,320,320,
1,4,56,A.J. English makes free throw 1 of 2.,116345,,true,false,false,A.J.,,English,,Iona,,41,39,9,7,2,,,,,18,1,11,Free Throw 1 of 2,1,Free Throw Made,,,,156,156,
1,4,56,A.J. English makes free throw 2 of 2.,116345,,true,false,false,A.J.,,English,,Iona,,41,40,9,7,2,,,,,19,1,12,Free Throw 2 of 2,1,Free Throw Made,,,,156,156,
1,4,30,Chris Anderson misses a layup shot.,116736,,true,false,false,Chris,,Anderson,,LaTech,,41,40,9,7,1,,,,,7,2,40,Layup Shot,4,Field Goal Missed,0,0,0,320,320,
1,4,30,Chris Anderson with an offensive rebound.,116736,,true,false,false,Chris,,Anderson,,LaTech,,41,40,9,7,1,,,,,7,,,,5,Offensive Rebound,,,,320,320,
1,4,30,Chris Anderson misses a layup shot.,116736,,true,false,false,Chris,,Anderson,,LaTech,,41,40,9,7,1,,,,,7,2,40,Layup Shot,4,Field Goal Missed,0,0,0,320,320,
1,4,30,Michale Kyser with an offensive rebound.,110382,,true,false,false,Michale,,Kyser,,LaTech,,41,40,9,7,1,,,,,4,,,,5,Offensive Rebound,,,,320,320,
1,4,30,Shooting foul committed by Sean Armand.,98314,,true,false,false,Sean,,Armand,,Iona,,41,40,10,7,3,,,,,0,,2,Shooting,8,Foul,,,,156,156,
1,4,30,Michale Kyser misses free throw 1 of 2.,110382,,true,false,false,Michale,,Kyser,,LaTech,,41,40,10,7,1,,,,,4,1,11,Free Throw 1 of 2,2,Free Throw Missed,,,,320,320,
1,4,30,LaTech with an offensive rebound.,,,false,false,false,,,,,,,41,40,10,7,0,,,,,0,,,,5,Offensive Rebound,,,,320,320,
1,4,30,Michale Kyser makes free throw 2 of 2.,110382,,true,false,false,Michale,,Kyser,,LaTech,,42,40,10,7,1,,,,,5,1,12,Free Throw 2 of 2,1,Free Throw Made,,,,320,320,
1,4,18,Mike Poole misses a jump shot from 10 feet out.,97400,,true,false,false,Mike,,Poole,,Iona,,42,40,10,7,1,,,,,5,2,45,Jump Shot,4,Field Goal Missed,10,5,8,156,156,
1,4,18,Chris Anderson with a defensive rebound.,116736,,true,false,false,Chris,,Anderson,,LaTech,,42,40,10,7,1,,,,,7,,,,6,Defensive Rebound,,,,320,320,
1,4,11,Jaron Johnson makes a jump shot from 13 feet out. Kenneth Smith with the assist.,116738,110384,true,true,false,Jaron,Kenneth,Johnson,Smith,LaTech,LaTech,44,40,10,7,1,,,,,8,2,45,Jump Shot,3,Field Goal Made,13,9,10,320,320,
1,4,05,A.J. English misses a 3-point jump shot from 24 feet out.,116345,,true,false,false,A.J.,,English,,Iona,,44,40,10,7,2,,,,,19,3,45,Jump Shot,4,Field Goal Missed,24,-15,18,156,156,
1,4,05,Jaron Johnson with a defensive rebound.,116738,,true,false,false,Jaron,,Johnson,,LaTech,,44,40,10,7,1,,,,,8,,,,6,Defensive Rebound,,,,320,320,
1,3,57,Michale Kyser makes a dunk shot. Alex Hamilton with the assist.,110382,116735,true,true,false,Michale,Alex,Kyser,Hamilton,LaTech,LaTech,46,40,10,7,1,,,,,7,2,48,Dunk Shot,3,Field Goal Made,0,0,0,320,320,
1,3,42,Mike Poole makes a jump shot from 16 feet out. David Laury with the assist.,97400,116348,true,true,false,Mike,David,Poole,Laury,Iona,Iona,46,42,10,7,1,,,,,7,2,45,Jump Shot,3,Field Goal Made,16,-16,1,156,156,
1,3,25,Jaron Johnson misses a 3-point jump shot from 24 feet out.,116738,,true,false,false,Jaron,,Johnson,,LaTech,,46,42,10,7,1,,,,,8,3,45,Jump Shot,4,Field Goal Missed,24,23.6,2.8,320,320,
1,3,25,Tre Bowman with a defensive rebound.,97093,,true,false,false,Tre,,Bowman,,Iona,,46,42,10,7,0,,,,,4,,,,6,Defensive Rebound,,,,156,156,
1,3,19,Tre Bowman misses a layup shot.,97093,,true,false,false,Tre,,Bowman,,Iona,,46,42,10,7,0,,,,,4,2,40,Layup Shot,4,Field Goal Missed,0,0,0,156,156,
1,3,19,Michale Kyser with a defensive rebound.,110382,,true,false,false,Michale,,Kyser,,LaTech,,46,42,10,7,1,,,,,7,,,,6,Defensive Rebound,,,,320,320,
1,3,01,Alex Hamilton with a lost ball turnover: Lost Ball,116735,,true,false,false,Alex,,Hamilton,,LaTech,,46,42,10,7,0,,,,,6,,2,Lost Ball,7,Turnover,,,,320,320,
1,2,56,Tre Bowman makes a layup shot. Isaiah Williams with the assist.,97093,121833,true,true,false,Tre,Isaiah,Bowman,Williams,Iona,Iona,46,44,10,7,0,,,,,6,2,40,Layup Shot,3,Field Goal Made,0,0,0,156,156,
1,2,48,Alex Hamilton misses a jump shot from 17 feet out.,116735,,true,false,false,Alex,,Hamilton,,LaTech,,46,44,10,7,0,,,,,6,2,45,Jump Shot,4,Field Goal Missed,17,11.8,12.8,320,320,
1,2,48,David Laury with a defensive rebound.,116348,,true,false,false,David,,Laury,,Iona,,46,44,10,7,1,,,,,2,,,,6,Defensive Rebound,,,,156,156,
1,2,27,David Laury with a lost ball turnover: Lost Ball,116348,,true,false,false,David,,Laury,,Iona,,46,44,10,7,1,,,,,2,,2,Lost Ball,7,Turnover,,,,156,156,
1,2,21,Kenneth Smith misses a 3-point jump shot from 23 feet out.,110384,,true,false,false,Kenneth,,Smith,,LaTech,,46,44,10,7,1,,,,,8,3,45,Jump Shot,4,Field Goal Missed,23,18.8,13.5,320,320,
1,2,21,David Laury with a defensive rebound.,116348,,true,false,false,David,,Laury,,Iona,,46,44,10,7,1,,,,,2,,,,6,Defensive Rebound,,,,156,156,
1,2,14,Shooting foul committed by Michale Kyser.,110382,,true,false,false,Michale,,Kyser,,LaTech,,46,44,10,8,2,,,,,7,,2,Shooting,8,Foul,,,,320,320,
1,2,14,Official TV timeout.,,,false,false,false,,,,,,,46,44,10,8,0,,,,,0,,3,Official TV,11,Timeout,,,,320,320,
1,2,14,David Laury makes free throw 1 of 2.,116348,,true,false,false,David,,Laury,,Iona,,46,45,10,8,1,,,,,3,1,11,Free Throw 1 of 2,1,Free Throw Made,,,,156,156,
1,2,14,David Laury makes free throw 2 of 2.,116348,,true,false,false,David,,Laury,,Iona,,46,46,10,8,1,,,,,4,1,12,Free Throw 2 of 2,1,Free Throw Made,,,,156,156,
1,1,57,Stojan Gjuroski misses a 3-point jump shot from 23 feet out.,97726,,true,false,false,Stojan,,Gjuroski,,LaTech,,46,46,10,8,0,,,,,0,3,45,Jump Shot,4,Field Goal Missed,23,-22.4,2.8,320,320,
1,1,57,Tavon Sledge with a defensive rebound.,109483,,true,false,false,Tavon,,Sledge,,Iona,,46,46,10,8,1,,,,,2,,,,6,Defensive Rebound,,,,156,156,
1,1,48,David Laury makes a layup shot. Mike Poole with the assist.,116348,97400,true,true,false,David,Mike,Laury,Poole,Iona,Iona,46,48,10,8,1,,,,,6,2,40,Layup Shot,3,Field Goal Made,0,0,0,156,156,
1,1,45,Shooting foul committed by Stojan Gjuroski.,97726,,true,false,false,Stojan,,Gjuroski,,LaTech,,46,48,10,9,1,,,,,0,,2,Shooting,8,Foul,,,,320,320,
1,1,45,David Laury misses free throw 1 of 1.,116348,,true,false,false,David,,Laury,,Iona,,46,48,10,9,1,,,,,6,1,10,Free Throw 1 of 1,2,Free Throw Missed,,,,156,156,
1,1,45,Chris Anderson with a defensive rebound.,116736,,true,false,false,Chris,,Anderson,,LaTech,,46,48,10,9,1,,,,,7,,,,6,Defensive Rebound,,,,320,320,
1,1,39,Cordarius Johnson makes a layup shot.,100061,,true,false,false,Cordarius,,Johnson,,LaTech,,48,48,10,9,0,,,,,4,2,40,Layup Shot,3,Field Goal Made,0,0,0,320,320,
1,1,29,Mike Poole misses a jump shot from 18 feet out.,97400,,true,false,false,Mike,,Poole,,Iona,,48,48,10,9,1,,,,,7,2,45,Jump Shot,4,Field Goal Missed,18,13,13,156,156,
1,1,29,Kenneth Smith with a defensive rebound.,110384,,true,false,false,Kenneth,,Smith,,LaTech,,48,48,10,9,1,,,,,8,,,,6,Defensive Rebound,,,,320,320,
1,1,07,Cordarius Johnson misses a jump shot from 14 feet out.,100061,,true,false,false,Cordarius,,Johnson,,LaTech,,48,48,10,9,0,,,,,4,2,45,Jump Shot,4,Field Goal Missed,14,-1.4,13.9,320,320,
1,1,07,Mike Poole with a defensive rebound.,97400,,true,false,false,Mike,,Poole,,Iona,,48,48,10,9,1,,,,,7,,,,6,Defensive Rebound,,,,156,156,
1,0,48.4,A.J. English misses a 3-point jump shot from 24 feet out.,116345,,true,false,false,A.J.,,English,,Iona,,48,48,10,9,2,,,,,19,3,45,Jump Shot,4,Field Goal Missed,24,-23.6,3.1,156,156,
1,0,48.4,Raheem Appleby with a defensive rebound.,110383,,true,false,false,Raheem,,Appleby,,LaTech,,48,48,10,9,1,,,,,2,,,,6,Defensive Rebound,,,,320,320,
1,0,35.9,Cordarius Johnson misses a 3-point jump shot from 23 feet out.,100061,,true,false,false,Cordarius,,Johnson,,LaTech,,48,48,10,9,0,,,,,4,3,45,Jump Shot,4,Field Goal Missed,23,-23,2.6,320,320,
1,0,35.9,David Laury with a defensive rebound.,116348,,true,false,false,David,,Laury,,Iona,,48,48,10,9,1,,,,,6,,,,6,Defensive Rebound,,,,156,156,
1,0,01.8,A.J. English misses a layup shot.,116345,,true,false,false,A.J.,,English,,Iona,,48,48,10,9,2,,,,,19,2,40,Layup Shot,4,Field Goal Missed,0,0,0,156,156,
1,0,01.8,Raheem Appleby with a defensive rebound.,110383,,true,false,false,Raheem,,Appleby,,LaTech,,48,48,10,9,1,,,,,2,,,,6,Defensive Rebound,,,,320,320,
1,0,00,End of the 1st Half,,,false,false,false,,,,,,,48,48,10,9,0,,,,,0,,,,15,End Period,,,,320,320,
2,20,00,Start of the 2nd Half,,,false,false,false,,,,,,,48,48,0,0,0,,,,,0,,,,14,Start Period,,,,320,320,
2,19,40,Isaiah Williams makes a 3-point jump shot from 23 feet out. Sean Armand with the assist.,121833,98314,true,true,false,Isaiah,Sean,Williams,Armand,Iona,Iona,48,51,0,0,2,,,,,11,3,45,Jump Shot,3,Field Goal Made,23,-23,2,156,156,
2,19,08,Alex Hamilton misses a 3-point jump shot from 23 feet out.,116735,,true,false,false,Alex,,Hamilton,,LaTech,,48,51,0,0,0,,,,,6,3,45,Jump Shot,4,Field Goal Missed,23,-16.1,16.6,320,320,
2,19,08,Alex Hamilton with an offensive rebound.,116735,,true,false,false,Alex,,Hamilton,,LaTech,,48,51,0,0,0,,,,,6,,,,5,Offensive Rebound,,,,320,320,
2,19,00,Michale Kyser makes a dunk shot. Kenneth Smith with the assist.,110382,110384,true,true,false,Michale,Kenneth,Kyser,Smith,LaTech,LaTech,50,51,0,0,2,,,,,9,2,48,Dunk Shot,3,Field Goal Made,0,0,0,320,320,
2,18,50,David Laury with a lost ball turnover: Lost Ball,116348,,true,false,false,David,,Laury,,Iona,,50,51,0,0,1,,,,,6,,2,Lost Ball,7,Turnover,,,,156,156,
2,18,41,Alex Hamilton misses a 3-point jump shot from 23 feet out.,116735,,true,false,false,Alex,,Hamilton,,LaTech,,50,51,0,0,0,,,,,6,3,45,Jump Shot,4,Field Goal Missed,23,23,4.2,320,320,
2,18,41,Chris Anderson with an offensive rebound.,116736,,true,false,false,Chris,,Anderson,,LaTech,,50,51,0,0,1,,,,,7,,,,5,Offensive Rebound,,,,320,320,
2,18,34,Kenneth Smith misses a 3-point jump shot from 23 feet out.,110384,,true,false,false,Kenneth,,Smith,,LaTech,,50,51,0,0,1,,,,,8,3,45,Jump Shot,4,Field Goal Missed,23,-20.7,10.6,320,320,
2,18,34,David Laury with a defensive rebound.,116348,,true,false,false,David,,Laury,,Iona,,50,51,0,0,1,,,,,6,,,,6,Defensive Rebound,,,,156,156,
2,18,26,A.J. English with a lost ball turnover: Lost Ball,116345,,true,false,false,A.J.,,English,,Iona,,50,51,0,0,2,,,,,19,,2,Lost Ball,7,Turnover,,,,156,156,
2,18,22,Alex Hamilton makes a layup shot.,116735,,true,false,false,Alex,,Hamilton,,LaTech,,52,51,0,0,0,,,,,8,2,40,Layup Shot,3,Field Goal Made,0,0,0,320,320,
2,18,12,Personal foul committed by Alex Hamilton.,116735,,true,false,false,Alex,,Hamilton,,LaTech,,52,51,0,1,1,,,,,8,,1,Personal,8,Foul,,,,320,320,
2,17,59,Sean Armand misses a layup shot.,98314,,true,false,false,Sean,,Armand,,Iona,,52,51,0,1,3,,,,,0,2,40,Layup Shot,4,Field Goal Missed,0,0,0,156,156,
2,17,59,David Laury with an offensive rebound.,116348,,true,false,false,David,,Laury,,Iona,,52,51,0,1,1,,,,,6,,,,5,Offensive Rebound,,,,156,156,
2,17,54,David Laury makes a dunk shot.,116348,,true,false,false,David,,Laury,,Iona,,52,53,0,1,1,,,,,8,2,48,Dunk Shot,3,Field Goal Made,0,0,0,156,156,
2,17,28,Alex Hamilton with a lost ball turnover: Lost Ball,116735,,true,false,false,Alex,,Hamilton,,LaTech,,52,53,0,1,1,,,,,8,,2,Lost Ball,7,Turnover,,,,320,320,
2,17,28,Shooting foul committed by Chris Anderson.,116736,,true,false,false,Chris,,Anderson,,LaTech,,52,53,0,2,2,,,,,7,,2,Shooting,8,Foul,,,,320,320,
2,17,28,Tre Bowman misses free throw 1 of 2.,97093,,true,false,false,Tre,,Bowman,,Iona,,52,53,0,2,0,,,,,6,1,11,Free Throw 1 of 2,2,Free Throw Missed,,,,156,156,
2,17,28,Iona with an offensive rebound.,,,false,false,false,,,,,,,52,53,0,2,0,,,,,0,,,,5,Offensive Rebound,,,,156,156,
2,17,28,Tre Bowman misses free throw 2 of 2.,97093,,true,false,false,Tre,,Bowman,,Iona,,52,53,0,2,0,,,,,6,1,12,Free Throw 2 of 2,2,Free Throw Missed,,,,156,156,
2,17,28,Chris Anderson with a defensive rebound.,116736,,true,false,false,Chris,,Anderson,,LaTech,,52,53,0,2,2,,,,,7,,,,6,Defensive Rebound,,,,320,320,
2,17,13,Chris Anderson with a lost ball turnover: Lost Ball,116736,,true,false,false,Chris,,Anderson,,LaTech,,52,53,0,2,2,,,,,7,,2,Lost Ball,7,Turnover,,,,320,320,
2,17,09,Tre Bowman with a lost ball turnover: Lost Ball,97093,,true,false,false,Tre,,Bowman,,Iona,,52,53,0,2,0,,,,,6,,2,Lost Ball,7,Turnover,,,,156,156,
2,16,57,Chris Anderson misses a layup shot.,116736,,true,false,false,Chris,,Anderson,,LaTech,,52,53,0,2,2,,,,,7,2,40,Layup Shot,4,Field Goal Missed,0,0,0,320,320,
2,16,57,Isaiah Williams with a defensive rebound.,121833,,true,false,false,Isaiah,,Williams,,Iona,,52,53,0,2,2,,,,,11,,,,6,Defensive Rebound,,,,156,156,
2,16,47,Sean Armand misses a layup shot.,98314,,true,false,false,Sean,,Armand,,Iona,,52,53,0,2,3,,,,,0,2,40,Layup Shot,4,Field Goal Missed,0,0,0,156,156,
2,16,47,Alex Hamilton with a defensive rebound.,116735,,true,false,false,Alex,,Hamilton,,LaTech,,52,53,0,2,1,,,,,8,,,,6,Defensive Rebound,,,,320,320,
2,16,40,Kenneth Smith makes a layup shot. Alex Hamilton with the assist.,110384,116735,true,true,false,Kenneth,Alex,Smith,Hamilton,LaTech,LaTech,54,53,0,2,1,,,,,10,2,40,Layup Shot,3,Field Goal Made,0,0,0,320,320,
2,16,27,Mike Poole misses a jump shot from 19 feet out.,97400,,true,false,false,Mike,,Poole,,Iona,,54,53,0,2,1,,,,,7,2,45,Jump Shot,4,Field Goal Missed,19,19.1,2.3,156,156,
2,16,27,Kenneth Smith with a defensive rebound.,110384,,true,false,false,Kenneth,,Smith,,LaTech,,54,53,0,2,1,,,,,10,,,,6,Defensive Rebound,,,,320,320,
2,16,16,LaTech take a 20-second timeout.,,,false,false,false,,,,,,,54,53,0,2,0,,,,,0,,2,Short,11,Timeout,,,,320,320,
2,16,09,Cordarius Johnson misses a 3-point jump shot from 23 feet out.,100061,,true,false,false,Cordarius,,Johnson,,LaTech,,54,53,0,2,0,,,,,4,3,45,Jump Shot,4,Field Goal Missed,23,-20.3,10.8,320,320,
2,16,09,LaTech with an offensive rebound.,,,false,false,false,,,,,,,54,53,0,2,0,,,,,0,,,,5,Offensive Rebound,,,,320,320,
2,15,46,Chris Anderson makes a jump shot from 10 feet out. Kenyon McNeail with the assist.,116736,97729,true,true,false,Chris,Kenyon,Anderson,McNeail,LaTech,LaTech,56,53,0,2,2,,,,,9,2,45,Jump Shot,3,Field Goal Made,10,-7,7,320,320,
2,15,46,Shooting foul committed by Mike Poole.,97400,,true,false,false,Mike,,Poole,,Iona,,56,53,1,2,2,,,,,7,,2,Shooting,8,Foul,,,,156,156,
2,15,46,Official TV timeout.,,,false,false,false,,,,,,,56,53,1,2,0,,,,,0,,3,Official TV,11,Timeout,,,,320,320,
2,15,46,Chris Anderson makes free throw 1 of 1.,116736,,true,false,false,Chris,,Anderson,,LaTech,,57,53,1,2,2,,,,,10,1,10,Free Throw 1 of 1,1,Free Throw Made,,,,320,320,
2,15,29,A.J. English misses a jump shot from 9 feet out.,116345,,true,false,false,A.J.,,English,,Iona,,57,53,1,2,2,,,,,19,2,45,Jump Shot,4,Field Goal Missed,9,5.7,6.7,156,156,
2,15,29,Chris Anderson with a defensive rebound.,116736,,true,false,false,Chris,,Anderson,,LaTech,,57,53,1,2,2,,,,,10,,,,6,Defensive Rebound,,,,320,320,
2,15,23,Shooting foul committed by Tre Bowman.,97093,,true,false,false,Tre,,Bowman,,Iona,,57,53,2,2,1,,,,,6,,2,Shooting,8,Foul,,,,156,156,
2,15,23,Kenyon McNeail misses free throw 1 of 2.,97729,,true,false,false,Kenyon,,McNeail,,LaTech,,57,53,2,2,2,,,,,6,1,11,Free Throw 1 of 2,2,Free Throw Missed,,,,320,320,
2,15,23,LaTech with an offensive rebound.,,,false,false,false,,,,,,,57,53,2,2,0,,,,,0,,,,5,Offensive Rebound,,,,320,320,
2,15,23,Kenyon McNeail makes free throw 2 of 2.,97729,,true,false,false,Kenyon,,McNeail,,LaTech,,58,53,2,2,2,,,,,7,1,12,Free Throw 2 of 2,1,Free Throw Made,,,,320,320,
2,15,04,Isaiah Williams makes a layup shot. David Laury with the assist.,121833,116348,true,true,false,Isaiah,David,Williams,Laury,Iona,Iona,58,55,2,2,2,,,,,13,2,40,Layup Shot,3,Field Goal Made,0,0,0,156,156,
2,14,27,Kenyon McNeail misses a jump shot from 19 feet out.,97729,,true,false,false,Kenyon,,McNeail,,LaTech,,58,55,2,2,2,,,,,7,2,45,Jump Shot,4,Field Goal Missed,19,13.5,13.2,320,320,
2,14,27,David Laury with a defensive rebound.,116348,,true,false,false,David,,Laury,,Iona,,58,55,2,2,1,,,,,8,,,,6,Defensive Rebound,,,,156,156,
2,14,19,David Laury makes a jump shot from 6 feet out.,116348,,true,false,false,David,,Laury,,Iona,,58,57,2,2,1,,,,,10,2,45,Jump Shot,3,Field Goal Made,6,3.5,5,156,156,
2,13,58,Shooting foul committed by David Laury.,116348,,true,false,false,David,,Laury,,Iona,,58,57,3,2,2,,,,,10,,2,Shooting,8,Foul,,,,156,156,
2,13,58,Cordarius Johnson makes free throw 1 of 2.,100061,,true,false,false,Cordarius,,Johnson,,LaTech,,59,57,3,2,0,,,,,5,1,11,Free Throw 1 of 2,1,Free Throw Made,,,,320,320,
2,13,58,Cordarius Johnson makes free throw 2 of 2.,100061,,true,false,false,Cordarius,,Johnson,,LaTech,,60,57,3,2,0,,,,,6,1,12,Free Throw 2 of 2,1,Free Throw Made,,,,320,320,
2,13,49,Sean Armand makes a 3-point jump shot from 27 feet out. A.J. English with the assist.,98314,116345,true,true,false,Sean,A.J.,Armand,English,Iona,Iona,60,60,3,2,3,,,,,3,3,45,Jump Shot,3,Field Goal Made,27,4.7,26.6,156,156,
2,13,35,Kenyon McNeail makes a 3-point jump shot from 23 feet out. Jaron Johnson with the assist.,97729,116738,true,true,false,Kenyon,Jaron,McNeail,Johnson,LaTech,LaTech,63,60,3,2,2,,,,,10,3,45,Jump Shot,3,Field Goal Made,23,23.2,2.3,320,320,
2,13,21,David Laury makes a jump shot from 8 feet out.,116348,,true,false,false,David,,Laury,,Iona,,63,62,3,2,2,,,,,12,2,45,Jump Shot,3,Field Goal Made,8,4.8,6.4,156,156,
2,13,06,Jaron Johnson misses a jump shot from 10 feet out.,116738,,true,false,false,Jaron,,Johnson,,LaTech,,63,62,3,2,1,,,,,8,2,45,Jump Shot,4,Field Goal Missed,10,6.5,6.9,320,320,
2,13,06,Isaiah Williams with a defensive rebound.,121833,,true,false,false,Isaiah,,Williams,,Iona,,63,62,3,2,2,,,,,13,,,,6,Defensive Rebound,,,,156,156,
2,12,53,A.J. English misses a layup shot.,116345,,true,false,false,A.J.,,English,,Iona,,63,62,3,2,2,,,,,19,2,40,Layup Shot,4,Field Goal Missed,0,0,0,156,156,
2,12,53,A.J. English with an offensive rebound.,116345,,true,false,false,A.J.,,English,,Iona,,63,62,3,2,2,,,,,19,,,,5,Offensive Rebound,,,,156,156,
2,12,49,A.J. English makes a jump shot from 5 feet out.,116345,,true,false,false,A.J.,,English,,Iona,,63,64,3,2,2,,,,,21,2,45,Jump Shot,3,Field Goal Made,5,2.1,4.3,156,156,
2,12,35,Personal foul committed by A.J. English.,116345,,true,false,false,A.J.,,English,,Iona,,63,64,4,2,3,,,,,21,,1,Personal,8,Foul,,,,156,156,
2,12,30,Chris Anderson misses a 3-point jump shot from 25 feet out.,116736,,true,false,false,Chris,,Anderson,,LaTech,,63,64,4,2,2,,,,,10,3,45,Jump Shot,4,Field Goal Missed,25,8.2,23.4,320,320,
2,12,30,Mike Poole with a defensive rebound.,97400,,true,false,false,Mike,,Poole,,Iona,,63,64,4,2,2,,,,,7,,,,6,Defensive Rebound,,,,156,156,
2,12,14,Sean Armand makes a 3-point jump shot from 25 feet out. Isaiah Williams with the assist.,98314,121833,true,true,false,Sean,Isaiah,Armand,Williams,Iona,Iona,63,67,4,2,3,,,,,6,3,45,Jump Shot,3,Field Goal Made,25,8.9,23,156,156,
2,11,52,Michale Kyser makes a layup shot. Chris Anderson with the assist.,110382,116736,true,true,false,Michale,Chris,Kyser,Anderson,LaTech,LaTech,65,67,4,2,2,,,,,11,2,40,Layup Shot,3,Field Goal Made,0,0,0,320,320,
2,11,52,Shooting foul committed by Mike Poole.,97400,,true,false,false,Mike,,Poole,,Iona,,65,67,5,2,3,,,,,7,,2,Shooting,8,Foul,,,,156,156,
2,11,52,Official TV timeout.,,,false,false,false,,,,,,,65,67,5,2,0,,,,,0,,3,Official TV,11,Timeout,,,,320,320,
2,11,52,Michale Kyser makes free throw 1 of 1.,110382,,true,false,false,Michale,,Kyser,,LaTech,,66,67,5,2,2,,,,,12,1,10,Free Throw 1 of 1,1,Free Throw Made,,,,320,320,
2,11,34,David Laury misses a jump shot from 9 feet out.,116348,,true,false,false,David,,Laury,,Iona,,66,67,5,2,2,,,,,12,2,45,Jump Shot,4,Field Goal Missed,9,-4.3,8.2,156,156,
2,11,34,Michale Kyser with a defensive rebound.,110382,,true,false,false,Michale,,Kyser,,LaTech,,66,67,5,2,2,,,,,12,,,,6,Defensive Rebound,,,,320,320,
2,11,27,Jaron Johnson makes a layup shot. Alex Hamilton with the assist.,116738,116735,true,true,false,Jaron,Alex,Johnson,Hamilton,LaTech,LaTech,68,67,5,2,1,,,,,10,2,40,Layup Shot,3,Field Goal Made,0,0,0,320,320,
2,11,14,Tre Bowman makes a layup shot. Sean Armand with the assist.,97093,98314,true,true,false,Tre,Sean,Bowman,Armand,Iona,Iona,68,69,5,2,1,,,,,8,2,40,Layup Shot,3,Field Goal Made,0,0,0,156,156,
2,10,41,Raheem Appleby misses a jump shot from 13 feet out.,110383,,true,false,false,Raheem,,Appleby,,LaTech,,68,69,5,2,1,,,,,2,2,45,Jump Shot,4,Field Goal Missed,13,4.3,12.2,320,320,
2,10,41,Chris Anderson with an offensive rebound.,116736,,true,false,false,Chris,,Anderson,,LaTech,,68,69,5,2,2,,,,,10,,,,5,Offensive Rebound,,,,320,320,
2,10,35,Chris Anderson with a bad pass turnover: Bad Pass,116736,,true,false,false,Chris,,Anderson,,LaTech,,68,69,5,2,2,,,,,10,,1,Bad Pass,7,Turnover,,,,320,320,
2,10,17,Tre Bowman makes a 3-point jump shot from 22 feet out. Sean Armand with the assist.,97093,98314,true,true,false,Tre,Sean,Bowman,Armand,Iona,Iona,68,72,5,2,1,,,,,11,3,45,Jump Shot,3,Field Goal Made,22,21.7,4.7,156,156,
2,9,55,Shooting foul committed by David Laury.,116348,,true,false,false,David,,Laury,,Iona,,68,72,6,2,3,,,,,12,,2,Shooting,8,Foul,,,,156,156,
2,9,55,Chris Anderson makes free throw 1 of 2.,116736,,true,false,false,Chris,,Anderson,,LaTech,,69,72,6,2,2,,,,,11,1,11,Free Throw 1 of 2,1,Free Throw Made,,,,320,320,
2,9,55,Chris Anderson misses free throw 2 of 2.,116736,,true,false,false,Chris,,Anderson,,LaTech,,69,72,6,2,2,,,,,11,1,12,Free Throw 2 of 2,2,Free Throw Missed,,,,320,320,
2,9,55,Tre Bowman with a defensive rebound.,97093,,true,false,false,Tre,,Bowman,,Iona,,69,72,6,2,1,,,,,11,,,,6,Defensive Rebound,,,,156,156,
2,9,41,Shooting foul committed by Kenneth Smith.,110384,,true,false,false,Kenneth,,Smith,,LaTech,,69,72,6,3,2,,,,,10,,2,Shooting,8,Foul,,,,320,320,
2,9,41,David Laury makes free throw 1 of 2.,116348,,true,false,false,David,,Laury,,Iona,,69,73,6,3,3,,,,,13,1,11,Free Throw 1 of 2,1,Free Throw Made,,,,156,156,
2,9,41,David Laury makes free throw 2 of 2.,116348,,true,false,false,David,,Laury,,Iona,,69,74,6,3,3,,,,,14,1,12,Free Throw 2 of 2,1,Free Throw Made,,,,156,156,
2,9,12,Kenyon McNeail misses a 3-point jump shot from 24 feet out.,97729,,true,false,false,Kenyon,,McNeail,,LaTech,,69,74,6,3,2,,,,,10,3,45,Jump Shot,4,Field Goal Missed,24,15.7,18.6,320,320,
2,9,12,Chris Anderson with an offensive rebound.,116736,,true,false,false,Chris,,Anderson,,LaTech,,69,74,6,3,2,,,,,11,,,,5,Offensive Rebound,,,,320,320,
2,9,02,Kenyon McNeail makes a 3-point jump shot from 23 feet out. Kenneth Smith with the assist.,97729,110384,true,true,false,Kenyon,Kenneth,McNeail,Smith,LaTech,LaTech,72,74,6,3,2,,,,,13,3,45,Jump Shot,3,Field Goal Made,23,19,13,320,320,
2,8,31,Personal foul committed by Jaron Johnson.,116738,,true,false,false,Jaron,,Johnson,,LaTech,,72,74,6,4,2,,,,,10,,1,Personal,8,Foul,,,,320,320,
2,8,30,A.J. English with a lost ball turnover: Lost Ball,116345,,true,false,false,A.J.,,English,,Iona,,72,74,6,4,3,,,,,21,,2,Lost Ball,7,Turnover,,,,156,156,
2,8,29,Kenyon McNeail makes a layup shot.,97729,,true,false,false,Kenyon,,McNeail,,LaTech,,74,74,6,4,2,,,,,15,2,40,Layup Shot,3,Field Goal Made,0,0,0,320,320,
2,8,13,A.J. English misses a 3-point jump shot from 26 feet out.,116345,,true,false,false,A.J.,,English,,Iona,,74,74,6,4,3,,,,,21,3,45,Jump Shot,4,Field Goal Missed,26,2.5,25.9,156,156,
2,8,13,Jaron Johnson with a defensive rebound.,116738,,true,false,false,Jaron,,Johnson,,LaTech,,74,74,6,4,2,,,,,10,,,,6,Defensive Rebound,,,,320,320,
2,8,04,Kenyon McNeail misses a 3-point jump shot from 26 feet out.,97729,,true,false,false,Kenyon,,McNeail,,LaTech,,74,74,6,4,2,,,,,15,3,45,Jump Shot,4,Field Goal Missed,26,-20.3,16.4,320,320,
2,8,04,Tre Bowman with a defensive rebound.,97093,,true,false,false,Tre,,Bowman,,Iona,,74,74,6,4,1,,,,,11,,,,6,Defensive Rebound,,,,156,156,
2,7,57,Isaiah Williams misses a jump shot from 10 feet out.,121833,,true,false,false,Isaiah,,Williams,,Iona,,74,74,6,4,2,,,,,13,2,45,Jump Shot,4,Field Goal Missed,10,7.4,6,156,156,
2,7,57,Kenneth Smith with a defensive rebound.,110384,,true,false,false,Kenneth,,Smith,,LaTech,,74,74,6,4,2,,,,,10,,,,6,Defensive Rebound,,,,320,320,
2,7,35,Kenneth Smith with a lost ball turnover: Lost Ball,110384,,true,false,false,Kenneth,,Smith,,LaTech,,74,74,6,4,2,,,,,10,,2,Lost Ball,7,Turnover,,,,320,320,
2,7,31,Sean Armand makes a dunk shot. A.J. English with the assist.,98314,116345,true,true,false,Sean,A.J.,Armand,English,Iona,Iona,74,76,6,4,3,,,,,8,2,48,Dunk Shot,3,Field Goal Made,0,0,0,156,156,
2,7,19,Personal foul committed by Tre Bowman.,97093,,true,false,false,Tre,,Bowman,,Iona,,74,76,7,4,2,,,,,11,,1,Personal,8,Foul,,,,156,156,
2,7,18,Official TV timeout.,,,false,false,false,,,,,,,74,76,7,4,0,,,,,0,,3,Official TV,11,Timeout,,,,320,320,
2,7,18,Jaron Johnson makes free throw 1st of 1-and-1.,116738,,true,false,false,Jaron,,Johnson,,LaTech,,75,76,7,4,2,,,,,11,1,8,Free Throw 1st of 1-and-1,1,Free Throw Made,,,,320,320,
2,7,18,Jaron Johnson makes free throw 2nd of 1-and-1.,116738,,true,false,false,Jaron,,Johnson,,LaTech,,76,76,7,4,2,,,,,12,1,9,Free Throw 2nd of 1-and-1,1,Free Throw Made,,,,320,320,
2,6,48,David Laury misses a jump shot from 7 feet out.,116348,,true,false,false,David,,Laury,,Iona,,76,76,7,4,3,,,,,14,2,45,Jump Shot,4,Field Goal Missed,7,4.5,5.9,156,156,
2,6,48,David Laury with an offensive rebound.,116348,,true,false,false,David,,Laury,,Iona,,76,76,7,4,3,,,,,14,,,,5,Offensive Rebound,,,,156,156,
2,6,45,David Laury makes a layup shot.,116348,,true,false,false,David,,Laury,,Iona,,76,78,7,4,3,,,,,16,2,40,Layup Shot,3,Field Goal Made,0,0,0,156,156,
2,6,13,Offensive foul committed by Chris Anderson.,116736,,true,false,false,Chris,,Anderson,,LaTech,,76,78,7,5,3,,,,,11,,4,Offensive,8,Foul,,,,320,320,
2,6,13,Chris Anderson with a  turnover:,116736,,true,false,false,Chris,,Anderson,,LaTech,,76,78,7,5,3,,,,,11,,,,7,Turnover,,,,320,320,
2,5,53,David Laury makes a layup shot. Isaiah Williams with the assist.,116348,121833,true,true,false,David,Isaiah,Laury,Williams,Iona,Iona,76,80,7,5,3,,,,,18,2,40,Layup Shot,3,Field Goal Made,0,0,0,156,156,
2,5,53,Shooting foul committed by Jaron Johnson.,116738,,true,false,false,Jaron,,Johnson,,LaTech,,76,80,7,6,3,,,,,12,,2,Shooting,8,Foul,,,,320,320,
2,5,53,David Laury makes free throw 1 of 1.,116348,,true,false,false,David,,Laury,,Iona,,76,81,7,6,3,,,,,19,1,10,Free Throw 1 of 1,1,Free Throw Made,,,,156,156,
2,5,44,LaTech take a 20-second timeout.,,,false,false,false,,,,,,,76,81,7,6,0,,,,,0,,2,Short,11,Timeout,,,,320,320,
2,5,35,Alex Hamilton makes a layup shot.,116735,,true,false,false,Alex,,Hamilton,,LaTech,,78,81,7,6,1,,,,,10,2,40,Layup Shot,3,Field Goal Made,0,0,0,320,320,
2,5,12,A.J. English with a lost ball turnover: Lost Ball,116345,,true,false,false,A.J.,,English,,Iona,,78,81,7,6,3,,,,,21,,2,Lost Ball,7,Turnover,,,,156,156,
2,5,10,Personal foul committed by David Laury.,116348,,true,false,false,David,,Laury,,Iona,,78,81,8,6,4,,,,,19,,1,Personal,8,Foul,,,,156,156,
2,4,40,Jaron Johnson makes a 3-point jump shot from 24 feet out. Alex Hamilton with the assist.,116738,116735,true,true,false,Jaron,Alex,Johnson,Hamilton,LaTech,LaTech,81,81,8,6,3,,,,,15,3,45,Jump Shot,3,Field Goal Made,24,-24,0,320,320,
2,4,20,Iona with a turnover: 5 Second Violation,,,false,false,false,,,,,,,81,81,8,6,0,,,,,0,,9,5 Second Violation,7,Turnover,,,,156,156,
2,4,02,Alex Hamilton makes a dunk shot. Kenneth Smith with the assist.,116735,110384,true,true,false,Alex,Kenneth,Hamilton,Smith,LaTech,LaTech,83,81,8,6,1,,,,,12,2,48,Dunk Shot,3,Field Goal Made,0,0,0,320,320,
2,3,53,Iona take a 20-second timeout.,,,false,false,false,,,,,,,83,81,8,6,0,,,,,0,,2,Short,11,Timeout,,,,156,156,
2,3,35,David Laury misses a layup shot.,116348,,true,false,false,David,,Laury,,Iona,,83,81,8,6,4,,,,,19,2,40,Layup Shot,4,Field Goal Missed,0,0,0,156,156,
2,3,35,Michale Kyser with a defensive rebound.,110382,,true,false,false,Michale,,Kyser,,LaTech,,83,81,8,6,2,,,,,12,,,,6,Defensive Rebound,,,,320,320,
2,3,18,Kenneth Smith misses a layup shot.,110384,,true,false,false,Kenneth,,Smith,,LaTech,,83,81,8,6,2,,,,,10,2,40,Layup Shot,4,Field Goal Missed,0,0,0,320,320,
2,3,18,David Laury with a defensive rebound.,116348,,true,false,false,David,,Laury,,Iona,,83,81,8,6,4,,,,,19,,,,6,Defensive Rebound,,,,156,156,
2,3,12,Tre Bowman makes a 3-point jump shot from 25 feet out. A.J. English with the assist.,97093,116345,true,true,false,Tre,A.J.,Bowman,English,Iona,Iona,83,84,8,6,2,,,,,14,3,45,Jump Shot,3,Field Goal Made,25,22.5,11.1,156,156,
2,2,49,Chris Anderson misses a 3-point jump shot from 24 feet out.,116736,,true,false,false,Chris,,Anderson,,LaTech,,83,84,8,6,3,,,,,11,3,45,Jump Shot,4,Field Goal Missed,24,8.9,22.2,320,320,
2,2,49,LaTech with an offensive rebound.,,,false,false,false,,,,,,,83,84,8,6,0,,,,,0,,,,5,Offensive Rebound,,,,320,320,
2,2,49,Official TV timeout.,,,false,false,false,,,,,,,83,84,8,6,0,,,,,0,,3,Official TV,11,Timeout,,,,320,320,
2,2,23,Chris Anderson misses a jump shot from 10 feet out.,116736,,true,false,false,Chris,,Anderson,,LaTech,,83,84,8,6,3,,,,,11,2,45,Jump Shot,4,Field Goal Missed,10,-1.8,9.6,320,320,
2,2,23,David Laury with a defensive rebound.,116348,,true,false,false,David,,Laury,,Iona,,83,84,8,6,4,,,,,19,,,,6,Defensive Rebound,,,,156,156,
2,2,09,Iona take a 20-second timeout.,,,false,false,false,,,,,,,83,84,8,6,0,,,,,0,,2,Short,11,Timeout,,,,156,156,
2,2,09,Iona take a 20-second timeout.,,,false,false,false,,,,,,,83,84,8,6,0,,,,,0,,2,Short,11,Timeout,,,,156,156,
2,1,54,Sean Armand misses a 3-point jump shot from 25 feet out.,98314,,true,false,false,Sean,,Armand,,Iona,,83,84,8,6,3,,,,,8,3,45,Jump Shot,4,Field Goal Missed,25,1,25,156,156,
2,1,54,Kenyon McNeail with a defensive rebound.,97729,,true,false,false,Kenyon,,McNeail,,LaTech,,83,84,8,6,2,,,,,15,,,,6,Defensive Rebound,,,,320,320,
2,1,46,Kenneth Smith makes a jump shot from 5 feet out.,110384,,true,false,false,Kenneth,,Smith,,LaTech,,85,84,8,6,2,,,,,12,2,45,Jump Shot,3,Field Goal Made,5,-1.8,4.5,320,320,
2,1,34,David Laury misses a layup shot.,116348,,true,false,false,David,,Laury,,Iona,,85,84,8,6,4,,,,,19,2,40,Layup Shot,4,Field Goal Missed,0,0,0,156,156,
2,1,34,Cordarius Johnson with a defensive rebound.,100061,,true,false,false,Cordarius,,Johnson,,LaTech,,85,84,8,6,0,,,,,6,,,,6,Defensive Rebound,,,,320,320,
2,1,10,Kenyon McNeail misses a 3-point jump shot from 24 feet out.,97729,,true,false,false,Kenyon,,McNeail,,LaTech,,85,84,8,6,2,,,,,15,3,45,Jump Shot,4,Field Goal Missed,24,-3.8,23.7,320,320,
2,1,10,Iona with a defensive rebound.,,,false,false,false,,,,,,,85,84,8,6,0,,,,,0,,,,6,Defensive Rebound,,,,156,156,
2,1,10,Personal foul committed by Michale Kyser.,110382,,true,false,false,Michale,,Kyser,,LaTech,,85,84,8,7,3,,,,,12,,1,Personal,8,Foul,,,,320,320,
2,1,10,Isaiah Williams makes free throw 1st of 1-and-1.,121833,,true,false,false,Isaiah,,Williams,,Iona,,85,85,8,7,2,,,,,14,1,8,Free Throw 1st of 1-and-1,1,Free Throw Made,,,,156,156,
2,1,10,Isaiah Williams makes free throw 2nd of 1-and-1.,121833,,true,false,false,Isaiah,,Williams,,Iona,,85,86,8,7,2,,,,,15,1,9,Free Throw 2nd of 1-and-1,1,Free Throw Made,,,,156,156,
2,0,49.6,Chris Anderson makes a layup shot.,116736,,true,false,false,Chris,,Anderson,,LaTech,,87,86,8,7,3,,,,,13,2,40,Layup Shot,3,Field Goal Made,0,0,0,320,320,
2,0,29.1,Iona take a 20-second timeout.,,,false,false,false,,,,,,,87,86,8,7,0,,,,,0,,2,Short,11,Timeout,,,,156,156,
2,0,13.3,Sean Armand misses a layup shot.,98314,,true,false,false,Sean,,Armand,,Iona,,87,86,8,7,3,,,,,8,2,40,Layup Shot,4,Field Goal Missed,0,0,0,156,156,
2,0,13.3,David Laury with an offensive rebound.,116348,,true,false,false,David,,Laury,,Iona,,87,86,8,7,4,,,,,19,,,,5,Offensive Rebound,,,,156,156,
2,0,13.3,Personal foul committed by Chris Anderson.,116736,,true,false,false,Chris,,Anderson,,LaTech,,87,86,8,8,4,,,,,13,,1,Personal,8,Foul,,,,320,320,
2,0,13.3,David Laury makes free throw 1 of 2.,116348,,true,false,false,David,,Laury,,Iona,,87,87,8,8,4,,,,,20,1,11,Free Throw 1 of 2,1,Free Throw Made,,,,156,156,
2,0,13.3,David Laury makes free throw 2 of 2.,116348,,true,false,false,David,,Laury,,Iona,,87,88,8,8,4,,,,,21,1,12,Free Throw 2 of 2,1,Free Throw Made,,,,156,156,
2,0,02.1,Alex Hamilton misses a jump shot from 14 feet out.,116735,,true,false,false,Alex,,Hamilton,,LaTech,,87,88,8,8,1,,,,,12,2,45,Jump Shot,4,Field Goal Missed,14,13.9,3.3,320,320,
2,0,02.1,Kenneth Smith with an offensive rebound.,110384,,true,false,false,Kenneth,,Smith,,LaTech,,87,88,8,8,2,,,,,12,,,,5,Offensive Rebound,,,,320,320,
2,0,01.2,Kenneth Smith makes a layup shot.,110384,,true,false,false,Kenneth,,Smith,,LaTech,,89,88,8,8,2,,,,,14,2,40,Layup Shot,3,Field Goal Made,0,0,0,320,320,
2,0,00,End of the 2nd Half,,,false,false,false,,,,,,,89,88,8,8,0,,,,,0,,,,15,End Period,,,,320,320,
2,0,00,End of the Game,,,false,false,false,,,,,,,89,88,8,8,0,,,,,0,,,,19,Game Over,,,,320,320,
