half,time-minutes,time-seconds,details,player1-id,player2-id,player1-linkable,player2-linkable,player3-linkable,player-first-name-1,player-first-name-2,player-last-name-1,player-last-name-2,player-team-alias-1,player-team-alias-2,home-score,visitor-score,visitor-fouls,home-fouls,player-fouls,fastbreak,in-paint,second-chance,off-turnover,player-score,points-type,detail-id,detail-desc,event-id,event-desc,distance,x-coord,y-coord,team-id-1,team-id-2,team-id-3
1,20,00,Start of the 1st Half,,,false,false,false,,,,,,,0,0,0,0,0,,,,,0,,,,14,Start Period,,,,324,324,
1,19,36,Shawn Williams misses a jump shot from 17 feet out.,88913,,true,false,false,Shawn,,Williams,,SMU,,0,0,0,0,0,,,,,0,2,45,Jump Shot,4,Field Goal Missed,17,-7.6,15.6,324,324,
1,19,36,Will Davis II with a defensive rebound.,110875,,true,false,false,Will,,Davis II,,UC-Irv,,0,0,0,0,0,,,,,0,,,,6,Defensive Rebound,,,,101,101,
1,19,09,Mamadou Ndiaye makes a jump shot from 9 feet out.,121622,,true,false,false,Mamadou,,Ndiaye,,UC-Irv,,0,2,0,0,0,,,,,2,2,45,Jump Shot,3,Field Goal Made,9,7.7,3.8,101,101,
1,18,48,Markus Kennedy with a lost ball turnover: Lost Ball,109504,,true,false,false,Markus,,Kennedy,,SMU,,0,2,0,0,0,,,,,0,,2,Lost Ball,7,Turnover,,,,324,324,
1,18,42,Luke Nelson makes a 3-point jump shot from 24 feet out. Alex Young with the assist.,121619,117480,true,true,false,Luke,Alex,Nelson,Young,UC-Irv,UC-Irv,0,5,0,0,0,,,,,3,3,45,Jump Shot,3,Field Goal Made,24,19,14,101,101,
1,18,05,Nick Russell misses a 3-point jump shot from 26 feet out.,88357,,true,false,false,Nick,,Russell,,SMU,,0,5,0,0,0,,,,,0,3,45,Jump Shot,4,Field Goal Missed,26,15.6,20.5,324,324,
1,18,05,Shawn Williams with an offensive rebound.,88913,,true,false,false,Shawn,,Williams,,SMU,,0,5,0,0,0,,,,,0,,,,5,Offensive Rebound,,,,324,324,
1,17,57,Shooting foul committed by Will Davis II.,110875,,true,false,false,Will,,Davis II,,UC-Irv,,0,5,1,0,1,,,,,0,,2,Shooting,8,Foul,,,,101,101,
1,17,57,Shawn Williams misses free throw 1 of 2.,88913,,true,false,false,Shawn,,Williams,,SMU,,0,5,1,0,0,,,,,0,1,11,Free Throw 1 of 2,2,Free Throw Missed,,,,324,324,
1,17,57,SMU with an offensive rebound.,,,false,false,false,,,,,,,0,5,1,0,0,,,,,0,,,,5,Offensive Rebound,,,,324,324,
1,17,57,Shawn Williams misses free throw 2 of 2.,88913,,true,false,false,Shawn,,Williams,,SMU,,0,5,1,0,0,,,,,0,1,12,Free Throw 2 of 2,2,Free Throw Missed,,,,324,324,
1,17,57,Will Davis II with a defensive rebound.,110875,,true,false,false,Will,,Davis II,,UC-Irv,,0,5,1,0,1,,,,,0,,,,6,Defensive Rebound,,,,101,101,
1,17,34,Luke Nelson misses a 3-point jump shot from 26 feet out.,121619,,true,false,false,Luke,,Nelson,,UC-Irv,,0,5,1,0,0,,,,,3,3,45,Jump Shot,4,Field Goal Missed,26,18.6,18.3,101,101,
1,17,34,UC-Irv with an offensive rebound.,,,false,false,false,,,,,,,0,5,1,0,0,,,,,0,,,,5,Offensive Rebound,,,,101,101,
1,17,26,Mamadou Ndiaye with a stepped out of bounds turnover: Stepped Out of Bounds,121622,,true,false,false,Mamadou,,Ndiaye,,UC-Irv,,0,5,1,0,0,,,,,2,,26,Stepped Out of Bounds,7,Turnover,,,,101,101,
1,17,22,Nick Russell misses a layup shot.,88357,,true,false,false,Nick,,Russell,,SMU,,0,5,1,0,0,,,,,0,2,40,Layup Shot,4,Field Goal Missed,0,0,0,324,324,
1,17,22,Sterling Brown with an offensive rebound.,120587,,true,false,false,Sterling,,Brown,,SMU,,0,5,1,0,0,,,,,0,,,,5,Offensive Rebound,,,,324,324,
1,17,16,Sterling Brown with a traveling turnover: Traveling,120587,,true,false,false,Sterling,,Brown,,SMU,,0,5,1,0,0,,,,,0,,4,Traveling,7,Turnover,,,,324,324,
1,17,09,Alex Young makes a jump shot from 10 feet out.,117480,,true,false,false,Alex,,Young,,UC-Irv,,0,7,1,0,0,,,,,2,2,45,Jump Shot,3,Field Goal Made,10,3,9.1,101,101,
1,16,57,Shawn Williams misses a layup shot.,88913,,true,false,false,Shawn,,Williams,,SMU,,0,7,1,0,0,,,,,0,2,40,Layup Shot,4,Field Goal Missed,0,0,0,324,324,
1,16,57,Will Davis II with a defensive rebound.,110875,,true,false,false,Will,,Davis II,,UC-Irv,,0,7,1,0,1,,,,,0,,,,6,Defensive Rebound,,,,101,101,
1,16,49,Chris McNealy misses a jump shot from 11 feet out.,98057,,true,false,false,Chris,,McNealy,,UC-Irv,,0,7,1,0,0,,,,,0,2,45,Jump Shot,4,Field Goal Missed,11,-5.4,9.3,101,101,
1,16,49,Will Davis II with an offensive rebound.,110875,,true,false,false,Will,,Davis II,,UC-Irv,,0,7,1,0,1,,,,,0,,,,5,Offensive Rebound,,,,101,101,
1,16,39,Chris McNealy with a lost ball turnover: Lost Ball,98057,,true,false,false,Chris,,McNealy,,UC-Irv,,0,7,1,0,0,,,,,0,,2,Lost Ball,7,Turnover,,,,101,101,
1,16,14,Markus Kennedy misses a layup shot.,109504,,true,false,false,Markus,,Kennedy,,SMU,,0,7,1,0,0,,,,,0,2,40,Layup Shot,4,Field Goal Missed,0,0,0,324,324,
1,16,14,Will Davis II with a defensive rebound.,110875,,true,false,false,Will,,Davis II,,UC-Irv,,0,7,1,0,1,,,,,0,,,,6,Defensive Rebound,,,,101,101,
1,15,47,Luke Nelson with a bad pass turnover: Bad Pass,121619,,true,false,false,Luke,,Nelson,,UC-Irv,,0,7,1,0,0,,,,,3,,1,Bad Pass,7,Turnover,,,,101,101,
1,15,47,Official TV timeout.,,,false,false,false,,,,,,,0,7,1,0,0,,,,,0,,3,Official TV,11,Timeout,,,,324,324,
1,15,34,Cannen Cunningham makes a jump shot from 18 feet out. Nic Moore with the assist.,110193,109830,true,true,false,Cannen,Nic,Cunningham,Moore,SMU,SMU,2,7,1,0,0,,,,,2,2,45,Jump Shot,3,Field Goal Made,18,0,18,324,324,
1,15,16,Mike Best with a lost ball turnover: Lost Ball,110879,,true,false,false,Mike,,Best,,UC-Irv,,2,7,1,0,0,,,,,0,,2,Lost Ball,7,Turnover,,,,101,101,
1,15,12,Shooting foul committed by Luke Nelson.,121619,,true,false,false,Luke,,Nelson,,UC-Irv,,2,7,2,0,1,,,,,3,,2,Shooting,8,Foul,,,,101,101,
1,15,12,Cannen Cunningham makes free throw 1 of 2.,110193,,true,false,false,Cannen,,Cunningham,,SMU,,3,7,2,0,0,,,,,3,1,11,Free Throw 1 of 2,1,Free Throw Made,,,,324,324,
1,15,12,Cannen Cunningham misses free throw 2 of 2.,110193,,true,false,false,Cannen,,Cunningham,,SMU,,3,7,2,0,0,,,,,3,1,12,Free Throw 2 of 2,2,Free Throw Missed,,,,324,324,
1,15,12,John Ryan with a defensive rebound.,99310,,true,false,false,John,,Ryan,,UC-Irv,,3,7,2,0,0,,,,,0,,,,6,Defensive Rebound,,,,101,101,
1,14,43,Mike Best makes a jump shot from 20 feet out. Luke Nelson with the assist.,110879,121619,true,true,false,Mike,Luke,Best,Nelson,UC-Irv,UC-Irv,3,9,2,0,0,,,,,2,2,45,Jump Shot,3,Field Goal Made,20,14.7,13.2,101,101,
1,14,09,Nick Russell misses a jump shot from 17 feet out.,88357,,true,false,false,Nick,,Russell,,SMU,,3,9,2,0,0,,,,,0,2,45,Jump Shot,4,Field Goal Missed,17,-12.3,11.6,324,324,
1,14,09,Chris McNealy with a defensive rebound.,98057,,true,false,false,Chris,,McNealy,,UC-Irv,,3,9,2,0,0,,,,,0,,,,6,Defensive Rebound,,,,101,101,
1,14,00,Chris McNealy makes a jump shot from 19 feet out. Alex Young with the assist.,98057,117480,true,true,false,Chris,Alex,McNealy,Young,UC-Irv,UC-Irv,3,11,2,0,0,,,,,2,2,45,Jump Shot,3,Field Goal Made,19,-15.6,10.8,101,101,
1,13,42,Nic Moore makes a 3-point jump shot from 23 feet out. Nick Russell with the assist.,109830,88357,true,true,false,Nic,Nick,Moore,Russell,SMU,SMU,6,11,2,0,0,,,,,3,3,45,Jump Shot,3,Field Goal Made,23,-16.2,16.2,324,324,
1,13,22,John Ryan makes a jump shot from 10 feet out. Alex Young with the assist.,99310,117480,true,true,false,John,Alex,Ryan,Young,UC-Irv,UC-Irv,6,13,2,0,0,,,,,2,2,45,Jump Shot,3,Field Goal Made,10,3,9,101,101,
1,13,07,Nic Moore misses a 3-point jump shot from 24 feet out.,109830,,true,false,false,Nic,,Moore,,SMU,,6,13,2,0,0,,,,,3,3,45,Jump Shot,4,Field Goal Missed,24,1.3,23.9,324,324,
1,13,07,Chris McNealy with a defensive rebound.,98057,,true,false,false,Chris,,McNealy,,UC-Irv,,6,13,2,0,0,,,,,2,,,,6,Defensive Rebound,,,,101,101,
1,12,55,Luke Nelson misses a 3-point jump shot from 23 feet out.,121619,,true,false,false,Luke,,Nelson,,UC-Irv,,6,13,2,0,1,,,,,3,3,45,Jump Shot,4,Field Goal Missed,23,-22.7,6,101,101,
1,12,55,Ryan Manuel with a defensive rebound.,110196,,true,false,false,Ryan,,Manuel,,SMU,,6,13,2,0,0,,,,,0,,,,6,Defensive Rebound,,,,324,324,
1,12,49,Personal foul committed by Alex Young.,117480,,true,false,false,Alex,,Young,,UC-Irv,,6,13,3,0,1,,,,,2,,1,Personal,8,Foul,,,,101,101,
1,12,41,Cannen Cunningham misses a layup shot.,110193,,true,false,false,Cannen,,Cunningham,,SMU,,6,13,3,0,0,,,,,3,2,40,Layup Shot,4,Field Goal Missed,0,0,0,324,324,
1,12,41,John Ryan with a defensive rebound.,99310,,true,false,false,John,,Ryan,,UC-Irv,,6,13,3,0,0,,,,,2,,,,6,Defensive Rebound,,,,101,101,
1,12,31,Chris McNealy misses a 3-point jump shot from 24 feet out.,98057,,true,false,false,Chris,,McNealy,,UC-Irv,,6,13,3,0,0,,,,,2,3,45,Jump Shot,4,Field Goal Missed,24,21,11.6,101,101,
1,12,31,Nic Moore with a defensive rebound.,109830,,true,false,false,Nic,,Moore,,SMU,,6,13,3,0,0,,,,,3,,,,6,Defensive Rebound,,,,324,324,
1,12,24,Personal foul committed by Luke Nelson.,121619,,true,false,false,Luke,,Nelson,,UC-Irv,,6,13,4,0,2,,,,,3,,1,Personal,8,Foul,,,,101,101,
1,12,11,Ben Moore makes a layup shot.,120589,,true,false,false,Ben,,Moore,,SMU,,8,13,4,0,0,,,,,2,2,40,Layup Shot,3,Field Goal Made,0,0,0,324,324,
1,12,11,Shooting foul committed by John Ryan.,99310,,true,false,false,John,,Ryan,,UC-Irv,,8,13,5,0,1,,,,,2,,2,Shooting,8,Foul,,,,101,101,
1,12,11,Ben Moore makes free throw 1 of 1.,120589,,true,false,false,Ben,,Moore,,SMU,,9,13,5,0,0,,,,,3,1,10,Free Throw 1 of 1,1,Free Throw Made,,,,324,324,
1,11,52,Mamadou Ndiaye misses a jump shot from 9 feet out.,121622,,true,false,false,Mamadou,,Ndiaye,,UC-Irv,,9,13,5,0,0,,,,,2,2,45,Jump Shot,4,Field Goal Missed,9,-2.6,8.6,101,101,
1,11,52,Ben Moore with a defensive rebound.,120589,,true,false,false,Ben,,Moore,,SMU,,9,13,5,0,0,,,,,3,,,,6,Defensive Rebound,,,,324,324,
1,11,41,Nic Moore misses a 3-point jump shot from 25 feet out.,109830,,true,false,false,Nic,,Moore,,SMU,,9,13,5,0,0,,,,,3,3,45,Jump Shot,4,Field Goal Missed,25,18.6,16.4,324,324,
1,11,41,Markus Kennedy with an offensive rebound.,109504,,true,false,false,Markus,,Kennedy,,SMU,,9,13,5,0,0,,,,,0,,,,5,Offensive Rebound,,,,324,324,
1,11,31,Markus Kennedy misses a layup shot.,109504,,true,false,false,Markus,,Kennedy,,SMU,,9,13,5,0,0,,,,,0,2,40,Layup Shot,4,Field Goal Missed,0,0,0,324,324,
1,11,31,Dominique Dunning with a defensive rebound.,109848,,true,false,false,Dominique,,Dunning,,UC-Irv,,9,13,5,0,0,,,,,0,,,,6,Defensive Rebound,,,,101,101,
1,11,24,Will Davis II makes a dunk shot.,110875,,true,false,false,Will,,Davis II,,UC-Irv,,9,15,5,0,1,,,,,2,2,48,Dunk Shot,3,Field Goal Made,0,0,0,101,101,
1,11,08,Markus Kennedy misses a jump shot from 15 feet out.,109504,,true,false,false,Markus,,Kennedy,,SMU,,9,15,5,0,0,,,,,0,2,45,Jump Shot,4,Field Goal Missed,15,14.9,2.3,324,324,
1,11,08,Ben Moore with an offensive rebound.,120589,,true,false,false,Ben,,Moore,,SMU,,9,15,5,0,0,,,,,3,,,,5,Offensive Rebound,,,,324,324,
1,11,01,Markus Kennedy makes a layup shot. Ryan Manuel with the assist.,109504,110196,true,true,false,Markus,Ryan,Kennedy,Manuel,SMU,SMU,11,15,5,0,0,,,,,2,2,40,Layup Shot,3,Field Goal Made,0,0,0,324,324,
1,10,48,Aaron Wright with a lost ball out of bounds turnover: Lost Ball Out of Bounds,110878,,true,false,false,Aaron,,Wright,,UC-Irv,,11,15,5,0,0,,,,,0,,23,Lost Ball Out of Bounds,7,Turnover,,,,101,101,
1,10,48,Official TV timeout.,,,false,false,false,,,,,,,11,15,5,0,0,,,,,0,,3,Official TV,11,Timeout,,,,324,324,
1,10,27,Ben Moore misses a jump shot from 16 feet out.,120589,,true,false,false,Ben,,Moore,,SMU,,11,15,5,0,0,,,,,3,2,45,Jump Shot,4,Field Goal Missed,16,-16.2,2.5,324,324,
1,10,27,Mamadou Ndiaye with a defensive rebound.,121622,,true,false,false,Mamadou,,Ndiaye,,UC-Irv,,11,15,5,0,0,,,,,2,,,,6,Defensive Rebound,,,,101,101,
1,10,13,Aaron Wright with a lost ball turnover: Lost Ball,110878,,true,false,false,Aaron,,Wright,,UC-Irv,,11,15,5,0,0,,,,,0,,2,Lost Ball,7,Turnover,,,,101,101,
1,9,47,Markus Kennedy misses a layup shot.,109504,,true,false,false,Markus,,Kennedy,,SMU,,11,15,5,0,0,,,,,2,2,40,Layup Shot,4,Field Goal Missed,0,0,0,324,324,
1,9,47,Ben Moore with an offensive rebound.,120589,,true,false,false,Ben,,Moore,,SMU,,11,15,5,0,0,,,,,3,,,,5,Offensive Rebound,,,,324,324,
1,9,46,Ben Moore misses a tip shot from 2 feet out.,120589,,true,false,false,Ben,,Moore,,SMU,,11,15,5,0,0,,,,,3,2,53,Tip Shot,4,Field Goal Missed,2,0,2,324,324,
1,9,46,SMU with an offensive rebound.,,,false,false,false,,,,,,,11,15,5,0,0,,,,,0,,,,5,Offensive Rebound,,,,324,324,
1,9,40,Nic Moore makes a layup shot.,109830,,true,false,false,Nic,,Moore,,SMU,,13,15,5,0,0,,,,,5,2,40,Layup Shot,3,Field Goal Made,0,0,0,324,324,
1,9,20,Dominique Dunning with a lost ball turnover: Lost Ball,109848,,true,false,false,Dominique,,Dunning,,UC-Irv,,13,15,5,0,0,,,,,0,,2,Lost Ball,7,Turnover,,,,101,101,
1,9,20,UC-Irv take a 20-second timeout.,,,false,false,false,,,,,,,13,15,5,0,0,,,,,0,,2,Short,11,Timeout,,,,101,101,
1,9,01,Markus Kennedy misses a jump shot from 18 feet out.,109504,,true,false,false,Markus,,Kennedy,,SMU,,13,15,5,0,0,,,,,2,2,45,Jump Shot,4,Field Goal Missed,18,17.4,2.8,324,324,
1,9,01,Mamadou Ndiaye with a defensive rebound.,121622,,true,false,false,Mamadou,,Ndiaye,,UC-Irv,,13,15,5,0,0,,,,,2,,,,6,Defensive Rebound,,,,101,101,
1,8,39,Aaron Wright misses a jump shot from 9 feet out.,110878,,true,false,false,Aaron,,Wright,,UC-Irv,,13,15,5,0,0,,,,,0,2,45,Jump Shot,4,Field Goal Missed,9,2.3,8.4,101,101,
1,8,39,Nic Moore with a defensive rebound.,109830,,true,false,false,Nic,,Moore,,SMU,,13,15,5,0,0,,,,,5,,,,6,Defensive Rebound,,,,324,324,
1,8,30,Keith Frazier makes a 3-point jump shot. Nic Moore with the assist.,120588,109830,true,true,false,Keith,Nic,Frazier,Moore,SMU,SMU,16,15,5,0,0,,,,,3,3,45,Jump Shot,3,Field Goal Made,0,0,0,324,324,
1,8,13,Alex Young misses a jump shot from 19 feet out.,117480,,true,false,false,Alex,,Young,,UC-Irv,,16,15,5,0,1,,,,,2,2,45,Jump Shot,4,Field Goal Missed,19,13.2,13.3,101,101,
1,8,13,Mamadou Ndiaye with an offensive rebound.,121622,,true,false,false,Mamadou,,Ndiaye,,UC-Irv,,16,15,5,0,0,,,,,2,,,,5,Offensive Rebound,,,,101,101,
1,8,07,Mamadou Ndiaye makes a jump shot from 6 feet out.,121622,,true,false,false,Mamadou,,Ndiaye,,UC-Irv,,16,17,5,0,0,,,,,4,2,45,Jump Shot,3,Field Goal Made,6,.4,6.4,101,101,
1,7,39,Nick Russell misses a layup shot.,88357,,true,false,false,Nick,,Russell,,SMU,,16,17,5,0,0,,,,,0,2,40,Layup Shot,4,Field Goal Missed,0,0,0,324,324,
1,7,39,Markus Kennedy with an offensive rebound.,109504,,true,false,false,Markus,,Kennedy,,SMU,,16,17,5,0,0,,,,,2,,,,5,Offensive Rebound,,,,324,324,
1,7,34,Personal foul committed by Aaron Wright.,110878,,true,false,false,Aaron,,Wright,,UC-Irv,,16,17,6,0,1,,,,,0,,1,Personal,8,Foul,,,,101,101,
1,7,34,Official TV timeout.,,,false,false,false,,,,,,,16,17,6,0,0,,,,,0,,3,Official TV,11,Timeout,,,,324,324,
1,7,09,Markus Kennedy misses a layup shot.,109504,,true,false,false,Markus,,Kennedy,,SMU,,16,17,6,0,0,,,,,2,2,40,Layup Shot,4,Field Goal Missed,0,0,0,324,324,
1,7,09,Markus Kennedy with an offensive rebound.,109504,,true,false,false,Markus,,Kennedy,,SMU,,16,17,6,0,0,,,,,2,,,,5,Offensive Rebound,,,,324,324,
1,7,09,Markus Kennedy with a traveling turnover: Traveling,109504,,true,false,false,Markus,,Kennedy,,SMU,,16,17,6,0,0,,,,,2,,4,Traveling,7,Turnover,,,,324,324,
1,6,41,Chris McNealy with a lost ball turnover: Lost Ball,98057,,true,false,false,Chris,,McNealy,,UC-Irv,,16,17,6,0,0,,,,,2,,2,Lost Ball,7,Turnover,,,,101,101,
1,6,36,Ryan Manuel misses a layup shot.,110196,,true,false,false,Ryan,,Manuel,,SMU,,16,17,6,0,0,,,,,0,2,40,Layup Shot,4,Field Goal Missed,0,0,0,324,324,
1,6,36,Ben Moore with an offensive rebound.,120589,,true,false,false,Ben,,Moore,,SMU,,16,17,6,0,0,,,,,3,,,,5,Offensive Rebound,,,,324,324,
1,6,28,Ben Moore misses a layup shot.,120589,,true,false,false,Ben,,Moore,,SMU,,16,17,6,0,0,,,,,3,2,40,Layup Shot,4,Field Goal Missed,0,0,0,324,324,
1,6,28,Chris McNealy with a defensive rebound.,98057,,true,false,false,Chris,,McNealy,,UC-Irv,,16,17,6,0,0,,,,,2,,,,6,Defensive Rebound,,,,101,101,
1,6,17,Chris McNealy makes a jump shot from 13 feet out.,98057,,true,false,false,Chris,,McNealy,,UC-Irv,,16,19,6,0,0,,,,,4,2,45,Jump Shot,3,Field Goal Made,13,-12.7,1.8,101,101,
1,6,01,Keith Frazier misses a 3-point jump shot from 23 feet out.,120588,,true,false,false,Keith,,Frazier,,SMU,,16,19,6,0,0,,,,,3,3,45,Jump Shot,4,Field Goal Missed,23,22.5,3.6,324,324,
1,6,01,Luke Nelson with a defensive rebound.,121619,,true,false,false,Luke,,Nelson,,UC-Irv,,16,19,6,0,2,,,,,3,,,,6,Defensive Rebound,,,,101,101,
1,5,53,Shooting foul committed by Nick Russell.,88357,,true,false,false,Nick,,Russell,,SMU,,16,19,6,1,1,,,,,0,,2,Shooting,8,Foul,,,,324,324,
1,5,53,Luke Nelson makes free throw 1 of 2.,121619,,true,false,false,Luke,,Nelson,,UC-Irv,,16,20,6,1,2,,,,,4,1,11,Free Throw 1 of 2,1,Free Throw Made,,,,101,101,
1,5,53,Luke Nelson makes free throw 2 of 2.,121619,,true,false,false,Luke,,Nelson,,UC-Irv,,16,21,6,1,2,,,,,5,1,12,Free Throw 2 of 2,1,Free Throw Made,,,,101,101,
1,5,29,Nick Russell makes a jump shot from 18 feet out.,88357,,true,false,false,Nick,,Russell,,SMU,,18,21,6,1,1,,,,,2,2,45,Jump Shot,3,Field Goal Made,18,6.9,17.1,324,324,
1,5,09,Luke Nelson makes a 3-point jump shot from 24 feet out. Chris McNealy with the assist.,121619,98057,true,true,false,Luke,Chris,Nelson,McNealy,UC-Irv,UC-Irv,18,24,6,1,2,,,,,8,3,45,Jump Shot,3,Field Goal Made,24,-8.2,23,101,101,
1,5,00,Sterling Brown misses a layup shot.,120587,,true,false,false,Sterling,,Brown,,SMU,,18,24,6,1,0,,,,,0,2,40,Layup Shot,4,Field Goal Missed,0,0,0,324,324,
1,5,00,Luke Nelson with a defensive rebound.,121619,,true,false,false,Luke,,Nelson,,UC-Irv,,18,24,6,1,2,,,,,8,,,,6,Defensive Rebound,,,,101,101,
1,4,51,Chris McNealy misses a jump shot from 8 feet out.,98057,,true,false,false,Chris,,McNealy,,UC-Irv,,18,24,6,1,0,,,,,4,2,45,Jump Shot,4,Field Goal Missed,8,-.1,8.1,101,101,
1,4,51,Ben Moore with a defensive rebound.,120589,,true,false,false,Ben,,Moore,,SMU,,18,24,6,1,0,,,,,3,,,,6,Defensive Rebound,,,,324,324,
1,4,42,Cannen Cunningham misses a jump shot from 14 feet out.,110193,,true,false,false,Cannen,,Cunningham,,SMU,,18,24,6,1,0,,,,,3,2,45,Jump Shot,4,Field Goal Missed,14,13.5,2.3,324,324,
1,4,42,Sterling Brown with an offensive rebound.,120587,,true,false,false,Sterling,,Brown,,SMU,,18,24,6,1,0,,,,,0,,,,5,Offensive Rebound,,,,324,324,
1,4,37,Sterling Brown makes a layup shot.,120587,,true,false,false,Sterling,,Brown,,SMU,,20,24,6,1,0,,,,,2,2,40,Layup Shot,3,Field Goal Made,0,0,0,324,324,
1,4,24,Chris McNealy makes a 3-point jump shot from 23 feet out. Luke Nelson with the assist.,98057,121619,true,true,false,Chris,Luke,McNealy,Nelson,UC-Irv,UC-Irv,20,27,6,1,0,,,,,7,3,45,Jump Shot,3,Field Goal Made,23,-22.4,4.7,101,101,
1,3,58,Shooting foul committed by John Ryan.,99310,,true,false,false,John,,Ryan,,UC-Irv,,20,27,7,1,2,,,,,2,,2,Shooting,8,Foul,,,,101,101,
1,3,58,Official TV timeout.,,,false,false,false,,,,,,,20,27,7,1,0,,,,,0,,3,Official TV,11,Timeout,,,,324,324,
1,3,58,Ben Moore makes free throw 1 of 2.,120589,,true,false,false,Ben,,Moore,,SMU,,21,27,7,1,0,,,,,4,1,11,Free Throw 1 of 2,1,Free Throw Made,,,,324,324,
1,3,58,Ben Moore makes free throw 2 of 2.,120589,,true,false,false,Ben,,Moore,,SMU,,22,27,7,1,0,,,,,5,1,12,Free Throw 2 of 2,1,Free Throw Made,,,,324,324,
1,3,46,Personal foul committed by Nic Moore.,109830,,true,false,false,Nic,,Moore,,SMU,,22,27,7,2,1,,,,,5,,1,Personal,8,Foul,,,,324,324,
1,3,28,Alex Young with a lost ball turnover: Lost Ball,117480,,true,false,false,Alex,,Young,,UC-Irv,,22,27,7,2,1,,,,,2,,2,Lost Ball,7,Turnover,,,,101,101,
1,3,20,Cannen Cunningham misses a layup shot.,110193,,true,false,false,Cannen,,Cunningham,,SMU,,22,27,7,2,0,,,,,3,2,40,Layup Shot,4,Field Goal Missed,0,0,0,324,324,
1,3,20,Mike Best with a defensive rebound.,110879,,true,false,false,Mike,,Best,,UC-Irv,,22,27,7,2,0,,,,,2,,,,6,Defensive Rebound,,,,101,101,
1,3,05,Alex Young makes a 3-point jump shot from 23 feet out. Aaron Wright with the assist.,117480,110878,true,true,false,Alex,Aaron,Young,Wright,UC-Irv,UC-Irv,22,30,7,2,1,,,,,5,3,45,Jump Shot,3,Field Goal Made,23,22.7,2.3,101,101,
1,2,47,Shooting foul committed by John Ryan.,99310,,true,false,false,John,,Ryan,,UC-Irv,,22,30,8,2,3,,,,,2,,2,Shooting,8,Foul,,,,101,101,
1,2,47,Markus Kennedy makes free throw 1 of 2.,109504,,true,false,false,Markus,,Kennedy,,SMU,,23,30,8,2,0,,,,,3,1,11,Free Throw 1 of 2,1,Free Throw Made,,,,324,324,
1,2,47,Markus Kennedy makes free throw 2 of 2.,109504,,true,false,false,Markus,,Kennedy,,SMU,,24,30,8,2,0,,,,,4,1,12,Free Throw 2 of 2,1,Free Throw Made,,,,324,324,
1,2,30,Mike Best misses a jump shot from 19 feet out.,110879,,true,false,false,Mike,,Best,,UC-Irv,,24,30,8,2,0,,,,,2,2,45,Jump Shot,4,Field Goal Missed,19,17.1,8.2,101,101,
1,2,30,Sterling Brown with a defensive rebound.,120587,,true,false,false,Sterling,,Brown,,SMU,,24,30,8,2,0,,,,,2,,,,6,Defensive Rebound,,,,324,324,
1,2,21,Cannen Cunningham with a lost ball turnover: Lost Ball,110193,,true,false,false,Cannen,,Cunningham,,SMU,,24,30,8,2,0,,,,,3,,2,Lost Ball,7,Turnover,,,,324,324,
1,2,19,Personal foul committed by Sterling Brown.,120587,,true,false,false,Sterling,,Brown,,SMU,,24,30,8,3,1,,,,,2,,1,Personal,8,Foul,,,,324,324,
1,1,58,Alex Young with a backcourt turnover turnover: Backcourt Turnover,117480,,true,false,false,Alex,,Young,,UC-Irv,,24,30,8,3,1,,,,,5,,13,Backcourt Turnover,7,Turnover,,,,101,101,
1,1,29,Markus Kennedy makes a layup shot.,109504,,true,false,false,Markus,,Kennedy,,SMU,,26,30,8,3,0,,,,,6,2,40,Layup Shot,3,Field Goal Made,0,0,0,324,324,
1,1,14,Will Davis II with a lost ball turnover: Lost Ball,110875,,true,false,false,Will,,Davis II,,UC-Irv,,26,30,8,3,1,,,,,2,,2,Lost Ball,7,Turnover,,,,101,101,
1,1,11,Shooting foul committed by Chris McNealy.,98057,,true,false,false,Chris,,McNealy,,UC-Irv,,26,30,9,3,1,,,,,7,,2,Shooting,8,Foul,,,,101,101,
1,1,11,Cannen Cunningham makes free throw 1 of 2.,110193,,true,false,false,Cannen,,Cunningham,,SMU,,27,30,9,3,0,,,,,4,1,11,Free Throw 1 of 2,1,Free Throw Made,,,,324,324,
1,1,11,Cannen Cunningham misses free throw 2 of 2.,110193,,true,false,false,Cannen,,Cunningham,,SMU,,27,30,9,3,0,,,,,4,1,12,Free Throw 2 of 2,2,Free Throw Missed,,,,324,324,
1,1,11,Will Davis II with a defensive rebound.,110875,,true,false,false,Will,,Davis II,,UC-Irv,,27,30,9,3,1,,,,,2,,,,6,Defensive Rebound,,,,101,101,
1,0,55.2,Will Davis II misses a hook shot from 7 feet out.,110875,,true,false,false,Will,,Davis II,,UC-Irv,,27,30,9,3,1,,,,,2,2,55,Hook Shot,4,Field Goal Missed,7,6.5,1.8,101,101,
1,0,55.2,SMU with a defensive rebound.,,,false,false,false,,,,,,,27,30,9,3,0,,,,,0,,,,6,Defensive Rebound,,,,324,324,
1,0,42.9,Nick Russell misses a 3-point jump shot from 24 feet out.,88357,,true,false,false,Nick,,Russell,,SMU,,27,30,9,3,1,,,,,2,3,45,Jump Shot,4,Field Goal Missed,24,12.2,20.1,324,324,
1,0,42.9,Mamadou Ndiaye with a defensive rebound.,121622,,true,false,false,Mamadou,,Ndiaye,,UC-Irv,,27,30,9,3,0,,,,,4,,,,6,Defensive Rebound,,,,101,101,
1,0,15.1,Alex Young with a lost ball turnover: Lost Ball,117480,,true,false,false,Alex,,Young,,UC-Irv,,27,30,9,3,1,,,,,5,,2,Lost Ball,7,Turnover,,,,101,101,
1,0,12.0,Cannen Cunningham makes a dunk shot. Nic Moore with the assist.,110193,109830,true,true,false,Cannen,Nic,Cunningham,Moore,SMU,SMU,29,30,9,3,0,,,,,6,2,48,Dunk Shot,3,Field Goal Made,0,0,0,324,324,
1,0,03.2,Personal foul committed by Sterling Brown.,120587,,true,false,false,Sterling,,Brown,,SMU,,29,30,9,4,2,,,,,2,,1,Personal,8,Foul,,,,324,324,
1,0,02.4,Personal foul committed by Shawn Williams.,88913,,true,false,false,Shawn,,Williams,,SMU,,29,30,9,5,1,,,,,0,,1,Personal,8,Foul,,,,324,324,
1,0,01.0,Travis Souza misses a 3-point jump shot from 22 feet out.,110874,,true,false,false,Travis,,Souza,,UC-Irv,,29,30,9,5,0,,,,,0,3,45,Jump Shot,4,Field Goal Missed,22,-22,3,101,101,
1,0,01.0,Mamadou Ndiaye with an offensive rebound.,121622,,true,false,false,Mamadou,,Ndiaye,,UC-Irv,,29,30,9,5,0,,,,,4,,,,5,Offensive Rebound,,,,101,101,
1,0,00,End of the 1st Half,,,false,false,false,,,,,,,29,30,9,5,0,,,,,0,,,,15,End Period,,,,324,324,
2,20,00,Start of the 2nd Half,,,false,false,false,,,,,,,29,30,0,0,0,,,,,0,,,,14,Start Period,,,,324,324,
2,19,37,Luke Nelson misses a jump shot from 17 feet out.,121619,,true,false,false,Luke,,Nelson,,UC-Irv,,29,30,0,0,2,,,,,8,2,45,Jump Shot,4,Field Goal Missed,17,-16,7,101,101,
2,19,37,Sterling Brown with a defensive rebound.,120587,,true,false,false,Sterling,,Brown,,SMU,,29,30,0,0,2,,,,,2,,,,6,Defensive Rebound,,,,324,324,
2,19,25,Markus Kennedy misses a layup shot.,109504,,true,false,false,Markus,,Kennedy,,SMU,,29,30,0,0,0,,,,,6,2,40,Layup Shot,4,Field Goal Missed,0,0,0,324,324,
2,19,25,Markus Kennedy with an offensive rebound.,109504,,true,false,false,Markus,,Kennedy,,SMU,,29,30,0,0,0,,,,,6,,,,5,Offensive Rebound,,,,324,324,
2,19,24,Markus Kennedy misses a layup shot.,109504,,true,false,false,Markus,,Kennedy,,SMU,,29,30,0,0,0,,,,,6,2,40,Layup Shot,4,Field Goal Missed,0,0,0,324,324,
2,19,24,Chris McNealy with a defensive rebound.,98057,,true,false,false,Chris,,McNealy,,UC-Irv,,29,30,0,0,1,,,,,7,,,,6,Defensive Rebound,,,,101,101,
2,19,22,Shooting foul committed by Shawn Williams.,88913,,true,false,false,Shawn,,Williams,,SMU,,29,30,0,1,2,,,,,0,,2,Shooting,8,Foul,,,,324,324,
2,19,22,Will Davis II makes free throw 1 of 2.,110875,,true,false,false,Will,,Davis II,,UC-Irv,,29,31,0,1,1,,,,,3,1,11,Free Throw 1 of 2,1,Free Throw Made,,,,101,101,
2,19,22,Will Davis II makes free throw 2 of 2.,110875,,true,false,false,Will,,Davis II,,UC-Irv,,29,32,0,1,1,,,,,4,1,12,Free Throw 2 of 2,1,Free Throw Made,,,,101,101,
2,19,06,Nick Russell misses a 3-point jump shot from 23 feet out.,88357,,true,false,false,Nick,,Russell,,SMU,,29,32,0,1,1,,,,,2,3,45,Jump Shot,4,Field Goal Missed,23,-22,5,324,324,
2,19,06,Mamadou Ndiaye with a defensive rebound.,121622,,true,false,false,Mamadou,,Ndiaye,,UC-Irv,,29,32,0,1,0,,,,,4,,,,6,Defensive Rebound,,,,101,101,
2,18,42,Chris McNealy misses a 3-point jump shot from 23 feet out.,98057,,true,false,false,Chris,,McNealy,,UC-Irv,,29,32,0,1,1,,,,,7,3,45,Jump Shot,4,Field Goal Missed,23,-22,4.7,101,101,
2,18,42,Nic Moore with a defensive rebound.,109830,,true,false,false,Nic,,Moore,,SMU,,29,32,0,1,1,,,,,5,,,,6,Defensive Rebound,,,,324,324,
2,18,25,Shawn Williams with a lost ball turnover: Lost Ball,88913,,true,false,false,Shawn,,Williams,,SMU,,29,32,0,1,2,,,,,0,,2,Lost Ball,7,Turnover,,,,324,324,
2,17,55,Luke Nelson misses a 3-point jump shot from 24 feet out.,121619,,true,false,false,Luke,,Nelson,,UC-Irv,,29,32,0,1,2,,,,,8,3,45,Jump Shot,4,Field Goal Missed,24,19.1,14,101,101,
2,17,55,Markus Kennedy with a defensive rebound.,109504,,true,false,false,Markus,,Kennedy,,SMU,,29,32,0,1,0,,,,,6,,,,6,Defensive Rebound,,,,324,324,
2,17,39,Sterling Brown misses a 3-point jump shot from 22 feet out.,120587,,true,false,false,Sterling,,Brown,,SMU,,29,32,0,1,2,,,,,2,3,45,Jump Shot,4,Field Goal Missed,22,22,3,324,324,
2,17,39,Mamadou Ndiaye with a defensive rebound.,121622,,true,false,false,Mamadou,,Ndiaye,,UC-Irv,,29,32,0,1,0,,,,,4,,,,6,Defensive Rebound,,,,101,101,
2,17,35,Personal foul committed by Markus Kennedy.,109504,,true,false,false,Markus,,Kennedy,,SMU,,29,32,0,2,1,,,,,6,,1,Personal,8,Foul,,,,324,324,
2,17,23,Alex Young makes a 3-point jump shot from 23 feet out. Luke Nelson with the assist.,117480,121619,true,true,false,Alex,Luke,Young,Nelson,UC-Irv,UC-Irv,29,35,0,2,1,,,,,8,3,45,Jump Shot,3,Field Goal Made,23,22.2,5.5,101,101,
2,17,04,Shooting foul committed by Mamadou Ndiaye.,121622,,true,false,false,Mamadou,,Ndiaye,,UC-Irv,,29,35,1,2,1,,,,,4,,2,Shooting,8,Foul,,,,101,101,
2,17,04,Markus Kennedy makes free throw 1 of 2.,109504,,true,false,false,Markus,,Kennedy,,SMU,,30,35,1,2,1,,,,,7,1,11,Free Throw 1 of 2,1,Free Throw Made,,,,324,324,
2,17,04,Markus Kennedy misses free throw 2 of 2.,109504,,true,false,false,Markus,,Kennedy,,SMU,,30,35,1,2,1,,,,,7,1,12,Free Throw 2 of 2,2,Free Throw Missed,,,,324,324,
2,17,04,Will Davis II with a defensive rebound.,110875,,true,false,false,Will,,Davis II,,UC-Irv,,30,35,1,2,1,,,,,4,,,,6,Defensive Rebound,,,,101,101,
2,16,44,Will Davis II misses a jump shot from 7 feet out.,110875,,true,false,false,Will,,Davis II,,UC-Irv,,30,35,1,2,1,,,,,4,2,45,Jump Shot,4,Field Goal Missed,7,-3,7,101,101,
2,16,44,Sterling Brown with a defensive rebound.,120587,,true,false,false,Sterling,,Brown,,SMU,,30,35,1,2,2,,,,,2,,,,6,Defensive Rebound,,,,324,324,
2,16,17,Shawn Williams misses a layup shot.,88913,,true,false,false,Shawn,,Williams,,SMU,,30,35,1,2,2,,,,,0,2,40,Layup Shot,4,Field Goal Missed,0,0,0,324,324,
2,16,17,Shawn Williams with an offensive rebound.,88913,,true,false,false,Shawn,,Williams,,SMU,,30,35,1,2,2,,,,,0,,,,5,Offensive Rebound,,,,324,324,
2,16,15,Nick Russell makes a 3-point jump shot from 23 feet out. Nic Moore with the assist.,88357,109830,true,true,false,Nick,Nic,Russell,Moore,SMU,SMU,33,35,1,2,1,,,,,5,3,45,Jump Shot,3,Field Goal Made,23,15.9,16.9,324,324,
2,16,01,Luke Nelson with a lost ball turnover: Lost Ball,121619,,true,false,false,Luke,,Nelson,,UC-Irv,,33,35,1,2,2,,,,,8,,2,Lost Ball,7,Turnover,,,,101,101,
2,15,57,Shawn Williams makes a layup shot. Nick Russell with the assist.,88913,88357,true,true,false,Shawn,Nick,Williams,Russell,SMU,SMU,35,35,1,2,2,,,,,2,2,40,Layup Shot,3,Field Goal Made,0,0,0,324,324,
2,15,40,Luke Nelson misses a 3-point jump shot from 22 feet out.,121619,,true,false,false,Luke,,Nelson,,UC-Irv,,35,35,1,2,2,,,,,8,3,45,Jump Shot,4,Field Goal Missed,22,-22,3,101,101,
2,15,40,Nic Moore with a defensive rebound.,109830,,true,false,false,Nic,,Moore,,SMU,,35,35,1,2,1,,,,,5,,,,6,Defensive Rebound,,,,324,324,
2,15,32,Markus Kennedy makes a dunk shot. Nic Moore with the assist.,109504,109830,true,true,false,Markus,Nic,Kennedy,Moore,SMU,SMU,37,35,1,2,1,,,,,9,2,48,Dunk Shot,3,Field Goal Made,0,0,0,324,324,
2,15,28,UC-Irv take a 20-second timeout.,,,false,false,false,,,,,,,37,35,1,2,0,,,,,0,,2,Short,11,Timeout,,,,101,101,
2,15,10,Official TV timeout.,,,false,false,false,,,,,,,37,35,1,2,0,,,,,0,,3,Official TV,11,Timeout,,,,324,324,
2,15,08,Mamadou Ndiaye misses a layup shot.,121622,,true,false,false,Mamadou,,Ndiaye,,UC-Irv,,37,35,1,2,1,,,,,4,2,40,Layup Shot,4,Field Goal Missed,0,0,0,101,101,
2,15,08,Sterling Brown with a defensive rebound.,120587,,true,false,false,Sterling,,Brown,,SMU,,37,35,1,2,2,,,,,2,,,,6,Defensive Rebound,,,,324,324,
2,14,47,Sterling Brown makes a 3-point jump shot from 23 feet out. Nic Moore with the assist.,120587,109830,true,true,false,Sterling,Nic,Brown,Moore,SMU,SMU,40,35,1,2,2,,,,,5,3,45,Jump Shot,3,Field Goal Made,23,20.3,10.6,324,324,
2,14,21,Will Davis II misses a jump shot from 8 feet out.,110875,,true,false,false,Will,,Davis II,,UC-Irv,,40,35,1,2,1,,,,,4,2,45,Jump Shot,4,Field Goal Missed,8,.1,8.4,101,101,
2,14,21,Ryan Manuel with a defensive rebound.,110196,,true,false,false,Ryan,,Manuel,,SMU,,40,35,1,2,0,,,,,0,,,,6,Defensive Rebound,,,,324,324,
2,14,08,Cannen Cunningham misses a layup shot.,110193,,true,false,false,Cannen,,Cunningham,,SMU,,40,35,1,2,0,,,,,6,2,40,Layup Shot,4,Field Goal Missed,0,0,0,324,324,
2,14,08,Shawn Williams with an offensive rebound.,88913,,true,false,false,Shawn,,Williams,,SMU,,40,35,1,2,2,,,,,2,,,,5,Offensive Rebound,,,,324,324,
2,14,07,Personal foul committed by Mamadou Ndiaye.,121622,,true,false,false,Mamadou,,Ndiaye,,UC-Irv,,40,35,2,2,2,,,,,4,,1,Personal,8,Foul,,,,101,101,
2,13,58,Cannen Cunningham with a traveling turnover: Traveling,110193,,true,false,false,Cannen,,Cunningham,,SMU,,40,35,2,2,0,,,,,6,,4,Traveling,7,Turnover,,,,324,324,
2,13,38,Alex Young misses a layup shot.,117480,,true,false,false,Alex,,Young,,UC-Irv,,40,35,2,2,1,,,,,8,2,40,Layup Shot,4,Field Goal Missed,0,0,0,101,101,
2,13,38,UC-Irv with an offensive rebound.,,,false,false,false,,,,,,,40,35,2,2,0,,,,,0,,,,5,Offensive Rebound,,,,101,101,
2,13,34,John Ryan makes a dunk shot. Alex Young with the assist.,99310,117480,true,true,false,John,Alex,Ryan,Young,UC-Irv,UC-Irv,40,37,2,2,3,,,,,4,2,48,Dunk Shot,3,Field Goal Made,0,0,0,101,101,
2,13,12,Shooting foul committed by Alex Young.,117480,,true,false,false,Alex,,Young,,UC-Irv,,40,37,3,2,2,,,,,8,,2,Shooting,8,Foul,,,,101,101,
2,13,12,Ryan Manuel makes free throw 1 of 2.,110196,,true,false,false,Ryan,,Manuel,,SMU,,41,37,3,2,0,,,,,1,1,11,Free Throw 1 of 2,1,Free Throw Made,,,,324,324,
2,13,12,Ryan Manuel misses free throw 2 of 2.,110196,,true,false,false,Ryan,,Manuel,,SMU,,41,37,3,2,0,,,,,1,1,12,Free Throw 2 of 2,2,Free Throw Missed,,,,324,324,
2,13,12,UC-Irv with a defensive rebound.,,,false,false,false,,,,,,,41,37,3,2,0,,,,,0,,,,6,Defensive Rebound,,,,101,101,
2,13,05,Personal foul committed by Nick Russell.,88357,,true,false,false,Nick,,Russell,,SMU,,41,37,3,3,2,,,,,5,,1,Personal,8,Foul,,,,324,324,
2,12,49,Luke Nelson makes a jump shot from 18 feet out.,121619,,true,false,false,Luke,,Nelson,,UC-Irv,,41,39,3,3,2,,,,,10,2,45,Jump Shot,3,Field Goal Made,18,7.1,16.4,101,101,
2,12,29,Shooting foul committed by Chris McNealy.,98057,,true,false,false,Chris,,McNealy,,UC-Irv,,41,39,4,3,2,,,,,7,,2,Shooting,8,Foul,,,,101,101,
2,12,29,Ben Moore makes free throw 1 of 2.,120589,,true,false,false,Ben,,Moore,,SMU,,42,39,4,3,0,,,,,6,1,11,Free Throw 1 of 2,1,Free Throw Made,,,,324,324,
2,12,29,Ben Moore makes free throw 2 of 2.,120589,,true,false,false,Ben,,Moore,,SMU,,43,39,4,3,0,,,,,7,1,12,Free Throw 2 of 2,1,Free Throw Made,,,,324,324,
2,12,11,Personal foul committed by Markus Kennedy.,109504,,true,false,false,Markus,,Kennedy,,SMU,,43,39,4,4,2,,,,,9,,1,Personal,8,Foul,,,,324,324,
2,11,53,Chris McNealy misses a layup shot.,98057,,true,false,false,Chris,,McNealy,,UC-Irv,,43,39,4,4,2,,,,,7,2,40,Layup Shot,4,Field Goal Missed,0,0,0,101,101,
2,11,53,UC-Irv with an offensive rebound.,,,false,false,false,,,,,,,43,39,4,4,0,,,,,0,,,,5,Offensive Rebound,,,,101,101,
2,11,52,Official TV timeout.,,,false,false,false,,,,,,,43,39,4,4,0,,,,,0,,3,Official TV,11,Timeout,,,,324,324,
2,11,50,Luke Nelson misses a 3-point jump shot from 22 feet out.,121619,,true,false,false,Luke,,Nelson,,UC-Irv,,43,39,4,4,2,,,,,10,3,45,Jump Shot,4,Field Goal Missed,22,-21.7,4.5,101,101,
2,11,50,Mamadou Ndiaye with an offensive rebound.,121622,,true,false,false,Mamadou,,Ndiaye,,UC-Irv,,43,39,4,4,2,,,,,4,,,,5,Offensive Rebound,,,,101,101,
2,11,34,Mamadou Ndiaye misses a jump shot from 9 feet out.,121622,,true,false,false,Mamadou,,Ndiaye,,UC-Irv,,43,39,4,4,2,,,,,4,2,45,Jump Shot,4,Field Goal Missed,9,6.5,6.4,101,101,
2,11,34,Markus Kennedy with a defensive rebound.,109504,,true,false,false,Markus,,Kennedy,,SMU,,43,39,4,4,2,,,,,9,,,,6,Defensive Rebound,,,,324,324,
2,11,24,Sterling Brown makes a 3-point jump shot from 23 feet out. Nic Moore with the assist.,120587,109830,true,true,false,Sterling,Nic,Brown,Moore,SMU,SMU,46,39,4,4,2,,,,,8,3,45,Jump Shot,3,Field Goal Made,23,-18.5,13.2,324,324,
2,10,52,Shooting foul committed by Ben Moore.,120589,,true,false,false,Ben,,Moore,,SMU,,46,39,4,5,1,,,,,7,,2,Shooting,8,Foul,,,,324,324,
2,10,52,Aaron Wright misses free throw 1 of 2.,110878,,true,false,false,Aaron,,Wright,,UC-Irv,,46,39,4,5,1,,,,,0,1,11,Free Throw 1 of 2,2,Free Throw Missed,,,,101,101,
2,10,52,UC-Irv with an offensive rebound.,,,false,false,false,,,,,,,46,39,4,5,0,,,,,0,,,,5,Offensive Rebound,,,,101,101,
2,10,52,Aaron Wright misses free throw 2 of 2.,110878,,true,false,false,Aaron,,Wright,,UC-Irv,,46,39,4,5,1,,,,,0,1,12,Free Throw 2 of 2,2,Free Throw Missed,,,,101,101,
2,10,52,Nick Russell with a defensive rebound.,88357,,true,false,false,Nick,,Russell,,SMU,,46,39,4,5,2,,,,,5,,,,6,Defensive Rebound,,,,324,324,
2,10,31,Nick Russell makes a jump shot from 16 feet out.,88357,,true,false,false,Nick,,Russell,,SMU,,48,39,4,5,2,,,,,7,2,45,Jump Shot,3,Field Goal Made,16,2.6,16.2,324,324,
2,10,18,Aaron Wright with a lost ball out of bounds turnover: Lost Ball Out of Bounds,110878,,true,false,false,Aaron,,Wright,,UC-Irv,,48,39,4,5,1,,,,,0,,23,Lost Ball Out of Bounds,7,Turnover,,,,101,101,
2,9,56,Markus Kennedy misses a layup shot.,109504,,true,false,false,Markus,,Kennedy,,SMU,,48,39,4,5,2,,,,,9,2,40,Layup Shot,4,Field Goal Missed,0,0,0,324,324,
2,9,56,Luke Nelson with a defensive rebound.,121619,,true,false,false,Luke,,Nelson,,UC-Irv,,48,39,4,5,2,,,,,10,,,,6,Defensive Rebound,,,,101,101,
2,9,51,Luke Nelson makes a 3-point jump shot from 25 feet out. Alex Young with the assist.,121619,117480,true,true,false,Luke,Alex,Nelson,Young,UC-Irv,UC-Irv,48,42,4,5,2,,,,,13,3,45,Jump Shot,3,Field Goal Made,25,-4.3,24.2,101,101,
2,9,30,Markus Kennedy misses a layup shot.,109504,,true,false,false,Markus,,Kennedy,,SMU,,48,42,4,5,2,,,,,9,2,40,Layup Shot,4,Field Goal Missed,0,0,0,324,324,
2,9,30,Luke Nelson with a defensive rebound.,121619,,true,false,false,Luke,,Nelson,,UC-Irv,,48,42,4,5,2,,,,,13,,,,6,Defensive Rebound,,,,101,101,
2,9,09,Personal foul committed by Sterling Brown.,120587,,true,false,false,Sterling,,Brown,,SMU,,48,42,4,6,3,,,,,8,,1,Personal,8,Foul,,,,324,324,
2,9,04,Mike Best with a lost ball turnover: Lost Ball,110879,,true,false,false,Mike,,Best,,UC-Irv,,48,42,4,6,0,,,,,2,,2,Lost Ball,7,Turnover,,,,101,101,
2,9,01,Ryan Manuel misses a layup shot.,110196,,true,false,false,Ryan,,Manuel,,SMU,,48,42,4,6,0,,,,,1,2,40,Layup Shot,4,Field Goal Missed,0,0,0,324,324,
2,9,01,Aaron Wright with a defensive rebound.,110878,,true,false,false,Aaron,,Wright,,UC-Irv,,48,42,4,6,1,,,,,0,,,,6,Defensive Rebound,,,,101,101,
2,8,54,Aaron Wright with a lost ball turnover: Lost Ball,110878,,true,false,false,Aaron,,Wright,,UC-Irv,,48,42,4,6,1,,,,,0,,2,Lost Ball,7,Turnover,,,,101,101,
2,8,54,Personal foul committed by Aaron Wright.,110878,,true,false,false,Aaron,,Wright,,UC-Irv,,48,42,5,6,2,,,,,0,,1,Personal,8,Foul,,,,101,101,
2,8,47,Nic Moore misses a jump shot from 17 feet out.,109830,,true,false,false,Nic,,Moore,,SMU,,48,42,5,6,1,,,,,5,2,45,Jump Shot,4,Field Goal Missed,17,-6,16,324,324,
2,8,47,Cannen Cunningham with an offensive rebound.,110193,,true,false,false,Cannen,,Cunningham,,SMU,,48,42,5,6,0,,,,,6,,,,5,Offensive Rebound,,,,324,324,
2,8,35,Cannen Cunningham misses a dunk shot.,110193,,true,false,false,Cannen,,Cunningham,,SMU,,48,42,5,6,0,,,,,6,2,48,Dunk Shot,4,Field Goal Missed,0,0,0,324,324,
2,8,35,Ben Moore with an offensive rebound.,120589,,true,false,false,Ben,,Moore,,SMU,,48,42,5,6,1,,,,,7,,,,5,Offensive Rebound,,,,324,324,
2,8,27,Ben Moore makes a layup shot.,120589,,true,false,false,Ben,,Moore,,SMU,,50,42,5,6,1,,,,,9,2,40,Layup Shot,3,Field Goal Made,0,0,0,324,324,
2,8,18,Chris McNealy with a lost ball turnover: Lost Ball,98057,,true,false,false,Chris,,McNealy,,UC-Irv,,50,42,5,6,2,,,,,7,,2,Lost Ball,7,Turnover,,,,101,101,
2,8,16,Personal foul committed by Alex Young.,117480,,true,false,false,Alex,,Young,,UC-Irv,,50,42,6,6,3,,,,,8,,1,Personal,8,Foul,,,,101,101,
2,8,16,Technical foul committed by UC-Irv.,,,false,false,false,,,,,,,50,42,7,6,0,,,,,0,,11,Technical,8,Foul,,,,101,101,
2,8,16,Nick Russell misses free throw technical.,88357,,true,false,false,Nick,,Russell,,SMU,,50,42,7,6,2,,,,,7,1,16,Free Throw Technical,2,Free Throw Missed,,,,324,324,
2,8,16,SMU with an offensive rebound.,,,false,false,false,,,,,,,50,42,7,6,0,,,,,0,,,,5,Offensive Rebound,,,,324,324,
2,8,16,Nick Russell makes free throw technical.,88357,,true,false,false,Nick,,Russell,,SMU,,51,42,7,6,2,,,,,8,1,16,Free Throw Technical,1,Free Throw Made,,,,324,324,
2,8,03,Chris McNealy makes a layup shot.,98057,,true,false,false,Chris,,McNealy,,UC-Irv,,51,44,7,6,2,,,,,9,2,40,Layup Shot,3,Field Goal Made,0,0,0,101,101,
2,7,38,Cannen Cunningham with a lost ball turnover: Lost Ball,110193,,true,false,false,Cannen,,Cunningham,,SMU,,51,44,7,6,0,,,,,6,,2,Lost Ball,7,Turnover,,,,324,324,
2,7,24,Shooting foul committed by Cannen Cunningham.,110193,,true,false,false,Cannen,,Cunningham,,SMU,,51,44,7,7,1,,,,,6,,2,Shooting,8,Foul,,,,324,324,
2,7,24,Official TV timeout.,,,false,false,false,,,,,,,51,44,7,7,0,,,,,0,,3,Official TV,11,Timeout,,,,324,324,
2,7,24,Mamadou Ndiaye misses free throw 1 of 2.,121622,,true,false,false,Mamadou,,Ndiaye,,UC-Irv,,51,44,7,7,2,,,,,4,1,11,Free Throw 1 of 2,2,Free Throw Missed,,,,101,101,
2,7,24,UC-Irv with an offensive rebound.,,,false,false,false,,,,,,,51,44,7,7,0,,,,,0,,,,5,Offensive Rebound,,,,101,101,
2,7,24,Mamadou Ndiaye makes free throw 2 of 2.,121622,,true,false,false,Mamadou,,Ndiaye,,UC-Irv,,51,45,7,7,2,,,,,5,1,12,Free Throw 2 of 2,1,Free Throw Made,,,,101,101,
2,7,09,Ryan Manuel misses a dunk shot.,110196,,true,false,false,Ryan,,Manuel,,SMU,,51,45,7,7,0,,,,,1,2,48,Dunk Shot,4,Field Goal Missed,0,0,0,324,324,
2,7,09,Mamadou Ndiaye with a defensive rebound.,121622,,true,false,false,Mamadou,,Ndiaye,,UC-Irv,,51,45,7,7,2,,,,,5,,,,6,Defensive Rebound,,,,101,101,
2,6,53,Alex Young misses a jump shot from 18 feet out.,117480,,true,false,false,Alex,,Young,,UC-Irv,,51,45,7,7,3,,,,,8,2,45,Jump Shot,4,Field Goal Missed,18,9.1,15.4,101,101,
2,6,53,Will Davis II with an offensive rebound.,110875,,true,false,false,Will,,Davis II,,UC-Irv,,51,45,7,7,1,,,,,4,,,,5,Offensive Rebound,,,,101,101,
2,6,45,Alex Young misses a 3-point jump shot from 23 feet out.,117480,,true,false,false,Alex,,Young,,UC-Irv,,51,45,7,7,3,,,,,8,3,45,Jump Shot,4,Field Goal Missed,23,4.8,22.5,101,101,
2,6,45,Ryan Manuel with a defensive rebound.,110196,,true,false,false,Ryan,,Manuel,,SMU,,51,45,7,7,0,,,,,1,,,,6,Defensive Rebound,,,,324,324,
2,6,39,Ben Moore makes a layup shot. Nic Moore with the assist.,120589,109830,true,true,false,Ben,Nic,Moore,Moore,SMU,SMU,53,45,7,7,1,,,,,11,2,40,Layup Shot,3,Field Goal Made,0,0,0,324,324,
2,6,39,Shooting foul committed by Luke Nelson.,121619,,true,false,false,Luke,,Nelson,,UC-Irv,,53,45,8,7,3,,,,,13,,2,Shooting,8,Foul,,,,101,101,
2,6,39,Ben Moore misses free throw 1 of 1.,120589,,true,false,false,Ben,,Moore,,SMU,,53,45,8,7,1,,,,,11,1,10,Free Throw 1 of 1,2,Free Throw Missed,,,,324,324,
2,6,39,Alex Young with a defensive rebound.,117480,,true,false,false,Alex,,Young,,UC-Irv,,53,45,8,7,3,,,,,8,,,,6,Defensive Rebound,,,,101,101,
2,6,34,Offensive foul committed by Chris McNealy.,98057,,true,false,false,Chris,,McNealy,,UC-Irv,,53,45,9,7,3,,,,,9,,4,Offensive,8,Foul,,,,101,101,
2,6,34,Chris McNealy with a  turnover:,98057,,true,false,false,Chris,,McNealy,,UC-Irv,,53,45,9,7,3,,,,,9,,,,7,Turnover,,,,101,101,
2,6,10,Cannen Cunningham misses a jump shot from 18 feet out.,110193,,true,false,false,Cannen,,Cunningham,,SMU,,53,45,9,7,1,,,,,6,2,45,Jump Shot,4,Field Goal Missed,18,-9.3,15.4,324,324,
2,6,10,Mamadou Ndiaye with a defensive rebound.,121622,,true,false,false,Mamadou,,Ndiaye,,UC-Irv,,53,45,9,7,2,,,,,5,,,,6,Defensive Rebound,,,,101,101,
2,5,35,Luke Nelson misses a layup shot.,121619,,true,false,false,Luke,,Nelson,,UC-Irv,,53,45,9,7,3,,,,,13,2,40,Layup Shot,4,Field Goal Missed,0,0,0,101,101,
2,5,35,Nick Russell with a defensive rebound.,88357,,true,false,false,Nick,,Russell,,SMU,,53,45,9,7,2,,,,,8,,,,6,Defensive Rebound,,,,324,324,
2,5,15,Cannen Cunningham makes a jump shot from 15 feet out. Nick Russell with the assist.,110193,88357,true,true,false,Cannen,Nick,Cunningham,Russell,SMU,SMU,55,45,9,7,1,,,,,8,2,45,Jump Shot,3,Field Goal Made,15,1.6,15.2,324,324,
2,4,40,Personal foul committed by Cannen Cunningham.,110193,,true,false,false,Cannen,,Cunningham,,SMU,,55,45,9,8,2,,,,,8,,1,Personal,8,Foul,,,,324,324,
2,4,40,Alex Young makes free throw 1 of 2.,117480,,true,false,false,Alex,,Young,,UC-Irv,,55,46,9,8,3,,,,,9,1,11,Free Throw 1 of 2,1,Free Throw Made,,,,101,101,
2,4,40,Alex Young makes free throw 2 of 2.,117480,,true,false,false,Alex,,Young,,UC-Irv,,55,47,9,8,3,,,,,10,1,12,Free Throw 2 of 2,1,Free Throw Made,,,,101,101,
2,4,09,Shooting foul committed by Mamadou Ndiaye.,121622,,true,false,false,Mamadou,,Ndiaye,,UC-Irv,,55,47,10,8,3,,,,,5,,2,Shooting,8,Foul,,,,101,101,
2,4,09,Cannen Cunningham makes free throw 1 of 2.,110193,,true,false,false,Cannen,,Cunningham,,SMU,,56,47,10,8,2,,,,,9,1,11,Free Throw 1 of 2,1,Free Throw Made,,,,324,324,
2,4,09,Cannen Cunningham makes free throw 2 of 2.,110193,,true,false,false,Cannen,,Cunningham,,SMU,,57,47,10,8,2,,,,,10,1,12,Free Throw 2 of 2,1,Free Throw Made,,,,324,324,
2,3,54,Will Davis II misses a layup shot.,110875,,true,false,false,Will,,Davis II,,UC-Irv,,57,47,10,8,1,,,,,4,2,40,Layup Shot,4,Field Goal Missed,0,0,0,101,101,
2,3,54,UC-Irv with an offensive rebound.,,,false,false,false,,,,,,,57,47,10,8,0,,,,,0,,,,5,Offensive Rebound,,,,101,101,
2,3,53,Official TV timeout.,,,false,false,false,,,,,,,57,47,10,8,0,,,,,0,,3,Official TV,11,Timeout,,,,324,324,
2,3,43,Will Davis II misses a jump shot from 9 feet out.,110875,,true,false,false,Will,,Davis II,,UC-Irv,,57,47,10,8,1,,,,,4,2,45,Jump Shot,4,Field Goal Missed,9,1.8,8.4,101,101,
2,3,43,Luke Nelson with an offensive rebound.,121619,,true,false,false,Luke,,Nelson,,UC-Irv,,57,47,10,8,3,,,,,13,,,,5,Offensive Rebound,,,,101,101,
2,3,38,Chris McNealy misses a 3-point jump shot from 23 feet out.,98057,,true,false,false,Chris,,McNealy,,UC-Irv,,57,47,10,8,3,,,,,9,3,45,Jump Shot,4,Field Goal Missed,23,-23,1.8,101,101,
2,3,38,Will Davis II with an offensive rebound.,110875,,true,false,false,Will,,Davis II,,UC-Irv,,57,47,10,8,1,,,,,4,,,,5,Offensive Rebound,,,,101,101,
2,3,34,Will Davis II makes a layup shot.,110875,,true,false,false,Will,,Davis II,,UC-Irv,,57,49,10,8,1,,,,,6,2,40,Layup Shot,3,Field Goal Made,0,0,0,101,101,
2,3,34,Shooting foul committed by Ben Moore.,120589,,true,false,false,Ben,,Moore,,SMU,,57,49,10,9,2,,,,,11,,2,Shooting,8,Foul,,,,324,324,
2,3,34,Will Davis II makes free throw 1 of 1.,110875,,true,false,false,Will,,Davis II,,UC-Irv,,57,50,10,9,1,,,,,7,1,10,Free Throw 1 of 1,1,Free Throw Made,,,,101,101,
2,3,20,Personal foul committed by Luke Nelson.,121619,,true,false,false,Luke,,Nelson,,UC-Irv,,57,50,11,9,4,,,,,13,,1,Personal,8,Foul,,,,101,101,
2,3,20,Cannen Cunningham makes free throw 1 of 2.,110193,,true,false,false,Cannen,,Cunningham,,SMU,,58,50,11,9,2,,,,,11,1,11,Free Throw 1 of 2,1,Free Throw Made,,,,324,324,
2,3,20,Cannen Cunningham misses free throw 2 of 2.,110193,,true,false,false,Cannen,,Cunningham,,SMU,,58,50,11,9,2,,,,,11,1,12,Free Throw 2 of 2,2,Free Throw Missed,,,,324,324,
2,3,20,Mamadou Ndiaye with a defensive rebound.,121622,,true,false,false,Mamadou,,Ndiaye,,UC-Irv,,58,50,11,9,3,,,,,5,,,,6,Defensive Rebound,,,,101,101,
2,3,18,Personal foul committed by Sterling Brown.,120587,,true,false,false,Sterling,,Brown,,SMU,,58,50,11,10,4,,,,,8,,1,Personal,8,Foul,,,,324,324,
2,3,18,Mamadou Ndiaye makes free throw 1 of 2.,121622,,true,false,false,Mamadou,,Ndiaye,,UC-Irv,,58,51,11,10,3,,,,,6,1,11,Free Throw 1 of 2,1,Free Throw Made,,,,101,101,
2,3,18,Mamadou Ndiaye makes free throw 2 of 2.,121622,,true,false,false,Mamadou,,Ndiaye,,UC-Irv,,58,52,11,10,3,,,,,7,1,12,Free Throw 2 of 2,1,Free Throw Made,,,,101,101,
2,2,46,Markus Kennedy misses a layup shot.,109504,,true,false,false,Markus,,Kennedy,,SMU,,58,52,11,10,2,,,,,9,2,40,Layup Shot,4,Field Goal Missed,0,0,0,324,324,
2,2,46,Mamadou Ndiaye with a defensive rebound.,121622,,true,false,false,Mamadou,,Ndiaye,,UC-Irv,,58,52,11,10,3,,,,,7,,,,6,Defensive Rebound,,,,101,101,
2,2,37,Luke Nelson misses a 3-point jump shot from 24 feet out.,121619,,true,false,false,Luke,,Nelson,,UC-Irv,,58,52,11,10,4,,,,,13,3,45,Jump Shot,4,Field Goal Missed,24,16,17,101,101,
2,2,37,Chris McNealy with an offensive rebound.,98057,,true,false,false,Chris,,McNealy,,UC-Irv,,58,52,11,10,3,,,,,9,,,,5,Offensive Rebound,,,,101,101,
2,2,36,Chris McNealy misses a tip shot from 2 feet out.,98057,,true,false,false,Chris,,McNealy,,UC-Irv,,58,52,11,10,3,,,,,9,2,53,Tip Shot,4,Field Goal Missed,2,0,2,101,101,
2,2,36,Cannen Cunningham with a defensive rebound.,110193,,true,false,false,Cannen,,Cunningham,,SMU,,58,52,11,10,2,,,,,11,,,,6,Defensive Rebound,,,,324,324,
2,2,14,Nick Russell misses a jump shot from 15 feet out.,88357,,true,false,false,Nick,,Russell,,SMU,,58,52,11,10,2,,,,,8,2,45,Jump Shot,4,Field Goal Missed,15,-14.7,1.4,324,324,
2,2,14,Sterling Brown with an offensive rebound.,120587,,true,false,false,Sterling,,Brown,,SMU,,58,52,11,10,4,,,,,8,,,,5,Offensive Rebound,,,,324,324,
2,1,54,Cannen Cunningham makes a jump shot from 10 feet out. Nick Russell with the assist.,110193,88357,true,true,false,Cannen,Nick,Cunningham,Russell,SMU,SMU,60,52,11,10,2,,,,,13,2,45,Jump Shot,3,Field Goal Made,10,.6,9.9,324,324,
2,1,33,Luke Nelson with a lost ball turnover: Lost Ball,121619,,true,false,false,Luke,,Nelson,,UC-Irv,,60,52,11,10,4,,,,,13,,2,Lost Ball,7,Turnover,,,,101,101,
2,1,26,Personal foul committed by Alex Young.,117480,,true,false,false,Alex,,Young,,UC-Irv,,60,52,12,10,4,,,,,10,,1,Personal,8,Foul,,,,101,101,
2,1,26,Nic Moore makes free throw 1 of 2.,109830,,true,false,false,Nic,,Moore,,SMU,,61,52,12,10,1,,,,,6,1,11,Free Throw 1 of 2,1,Free Throw Made,,,,324,324,
2,1,26,Nic Moore makes free throw 2 of 2.,109830,,true,false,false,Nic,,Moore,,SMU,,62,52,12,10,1,,,,,7,1,12,Free Throw 2 of 2,1,Free Throw Made,,,,324,324,
2,1,16,Will Davis II makes a layup shot. Luke Nelson with the assist.,110875,121619,true,true,false,Will,Luke,Davis II,Nelson,UC-Irv,UC-Irv,62,54,12,10,1,,,,,9,2,40,Layup Shot,3,Field Goal Made,0,0,0,101,101,
2,1,16,Shooting foul committed by Markus Kennedy.,109504,,true,false,false,Markus,,Kennedy,,SMU,,62,54,12,11,3,,,,,9,,2,Shooting,8,Foul,,,,324,324,
2,1,16,Will Davis II misses free throw 1 of 1.,110875,,true,false,false,Will,,Davis II,,UC-Irv,,62,54,12,11,1,,,,,9,1,10,Free Throw 1 of 1,2,Free Throw Missed,,,,101,101,
2,1,16,Nick Russell with a defensive rebound.,88357,,true,false,false,Nick,,Russell,,SMU,,62,54,12,11,2,,,,,8,,,,6,Defensive Rebound,,,,324,324,
2,1,15,Personal foul committed by Will Davis II.,110875,,true,false,false,Will,,Davis II,,UC-Irv,,62,54,13,11,2,,,,,9,,1,Personal,8,Foul,,,,101,101,
2,1,15,Nick Russell makes free throw 1 of 2.,88357,,true,false,false,Nick,,Russell,,SMU,,63,54,13,11,2,,,,,9,1,11,Free Throw 1 of 2,1,Free Throw Made,,,,324,324,
2,1,15,Nick Russell makes free throw 2 of 2.,88357,,true,false,false,Nick,,Russell,,SMU,,64,54,13,11,2,,,,,10,1,12,Free Throw 2 of 2,1,Free Throw Made,,,,324,324,
2,1,08,Luke Nelson misses a 3-point jump shot from 24 feet out.,121619,,true,false,false,Luke,,Nelson,,UC-Irv,,64,54,13,11,4,,,,,13,3,45,Jump Shot,4,Field Goal Missed,24,-19.5,14.9,101,101,
2,1,08,Will Davis II with an offensive rebound.,110875,,true,false,false,Will,,Davis II,,UC-Irv,,64,54,13,11,2,,,,,9,,,,5,Offensive Rebound,,,,101,101,
2,1,05,Will Davis II misses a layup shot.,110875,,true,false,false,Will,,Davis II,,UC-Irv,,64,54,13,11,2,,,,,9,2,40,Layup Shot,4,Field Goal Missed,0,0,0,101,101,
2,1,05,Cannen Cunningham with a defensive rebound.,110193,,true,false,false,Cannen,,Cunningham,,SMU,,64,54,13,11,2,,,,,13,,,,6,Defensive Rebound,,,,324,324,
2,1,03,Personal foul committed by Will Davis II.,110875,,true,false,false,Will,,Davis II,,UC-Irv,,64,54,14,11,3,,,,,9,,1,Personal,8,Foul,,,,101,101,
2,1,03,Cannen Cunningham makes free throw 1 of 2.,110193,,true,false,false,Cannen,,Cunningham,,SMU,,65,54,14,11,2,,,,,14,1,11,Free Throw 1 of 2,1,Free Throw Made,,,,324,324,
2,1,03,Cannen Cunningham makes free throw 2 of 2.,110193,,true,false,false,Cannen,,Cunningham,,SMU,,66,54,14,11,2,,,,,15,1,12,Free Throw 2 of 2,1,Free Throw Made,,,,324,324,
2,0,55.0,Chris McNealy misses a 3-point jump shot from 24 feet out.,98057,,true,false,false,Chris,,McNealy,,UC-Irv,,66,54,14,11,3,,,,,9,3,45,Jump Shot,4,Field Goal Missed,24,18,16,101,101,
2,0,55.0,Will Davis II with an offensive rebound.,110875,,true,false,false,Will,,Davis II,,UC-Irv,,66,54,14,11,3,,,,,9,,,,5,Offensive Rebound,,,,101,101,
2,0,53.9,Will Davis II with a stepped out of bounds turnover: Stepped Out of Bounds,110875,,true,false,false,Will,,Davis II,,UC-Irv,,66,54,14,11,3,,,,,9,,26,Stepped Out of Bounds,7,Turnover,,,,101,101,
2,0,51.7,Personal foul committed by Travis Souza.,110874,,true,false,false,Travis,,Souza,,UC-Irv,,66,54,15,11,1,,,,,0,,1,Personal,8,Foul,,,,101,101,
2,0,51.7,Ryan Manuel misses free throw 1 of 2.,110196,,true,false,false,Ryan,,Manuel,,SMU,,66,54,15,11,0,,,,,1,1,11,Free Throw 1 of 2,2,Free Throw Missed,,,,324,324,
2,0,51.7,SMU with an offensive rebound.,,,false,false,false,,,,,,,66,54,15,11,0,,,,,0,,,,5,Offensive Rebound,,,,324,324,
2,0,51.7,Ryan Manuel misses free throw 2 of 2.,110196,,true,false,false,Ryan,,Manuel,,SMU,,66,54,15,11,0,,,,,1,1,12,Free Throw 2 of 2,2,Free Throw Missed,,,,324,324,
2,0,51.7,Cannen Cunningham with an offensive rebound.,110193,,true,false,false,Cannen,,Cunningham,,SMU,,66,54,15,11,2,,,,,15,,,,5,Offensive Rebound,,,,324,324,
2,0,42.3,Personal foul committed by Will Davis II.,110875,,true,false,false,Will,,Davis II,,UC-Irv,,66,54,16,11,4,,,,,9,,1,Personal,8,Foul,,,,101,101,
2,0,42.3,Cannen Cunningham makes free throw 1 of 2.,110193,,true,false,false,Cannen,,Cunningham,,SMU,,67,54,16,11,2,,,,,16,1,11,Free Throw 1 of 2,1,Free Throw Made,,,,324,324,
2,0,42.3,Cannen Cunningham makes free throw 2 of 2.,110193,,true,false,false,Cannen,,Cunningham,,SMU,,68,54,16,11,2,,,,,17,1,12,Free Throw 2 of 2,1,Free Throw Made,,,,324,324,
2,0,35.8,Luke Nelson misses a 3-point jump shot from 26 feet out.,121619,,true,false,false,Luke,,Nelson,,UC-Irv,,68,54,16,11,4,,,,,13,3,45,Jump Shot,4,Field Goal Missed,26,-21.2,15.4,101,101,
2,0,35.8,Nick Russell with a defensive rebound.,88357,,true,false,false,Nick,,Russell,,SMU,,68,54,16,11,2,,,,,10,,,,6,Defensive Rebound,,,,324,324,
2,0,14.9,Nic Moore with a bad pass turnover: Bad Pass,109830,,true,false,false,Nic,,Moore,,SMU,,68,54,16,11,1,,,,,7,,1,Bad Pass,7,Turnover,,,,324,324,
2,0,10.4,Alex Young misses a 3-point jump shot from 24 feet out.,117480,,true,false,false,Alex,,Young,,UC-Irv,,68,54,16,11,4,,,,,10,3,45,Jump Shot,4,Field Goal Missed,24,6.9,22.5,101,101,
2,0,10.4,Ryan Manuel with a defensive rebound.,110196,,true,false,false,Ryan,,Manuel,,SMU,,68,54,16,11,0,,,,,1,,,,6,Defensive Rebound,,,,324,324,
2,0,00,End of the 2nd Half,,,false,false,false,,,,,,,68,54,16,11,0,,,,,0,,,,15,End Period,,,,324,324,
2,0,00,End of the Game,,,false,false,false,,,,,,,68,54,16,11,0,,,,,0,,,,19,Game Over,,,,324,324,
