half,time-minutes,time-seconds,details,player1-id,player2-id,player1-linkable,player2-linkable,player3-linkable,player-first-name-1,player-first-name-2,player-last-name-1,player-last-name-2,player-team-alias-1,player-team-alias-2,home-score,visitor-score,visitor-fouls,home-fouls,player-fouls,fastbreak,in-paint,second-chance,off-turnover,player-score,points-type,detail-id,detail-desc,event-id,event-desc,distance,x-coord,y-coord,team-id-1,team-id-2,team-id-3
1,20,00,Start of the 1st Half,,,false,false,false,,,,,,,0,0,0,0,0,,,,,0,,,,14,Start Period,,,,3,3,
1,19,54,Maurice Watson Jr. misses a layup shot.,116018,,true,false,false,Maurice,,Watson Jr.,,BU,,0,0,0,0,0,,,,,0,2,40,Layup Shot,4,Field Goal Missed,0,0,0,3,3,
1,19,54,Maurice Watson Jr. with an offensive rebound.,116018,,true,false,false,Maurice,,Watson Jr.,,BU,,0,0,0,0,0,,,,,0,,,,5,Offensive Rebound,,,,3,3,
1,19,45,Dom Morris misses a 3-point jump shot from 24 feet out.,97143,,true,false,false,Dom,,Morris,,BU,,0,0,0,0,0,,,,,0,3,45,Jump Shot,4,Field Goal Missed,24,2.6,23.9,3,3,
1,19,45,Rayvonte Rice with a defensive rebound.,98259,,true,false,false,Rayvonte,,Rice,,Ill,,0,0,0,0,0,,,,,0,,,,6,Defensive Rebound,,,,72,72,
1,19,35,Nnanna Egwu misses a jump shot from 14 feet out.,110106,,true,false,false,Nnanna,,Egwu,,Ill,,0,0,0,0,0,,,,,0,2,45,Jump Shot,4,Field Goal Missed,14,-8.9,10.3,72,72,
1,19,35,D.J. Irving with a defensive rebound.,97137,,true,false,false,D.J.,,Irving,,BU,,0,0,0,0,0,,,,,0,,,,6,Defensive Rebound,,,,3,3,
1,19,14,D.J. Irving misses a 3-point jump shot from 24 feet out.,97137,,true,false,false,D.J.,,Irving,,BU,,0,0,0,0,0,,,,,0,3,45,Jump Shot,4,Field Goal Missed,24,16.8,17.3,3,3,
1,19,14,Malcolm Hill with a defensive rebound.,120650,,true,false,false,Malcolm,,Hill,,Ill,,0,0,0,0,0,,,,,0,,,,6,Defensive Rebound,,,,72,72,
1,18,45,Rayvonte Rice misses a 3-point jump shot from 24 feet out.,98259,,true,false,false,Rayvonte,,Rice,,Ill,,0,0,0,0,0,,,,,0,3,45,Jump Shot,4,Field Goal Missed,24,13.5,20,72,72,
1,18,45,Maurice Watson Jr. with a defensive rebound.,116018,,true,false,false,Maurice,,Watson Jr.,,BU,,0,0,0,0,0,,,,,0,,,,6,Defensive Rebound,,,,3,3,
1,18,28,Maurice Watson Jr. misses a jump shot from 16 feet out.,116018,,true,false,false,Maurice,,Watson Jr.,,BU,,0,0,0,0,0,,,,,0,2,45,Jump Shot,4,Field Goal Missed,16,7.2,13.9,3,3,
1,18,28,Rayvonte Rice with a defensive rebound.,98259,,true,false,false,Rayvonte,,Rice,,Ill,,0,0,0,0,0,,,,,0,,,,6,Defensive Rebound,,,,72,72,
1,18,06,Malcolm Hill misses a jump shot from 16 feet out.,120650,,true,false,false,Malcolm,,Hill,,Ill,,0,0,0,0,0,,,,,0,2,45,Jump Shot,4,Field Goal Missed,16,-14.5,6.5,72,72,
1,18,06,D.J. Irving with a defensive rebound.,97137,,true,false,false,D.J.,,Irving,,BU,,0,0,0,0,0,,,,,0,,,,6,Defensive Rebound,,,,3,3,
1,17,37,Nathan Dieudonne misses a 3-point jump shot from 23 feet out.,116016,,true,false,false,Nathan,,Dieudonne,,BU,,0,0,0,0,0,,,,,0,3,45,Jump Shot,4,Field Goal Missed,23,-11.3,19.6,3,3,
1,17,37,Rayvonte Rice with a defensive rebound.,98259,,true,false,false,Rayvonte,,Rice,,Ill,,0,0,0,0,0,,,,,0,,,,6,Defensive Rebound,,,,72,72,
1,17,18,Malcolm Hill makes a 3-point jump shot from 24 feet out. Tracy Abrams with the assist.,120650,110101,true,true,false,Malcolm,Tracy,Hill,Abrams,Ill,Ill,0,3,0,0,0,,,,,3,3,45,Jump Shot,3,Field Goal Made,24,-19.8,13.5,72,72,
1,17,01,Dom Morris misses a 3-point jump shot from 23 feet out.,97143,,true,false,false,Dom,,Morris,,BU,,0,3,0,0,0,,,,,0,3,45,Jump Shot,4,Field Goal Missed,23,6.5,22.5,3,3,
1,17,01,Ill with a defensive rebound.,,,false,false,false,,,,,,,0,3,0,0,0,,,,,0,,,,6,Defensive Rebound,,,,72,72,
1,16,23,Rayvonte Rice makes a jump shot from 8 feet out. Joseph Bertrand with the assist.,98259,88685,true,true,false,Rayvonte,Joseph,Rice,Bertrand,Ill,Ill,0,5,0,0,0,,,,,2,2,45,Jump Shot,3,Field Goal Made,8,-1,8,72,72,
1,16,08,Dom Morris makes a layup shot. Maurice Watson Jr. with the assist.,97143,116018,true,true,false,Dom,Maurice,Morris,Watson Jr.,BU,BU,2,5,0,0,0,,,,,2,2,40,Layup Shot,3,Field Goal Made,0,0,0,3,3,
1,15,52,Tracy Abrams misses a jump shot from 15 feet out.,110101,,true,false,false,Tracy,,Abrams,,Ill,,2,5,0,0,0,,,,,0,2,45,Jump Shot,4,Field Goal Missed,15,7.2,13.7,72,72,
1,15,52,Tracy Abrams with an offensive rebound.,110101,,true,false,false,Tracy,,Abrams,,Ill,,2,5,0,0,0,,,,,0,,,,5,Offensive Rebound,,,,72,72,
1,15,45,Tracy Abrams with a lost ball turnover: Lost Ball,110101,,true,false,false,Tracy,,Abrams,,Ill,,2,5,0,0,0,,,,,0,,2,Lost Ball,7,Turnover,,,,72,72,
1,15,40,Maurice Watson Jr. makes a layup shot.,116018,,true,false,false,Maurice,,Watson Jr.,,BU,,4,5,0,0,0,,,,,2,2,40,Layup Shot,3,Field Goal Made,0,0,0,3,3,
1,15,37,Official TV timeout.,,,false,false,false,,,,,,,4,5,0,0,0,,,,,0,,3,Official TV,11,Timeout,,,,3,3,
1,15,28,Joseph Bertrand makes a layup shot.,88685,,true,false,false,Joseph,,Bertrand,,Ill,,4,7,0,0,0,,,,,2,2,40,Layup Shot,3,Field Goal Made,0,0,0,72,72,
1,15,05,Shooting foul committed by Nnanna Egwu.,110106,,true,false,false,Nnanna,,Egwu,,Ill,,4,7,1,0,1,,,,,0,,2,Shooting,8,Foul,,,,72,72,
1,15,05,Dom Morris makes free throw 1 of 2.,97143,,true,false,false,Dom,,Morris,,BU,,5,7,1,0,0,,,,,3,1,11,Free Throw 1 of 2,1,Free Throw Made,,,,3,3,
1,15,05,Dom Morris makes free throw 2 of 2.,97143,,true,false,false,Dom,,Morris,,BU,,6,7,1,0,0,,,,,4,1,12,Free Throw 2 of 2,1,Free Throw Made,,,,3,3,
1,14,45,Jaylon Tate with a lost ball turnover: Lost Ball,120649,,true,false,false,Jaylon,,Tate,,Ill,,6,7,1,0,0,,,,,0,,2,Lost Ball,7,Turnover,,,,72,72,
1,14,37,Maurice Watson Jr. misses a layup shot.,116018,,true,false,false,Maurice,,Watson Jr.,,BU,,6,7,1,0,0,,,,,2,2,40,Layup Shot,4,Field Goal Missed,0,0,0,3,3,
1,14,37,BU with an offensive rebound.,,,false,false,false,,,,,,,6,7,1,0,0,,,,,0,,,,5,Offensive Rebound,,,,3,3,
1,14,34,John Papale makes a 3-point jump shot from 24 feet out. Maurice Watson Jr. with the assist.,116017,116018,true,true,false,John,Maurice,Papale,Watson Jr.,BU,BU,9,7,1,0,0,,,,,3,3,45,Jump Shot,3,Field Goal Made,24,16.1,17.9,3,3,
1,14,21,Jon Ekey misses a 3-point jump shot from 23 feet out.,88748,,true,false,false,Jon,,Ekey,,Ill,,9,7,1,0,0,,,,,0,3,45,Jump Shot,4,Field Goal Missed,23,-17.6,14.9,72,72,
1,14,21,Dom Morris with a defensive rebound.,97143,,true,false,false,Dom,,Morris,,BU,,9,7,1,0,0,,,,,4,,,,6,Defensive Rebound,,,,3,3,
1,14,11,Shooting foul committed by Jaylon Tate.,120649,,true,false,false,Jaylon,,Tate,,Ill,,9,7,2,0,1,,,,,0,,2,Shooting,8,Foul,,,,72,72,
1,14,11,D.J. Irving makes free throw 1 of 2.,97137,,true,false,false,D.J.,,Irving,,BU,,10,7,2,0,0,,,,,1,1,11,Free Throw 1 of 2,1,Free Throw Made,,,,3,3,
1,14,11,D.J. Irving makes free throw 2 of 2.,97137,,true,false,false,D.J.,,Irving,,BU,,11,7,2,0,0,,,,,2,1,12,Free Throw 2 of 2,1,Free Throw Made,,,,3,3,
1,13,46,Kendrick Nunn with a out of bounds turnover: Out of Bounds,120652,,true,false,false,Kendrick,,Nunn,,Ill,,11,7,2,0,0,,,,,0,,3,Out of Bounds,7,Turnover,,,,72,72,
1,13,36,John Papale misses a 3-point jump shot from 25 feet out.,116017,,true,false,false,John,,Papale,,BU,,11,7,2,0,0,,,,,3,3,45,Jump Shot,4,Field Goal Missed,25,-16.1,19.3,3,3,
1,13,36,Tracy Abrams with a defensive rebound.,110101,,true,false,false,Tracy,,Abrams,,Ill,,11,7,2,0,0,,,,,0,,,,6,Defensive Rebound,,,,72,72,
1,13,21,Offensive foul committed by Joseph Bertrand.,88685,,true,false,false,Joseph,,Bertrand,,Ill,,11,7,3,0,1,,,,,2,,4,Offensive,8,Foul,,,,72,72,
1,13,21,Joseph Bertrand with a  turnover:,88685,,true,false,false,Joseph,,Bertrand,,Ill,,11,7,3,0,1,,,,,2,,,,7,Turnover,,,,72,72,
1,13,11,Shooting foul committed by Rayvonte Rice.,98259,,true,false,false,Rayvonte,,Rice,,Ill,,11,7,4,0,1,,,,,2,,2,Shooting,8,Foul,,,,72,72,
1,13,11,D.J. Irving misses free throw 1 of 2.,97137,,true,false,false,D.J.,,Irving,,BU,,11,7,4,0,0,,,,,2,1,11,Free Throw 1 of 2,2,Free Throw Missed,,,,3,3,
1,13,11,BU with an offensive rebound.,,,false,false,false,,,,,,,11,7,4,0,0,,,,,0,,,,5,Offensive Rebound,,,,3,3,
1,13,11,D.J. Irving misses free throw 2 of 2.,97137,,true,false,false,D.J.,,Irving,,BU,,11,7,4,0,0,,,,,2,1,12,Free Throw 2 of 2,2,Free Throw Missed,,,,3,3,
1,13,11,Rayvonte Rice with a defensive rebound.,98259,,true,false,false,Rayvonte,,Rice,,Ill,,11,7,4,0,1,,,,,2,,,,6,Defensive Rebound,,,,72,72,
1,12,55,Kendrick Nunn makes a jump shot from 14 feet out. Nnanna Egwu with the assist.,120652,110106,true,true,false,Kendrick,Nnanna,Nunn,Egwu,Ill,Ill,11,9,4,0,0,,,,,2,2,45,Jump Shot,3,Field Goal Made,14,-12,7,72,72,
1,12,35,D.J. Irving makes a 3-point jump shot from 23 feet out. Maurice Watson Jr. with the assist.,97137,116018,true,true,false,D.J.,Maurice,Irving,Watson Jr.,BU,BU,14,9,4,0,0,,,,,5,3,45,Jump Shot,3,Field Goal Made,23,15.4,16.6,3,3,
1,12,17,Nnanna Egwu misses a jump shot from 16 feet out.,110106,,true,false,false,Nnanna,,Egwu,,Ill,,14,9,4,0,1,,,,,0,2,45,Jump Shot,4,Field Goal Missed,16,-10.6,11.6,72,72,
1,12,17,D.J. Irving with a defensive rebound.,97137,,true,false,false,D.J.,,Irving,,BU,,14,9,4,0,0,,,,,5,,,,6,Defensive Rebound,,,,3,3,
1,12,03,Justin Alston makes a layup shot. Maurice Watson Jr. with the assist.,116015,116018,true,true,false,Justin,Maurice,Alston,Watson Jr.,BU,BU,16,9,4,0,0,,,,,2,2,40,Layup Shot,3,Field Goal Made,0,0,0,3,3,
1,12,00,Ill take a 20-second timeout.,,,false,false,false,,,,,,,16,9,4,0,0,,,,,0,,2,Short,11,Timeout,,,,72,72,
1,11,27,Official TV timeout.,,,false,false,false,,,,,,,16,9,4,0,0,,,,,0,,3,Official TV,11,Timeout,,,,3,3,
1,11,24,Tracy Abrams misses a 3-point jump shot from 27 feet out.,110101,,true,false,false,Tracy,,Abrams,,Ill,,16,9,4,0,0,,,,,0,3,45,Jump Shot,4,Field Goal Missed,27,.4,26.9,72,72,
1,11,24,Ill with an offensive rebound.,,,false,false,false,,,,,,,16,9,4,0,0,,,,,0,,,,5,Offensive Rebound,,,,72,72,
1,11,24,Ill with a turnover: Shot Clock Turnover,,,false,false,false,,,,,,,16,9,4,0,0,,,,,0,,11,Shot Clock Turnover,7,Turnover,,,,72,72,
1,10,58,Maurice Watson Jr. with a traveling turnover: Traveling,116018,,true,false,false,Maurice,,Watson Jr.,,BU,,16,9,4,0,0,,,,,2,,4,Traveling,7,Turnover,,,,3,3,
1,10,36,Tracy Abrams misses a 3-point jump shot from 24 feet out.,110101,,true,false,false,Tracy,,Abrams,,Ill,,16,9,4,0,0,,,,,0,3,45,Jump Shot,4,Field Goal Missed,24,-7.6,22.5,72,72,
1,10,36,Dom Morris with a defensive rebound.,97143,,true,false,false,Dom,,Morris,,BU,,16,9,4,0,0,,,,,4,,,,6,Defensive Rebound,,,,3,3,
1,9,54,Maurice Watson Jr. with a lost ball turnover: Lost Ball,116018,,true,false,false,Maurice,,Watson Jr.,,BU,,16,9,4,0,0,,,,,2,,2,Lost Ball,7,Turnover,,,,3,3,
1,9,42,Rayvonte Rice with a lost ball turnover: Lost Ball,98259,,true,false,false,Rayvonte,,Rice,,Ill,,16,9,4,0,1,,,,,2,,2,Lost Ball,7,Turnover,,,,72,72,
1,9,36,Cedric Hankerson makes a 3-point jump shot from 25 feet out. Maurice Watson Jr. with the assist.,121567,116018,true,true,false,Cedric,Maurice,Hankerson,Watson Jr.,BU,BU,19,9,4,0,0,,,,,3,3,45,Jump Shot,3,Field Goal Made,25,16.4,18.6,3,3,
1,9,14,Malcolm Hill misses a jump shot from 13 feet out.,120650,,true,false,false,Malcolm,,Hill,,Ill,,19,9,4,0,0,,,,,3,2,45,Jump Shot,4,Field Goal Missed,13,-8.4,10.1,72,72,
1,9,14,Malik Thomas with a defensive rebound.,97140,,true,false,false,Malik,,Thomas,,BU,,19,9,4,0,0,,,,,0,,,,6,Defensive Rebound,,,,3,3,
1,8,57,Travis Robinson makes a 3-point jump shot from 23 feet out. Dom Morris with the assist.,97142,97143,true,true,false,Travis,Dom,Robinson,Morris,BU,BU,22,9,4,0,0,,,,,3,3,45,Jump Shot,3,Field Goal Made,23,14.2,18.4,3,3,
1,8,25,Shooting foul committed by Malik Thomas.,97140,,true,false,false,Malik,,Thomas,,BU,,22,9,4,1,1,,,,,0,,2,Shooting,8,Foul,,,,3,3,
1,8,25,Malcolm Hill makes free throw 1 of 2.,120650,,true,false,false,Malcolm,,Hill,,Ill,,22,10,4,1,0,,,,,4,1,11,Free Throw 1 of 2,1,Free Throw Made,,,,72,72,
1,8,25,Malcolm Hill makes free throw 2 of 2.,120650,,true,false,false,Malcolm,,Hill,,Ill,,22,11,4,1,0,,,,,5,1,12,Free Throw 2 of 2,1,Free Throw Made,,,,72,72,
1,8,15,Cedric Hankerson misses a layup shot.,121567,,true,false,false,Cedric,,Hankerson,,BU,,22,11,4,1,0,,,,,3,2,40,Layup Shot,4,Field Goal Missed,0,0,0,3,3,
1,8,15,Rayvonte Rice with a defensive rebound.,98259,,true,false,false,Rayvonte,,Rice,,Ill,,22,11,4,1,1,,,,,2,,,,6,Defensive Rebound,,,,72,72,
1,8,11,Kendrick Nunn misses a 3-point jump shot from 24 feet out.,120652,,true,false,false,Kendrick,,Nunn,,Ill,,22,11,4,1,0,,,,,2,3,45,Jump Shot,4,Field Goal Missed,24,-13.9,19.1,72,72,
1,8,11,Malcolm Hill with an offensive rebound.,120650,,true,false,false,Malcolm,,Hill,,Ill,,22,11,4,1,0,,,,,5,,,,5,Offensive Rebound,,,,72,72,
1,8,06,Malcolm Hill makes a layup shot.,120650,,true,false,false,Malcolm,,Hill,,Ill,,22,13,4,1,0,,,,,7,2,40,Layup Shot,3,Field Goal Made,0,0,0,72,72,
1,7,54,Travis Robinson misses a 3-point jump shot from 24 feet out.,97142,,true,false,false,Travis,,Robinson,,BU,,22,13,4,1,0,,,,,3,3,45,Jump Shot,4,Field Goal Missed,24,14.4,18.6,3,3,
1,7,54,Malcolm Hill with a defensive rebound.,120650,,true,false,false,Malcolm,,Hill,,Ill,,22,13,4,1,0,,,,,7,,,,6,Defensive Rebound,,,,72,72,
1,7,36,Kendrick Nunn with a lost ball turnover: Lost Ball,120652,,true,false,false,Kendrick,,Nunn,,Ill,,22,13,4,1,0,,,,,2,,2,Lost Ball,7,Turnover,,,,72,72,
1,7,30,Travis Robinson misses a layup shot.,97142,,true,false,false,Travis,,Robinson,,BU,,22,13,4,1,0,,,,,3,2,40,Layup Shot,4,Field Goal Missed,0,0,0,3,3,
1,7,30,Travis Robinson with an offensive rebound.,97142,,true,false,false,Travis,,Robinson,,BU,,22,13,4,1,0,,,,,3,,,,5,Offensive Rebound,,,,3,3,
1,7,26,Cedric Hankerson makes a 3-point jump shot from 25 feet out. Maurice Watson Jr. with the assist.,121567,116018,true,true,false,Cedric,Maurice,Hankerson,Watson Jr.,BU,BU,25,13,4,1,0,,,,,6,3,45,Jump Shot,3,Field Goal Made,25,.9,24.7,3,3,
1,6,54,Personal foul committed by Dom Morris.,97143,,true,false,false,Dom,,Morris,,BU,,25,13,4,2,1,,,,,4,,1,Personal,8,Foul,,,,3,3,
1,6,54,Official TV timeout.,,,false,false,false,,,,,,,25,13,4,2,0,,,,,0,,3,Official TV,11,Timeout,,,,3,3,
1,6,32,Nnanna Egwu misses a jump shot from 10 feet out.,110106,,true,false,false,Nnanna,,Egwu,,Ill,,25,13,4,2,1,,,,,0,2,45,Jump Shot,4,Field Goal Missed,10,3,9.3,72,72,
1,6,32,Maurice Watson Jr. with a defensive rebound.,116018,,true,false,false,Maurice,,Watson Jr.,,BU,,25,13,4,2,0,,,,,2,,,,6,Defensive Rebound,,,,3,3,
1,6,12,Dom Morris makes a layup shot. Malik Thomas with the assist.,97143,97140,true,true,false,Dom,Malik,Morris,Thomas,BU,BU,27,13,4,2,1,,,,,6,2,40,Layup Shot,3,Field Goal Made,0,0,0,3,3,
1,5,49,Offensive foul committed by Joseph Bertrand.,88685,,true,false,false,Joseph,,Bertrand,,Ill,,27,13,5,2,2,,,,,2,,4,Offensive,8,Foul,,,,72,72,
1,5,49,Joseph Bertrand with a  turnover:,88685,,true,false,false,Joseph,,Bertrand,,Ill,,27,13,5,2,2,,,,,2,,,,7,Turnover,,,,72,72,
1,5,26,D.J. Irving makes a 3-point jump shot from 24 feet out. Maurice Watson Jr. with the assist.,97137,116018,true,true,false,D.J.,Maurice,Irving,Watson Jr.,BU,BU,30,13,5,2,0,,,,,8,3,45,Jump Shot,3,Field Goal Made,24,14.4,19.8,3,3,
1,5,10,Personal foul committed by D.J. Irving.,97137,,true,false,false,D.J.,,Irving,,BU,,30,13,5,3,1,,,,,8,,1,Personal,8,Foul,,,,3,3,
1,4,45,Rayvonte Rice misses a 3-point jump shot from 23 feet out.,98259,,true,false,false,Rayvonte,,Rice,,Ill,,30,13,5,3,1,,,,,2,3,45,Jump Shot,4,Field Goal Missed,23,-15.4,16.6,72,72,
1,4,45,Justin Alston with a defensive rebound.,116015,,true,false,false,Justin,,Alston,,BU,,30,13,5,3,0,,,,,2,,,,6,Defensive Rebound,,,,3,3,
1,4,29,Justin Alston misses a layup shot.,116015,,true,false,false,Justin,,Alston,,BU,,30,13,5,3,0,,,,,2,2,40,Layup Shot,4,Field Goal Missed,0,0,0,3,3,
1,4,29,Rayvonte Rice with a defensive rebound.,98259,,true,false,false,Rayvonte,,Rice,,Ill,,30,13,5,3,1,,,,,2,,,,6,Defensive Rebound,,,,72,72,
1,4,21,Kendrick Nunn misses a jump shot from 13 feet out.,120652,,true,false,false,Kendrick,,Nunn,,Ill,,30,13,5,3,0,,,,,2,2,45,Jump Shot,4,Field Goal Missed,13,-9.3,8.7,72,72,
1,4,21,John Papale with a defensive rebound.,116017,,true,false,false,John,,Papale,,BU,,30,13,5,3,0,,,,,3,,,,6,Defensive Rebound,,,,3,3,
1,3,46,D.J. Irving with a traveling turnover: Traveling,97137,,true,false,false,D.J.,,Irving,,BU,,30,13,5,3,1,,,,,8,,4,Traveling,7,Turnover,,,,3,3,
1,3,46,Official TV timeout.,,,false,false,false,,,,,,,30,13,5,3,0,,,,,0,,3,Official TV,11,Timeout,,,,3,3,
1,3,17,Rayvonte Rice makes a layup shot.,98259,,true,false,false,Rayvonte,,Rice,,Ill,,30,15,5,3,1,,,,,4,2,40,Layup Shot,3,Field Goal Made,0,0,0,72,72,
1,2,56,Travis Robinson misses a 3-point jump shot from 24 feet out.,97142,,true,false,false,Travis,,Robinson,,BU,,30,15,5,3,0,,,,,3,3,45,Jump Shot,4,Field Goal Missed,24,16.2,17.8,3,3,
1,2,56,Tracy Abrams with a defensive rebound.,110101,,true,false,false,Tracy,,Abrams,,Ill,,30,15,5,3,0,,,,,0,,,,6,Defensive Rebound,,,,72,72,
1,2,47,Rayvonte Rice makes a jump shot from 8 feet out.,98259,,true,false,false,Rayvonte,,Rice,,Ill,,30,17,5,3,1,,,,,6,2,45,Jump Shot,3,Field Goal Made,8,2.3,7.7,72,72,
1,2,42,BU take a full timeout.,,,false,false,false,,,,,,,30,17,5,3,0,,,,,0,,1,Regular,11,Timeout,,,,3,3,
1,2,37,John Papale misses a 3-point jump shot from 23 feet out.,116017,,true,false,false,John,,Papale,,BU,,30,17,5,3,0,,,,,3,3,45,Jump Shot,4,Field Goal Missed,23,22,7.9,3,3,
1,2,37,Tracy Abrams with a defensive rebound.,110101,,true,false,false,Tracy,,Abrams,,Ill,,30,17,5,3,0,,,,,0,,,,6,Defensive Rebound,,,,72,72,
1,2,29,Shooting foul committed by D.J. Irving.,97137,,true,false,false,D.J.,,Irving,,BU,,30,17,5,4,2,,,,,8,,2,Shooting,8,Foul,,,,3,3,
1,2,29,Tracy Abrams makes free throw 1 of 2.,110101,,true,false,false,Tracy,,Abrams,,Ill,,30,18,5,4,0,,,,,1,1,11,Free Throw 1 of 2,1,Free Throw Made,,,,72,72,
1,2,29,Tracy Abrams makes free throw 2 of 2.,110101,,true,false,false,Tracy,,Abrams,,Ill,,30,19,5,4,0,,,,,2,1,12,Free Throw 2 of 2,1,Free Throw Made,,,,72,72,
1,2,08,Malik Thomas misses a layup shot.,97140,,true,false,false,Malik,,Thomas,,BU,,30,19,5,4,1,,,,,0,2,40,Layup Shot,4,Field Goal Missed,0,0,0,3,3,
1,2,08,BU with an offensive rebound.,,,false,false,false,,,,,,,30,19,5,4,0,,,,,0,,,,5,Offensive Rebound,,,,3,3,
1,1,52,Maurice Watson Jr. misses a jump shot from 9 feet out.,116018,,true,false,false,Maurice,,Watson Jr.,,BU,,30,19,5,4,0,,,,,2,2,45,Jump Shot,4,Field Goal Missed,9,4,7.9,3,3,
1,1,52,Malcolm Hill with a defensive rebound.,120650,,true,false,false,Malcolm,,Hill,,Ill,,30,19,5,4,0,,,,,7,,,,6,Defensive Rebound,,,,72,72,
1,1,36,Rayvonte Rice makes a jump shot from 11 feet out.,98259,,true,false,false,Rayvonte,,Rice,,Ill,,30,21,5,4,1,,,,,8,2,45,Jump Shot,3,Field Goal Made,11,2.1,11,72,72,
1,1,03,John Papale makes a 3-point jump shot from 23 feet out. Maurice Watson Jr. with the assist.,116017,116018,true,true,false,John,Maurice,Papale,Watson Jr.,BU,BU,33,21,5,4,0,,,,,6,3,45,Jump Shot,3,Field Goal Made,23,21,9.6,3,3,
1,0,38.5,Jon Ekey makes a 3-point jump shot from 24 feet out. Tracy Abrams with the assist.,88748,110101,true,true,false,Jon,Tracy,Ekey,Abrams,Ill,Ill,33,24,5,4,0,,,,,3,3,45,Jump Shot,3,Field Goal Made,24,-10.3,21.8,72,72,
1,0,09.5,Personal foul committed by Tracy Abrams.,110101,,true,false,false,Tracy,,Abrams,,Ill,,33,24,6,4,1,,,,,2,,1,Personal,8,Foul,,,,72,72,
1,0,01.5,Shooting foul committed by Nnanna Egwu.,110106,,true,false,false,Nnanna,,Egwu,,Ill,,33,24,7,4,2,,,,,0,,2,Shooting,8,Foul,,,,72,72,
1,0,01.5,Maurice Watson Jr. misses free throw 1 of 2.,116018,,true,false,false,Maurice,,Watson Jr.,,BU,,33,24,7,4,0,,,,,2,1,11,Free Throw 1 of 2,2,Free Throw Missed,,,,3,3,
1,0,01.5,BU with an offensive rebound.,,,false,false,false,,,,,,,33,24,7,4,0,,,,,0,,,,5,Offensive Rebound,,,,3,3,
1,0,01.5,Maurice Watson Jr. misses free throw 2 of 2.,116018,,true,false,false,Maurice,,Watson Jr.,,BU,,33,24,7,4,0,,,,,2,1,12,Free Throw 2 of 2,2,Free Throw Missed,,,,3,3,
1,0,01.5,Kendrick Nunn with a defensive rebound.,120652,,true,false,false,Kendrick,,Nunn,,Ill,,33,24,7,4,0,,,,,2,,,,6,Defensive Rebound,,,,72,72,
1,0,00,End of the 1st Half,,,false,false,false,,,,,,,33,24,7,4,0,,,,,0,,,,15,End Period,,,,3,3,
2,20,00,Start of the 2nd Half,,,false,false,false,,,,,,,33,24,0,0,0,,,,,0,,,,14,Start Period,,,,3,3,
2,19,52,John Papale misses a 3-point jump shot from 23 feet out.,116017,,true,false,false,John,,Papale,,BU,,33,24,0,0,0,,,,,6,3,45,Jump Shot,4,Field Goal Missed,23,22.2,7.6,3,3,
2,19,52,Ill with a defensive rebound.,,,false,false,false,,,,,,,33,24,0,0,0,,,,,0,,,,6,Defensive Rebound,,,,72,72,
2,19,37,Rayvonte Rice makes a jump shot from 9 feet out.,98259,,true,false,false,Rayvonte,,Rice,,Ill,,33,26,0,0,1,,,,,10,2,45,Jump Shot,3,Field Goal Made,9,1.3,8.7,72,72,
2,19,37,Shooting foul committed by John Papale.,116017,,true,false,false,John,,Papale,,BU,,33,26,0,1,1,,,,,6,,2,Shooting,8,Foul,,,,3,3,
2,19,37,Rayvonte Rice makes free throw 1 of 1.,98259,,true,false,false,Rayvonte,,Rice,,Ill,,33,27,0,1,1,,,,,11,1,10,Free Throw 1 of 1,1,Free Throw Made,,,,72,72,
2,19,04,Dom Morris misses a layup shot.,97143,,true,false,false,Dom,,Morris,,BU,,33,27,0,1,1,,,,,6,2,40,Layup Shot,4,Field Goal Missed,0,0,0,3,3,
2,19,04,BU with an offensive rebound.,,,false,false,false,,,,,,,33,27,0,1,0,,,,,0,,,,5,Offensive Rebound,,,,3,3,
2,19,01,BU with a turnover: Shot Clock Turnover,,,false,false,false,,,,,,,33,27,0,1,0,,,,,0,,11,Shot Clock Turnover,7,Turnover,,,,3,3,
2,18,30,Tracy Abrams with a traveling turnover: Traveling,110101,,true,false,false,Tracy,,Abrams,,Ill,,33,27,0,1,1,,,,,2,,4,Traveling,7,Turnover,,,,72,72,
2,18,17,Maurice Watson Jr. misses a jump shot from 6 feet out.,116018,,true,false,false,Maurice,,Watson Jr.,,BU,,33,27,0,1,0,,,,,2,2,45,Jump Shot,4,Field Goal Missed,6,-.6,6.4,3,3,
2,18,17,Nnanna Egwu with a defensive rebound.,110106,,true,false,false,Nnanna,,Egwu,,Ill,,33,27,0,1,2,,,,,0,,,,6,Defensive Rebound,,,,72,72,
2,18,08,Nnanna Egwu makes a jump shot from 9 feet out. Tracy Abrams with the assist.,110106,110101,true,true,false,Nnanna,Tracy,Egwu,Abrams,Ill,Ill,33,29,0,1,2,,,,,2,2,45,Jump Shot,3,Field Goal Made,9,4.7,7.7,72,72,
2,17,42,Maurice Watson Jr. makes a 3-point jump shot from 24 feet out.,116018,,true,false,false,Maurice,,Watson Jr.,,BU,,36,29,0,1,0,,,,,5,3,45,Jump Shot,3,Field Goal Made,24,7.4,22.7,3,3,
2,17,27,Rayvonte Rice makes a 3-point jump shot from 23 feet out.,98259,,true,false,false,Rayvonte,,Rice,,Ill,,36,32,0,1,1,,,,,14,3,45,Jump Shot,3,Field Goal Made,23,18.1,14.4,72,72,
2,16,56,D.J. Irving makes a 3-point jump shot from 24 feet out. Maurice Watson Jr. with the assist.,97137,116018,true,true,false,D.J.,Maurice,Irving,Watson Jr.,BU,BU,39,32,0,1,2,,,,,11,3,45,Jump Shot,3,Field Goal Made,24,-21.2,10.3,3,3,
2,16,24,Tracy Abrams misses a 3-point jump shot from 23 feet out.,110101,,true,false,false,Tracy,,Abrams,,Ill,,39,32,0,1,1,,,,,2,3,45,Jump Shot,4,Field Goal Missed,23,-12.7,19.1,72,72,
2,16,24,Maurice Watson Jr. with a defensive rebound.,116018,,true,false,false,Maurice,,Watson Jr.,,BU,,39,32,0,1,0,,,,,5,,,,6,Defensive Rebound,,,,3,3,
2,16,16,D.J. Irving misses a 3-point jump shot from 24 feet out.,97137,,true,false,false,D.J.,,Irving,,BU,,39,32,0,1,2,,,,,11,3,45,Jump Shot,4,Field Goal Missed,24,20.5,12.8,3,3,
2,16,16,Malcolm Hill with a defensive rebound.,120650,,true,false,false,Malcolm,,Hill,,Ill,,39,32,0,1,0,,,,,7,,,,6,Defensive Rebound,,,,72,72,
2,16,06,Malcolm Hill makes a jump shot from 19 feet out.,120650,,true,false,false,Malcolm,,Hill,,Ill,,39,34,0,1,0,,,,,9,2,45,Jump Shot,3,Field Goal Made,19,-9.8,16.4,72,72,
2,15,48,John Papale makes a jump shot from 16 feet out. Maurice Watson Jr. with the assist.,116017,116018,true,true,false,John,Maurice,Papale,Watson Jr.,BU,BU,41,34,0,1,1,,,,,8,2,45,Jump Shot,3,Field Goal Made,16,-16,4,3,3,
2,15,31,Shooting foul committed by Maurice Watson Jr..,116018,,true,false,false,Maurice,,Watson Jr.,,BU,,41,34,0,2,1,,,,,5,,2,Shooting,8,Foul,,,,3,3,
2,15,31,Official TV timeout.,,,false,false,false,,,,,,,41,34,0,2,0,,,,,0,,3,Official TV,11,Timeout,,,,3,3,
2,15,31,Malcolm Hill makes free throw 1 of 2.,120650,,true,false,false,Malcolm,,Hill,,Ill,,41,35,0,2,0,,,,,10,1,11,Free Throw 1 of 2,1,Free Throw Made,,,,72,72,
2,15,31,Malcolm Hill misses free throw 2 of 2.,120650,,true,false,false,Malcolm,,Hill,,Ill,,41,35,0,2,0,,,,,10,1,12,Free Throw 2 of 2,2,Free Throw Missed,,,,72,72,
2,15,31,Joseph Bertrand with an offensive rebound.,88685,,true,false,false,Joseph,,Bertrand,,Ill,,41,35,0,2,2,,,,,2,,,,5,Offensive Rebound,,,,72,72,
2,15,28,Joseph Bertrand misses a tip shot from 4 feet out.,88685,,true,false,false,Joseph,,Bertrand,,Ill,,41,35,0,2,2,,,,,2,2,53,Tip Shot,4,Field Goal Missed,4,1.4,4.2,72,72,
2,15,28,Joseph Bertrand with an offensive rebound.,88685,,true,false,false,Joseph,,Bertrand,,Ill,,41,35,0,2,2,,,,,2,,,,5,Offensive Rebound,,,,72,72,
2,15,27,Joseph Bertrand makes a tip shot from 2 feet out.,88685,,true,false,false,Joseph,,Bertrand,,Ill,,41,37,0,2,2,,,,,4,2,53,Tip Shot,3,Field Goal Made,2,.9,1.9,72,72,
2,15,15,Maurice Watson Jr. misses a jump shot from 17 feet out.,116018,,true,false,false,Maurice,,Watson Jr.,,BU,,41,37,0,2,1,,,,,5,2,45,Jump Shot,4,Field Goal Missed,17,12.5,11,3,3,
2,15,15,Ill with a defensive rebound.,,,false,false,false,,,,,,,41,37,0,2,0,,,,,0,,,,6,Defensive Rebound,,,,72,72,
2,15,12,Personal foul committed by Justin Alston.,116015,,true,false,false,Justin,,Alston,,BU,,41,37,0,3,1,,,,,2,,1,Personal,8,Foul,,,,3,3,
2,14,39,Nnanna Egwu with a traveling turnover: Traveling,110106,,true,false,false,Nnanna,,Egwu,,Ill,,41,37,0,3,2,,,,,2,,4,Traveling,7,Turnover,,,,72,72,
2,14,18,D.J. Irving makes a 3-point jump shot from 24 feet out. Maurice Watson Jr. with the assist.,97137,116018,true,true,false,D.J.,Maurice,Irving,Watson Jr.,BU,BU,44,37,0,3,2,,,,,14,3,45,Jump Shot,3,Field Goal Made,24,-18.6,14.5,3,3,
2,13,54,Offensive foul committed by Jon Ekey.,88748,,true,false,false,Jon,,Ekey,,Ill,,44,37,1,3,1,,,,,3,,4,Offensive,8,Foul,,,,72,72,
2,13,54,Jon Ekey with a  turnover:,88748,,true,false,false,Jon,,Ekey,,Ill,,44,37,1,3,1,,,,,3,,,,7,Turnover,,,,72,72,
2,13,44,Malik Thomas makes a jump shot from 12 feet out.,97140,,true,false,false,Malik,,Thomas,,BU,,46,37,1,3,1,,,,,2,2,45,Jump Shot,3,Field Goal Made,12,-11.3,4.2,3,3,
2,13,15,Rayvonte Rice misses a 3-point jump shot from 25 feet out.,98259,,true,false,false,Rayvonte,,Rice,,Ill,,46,37,1,3,1,,,,,14,3,45,Jump Shot,4,Field Goal Missed,25,15.7,19.5,72,72,
2,13,15,BU with a defensive rebound.,,,false,false,false,,,,,,,46,37,1,3,0,,,,,0,,,,6,Defensive Rebound,,,,3,3,
2,12,36,Justin Alston misses a layup shot.,116015,,true,false,false,Justin,,Alston,,BU,,46,37,1,3,1,,,,,2,2,40,Layup Shot,4,Field Goal Missed,0,0,0,3,3,
2,12,36,Jon Ekey with a defensive rebound.,88748,,true,false,false,Jon,,Ekey,,Ill,,46,37,1,3,1,,,,,3,,,,6,Defensive Rebound,,,,72,72,
2,12,17,Joseph Bertrand misses a layup shot.,88685,,true,false,false,Joseph,,Bertrand,,Ill,,46,37,1,3,2,,,,,4,2,40,Layup Shot,4,Field Goal Missed,0,0,0,72,72,
2,12,17,John Papale with a defensive rebound.,116017,,true,false,false,John,,Papale,,BU,,46,37,1,3,1,,,,,8,,,,6,Defensive Rebound,,,,3,3,
2,12,05,John Papale makes a jump shot from 19 feet out. D.J. Irving with the assist.,116017,97137,true,true,false,John,D.J.,Papale,Irving,BU,BU,48,37,1,3,1,,,,,10,2,45,Jump Shot,3,Field Goal Made,19,-16,11,3,3,
2,12,02,Ill take a full timeout.,,,false,false,false,,,,,,,48,37,1,3,0,,,,,0,,1,Regular,11,Timeout,,,,72,72,
2,11,49,Jon Ekey misses a jump shot from 12 feet out.,88748,,true,false,false,Jon,,Ekey,,Ill,,48,37,1,3,1,,,,,3,2,45,Jump Shot,4,Field Goal Missed,12,10.6,5.7,72,72,
2,11,49,D.J. Irving with a defensive rebound.,97137,,true,false,false,D.J.,,Irving,,BU,,48,37,1,3,2,,,,,14,,,,6,Defensive Rebound,,,,3,3,
2,11,35,John Papale misses a 3-point jump shot from 23 feet out.,116017,,true,false,false,John,,Papale,,BU,,48,37,1,3,1,,,,,10,3,45,Jump Shot,4,Field Goal Missed,23,-15.4,17.6,3,3,
2,11,35,Kendrick Nunn with a defensive rebound.,120652,,true,false,false,Kendrick,,Nunn,,Ill,,48,37,1,3,0,,,,,2,,,,6,Defensive Rebound,,,,72,72,
2,11,21,Joseph Bertrand makes a 3-point jump shot from 23 feet out. Jaylon Tate with the assist.,88685,120649,true,true,false,Joseph,Jaylon,Bertrand,Tate,Ill,Ill,48,40,1,3,2,,,,,7,3,45,Jump Shot,3,Field Goal Made,23,21.9,6.7,72,72,
2,11,07,Malik Thomas makes a jump shot from 9 feet out. Travis Robinson with the assist.,97140,97142,true,true,false,Malik,Travis,Thomas,Robinson,BU,BU,50,40,1,3,1,,,,,4,2,45,Jump Shot,3,Field Goal Made,9,6.5,6,3,3,
2,10,43,Jon Ekey makes a 3-point jump shot from 24 feet out. Jaylon Tate with the assist.,88748,120649,true,true,false,Jon,Jaylon,Ekey,Tate,Ill,Ill,50,43,1,3,1,,,,,6,3,45,Jump Shot,3,Field Goal Made,24,19.6,13.5,72,72,
2,10,18,Travis Robinson makes a 3-point jump shot from 22 feet out. John Papale with the assist.,97142,116017,true,true,false,Travis,John,Robinson,Papale,BU,BU,53,43,1,3,0,,,,,6,3,45,Jump Shot,3,Field Goal Made,22,19.8,10.6,3,3,
2,10,03,Nnanna Egwu misses a jump shot from 9 feet out.,110106,,true,false,false,Nnanna,,Egwu,,Ill,,53,43,1,3,2,,,,,2,2,45,Jump Shot,4,Field Goal Missed,9,4,8.1,72,72,
2,10,03,Jon Ekey with an offensive rebound.,88748,,true,false,false,Jon,,Ekey,,Ill,,53,43,1,3,1,,,,,6,,,,5,Offensive Rebound,,,,72,72,
2,9,55,Jon Ekey with a lost ball turnover: Lost Ball,88748,,true,false,false,Jon,,Ekey,,Ill,,53,43,1,3,1,,,,,6,,2,Lost Ball,7,Turnover,,,,72,72,
2,9,46,John Papale misses a 3-point jump shot from 23 feet out.,116017,,true,false,false,John,,Papale,,BU,,53,43,1,3,1,,,,,10,3,45,Jump Shot,4,Field Goal Missed,23,-20.8,10.1,3,3,
2,9,46,Travis Robinson with an offensive rebound.,97142,,true,false,false,Travis,,Robinson,,BU,,53,43,1,3,0,,,,,6,,,,5,Offensive Rebound,,,,3,3,
2,9,45,Travis Robinson misses a tip shot from 2 feet out.,97142,,true,false,false,Travis,,Robinson,,BU,,53,43,1,3,0,,,,,6,2,53,Tip Shot,4,Field Goal Missed,2,1.8,1.6,3,3,
2,9,45,Joseph Bertrand with a defensive rebound.,88685,,true,false,false,Joseph,,Bertrand,,Ill,,53,43,1,3,2,,,,,7,,,,6,Defensive Rebound,,,,72,72,
2,9,30,Personal foul committed by Travis Robinson.,97142,,true,false,false,Travis,,Robinson,,BU,,53,43,1,4,1,,,,,6,,1,Personal,8,Foul,,,,3,3,
2,9,30,Official TV timeout.,,,false,false,false,,,,,,,53,43,1,4,0,,,,,0,,3,Official TV,11,Timeout,,,,3,3,
2,9,23,Rayvonte Rice makes a layup shot.,98259,,true,false,false,Rayvonte,,Rice,,Ill,,53,45,1,4,1,,,,,16,2,40,Layup Shot,3,Field Goal Made,0,0,0,72,72,
2,9,06,Dom Morris makes a jump shot from 4 feet out. Maurice Watson Jr. with the assist.,97143,116018,true,true,false,Dom,Maurice,Morris,Watson Jr.,BU,BU,55,45,1,4,1,,,,,8,2,45,Jump Shot,3,Field Goal Made,4,2.5,3.3,3,3,
2,8,32,Jaylon Tate misses a jump shot from 9 feet out.,120649,,true,false,false,Jaylon,,Tate,,Ill,,55,45,1,4,1,,,,,0,2,45,Jump Shot,4,Field Goal Missed,9,-4.7,7.7,72,72,
2,8,32,Malcolm Hill with an offensive rebound.,120650,,true,false,false,Malcolm,,Hill,,Ill,,55,45,1,4,0,,,,,10,,,,5,Offensive Rebound,,,,72,72,
2,8,30,Malcolm Hill misses a jump shot from 9 feet out.,120650,,true,false,false,Malcolm,,Hill,,Ill,,55,45,1,4,0,,,,,10,2,45,Jump Shot,4,Field Goal Missed,9,3,8.6,72,72,
2,8,30,Malik Thomas with a defensive rebound.,97140,,true,false,false,Malik,,Thomas,,BU,,55,45,1,4,1,,,,,4,,,,6,Defensive Rebound,,,,3,3,
2,7,51,Maurice Watson Jr. misses a 3-point jump shot from 24 feet out.,116018,,true,false,false,Maurice,,Watson Jr.,,BU,,55,45,1,4,1,,,,,5,3,45,Jump Shot,4,Field Goal Missed,24,20.3,11.8,3,3,
2,7,51,Malcolm Hill with a defensive rebound.,120650,,true,false,false,Malcolm,,Hill,,Ill,,55,45,1,4,0,,,,,10,,,,6,Defensive Rebound,,,,72,72,
2,7,40,Joseph Bertrand makes a 3-point jump shot from 23 feet out. Rayvonte Rice with the assist.,88685,98259,true,true,false,Joseph,Rayvonte,Bertrand,Rice,Ill,Ill,55,48,1,4,2,,,,,10,3,45,Jump Shot,3,Field Goal Made,23,18.1,14,72,72,
2,7,34,BU take a 20-second timeout.,,,false,false,false,,,,,,,55,48,1,4,0,,,,,0,,2,Short,11,Timeout,,,,3,3,
2,7,25,Personal foul committed by Tracy Abrams.,110101,,true,false,false,Tracy,,Abrams,,Ill,,55,48,2,4,2,,,,,2,,1,Personal,8,Foul,,,,72,72,
2,7,25,Official TV timeout.,,,false,false,false,,,,,,,55,48,2,4,0,,,,,0,,3,Official TV,11,Timeout,,,,3,3,
2,6,56,D.J. Irving with a lost ball turnover: Lost Ball,97137,,true,false,false,D.J.,,Irving,,BU,,55,48,2,4,2,,,,,14,,2,Lost Ball,7,Turnover,,,,3,3,
2,6,31,Rayvonte Rice makes a 3-point jump shot from 24 feet out. Malcolm Hill with the assist.,98259,120650,true,true,false,Rayvonte,Malcolm,Rice,Hill,Ill,Ill,55,51,2,4,1,,,,,19,3,45,Jump Shot,3,Field Goal Made,24,-19.3,14.5,72,72,
2,6,06,Maurice Watson Jr. misses a layup shot.,116018,,true,false,false,Maurice,,Watson Jr.,,BU,,55,51,2,4,1,,,,,5,2,40,Layup Shot,4,Field Goal Missed,0,0,0,3,3,
2,6,06,Ill with a defensive rebound.,,,false,false,false,,,,,,,55,51,2,4,0,,,,,0,,,,6,Defensive Rebound,,,,72,72,
2,5,45,Rayvonte Rice makes a jump shot from 9 feet out.,98259,,true,false,false,Rayvonte,,Rice,,Ill,,55,53,2,4,1,,,,,21,2,45,Jump Shot,3,Field Goal Made,9,3.5,8.6,72,72,
2,5,15,D.J. Irving makes a layup shot.,97137,,true,false,false,D.J.,,Irving,,BU,,57,53,2,4,2,,,,,16,2,40,Layup Shot,3,Field Goal Made,0,0,0,3,3,
2,5,15,Shooting foul committed by Nnanna Egwu.,110106,,true,false,false,Nnanna,,Egwu,,Ill,,57,53,3,4,3,,,,,2,,2,Shooting,8,Foul,,,,72,72,
2,5,15,D.J. Irving misses free throw 1 of 1.,97137,,true,false,false,D.J.,,Irving,,BU,,57,53,3,4,2,,,,,16,1,10,Free Throw 1 of 1,2,Free Throw Missed,,,,3,3,
2,5,15,Malcolm Hill with a defensive rebound.,120650,,true,false,false,Malcolm,,Hill,,Ill,,57,53,3,4,0,,,,,10,,,,6,Defensive Rebound,,,,72,72,
2,5,00,Offensive foul committed by Rayvonte Rice.,98259,,true,false,false,Rayvonte,,Rice,,Ill,,57,53,4,4,2,,,,,21,,4,Offensive,8,Foul,,,,72,72,
2,5,00,Rayvonte Rice with a  turnover:,98259,,true,false,false,Rayvonte,,Rice,,Ill,,57,53,4,4,2,,,,,21,,,,7,Turnover,,,,72,72,
2,4,48,Dom Morris makes a layup shot. D.J. Irving with the assist.,97143,97137,true,true,false,Dom,D.J.,Morris,Irving,BU,BU,59,53,4,4,1,,,,,10,2,40,Layup Shot,3,Field Goal Made,0,0,0,3,3,
2,4,20,Shooting foul committed by Dom Morris.,97143,,true,false,false,Dom,,Morris,,BU,,59,53,4,5,2,,,,,10,,2,Shooting,8,Foul,,,,3,3,
2,4,20,Joseph Bertrand misses free throw 1 of 2.,88685,,true,false,false,Joseph,,Bertrand,,Ill,,59,53,4,5,2,,,,,10,1,11,Free Throw 1 of 2,2,Free Throw Missed,,,,72,72,
2,4,20,Ill with an offensive rebound.,,,false,false,false,,,,,,,59,53,4,5,0,,,,,0,,,,5,Offensive Rebound,,,,72,72,
2,4,20,Joseph Bertrand makes free throw 2 of 2.,88685,,true,false,false,Joseph,,Bertrand,,Ill,,59,54,4,5,2,,,,,11,1,12,Free Throw 2 of 2,1,Free Throw Made,,,,72,72,
2,4,12,Maurice Watson Jr. makes a layup shot.,116018,,true,false,false,Maurice,,Watson Jr.,,BU,,61,54,4,5,1,,,,,7,2,40,Layup Shot,3,Field Goal Made,0,0,0,3,3,
2,3,55,Joseph Bertrand misses a 3-point jump shot from 23 feet out.,88685,,true,false,false,Joseph,,Bertrand,,Ill,,61,54,4,5,2,,,,,11,3,45,Jump Shot,4,Field Goal Missed,23,18.1,13.9,72,72,
2,3,55,Rayvonte Rice with an offensive rebound.,98259,,true,false,false,Rayvonte,,Rice,,Ill,,61,54,4,5,2,,,,,21,,,,5,Offensive Rebound,,,,72,72,
2,3,49,Tracy Abrams makes a 3-point jump shot from 24 feet out. Rayvonte Rice with the assist.,110101,98259,true,true,false,Tracy,Rayvonte,Abrams,Rice,Ill,Ill,61,57,4,5,2,,,,,5,3,45,Jump Shot,3,Field Goal Made,24,-18.3,15,72,72,
2,3,24,Personal foul committed by Rayvonte Rice.,98259,,true,false,false,Rayvonte,,Rice,,Ill,,61,57,5,5,3,,,,,21,,1,Personal,8,Foul,,,,72,72,
2,3,24,Official TV timeout.,,,false,false,false,,,,,,,61,57,5,5,0,,,,,0,,3,Official TV,11,Timeout,,,,3,3,
2,3,07,Maurice Watson Jr. misses a layup shot.,116018,,true,false,false,Maurice,,Watson Jr.,,BU,,61,57,5,5,1,,,,,7,2,40,Layup Shot,4,Field Goal Missed,0,0,0,3,3,
2,3,07,Jon Ekey with a defensive rebound.,88748,,true,false,false,Jon,,Ekey,,Ill,,61,57,5,5,1,,,,,6,,,,6,Defensive Rebound,,,,72,72,
2,2,40,Joseph Bertrand misses a jump shot from 10 feet out.,88685,,true,false,false,Joseph,,Bertrand,,Ill,,61,57,5,5,2,,,,,11,2,45,Jump Shot,4,Field Goal Missed,10,4,9.3,72,72,
2,2,40,Dom Morris with a defensive rebound.,97143,,true,false,false,Dom,,Morris,,BU,,61,57,5,5,2,,,,,10,,,,6,Defensive Rebound,,,,3,3,
2,2,11,Dom Morris with a lost ball turnover: Lost Ball,97143,,true,false,false,Dom,,Morris,,BU,,61,57,5,5,2,,,,,10,,2,Lost Ball,7,Turnover,,,,3,3,
2,2,07,Rayvonte Rice makes a layup shot.,98259,,true,false,false,Rayvonte,,Rice,,Ill,,61,59,5,5,3,,,,,23,2,40,Layup Shot,3,Field Goal Made,0,0,0,72,72,
2,2,07,Shooting foul committed by Maurice Watson Jr..,116018,,true,false,false,Maurice,,Watson Jr.,,BU,,61,59,5,6,2,,,,,7,,2,Shooting,8,Foul,,,,3,3,
2,2,07,Rayvonte Rice makes free throw 1 of 1.,98259,,true,false,false,Rayvonte,,Rice,,Ill,,61,60,5,6,3,,,,,24,1,10,Free Throw 1 of 1,1,Free Throw Made,,,,72,72,
2,1,48,John Papale misses a jump shot from 17 feet out.,116017,,true,false,false,John,,Papale,,BU,,61,60,5,6,1,,,,,10,2,45,Jump Shot,4,Field Goal Missed,17,-14.2,8.6,3,3,
2,1,48,Joseph Bertrand with a defensive rebound.,88685,,true,false,false,Joseph,,Bertrand,,Ill,,61,60,5,6,2,,,,,11,,,,6,Defensive Rebound,,,,72,72,
2,1,36,Ill take a 20-second timeout.,,,false,false,false,,,,,,,61,60,5,6,0,,,,,0,,2,Short,11,Timeout,,,,72,72,
2,1,26,Shooting foul committed by Nathan Dieudonne.,116016,,true,false,false,Nathan,,Dieudonne,,BU,,61,60,5,7,1,,,,,0,,2,Shooting,8,Foul,,,,3,3,
2,1,26,Rayvonte Rice makes free throw 1 of 2.,98259,,true,false,false,Rayvonte,,Rice,,Ill,,61,61,5,7,3,,,,,25,1,11,Free Throw 1 of 2,1,Free Throw Made,,,,72,72,
2,1,26,Rayvonte Rice makes free throw 2 of 2.,98259,,true,false,false,Rayvonte,,Rice,,Ill,,61,62,5,7,3,,,,,26,1,12,Free Throw 2 of 2,1,Free Throw Made,,,,72,72,
2,1,22,BU take a full timeout.,,,false,false,false,,,,,,,61,62,5,7,0,,,,,0,,1,Regular,11,Timeout,,,,3,3,
2,1,04,Maurice Watson Jr. with a out of bounds turnover: Out of Bounds,116018,,true,false,false,Maurice,,Watson Jr.,,BU,,61,62,5,7,2,,,,,7,,3,Out of Bounds,7,Turnover,,,,3,3,
2,0,58.8,Ill take a full timeout.,,,false,false,false,,,,,,,61,62,5,7,0,,,,,0,,1,Regular,11,Timeout,,,,72,72,
2,0,46.8,Rayvonte Rice makes a layup shot.,98259,,true,false,false,Rayvonte,,Rice,,Ill,,61,64,5,7,3,,,,,28,2,40,Layup Shot,3,Field Goal Made,0,0,0,72,72,
2,0,43.8,BU take a 20-second timeout.,,,false,false,false,,,,,,,61,64,5,7,0,,,,,0,,2,Short,11,Timeout,,,,3,3,
2,0,33.8,Shooting foul committed by Nnanna Egwu.,110106,,true,false,false,Nnanna,,Egwu,,Ill,,61,64,6,7,4,,,,,2,,2,Shooting,8,Foul,,,,72,72,
2,0,33.8,D.J. Irving makes free throw 1 of 2.,97137,,true,false,false,D.J.,,Irving,,BU,,62,64,6,7,2,,,,,17,1,11,Free Throw 1 of 2,1,Free Throw Made,,,,3,3,
2,0,33.8,D.J. Irving misses free throw 2 of 2.,97137,,true,false,false,D.J.,,Irving,,BU,,62,64,6,7,2,,,,,17,1,12,Free Throw 2 of 2,2,Free Throw Missed,,,,3,3,
2,0,33.8,Rayvonte Rice with a defensive rebound.,98259,,true,false,false,Rayvonte,,Rice,,Ill,,62,64,6,7,3,,,,,28,,,,6,Defensive Rebound,,,,72,72,
2,0,26.9,Personal foul committed by Maurice Watson Jr..,116018,,true,false,false,Maurice,,Watson Jr.,,BU,,62,64,6,8,3,,,,,7,,1,Personal,8,Foul,,,,3,3,
2,0,26.9,Nnanna Egwu misses free throw 1st of 1-and-1.,110106,,true,false,false,Nnanna,,Egwu,,Ill,,62,64,6,8,4,,,,,2,1,8,Free Throw 1st of 1-and-1,2,Free Throw Missed,,,,72,72,
2,0,26.9,Nathan Dieudonne with a defensive rebound.,116016,,true,false,false,Nathan,,Dieudonne,,BU,,62,64,6,8,1,,,,,0,,,,6,Defensive Rebound,,,,3,3,
2,0,14.1,BU take a full timeout.,,,false,false,false,,,,,,,62,64,6,8,0,,,,,0,,1,Regular,11,Timeout,,,,3,3,
2,0,12.1,Dom Morris misses a layup shot.,97143,,true,false,false,Dom,,Morris,,BU,,62,64,6,8,2,,,,,10,2,40,Layup Shot,4,Field Goal Missed,0,0,0,3,3,
2,0,12.1,Nnanna Egwu with a defensive rebound.,110106,,true,false,false,Nnanna,,Egwu,,Ill,,62,64,6,8,4,,,,,2,,,,6,Defensive Rebound,,,,72,72,
2,0,10.1,Personal foul committed by Maurice Watson Jr..,116018,,true,false,false,Maurice,,Watson Jr.,,BU,,62,64,6,9,4,,,,,7,,1,Personal,8,Foul,,,,3,3,
2,0,10.1,Nnanna Egwu makes free throw 1st of 1-and-1.,110106,,true,false,false,Nnanna,,Egwu,,Ill,,62,65,6,9,4,,,,,3,1,8,Free Throw 1st of 1-and-1,1,Free Throw Made,,,,72,72,
2,0,10.1,Nnanna Egwu makes free throw 2nd of 1-and-1.,110106,,true,false,false,Nnanna,,Egwu,,Ill,,62,66,6,9,4,,,,,4,1,9,Free Throw 2nd of 1-and-1,1,Free Throw Made,,,,72,72,
2,0,09.1,John Papale misses a 3-point jump shot from 25 feet out.,116017,,true,false,false,John,,Papale,,BU,,62,66,6,9,1,,,,,10,3,45,Jump Shot,4,Field Goal Missed,25,15.4,19.3,3,3,
2,0,09.1,Jon Ekey with a defensive rebound.,88748,,true,false,false,Jon,,Ekey,,Ill,,62,66,6,9,1,,,,,6,,,,6,Defensive Rebound,,,,72,72,
2,0,00,End of the 2nd Half,,,false,false,false,,,,,,,62,66,6,9,0,,,,,0,,,,15,End Period,,,,3,3,
2,0,00,End of the Game,,,false,false,false,,,,,,,62,66,6,9,0,,,,,0,,,,19,Game Over,,,,3,3,
