half,time-minutes,time-seconds,details,player1-id,player2-id,player1-linkable,player2-linkable,player3-linkable,player-first-name-1,player-first-name-2,player-last-name-1,player-last-name-2,player-team-alias-1,player-team-alias-2,home-score,visitor-score,visitor-fouls,home-fouls,player-fouls,fastbreak,in-paint,second-chance,off-turnover,player-score,points-type,detail-id,detail-desc,event-id,event-desc,distance,x-coord,y-coord,team-id-1,team-id-2,team-id-3
1,20,00,Start of the 1st Half,,,false,false,false,,,,,,,0,0,0,0,0,,,,,0,,,,14,Start Period,,,,124,124,
1,19,38,Aaron Brown makes a 3-point jump shot from 24 feet out. Michael Craig with the assist.,97378,117762,true,true,false,Aaron,Michael,Brown,Craig,SouMis,SouMis,3,0,0,0,0,,,,,3,3,45,Jump Shot,3,Field Goal Made,24,4.7,23.1,124,124,
1,19,11,Rian Pearson misses a jump shot from 13 feet out.,89146,,true,false,false,Rian,,Pearson,,Toledo,,3,0,0,0,0,,,,,0,2,45,Jump Shot,4,Field Goal Missed,13,-12.5,2.4,175,175,
1,19,11,Michael Craig with a defensive rebound.,117762,,true,false,false,Michael,,Craig,,SouMis,,3,0,0,0,0,,,,,0,,,,6,Defensive Rebound,,,,124,124,
1,19,03,Daveon Boardingham makes a layup shot. Michael Craig with the assist.,116268,117762,true,true,false,Daveon,Michael,Boardingham,Craig,SouMis,SouMis,5,0,0,0,0,,,,,2,2,40,Layup Shot,3,Field Goal Made,0,0,0,124,124,
1,18,52,Personal foul committed by Michael Craig.,117762,,true,false,false,Michael,,Craig,,SouMis,,5,0,0,1,1,,,,,0,,1,Personal,8,Foul,,,,124,124,
1,18,42,Nathan Boothe misses a jump shot from 13 feet out.,116379,,true,false,false,Nathan,,Boothe,,Toledo,,5,0,0,1,0,,,,,0,2,45,Jump Shot,4,Field Goal Missed,13,8.8,9.4,175,175,
1,18,42,Aaron Brown with a defensive rebound.,97378,,true,false,false,Aaron,,Brown,,SouMis,,5,0,0,1,0,,,,,3,,,,6,Defensive Rebound,,,,124,124,
1,18,28,Michael Craig makes a jump shot from 11 feet out.,117762,,true,false,false,Michael,,Craig,,SouMis,,7,0,0,1,1,,,,,2,2,45,Jump Shot,3,Field Goal Made,11,9.2,5.5,124,124,
1,18,12,Justin Drummond makes a 3-point jump shot from 23 feet out. Julius Brown with the assist.,97902,109815,true,true,false,Justin,Julius,Drummond,Brown,Toledo,Toledo,7,3,0,1,0,,,,,3,3,45,Jump Shot,3,Field Goal Made,23,-13.6,18.7,175,175,
1,17,50,Jerrold Brooks misses a 3-point jump shot from 23 feet out.,116269,,true,false,false,Jerrold,,Brooks,,SouMis,,7,3,0,1,0,,,,,0,3,45,Jump Shot,4,Field Goal Missed,23,-17.3,14.6,124,124,
1,17,50,Toledo with a defensive rebound.,,,false,false,false,,,,,,,7,3,0,1,0,,,,,0,,,,6,Defensive Rebound,,,,175,175,
1,17,22,Rian Pearson misses a layup shot.,89146,,true,false,false,Rian,,Pearson,,Toledo,,7,3,0,1,0,,,,,0,2,40,Layup Shot,4,Field Goal Missed,0,0,0,175,175,
1,17,22,Daveon Boardingham with a defensive rebound.,116268,,true,false,false,Daveon,,Boardingham,,SouMis,,7,3,0,1,0,,,,,2,,,,6,Defensive Rebound,,,,124,124,
1,17,15,Offensive foul committed by Michael Craig.,117762,,true,false,false,Michael,,Craig,,SouMis,,7,3,0,2,2,,,,,2,,4,Offensive,8,Foul,,,,124,124,
1,17,15,Michael Craig with a  turnover:,117762,,true,false,false,Michael,,Craig,,SouMis,,7,3,0,2,2,,,,,2,,,,7,Turnover,,,,124,124,
1,17,03,Toledo with a turnover: 10 Second Violation,,,false,false,false,,,,,,,7,3,0,2,0,,,,,0,,10,10 Second Violation,7,Turnover,,,,175,175,
1,16,50,Neil Watson misses a 3-point jump shot from 23 feet out.,88463,,true,false,false,Neil,,Watson,,SouMis,,7,3,0,2,0,,,,,0,3,45,Jump Shot,4,Field Goal Missed,23,-18.8,12.9,124,124,
1,16,50,Matt Bingaya with an offensive rebound.,121233,,true,false,false,Matt,,Bingaya,,SouMis,,7,3,0,2,0,,,,,0,,,,5,Offensive Rebound,,,,124,124,
1,16,48,Personal foul committed by Jordan Lauf.,121542,,true,false,false,Jordan,,Lauf,,Toledo,,7,3,1,2,1,,,,,0,,1,Personal,8,Foul,,,,175,175,
1,16,40,Jerrold Brooks misses a jump shot from 15 feet out.,116269,,true,false,false,Jerrold,,Brooks,,SouMis,,7,3,1,2,0,,,,,0,2,45,Jump Shot,4,Field Goal Missed,15,-8.4,12,124,124,
1,16,40,SouMis with an offensive rebound.,,,false,false,false,,,,,,,7,3,1,2,0,,,,,0,,,,5,Offensive Rebound,,,,124,124,
1,16,26,Personal foul committed by Justin Drummond.,97902,,true,false,false,Justin,,Drummond,,Toledo,,7,3,2,2,1,,,,,3,,1,Personal,8,Foul,,,,175,175,
1,16,01,Shooting foul committed by Nathan Boothe.,116379,,true,false,false,Nathan,,Boothe,,Toledo,,7,3,3,2,1,,,,,0,,2,Shooting,8,Foul,,,,175,175,
1,16,01,Daveon Boardingham misses free throw 1 of 2.,116268,,true,false,false,Daveon,,Boardingham,,SouMis,,7,3,3,2,0,,,,,2,1,11,Free Throw 1 of 2,2,Free Throw Missed,,,,124,124,
1,16,01,SouMis with an offensive rebound.,,,false,false,false,,,,,,,7,3,3,2,0,,,,,0,,,,5,Offensive Rebound,,,,124,124,
1,16,01,Daveon Boardingham makes free throw 2 of 2.,116268,,true,false,false,Daveon,,Boardingham,,SouMis,,8,3,3,2,0,,,,,3,1,12,Free Throw 2 of 2,1,Free Throw Made,,,,124,124,
1,15,44,Julius Brown misses a 3-point jump shot from 23 feet out.,109815,,true,false,false,Julius,,Brown,,Toledo,,8,3,3,2,0,,,,,0,3,45,Jump Shot,4,Field Goal Missed,23,-16.8,16.1,175,175,
1,15,44,Neil Watson with a defensive rebound.,88463,,true,false,false,Neil,,Watson,,SouMis,,8,3,3,2,0,,,,,0,,,,6,Defensive Rebound,,,,124,124,
1,15,37,Neil Watson misses a layup shot.,88463,,true,false,false,Neil,,Watson,,SouMis,,8,3,3,2,0,,,,,0,2,40,Layup Shot,4,Field Goal Missed,0,0,0,124,124,
1,15,37,Justin Drummond with a defensive rebound.,97902,,true,false,false,Justin,,Drummond,,Toledo,,8,3,3,2,1,,,,,3,,,,6,Defensive Rebound,,,,175,175,
1,15,29,Julius Brown misses a layup shot.,109815,,true,false,false,Julius,,Brown,,Toledo,,8,3,3,2,0,,,,,0,2,40,Layup Shot,4,Field Goal Missed,0,0,0,175,175,
1,15,29,SouMis with a defensive rebound.,,,false,false,false,,,,,,,8,3,3,2,0,,,,,0,,,,6,Defensive Rebound,,,,124,124,
1,15,29,Official TV timeout.,,,false,false,false,,,,,,,8,3,3,2,0,,,,,0,,3,Official TV,11,Timeout,,,,124,124,
1,15,13,Jeremiah Eason misses a layup shot.,122164,,true,false,false,Jeremiah,,Eason,,SouMis,,8,3,3,2,0,,,,,0,2,40,Layup Shot,4,Field Goal Missed,0,0,0,124,124,
1,15,13,Nathan Boothe with a defensive rebound.,116379,,true,false,false,Nathan,,Boothe,,Toledo,,8,3,3,2,1,,,,,0,,,,6,Defensive Rebound,,,,175,175,
1,14,53,Shooting foul committed by Matt Bingaya.,121233,,true,false,false,Matt,,Bingaya,,SouMis,,8,3,3,3,1,,,,,0,,2,Shooting,8,Foul,,,,124,124,
1,14,53,J.D. Weatherspoon misses free throw 1 of 2.,97513,,true,false,false,J.D.,,Weatherspoon,,Toledo,,8,3,3,3,0,,,,,0,1,11,Free Throw 1 of 2,2,Free Throw Missed,,,,175,175,
1,14,53,Toledo with an offensive rebound.,,,false,false,false,,,,,,,8,3,3,3,0,,,,,0,,,,5,Offensive Rebound,,,,175,175,
1,14,53,J.D. Weatherspoon makes free throw 2 of 2.,97513,,true,false,false,J.D.,,Weatherspoon,,Toledo,,8,4,3,3,0,,,,,1,1,12,Free Throw 2 of 2,1,Free Throw Made,,,,175,175,
1,14,31,Jeremiah Eason misses a jump shot from 7 feet out.,122164,,true,false,false,Jeremiah,,Eason,,SouMis,,8,4,3,3,0,,,,,0,2,45,Jump Shot,4,Field Goal Missed,7,-1.6,6.6,124,124,
1,14,31,J.D. Weatherspoon with a defensive rebound.,97513,,true,false,false,J.D.,,Weatherspoon,,Toledo,,8,4,3,3,0,,,,,1,,,,6,Defensive Rebound,,,,175,175,
1,14,17,Jonathan Williams misses a 3-point jump shot from 24 feet out.,121540,,true,false,false,Jonathan,,Williams,,Toledo,,8,4,3,3,0,,,,,0,3,45,Jump Shot,4,Field Goal Missed,24,20.3,12,175,175,
1,14,17,Matt Bingaya with a defensive rebound.,121233,,true,false,false,Matt,,Bingaya,,SouMis,,8,4,3,3,1,,,,,0,,,,6,Defensive Rebound,,,,124,124,
1,13,57,Jerrold Brooks with a lost ball turnover: Lost Ball,116269,,true,false,false,Jerrold,,Brooks,,SouMis,,8,4,3,3,0,,,,,0,,2,Lost Ball,7,Turnover,,,,124,124,
1,13,54,Rian Pearson makes a layup shot.,89146,,true,false,false,Rian,,Pearson,,Toledo,,8,6,3,3,0,,,,,2,2,40,Layup Shot,3,Field Goal Made,0,0,0,175,175,
1,13,34,Shooting foul committed by J.D. Weatherspoon.,97513,,true,false,false,J.D.,,Weatherspoon,,Toledo,,8,6,4,3,1,,,,,1,,2,Shooting,8,Foul,,,,175,175,
1,13,34,Matt Bingaya misses free throw 1 of 2.,121233,,true,false,false,Matt,,Bingaya,,SouMis,,8,6,4,3,1,,,,,0,1,11,Free Throw 1 of 2,2,Free Throw Missed,,,,124,124,
1,13,34,SouMis with an offensive rebound.,,,false,false,false,,,,,,,8,6,4,3,0,,,,,0,,,,5,Offensive Rebound,,,,124,124,
1,13,34,Matt Bingaya makes free throw 2 of 2.,121233,,true,false,false,Matt,,Bingaya,,SouMis,,9,6,4,3,1,,,,,1,1,12,Free Throw 2 of 2,1,Free Throw Made,,,,124,124,
1,13,17,Julius Brown misses a jump shot from 9 feet out.,109815,,true,false,false,Julius,,Brown,,Toledo,,9,6,4,3,0,,,,,0,2,45,Jump Shot,4,Field Goal Missed,9,-3.6,8.7,175,175,
1,13,17,Daveon Boardingham with a defensive rebound.,116268,,true,false,false,Daveon,,Boardingham,,SouMis,,9,6,4,3,0,,,,,3,,,,6,Defensive Rebound,,,,124,124,
1,13,11,Offensive foul committed by Jerrold Brooks.,116269,,true,false,false,Jerrold,,Brooks,,SouMis,,9,6,4,4,1,,,,,0,,4,Offensive,8,Foul,,,,124,124,
1,13,11,Jerrold Brooks with a  turnover:,116269,,true,false,false,Jerrold,,Brooks,,SouMis,,9,6,4,4,1,,,,,0,,,,7,Turnover,,,,124,124,
1,13,00,Jonathan Williams misses a jump shot from 19 feet out.,121540,,true,false,false,Jonathan,,Williams,,Toledo,,9,6,4,4,0,,,,,0,2,45,Jump Shot,4,Field Goal Missed,19,13.6,12.7,175,175,
1,13,00,Justin Drummond with an offensive rebound.,97902,,true,false,false,Justin,,Drummond,,Toledo,,9,6,4,4,1,,,,,3,,,,5,Offensive Rebound,,,,175,175,
1,12,57,Justin Drummond makes a jump shot from 3 feet out.,97902,,true,false,false,Justin,,Drummond,,Toledo,,9,8,4,4,1,,,,,5,2,45,Jump Shot,3,Field Goal Made,3,-1.8,2.9,175,175,
1,12,42,Michael Craig makes a dunk shot. Jerrold Brooks with the assist.,117762,116269,true,true,false,Michael,Jerrold,Craig,Brooks,SouMis,SouMis,11,8,4,4,2,,,,,4,2,48,Dunk Shot,3,Field Goal Made,0,0,0,124,124,
1,12,26,Matt Smith misses a 3-point jump shot from 22 feet out.,89149,,true,false,false,Matt,,Smith,,Toledo,,11,8,4,4,0,,,,,0,3,45,Jump Shot,4,Field Goal Missed,22,21.8,4.6,175,175,
1,12,26,Jerrold Brooks with a defensive rebound.,116269,,true,false,false,Jerrold,,Brooks,,SouMis,,11,8,4,4,1,,,,,0,,,,6,Defensive Rebound,,,,124,124,
1,12,13,Chip Armelin misses a jump shot from 7 feet out.,100130,,true,false,false,Chip,,Armelin,,SouMis,,11,8,4,4,0,,,,,0,2,45,Jump Shot,4,Field Goal Missed,7,.1,6.6,124,124,
1,12,13,Daveon Boardingham with an offensive rebound.,116268,,true,false,false,Daveon,,Boardingham,,SouMis,,11,8,4,4,0,,,,,3,,,,5,Offensive Rebound,,,,124,124,
1,11,35,Deonte Houston with a lost ball turnover: Lost Ball,122165,,true,false,false,Deonte,,Houston,,SouMis,,11,8,4,4,0,,,,,0,,2,Lost Ball,7,Turnover,,,,124,124,
1,11,32,Rian Pearson with a bad pass turnover: Bad Pass,89146,,true,false,false,Rian,,Pearson,,Toledo,,11,8,4,4,0,,,,,2,,1,Bad Pass,7,Turnover,,,,175,175,
1,11,32,Official TV timeout.,,,false,false,false,,,,,,,11,8,4,4,0,,,,,0,,3,Official TV,11,Timeout,,,,124,124,
1,11,16,Neil Watson misses a 3-point jump shot from 23 feet out.,88463,,true,false,false,Neil,,Watson,,SouMis,,11,8,4,4,0,,,,,0,3,45,Jump Shot,4,Field Goal Missed,23,22.7,1.6,124,124,
1,11,16,Aaron Brown with an offensive rebound.,97378,,true,false,false,Aaron,,Brown,,SouMis,,11,8,4,4,0,,,,,3,,,,5,Offensive Rebound,,,,124,124,
1,10,53,Deonte Houston misses a 3-point jump shot from 23 feet out.,122165,,true,false,false,Deonte,,Houston,,SouMis,,11,8,4,4,0,,,,,0,3,45,Jump Shot,4,Field Goal Missed,23,22.5,2.2,124,124,
1,10,53,Nathan Boothe with a defensive rebound.,116379,,true,false,false,Nathan,,Boothe,,Toledo,,11,8,4,4,1,,,,,0,,,,6,Defensive Rebound,,,,175,175,
1,10,47,Personal foul committed by Neil Watson.,88463,,true,false,false,Neil,,Watson,,SouMis,,11,8,4,5,1,,,,,0,,1,Personal,8,Foul,,,,124,124,
1,10,27,Shooting foul committed by Daveon Boardingham.,116268,,true,false,false,Daveon,,Boardingham,,SouMis,,11,8,4,6,1,,,,,3,,2,Shooting,8,Foul,,,,124,124,
1,10,27,Justin Drummond misses free throw 1 of 2.,97902,,true,false,false,Justin,,Drummond,,Toledo,,11,8,4,6,1,,,,,5,1,11,Free Throw 1 of 2,2,Free Throw Missed,,,,175,175,
1,10,27,Toledo with an offensive rebound.,,,false,false,false,,,,,,,11,8,4,6,0,,,,,0,,,,5,Offensive Rebound,,,,175,175,
1,10,27,Justin Drummond misses free throw 2 of 2.,97902,,true,false,false,Justin,,Drummond,,Toledo,,11,8,4,6,1,,,,,5,1,12,Free Throw 2 of 2,2,Free Throw Missed,,,,175,175,
1,10,27,Aaron Brown with a defensive rebound.,97378,,true,false,false,Aaron,,Brown,,SouMis,,11,8,4,6,0,,,,,3,,,,6,Defensive Rebound,,,,124,124,
1,9,54,Aaron Brown with a lost ball turnover: Lost Ball,97378,,true,false,false,Aaron,,Brown,,SouMis,,11,8,4,6,0,,,,,3,,2,Lost Ball,7,Turnover,,,,124,124,
1,9,42,Jonathan Williams misses a 3-point jump shot from 22 feet out.,121540,,true,false,false,Jonathan,,Williams,,Toledo,,11,8,4,6,0,,,,,0,3,45,Jump Shot,4,Field Goal Missed,22,-22.1,2.7,175,175,
1,9,42,Jeremiah Eason with a defensive rebound.,122164,,true,false,false,Jeremiah,,Eason,,SouMis,,11,8,4,6,0,,,,,0,,,,6,Defensive Rebound,,,,124,124,
1,9,36,Matt Bingaya makes a layup shot. Aaron Brown with the assist.,121233,97378,true,true,false,Matt,Aaron,Bingaya,Brown,SouMis,SouMis,13,8,4,6,1,,,,,3,2,40,Layup Shot,3,Field Goal Made,0,0,0,124,124,
1,9,18,Nathan Boothe makes a jump shot from 18 feet out. Justin Drummond with the assist.,116379,97902,true,true,false,Nathan,Justin,Boothe,Drummond,Toledo,Toledo,13,10,4,6,1,,,,,2,2,45,Jump Shot,3,Field Goal Made,18,-18.2,2.9,175,175,
1,8,49,Neil Watson makes a 3-point jump shot from 22 feet out. Aaron Brown with the assist.,88463,97378,true,true,false,Neil,Aaron,Watson,Brown,SouMis,SouMis,16,10,4,6,1,,,,,3,3,45,Jump Shot,3,Field Goal Made,22,-20.6,8.7,124,124,
1,8,39,Jonathan Williams misses a layup shot.,121540,,true,false,false,Jonathan,,Williams,,Toledo,,16,10,4,6,0,,,,,0,2,40,Layup Shot,4,Field Goal Missed,0,0,0,175,175,
1,8,39,Nathan Boothe with an offensive rebound.,116379,,true,false,false,Nathan,,Boothe,,Toledo,,16,10,4,6,1,,,,,2,,,,5,Offensive Rebound,,,,175,175,
1,8,25,Nathan Boothe misses a jump shot from 16 feet out.,116379,,true,false,false,Nathan,,Boothe,,Toledo,,16,10,4,6,1,,,,,2,2,45,Jump Shot,4,Field Goal Missed,16,-1.9,16.2,175,175,
1,8,25,Matt Bingaya with a defensive rebound.,121233,,true,false,false,Matt,,Bingaya,,SouMis,,16,10,4,6,1,,,,,3,,,,6,Defensive Rebound,,,,124,124,
1,8,20,Neil Watson makes a 3-point jump shot from 23 feet out. Matt Bingaya with the assist.,88463,121233,true,true,false,Neil,Matt,Watson,Bingaya,SouMis,SouMis,19,10,4,6,1,,,,,6,3,45,Jump Shot,3,Field Goal Made,23,-20.1,11.1,124,124,
1,8,18,Toledo take a 20-second timeout.,,,false,false,false,,,,,,,19,10,4,6,0,,,,,0,,2,Short,11,Timeout,,,,175,175,
1,7,56,Justin Drummond misses a 3-point jump shot from 23 feet out.,97902,,true,false,false,Justin,,Drummond,,Toledo,,19,10,4,6,1,,,,,5,3,45,Jump Shot,4,Field Goal Missed,23,11.6,19.8,175,175,
1,7,56,Jeremiah Eason with a defensive rebound.,122164,,true,false,false,Jeremiah,,Eason,,SouMis,,19,10,4,6,0,,,,,0,,,,6,Defensive Rebound,,,,124,124,
1,7,33,Neil Watson with a bad pass turnover: Bad Pass,88463,,true,false,false,Neil,,Watson,,SouMis,,19,10,4,6,1,,,,,6,,1,Bad Pass,7,Turnover,,,,124,124,
1,7,33,Official TV timeout.,,,false,false,false,,,,,,,19,10,4,6,0,,,,,0,,3,Official TV,11,Timeout,,,,124,124,
1,7,09,Rian Pearson with a lost ball turnover: Lost Ball,89146,,true,false,false,Rian,,Pearson,,Toledo,,19,10,4,6,0,,,,,2,,2,Lost Ball,7,Turnover,,,,175,175,
1,7,05,Neil Watson makes a layup shot.,88463,,true,false,false,Neil,,Watson,,SouMis,,21,10,4,6,1,,,,,8,2,40,Layup Shot,3,Field Goal Made,0,0,0,124,124,
1,6,32,J.D. Weatherspoon misses a 3-point jump shot from 23 feet out.,97513,,true,false,false,J.D.,,Weatherspoon,,Toledo,,21,10,4,6,1,,,,,1,3,45,Jump Shot,4,Field Goal Missed,23,22.1,4.6,175,175,
1,6,32,Michael Craig with a defensive rebound.,117762,,true,false,false,Michael,,Craig,,SouMis,,21,10,4,6,2,,,,,4,,,,6,Defensive Rebound,,,,124,124,
1,6,17,Chip Armelin misses a layup shot.,100130,,true,false,false,Chip,,Armelin,,SouMis,,21,10,4,6,0,,,,,0,2,40,Layup Shot,4,Field Goal Missed,0,0,0,124,124,
1,6,17,Justin Drummond with a defensive rebound.,97902,,true,false,false,Justin,,Drummond,,Toledo,,21,10,4,6,1,,,,,5,,,,6,Defensive Rebound,,,,175,175,
1,6,10,Julius Brown makes a jump shot from 6 feet out.,109815,,true,false,false,Julius,,Brown,,Toledo,,21,12,4,6,0,,,,,2,2,45,Jump Shot,3,Field Goal Made,6,-5.5,2,175,175,
1,5,52,Michael Craig makes a layup shot. Chip Armelin with the assist.,117762,100130,true,true,false,Michael,Chip,Craig,Armelin,SouMis,SouMis,23,12,4,6,2,,,,,6,2,40,Layup Shot,3,Field Goal Made,0,0,0,124,124,
1,5,28,Julius Brown makes a layup shot.,109815,,true,false,false,Julius,,Brown,,Toledo,,23,14,4,6,0,,,,,4,2,40,Layup Shot,3,Field Goal Made,0,0,0,175,175,
1,4,58,Michael Craig makes a dunk shot.,117762,,true,false,false,Michael,,Craig,,SouMis,,25,14,4,6,2,,,,,8,2,48,Dunk Shot,3,Field Goal Made,0,0,0,124,124,
1,4,35,Nathan Boothe makes a jump shot from 16 feet out. Rian Pearson with the assist.,116379,89146,true,true,false,Nathan,Rian,Boothe,Pearson,Toledo,Toledo,25,16,4,6,1,,,,,4,2,45,Jump Shot,3,Field Goal Made,16,.6,15.5,175,175,
1,4,17,Jerrold Brooks makes a 3-point jump shot from 22 feet out. Deonte Houston with the assist.,116269,122165,true,true,false,Jerrold,Deonte,Brooks,Houston,SouMis,SouMis,28,16,4,6,1,,,,,3,3,45,Jump Shot,3,Field Goal Made,22,21.8,2,124,124,
1,4,01,Nathan Boothe misses a jump shot from 18 feet out.,116379,,true,false,false,Nathan,,Boothe,,Toledo,,28,16,4,6,1,,,,,4,2,45,Jump Shot,4,Field Goal Missed,18,-18,2,175,175,
1,4,01,Toledo with an offensive rebound.,,,false,false,false,,,,,,,28,16,4,6,0,,,,,0,,,,5,Offensive Rebound,,,,175,175,
1,4,01,Personal foul committed by Deonte Houston.,122165,,true,false,false,Deonte,,Houston,,SouMis,,28,16,4,7,1,,,,,0,,1,Personal,8,Foul,,,,124,124,
1,4,00,Jordan Lauf misses free throw 1st of 1-and-1.,121542,,true,false,false,Jordan,,Lauf,,Toledo,,28,16,4,7,1,,,,,0,1,8,Free Throw 1st of 1-and-1,2,Free Throw Missed,,,,175,175,
1,4,00,Daveon Boardingham with a defensive rebound.,116268,,true,false,false,Daveon,,Boardingham,,SouMis,,28,16,4,7,1,,,,,3,,,,6,Defensive Rebound,,,,124,124,
1,3,44,Deonte Houston misses a jump shot from 8 feet out.,122165,,true,false,false,Deonte,,Houston,,SouMis,,28,16,4,7,1,,,,,0,2,45,Jump Shot,4,Field Goal Missed,8,2.7,7.2,124,124,
1,3,44,Matt Bingaya with an offensive rebound.,121233,,true,false,false,Matt,,Bingaya,,SouMis,,28,16,4,7,1,,,,,3,,,,5,Offensive Rebound,,,,124,124,
1,3,40,Matt Bingaya makes a jump shot from 3 feet out.,121233,,true,false,false,Matt,,Bingaya,,SouMis,,30,16,4,7,1,,,,,5,2,45,Jump Shot,3,Field Goal Made,3,1,3.3,124,124,
1,3,27,Jonathan Williams with a lost ball turnover: Lost Ball,121540,,true,false,false,Jonathan,,Williams,,Toledo,,30,16,4,7,0,,,,,0,,2,Lost Ball,7,Turnover,,,,175,175,
1,3,12,Aaron Brown misses a 3-point jump shot from 22 feet out.,97378,,true,false,false,Aaron,,Brown,,SouMis,,30,16,4,7,0,,,,,3,3,45,Jump Shot,4,Field Goal Missed,22,22.1,2,124,124,
1,3,12,Jonathan Williams with a defensive rebound.,121540,,true,false,false,Jonathan,,Williams,,Toledo,,30,16,4,7,0,,,,,0,,,,6,Defensive Rebound,,,,175,175,
1,3,00,Jonathan Williams misses a 3-point jump shot from 24 feet out.,121540,,true,false,false,Jonathan,,Williams,,Toledo,,30,16,4,7,0,,,,,0,3,45,Jump Shot,4,Field Goal Missed,24,-7,23,175,175,
1,3,00,Matt Bingaya with a defensive rebound.,121233,,true,false,false,Matt,,Bingaya,,SouMis,,30,16,4,7,1,,,,,5,,,,6,Defensive Rebound,,,,124,124,
1,2,59,Personal foul committed by Jordan Lauf.,121542,,true,false,false,Jordan,,Lauf,,Toledo,,30,16,5,7,2,,,,,0,,1,Personal,8,Foul,,,,175,175,
1,2,59,Official TV timeout.,,,false,false,false,,,,,,,30,16,5,7,0,,,,,0,,3,Official TV,11,Timeout,,,,124,124,
1,2,34,Deonte Houston makes a jump shot from 10 feet out.,122165,,true,false,false,Deonte,,Houston,,SouMis,,32,16,5,7,1,,,,,2,2,45,Jump Shot,3,Field Goal Made,10,4.7,8.3,124,124,
1,2,34,Shooting foul committed by Matt Smith.,89149,,true,false,false,Matt,,Smith,,Toledo,,32,16,6,7,1,,,,,0,,2,Shooting,8,Foul,,,,175,175,
1,2,34,Deonte Houston misses free throw 1 of 1.,122165,,true,false,false,Deonte,,Houston,,SouMis,,32,16,6,7,1,,,,,2,1,10,Free Throw 1 of 1,2,Free Throw Missed,,,,124,124,
1,2,34,Matt Smith with a defensive rebound.,89149,,true,false,false,Matt,,Smith,,Toledo,,32,16,6,7,1,,,,,0,,,,6,Defensive Rebound,,,,175,175,
1,2,05,Jonathan Williams misses a 3-point jump shot from 24 feet out.,121540,,true,false,false,Jonathan,,Williams,,Toledo,,32,16,6,7,0,,,,,0,3,45,Jump Shot,4,Field Goal Missed,24,1.9,23.7,175,175,
1,2,05,Matt Bingaya with a defensive rebound.,121233,,true,false,false,Matt,,Bingaya,,SouMis,,32,16,6,7,1,,,,,5,,,,6,Defensive Rebound,,,,124,124,
1,1,42,Jerrold Brooks with a lost ball turnover: Lost Ball,116269,,true,false,false,Jerrold,,Brooks,,SouMis,,32,16,6,7,1,,,,,3,,2,Lost Ball,7,Turnover,,,,124,124,
1,1,38,Shooting foul committed by Aaron Brown.,97378,,true,false,false,Aaron,,Brown,,SouMis,,32,16,6,8,1,,,,,3,,2,Shooting,8,Foul,,,,124,124,
1,1,38,Julius Brown makes free throw 1 of 2.,109815,,true,false,false,Julius,,Brown,,Toledo,,32,17,6,8,0,,,,,5,1,11,Free Throw 1 of 2,1,Free Throw Made,,,,175,175,
1,1,38,Julius Brown makes free throw 2 of 2.,109815,,true,false,false,Julius,,Brown,,Toledo,,32,18,6,8,0,,,,,6,1,12,Free Throw 2 of 2,1,Free Throw Made,,,,175,175,
1,1,13,Daveon Boardingham with a lost ball turnover: Lost Ball,116268,,true,false,false,Daveon,,Boardingham,,SouMis,,32,18,6,8,1,,,,,3,,2,Lost Ball,7,Turnover,,,,124,124,
1,1,03,Jonathan Williams misses a layup shot.,121540,,true,false,false,Jonathan,,Williams,,Toledo,,32,18,6,8,0,,,,,0,2,40,Layup Shot,4,Field Goal Missed,0,0,0,175,175,
1,1,03,Justin Drummond with an offensive rebound.,97902,,true,false,false,Justin,,Drummond,,Toledo,,32,18,6,8,1,,,,,5,,,,5,Offensive Rebound,,,,175,175,
1,0,46.3,Personal foul committed by Matt Bingaya.,121233,,true,false,false,Matt,,Bingaya,,SouMis,,32,18,6,9,2,,,,,5,,1,Personal,8,Foul,,,,124,124,
1,0,46.3,Rian Pearson makes free throw 1st of 1-and-1.,89146,,true,false,false,Rian,,Pearson,,Toledo,,32,19,6,9,0,,,,,3,1,8,Free Throw 1st of 1-and-1,1,Free Throw Made,,,,175,175,
1,0,46.3,Rian Pearson misses free throw 2nd of 1-and-1.,89146,,true,false,false,Rian,,Pearson,,Toledo,,32,19,6,9,0,,,,,3,1,9,Free Throw 2nd of 1-and-1,2,Free Throw Missed,,,,175,175,
1,0,46.3,Daveon Boardingham with a defensive rebound.,116268,,true,false,false,Daveon,,Boardingham,,SouMis,,32,19,6,9,1,,,,,3,,,,6,Defensive Rebound,,,,124,124,
1,0,40.3,Matt Bingaya makes a jump shot from 4 feet out.,121233,,true,false,false,Matt,,Bingaya,,SouMis,,34,19,6,9,2,,,,,7,2,45,Jump Shot,3,Field Goal Made,4,2.1,3.3,124,124,
1,0,24.2,Jonathan Williams with a lost ball turnover: Lost Ball,121540,,true,false,false,Jonathan,,Williams,,Toledo,,34,19,6,9,0,,,,,0,,2,Lost Ball,7,Turnover,,,,175,175,
1,0,18.9,Aaron Brown misses a layup shot.,97378,,true,false,false,Aaron,,Brown,,SouMis,,34,19,6,9,1,,,,,3,2,40,Layup Shot,4,Field Goal Missed,0,0,0,124,124,
1,0,18.9,SouMis with an offensive rebound.,,,false,false,false,,,,,,,34,19,6,9,0,,,,,0,,,,5,Offensive Rebound,,,,124,124,
1,0,18.9,SouMis take a 20-second timeout.,,,false,false,false,,,,,,,34,19,6,9,0,,,,,0,,2,Short,11,Timeout,,,,124,124,
1,0,04.8,Neil Watson misses a jump shot from 7 feet out.,88463,,true,false,false,Neil,,Watson,,SouMis,,34,19,6,9,1,,,,,8,2,45,Jump Shot,4,Field Goal Missed,7,.5,6.8,124,124,
1,0,04.8,Rian Pearson with a defensive rebound.,89146,,true,false,false,Rian,,Pearson,,Toledo,,34,19,6,9,0,,,,,3,,,,6,Defensive Rebound,,,,175,175,
1,0,00,End of the 1st Half,,,false,false,false,,,,,,,34,19,6,9,0,,,,,0,,,,15,End Period,,,,124,124,
2,20,00,Start of the 2nd Half,,,false,false,false,,,,,,,34,19,0,0,0,,,,,0,,,,14,Start Period,,,,124,124,
2,19,41,Michael Craig misses a dunk shot.,117762,,true,false,false,Michael,,Craig,,SouMis,,34,19,0,0,2,,,,,8,2,48,Dunk Shot,4,Field Goal Missed,0,0,0,124,124,
2,19,41,Daveon Boardingham with an offensive rebound.,116268,,true,false,false,Daveon,,Boardingham,,SouMis,,34,19,0,0,1,,,,,3,,,,5,Offensive Rebound,,,,124,124,
2,19,19,Michael Craig with a lost ball turnover: Lost Ball,117762,,true,false,false,Michael,,Craig,,SouMis,,34,19,0,0,2,,,,,8,,2,Lost Ball,7,Turnover,,,,124,124,
2,19,10,Julius Brown makes a 3-point jump shot from 23 feet out. Justin Drummond with the assist.,109815,97902,true,true,false,Julius,Justin,Brown,Drummond,Toledo,Toledo,34,22,0,0,0,,,,,9,3,45,Jump Shot,3,Field Goal Made,23,18.2,13.3,175,175,
2,18,44,Shooting foul committed by Rian Pearson.,89146,,true,false,false,Rian,,Pearson,,Toledo,,34,22,1,0,1,,,,,3,,2,Shooting,8,Foul,,,,175,175,
2,18,44,Aaron Brown misses free throw 1 of 2.,97378,,true,false,false,Aaron,,Brown,,SouMis,,34,22,1,0,1,,,,,3,1,11,Free Throw 1 of 2,2,Free Throw Missed,,,,124,124,
2,18,44,SouMis with an offensive rebound.,,,false,false,false,,,,,,,34,22,1,0,0,,,,,0,,,,5,Offensive Rebound,,,,124,124,
2,18,44,Aaron Brown misses free throw 2 of 2.,97378,,true,false,false,Aaron,,Brown,,SouMis,,34,22,1,0,1,,,,,3,1,12,Free Throw 2 of 2,2,Free Throw Missed,,,,124,124,
2,18,44,Nathan Boothe with a defensive rebound.,116379,,true,false,false,Nathan,,Boothe,,Toledo,,34,22,1,0,1,,,,,4,,,,6,Defensive Rebound,,,,175,175,
2,18,22,Nathan Boothe makes a jump shot from 11 feet out. Justin Drummond with the assist.,116379,97902,true,true,false,Nathan,Justin,Boothe,Drummond,Toledo,Toledo,34,24,1,0,1,,,,,6,2,45,Jump Shot,3,Field Goal Made,11,.1,11.1,175,175,
2,18,01,Shooting foul committed by Nathan Boothe.,116379,,true,false,false,Nathan,,Boothe,,Toledo,,34,24,2,0,2,,,,,6,,2,Shooting,8,Foul,,,,175,175,
2,18,01,Daveon Boardingham misses free throw 1 of 2.,116268,,true,false,false,Daveon,,Boardingham,,SouMis,,34,24,2,0,1,,,,,3,1,11,Free Throw 1 of 2,2,Free Throw Missed,,,,124,124,
2,18,01,SouMis with an offensive rebound.,,,false,false,false,,,,,,,34,24,2,0,0,,,,,0,,,,5,Offensive Rebound,,,,124,124,
2,18,01,Daveon Boardingham misses free throw 2 of 2.,116268,,true,false,false,Daveon,,Boardingham,,SouMis,,34,24,2,0,1,,,,,3,1,12,Free Throw 2 of 2,2,Free Throw Missed,,,,124,124,
2,18,01,Rian Pearson with a defensive rebound.,89146,,true,false,false,Rian,,Pearson,,Toledo,,34,24,2,0,1,,,,,3,,,,6,Defensive Rebound,,,,175,175,
2,17,42,Justin Drummond makes a layup shot.,97902,,true,false,false,Justin,,Drummond,,Toledo,,34,26,2,0,1,,,,,7,2,40,Layup Shot,3,Field Goal Made,0,0,0,175,175,
2,17,38,SouMis take a full timeout.,,,false,false,false,,,,,,,34,26,2,0,0,,,,,0,,1,Regular,11,Timeout,,,,124,124,
2,17,12,Jerrold Brooks misses a 3-point jump shot from 24 feet out.,116269,,true,false,false,Jerrold,,Brooks,,SouMis,,34,26,2,0,1,,,,,3,3,45,Jump Shot,4,Field Goal Missed,24,-6.2,22.7,124,124,
2,17,12,Justin Drummond with a defensive rebound.,97902,,true,false,false,Justin,,Drummond,,Toledo,,34,26,2,0,1,,,,,7,,,,6,Defensive Rebound,,,,175,175,
2,16,59,Rian Pearson makes a jump shot from 6 feet out. Nathan Boothe with the assist.,89146,116379,true,true,false,Rian,Nathan,Pearson,Boothe,Toledo,Toledo,34,28,2,0,1,,,,,5,2,45,Jump Shot,3,Field Goal Made,6,5.5,3.5,175,175,
2,16,29,Shooting foul committed by Rian Pearson.,89146,,true,false,false,Rian,,Pearson,,Toledo,,34,28,3,0,2,,,,,5,,2,Shooting,8,Foul,,,,175,175,
2,16,29,Michael Craig misses free throw 1 of 2.,117762,,true,false,false,Michael,,Craig,,SouMis,,34,28,3,0,2,,,,,8,1,11,Free Throw 1 of 2,2,Free Throw Missed,,,,124,124,
2,16,29,SouMis with an offensive rebound.,,,false,false,false,,,,,,,34,28,3,0,0,,,,,0,,,,5,Offensive Rebound,,,,124,124,
2,16,29,Michael Craig misses free throw 2 of 2.,117762,,true,false,false,Michael,,Craig,,SouMis,,34,28,3,0,2,,,,,8,1,12,Free Throw 2 of 2,2,Free Throw Missed,,,,124,124,
2,16,29,J.D. Weatherspoon with a defensive rebound.,97513,,true,false,false,J.D.,,Weatherspoon,,Toledo,,34,28,3,0,1,,,,,1,,,,6,Defensive Rebound,,,,175,175,
2,16,22,Julius Brown makes a jump shot from 14 feet out.,109815,,true,false,false,Julius,,Brown,,Toledo,,34,30,3,0,0,,,,,11,2,45,Jump Shot,3,Field Goal Made,14,-4.7,12.7,175,175,
2,16,05,Jerrold Brooks makes a 3-point jump shot from 24 feet out.,116269,,true,false,false,Jerrold,,Brooks,,SouMis,,37,30,3,0,1,,,,,6,3,45,Jump Shot,3,Field Goal Made,24,16.8,16.6,124,124,
2,15,39,Justin Drummond makes a jump shot from 6 feet out.,97902,,true,false,false,Justin,,Drummond,,Toledo,,37,32,3,0,1,,,,,9,2,45,Jump Shot,3,Field Goal Made,6,-2.3,5.7,175,175,
2,15,39,Shooting foul committed by Jeremiah Eason.,122164,,true,false,false,Jeremiah,,Eason,,SouMis,,37,32,3,1,1,,,,,0,,2,Shooting,8,Foul,,,,124,124,
2,15,39,Official TV timeout.,,,false,false,false,,,,,,,37,32,3,1,0,,,,,0,,3,Official TV,11,Timeout,,,,124,124,
2,15,39,Justin Drummond makes free throw 1 of 1.,97902,,true,false,false,Justin,,Drummond,,Toledo,,37,33,3,1,1,,,,,10,1,10,Free Throw 1 of 1,1,Free Throw Made,,,,175,175,
2,15,16,Jerrold Brooks makes a 3-point jump shot from 22 feet out. Aaron Brown with the assist.,116269,97378,true,true,false,Jerrold,Aaron,Brooks,Brown,SouMis,SouMis,40,33,3,1,1,,,,,9,3,45,Jump Shot,3,Field Goal Made,22,-21.8,4.8,124,124,
2,14,59,Julius Brown misses a 3-point jump shot from 23 feet out.,109815,,true,false,false,Julius,,Brown,,Toledo,,40,33,3,1,0,,,,,11,3,45,Jump Shot,4,Field Goal Missed,23,-7.9,21.8,175,175,
2,14,59,Rian Pearson with an offensive rebound.,89146,,true,false,false,Rian,,Pearson,,Toledo,,40,33,3,1,2,,,,,5,,,,5,Offensive Rebound,,,,175,175,
2,14,54,Rian Pearson makes a 3-point jump shot from 24 feet out.,89146,,true,false,false,Rian,,Pearson,,Toledo,,40,36,3,1,2,,,,,8,3,45,Jump Shot,3,Field Goal Made,24,14,19.4,175,175,
2,14,26,Personal foul committed by Julius Brown.,109815,,true,false,false,Julius,,Brown,,Toledo,,40,36,4,1,1,,,,,11,,1,Personal,8,Foul,,,,175,175,
2,14,04,Jeremiah Eason misses a jump shot from 11 feet out.,122164,,true,false,false,Jeremiah,,Eason,,SouMis,,40,36,4,1,1,,,,,0,2,45,Jump Shot,4,Field Goal Missed,11,-1.9,10.7,124,124,
2,14,04,Rian Pearson with a defensive rebound.,89146,,true,false,false,Rian,,Pearson,,Toledo,,40,36,4,1,2,,,,,8,,,,6,Defensive Rebound,,,,175,175,
2,13,46,Rian Pearson makes a 3-point jump shot from 23 feet out. Nathan Boothe with the assist.,89146,116379,true,true,false,Rian,Nathan,Pearson,Boothe,Toledo,Toledo,40,39,4,1,2,,,,,11,3,45,Jump Shot,3,Field Goal Made,23,-19.2,13.3,175,175,
2,13,27,Neil Watson misses a 3-point jump shot from 22 feet out.,88463,,true,false,false,Neil,,Watson,,SouMis,,40,39,4,1,1,,,,,8,3,45,Jump Shot,4,Field Goal Missed,22,-21.8,5.1,124,124,
2,13,27,Justin Drummond with a defensive rebound.,97902,,true,false,false,Justin,,Drummond,,Toledo,,40,39,4,1,1,,,,,10,,,,6,Defensive Rebound,,,,175,175,
2,13,04,Rian Pearson misses a 3-point jump shot from 23 feet out.,89146,,true,false,false,Rian,,Pearson,,Toledo,,40,39,4,1,2,,,,,11,3,45,Jump Shot,4,Field Goal Missed,23,-20.8,9,175,175,
2,13,04,Chip Armelin with a defensive rebound.,100130,,true,false,false,Chip,,Armelin,,SouMis,,40,39,4,1,0,,,,,0,,,,6,Defensive Rebound,,,,124,124,
2,12,53,Chip Armelin with a lost ball turnover: Lost Ball,100130,,true,false,false,Chip,,Armelin,,SouMis,,40,39,4,1,0,,,,,0,,2,Lost Ball,7,Turnover,,,,124,124,
2,12,43,Rian Pearson makes a layup shot.,89146,,true,false,false,Rian,,Pearson,,Toledo,,40,41,4,1,2,,,,,13,2,40,Layup Shot,3,Field Goal Made,0,0,0,175,175,
2,12,27,Chip Armelin misses a 3-point jump shot from 24 feet out.,100130,,true,false,false,Chip,,Armelin,,SouMis,,40,41,4,1,0,,,,,0,3,45,Jump Shot,4,Field Goal Missed,24,-20.3,12.2,124,124,
2,12,27,Nathan Boothe with a defensive rebound.,116379,,true,false,false,Nathan,,Boothe,,Toledo,,40,41,4,1,2,,,,,6,,,,6,Defensive Rebound,,,,175,175,
2,12,05,Julius Brown misses a jump shot from 18 feet out.,109815,,true,false,false,Julius,,Brown,,Toledo,,40,41,4,1,1,,,,,11,2,45,Jump Shot,4,Field Goal Missed,18,11.6,14,175,175,
2,12,05,Chip Armelin with a defensive rebound.,100130,,true,false,false,Chip,,Armelin,,SouMis,,40,41,4,1,0,,,,,0,,,,6,Defensive Rebound,,,,124,124,
2,11,54,Deonte Houston misses a jump shot from 11 feet out.,122165,,true,false,false,Deonte,,Houston,,SouMis,,40,41,4,1,1,,,,,2,2,45,Jump Shot,4,Field Goal Missed,11,2.3,10.9,124,124,
2,11,54,J.D. Weatherspoon with a defensive rebound.,97513,,true,false,false,J.D.,,Weatherspoon,,Toledo,,40,41,4,1,1,,,,,1,,,,6,Defensive Rebound,,,,175,175,
2,11,41,Nathan Boothe makes a jump shot from 18 feet out. Julius Brown with the assist.,116379,109815,true,true,false,Nathan,Julius,Boothe,Brown,Toledo,Toledo,40,43,4,1,2,,,,,8,2,45,Jump Shot,3,Field Goal Made,18,11.6,13.5,175,175,
2,11,11,Official TV timeout.,,,false,false,false,,,,,,,40,43,4,1,0,,,,,0,,3,Official TV,11,Timeout,,,,124,124,
2,11,02,Shooting foul committed by J.D. Weatherspoon.,97513,,true,false,false,J.D.,,Weatherspoon,,Toledo,,40,43,5,1,2,,,,,1,,2,Shooting,8,Foul,,,,175,175,
2,11,02,Michael Craig makes free throw 1 of 2.,117762,,true,false,false,Michael,,Craig,,SouMis,,41,43,5,1,2,,,,,9,1,11,Free Throw 1 of 2,1,Free Throw Made,,,,124,124,
2,11,02,Michael Craig makes free throw 2 of 2.,117762,,true,false,false,Michael,,Craig,,SouMis,,42,43,5,1,2,,,,,10,1,12,Free Throw 2 of 2,1,Free Throw Made,,,,124,124,
2,10,28,J.D. Weatherspoon misses a 3-point jump shot from 26 feet out.,97513,,true,false,false,J.D.,,Weatherspoon,,Toledo,,42,43,5,1,2,,,,,1,3,45,Jump Shot,4,Field Goal Missed,26,18.8,18.1,175,175,
2,10,28,Michael Craig with a defensive rebound.,117762,,true,false,false,Michael,,Craig,,SouMis,,42,43,5,1,2,,,,,10,,,,6,Defensive Rebound,,,,124,124,
2,10,16,Personal foul committed by Jordan Lauf.,121542,,true,false,false,Jordan,,Lauf,,Toledo,,42,43,6,1,3,,,,,0,,1,Personal,8,Foul,,,,175,175,
2,10,04,Jerrold Brooks misses a jump shot from 19 feet out.,116269,,true,false,false,Jerrold,,Brooks,,SouMis,,42,43,6,1,1,,,,,9,2,45,Jump Shot,4,Field Goal Missed,19,-11.6,14.8,124,124,
2,10,04,Jordan Lauf with a defensive rebound.,121542,,true,false,false,Jordan,,Lauf,,Toledo,,42,43,6,1,3,,,,,0,,,,6,Defensive Rebound,,,,175,175,
2,9,49,Personal foul committed by Jerrold Brooks.,116269,,true,false,false,Jerrold,,Brooks,,SouMis,,42,43,6,2,2,,,,,9,,1,Personal,8,Foul,,,,124,124,
2,9,39,Julius Brown misses a 3-point jump shot from 23 feet out.,109815,,true,false,false,Julius,,Brown,,Toledo,,42,43,6,2,1,,,,,11,3,45,Jump Shot,4,Field Goal Missed,23,16.2,16.4,175,175,
2,9,39,Michael Craig with a defensive rebound.,117762,,true,false,false,Michael,,Craig,,SouMis,,42,43,6,2,2,,,,,10,,,,6,Defensive Rebound,,,,124,124,
2,9,33,Neil Watson makes a jump shot from 6 feet out. Michael Craig with the assist.,88463,117762,true,true,false,Neil,Michael,Watson,Craig,SouMis,SouMis,44,43,6,2,1,,,,,10,2,45,Jump Shot,3,Field Goal Made,6,-.3,5.7,124,124,
2,9,06,Julius Brown makes a layup shot.,109815,,true,false,false,Julius,,Brown,,Toledo,,44,45,6,2,1,,,,,13,2,40,Layup Shot,3,Field Goal Made,0,0,0,175,175,
2,8,45,Jerrold Brooks misses a 3-point jump shot from 22 feet out.,116269,,true,false,false,Jerrold,,Brooks,,SouMis,,44,45,6,2,2,,,,,9,3,45,Jump Shot,4,Field Goal Missed,22,22.1,2.4,124,124,
2,8,45,Toledo with a defensive rebound.,,,false,false,false,,,,,,,44,45,6,2,0,,,,,0,,,,6,Defensive Rebound,,,,175,175,
2,8,23,Jordan Lauf makes a jump shot from 21 feet out. Jonathan Williams with the assist.,121542,121540,true,true,false,Jordan,Jonathan,Lauf,Williams,Toledo,Toledo,44,47,6,2,3,,,,,2,2,45,Jump Shot,3,Field Goal Made,21,20.5,1.6,175,175,
2,8,01,Personal foul committed by Jordan Lauf.,121542,,true,false,false,Jordan,,Lauf,,Toledo,,44,47,7,2,4,,,,,2,,1,Personal,8,Foul,,,,175,175,
2,8,01,Aaron Brown makes free throw 1st of 1-and-1.,97378,,true,false,false,Aaron,,Brown,,SouMis,,45,47,7,2,1,,,,,4,1,8,Free Throw 1st of 1-and-1,1,Free Throw Made,,,,124,124,
2,8,01,Aaron Brown makes free throw 2nd of 1-and-1.,97378,,true,false,false,Aaron,,Brown,,SouMis,,46,47,7,2,1,,,,,5,1,9,Free Throw 2nd of 1-and-1,1,Free Throw Made,,,,124,124,
2,7,35,Justin Drummond misses a jump shot from 7 feet out.,97902,,true,false,false,Justin,,Drummond,,Toledo,,46,47,7,2,1,,,,,10,2,45,Jump Shot,4,Field Goal Missed,7,.1,6.8,175,175,
2,7,35,Matt Bingaya with a defensive rebound.,121233,,true,false,false,Matt,,Bingaya,,SouMis,,46,47,7,2,2,,,,,7,,,,6,Defensive Rebound,,,,124,124,
2,7,26,Official TV timeout.,,,false,false,false,,,,,,,46,47,7,2,0,,,,,0,,3,Official TV,11,Timeout,,,,124,124,
2,7,19,Daveon Boardingham makes a dunk shot. Michael Craig with the assist.,116268,117762,true,true,false,Daveon,Michael,Boardingham,Craig,SouMis,SouMis,48,47,7,2,1,,,,,5,2,48,Dunk Shot,3,Field Goal Made,0,0,0,124,124,
2,6,56,Jonathan Williams misses a 3-point jump shot from 23 feet out.,121540,,true,false,false,Jonathan,,Williams,,Toledo,,48,47,7,2,0,,,,,0,3,45,Jump Shot,4,Field Goal Missed,23,17.7,14.8,175,175,
2,6,56,Neil Watson with a defensive rebound.,88463,,true,false,false,Neil,,Watson,,SouMis,,48,47,7,2,1,,,,,10,,,,6,Defensive Rebound,,,,124,124,
2,6,47,Michael Craig with a lost ball turnover: Lost Ball,117762,,true,false,false,Michael,,Craig,,SouMis,,48,47,7,2,2,,,,,10,,2,Lost Ball,7,Turnover,,,,124,124,
2,6,34,Nathan Boothe misses a jump shot from 17 feet out.,116379,,true,false,false,Nathan,,Boothe,,Toledo,,48,47,7,2,2,,,,,8,2,45,Jump Shot,4,Field Goal Missed,17,-8.6,15.1,175,175,
2,6,34,Daveon Boardingham with a defensive rebound.,116268,,true,false,false,Daveon,,Boardingham,,SouMis,,48,47,7,2,1,,,,,5,,,,6,Defensive Rebound,,,,124,124,
2,6,27,Neil Watson misses a 3-point jump shot from 26 feet out.,88463,,true,false,false,Neil,,Watson,,SouMis,,48,47,7,2,1,,,,,10,3,45,Jump Shot,4,Field Goal Missed,26,-16.4,20.7,124,124,
2,6,27,Toledo with a defensive rebound.,,,false,false,false,,,,,,,48,47,7,2,0,,,,,0,,,,6,Defensive Rebound,,,,175,175,
2,6,15,Justin Drummond misses a 3-point jump shot from 23 feet out.,97902,,true,false,false,Justin,,Drummond,,Toledo,,48,47,7,2,1,,,,,10,3,45,Jump Shot,4,Field Goal Missed,23,22.7,1.4,175,175,
2,6,15,Michael Craig with a defensive rebound.,117762,,true,false,false,Michael,,Craig,,SouMis,,48,47,7,2,2,,,,,10,,,,6,Defensive Rebound,,,,124,124,
2,6,09,Neil Watson makes a layup shot.,88463,,true,false,false,Neil,,Watson,,SouMis,,50,47,7,2,1,,,,,12,2,40,Layup Shot,3,Field Goal Made,0,0,0,124,124,
2,5,43,Shooting foul committed by Daveon Boardingham.,116268,,true,false,false,Daveon,,Boardingham,,SouMis,,50,47,7,3,2,,,,,5,,2,Shooting,8,Foul,,,,124,124,
2,5,43,Julius Brown makes free throw 1 of 2.,109815,,true,false,false,Julius,,Brown,,Toledo,,50,48,7,3,1,,,,,14,1,11,Free Throw 1 of 2,1,Free Throw Made,,,,175,175,
2,5,43,Julius Brown makes free throw 2 of 2.,109815,,true,false,false,Julius,,Brown,,Toledo,,50,49,7,3,1,,,,,15,1,12,Free Throw 2 of 2,1,Free Throw Made,,,,175,175,
2,5,28,Jeremiah Eason makes a layup shot. Aaron Brown with the assist.,122164,97378,true,true,false,Jeremiah,Aaron,Eason,Brown,SouMis,SouMis,52,49,7,3,1,,,,,2,2,40,Layup Shot,3,Field Goal Made,0,0,0,124,124,
2,5,28,Shooting foul committed by Nathan Boothe.,116379,,true,false,false,Nathan,,Boothe,,Toledo,,52,49,8,3,3,,,,,8,,2,Shooting,8,Foul,,,,175,175,
2,5,28,Jeremiah Eason makes free throw 1 of 1.,122164,,true,false,false,Jeremiah,,Eason,,SouMis,,53,49,8,3,1,,,,,3,1,10,Free Throw 1 of 1,1,Free Throw Made,,,,124,124,
2,5,21,Julius Brown with a lost ball turnover: Lost Ball,109815,,true,false,false,Julius,,Brown,,Toledo,,53,49,8,3,1,,,,,15,,2,Lost Ball,7,Turnover,,,,175,175,
2,5,12,Personal foul committed by Jordan Lauf.,121542,,true,false,false,Jordan,,Lauf,,Toledo,,53,49,9,3,5,,,,,2,,1,Personal,8,Foul,,,,175,175,
2,5,12,Michael Craig makes free throw 1st of 1-and-1.,117762,,true,false,false,Michael,,Craig,,SouMis,,54,49,9,3,2,,,,,11,1,8,Free Throw 1st of 1-and-1,1,Free Throw Made,,,,124,124,
2,5,12,Michael Craig misses free throw 2nd of 1-and-1.,117762,,true,false,false,Michael,,Craig,,SouMis,,54,49,9,3,2,,,,,11,1,9,Free Throw 2nd of 1-and-1,2,Free Throw Missed,,,,124,124,
2,5,12,Justin Drummond with a defensive rebound.,97902,,true,false,false,Justin,,Drummond,,Toledo,,54,49,9,3,1,,,,,10,,,,6,Defensive Rebound,,,,175,175,
2,4,50,Shooting foul committed by Michael Craig.,117762,,true,false,false,Michael,,Craig,,SouMis,,54,49,9,4,3,,,,,11,,2,Shooting,8,Foul,,,,124,124,
2,4,50,Justin Drummond makes free throw 1 of 2.,97902,,true,false,false,Justin,,Drummond,,Toledo,,54,50,9,4,1,,,,,11,1,11,Free Throw 1 of 2,1,Free Throw Made,,,,175,175,
2,4,50,Justin Drummond makes free throw 2 of 2.,97902,,true,false,false,Justin,,Drummond,,Toledo,,54,51,9,4,1,,,,,12,1,12,Free Throw 2 of 2,1,Free Throw Made,,,,175,175,
2,4,31,Aaron Brown makes a 3-point jump shot from 22 feet out. Jerrold Brooks with the assist.,97378,116269,true,true,false,Aaron,Jerrold,Brown,Brooks,SouMis,SouMis,57,51,9,4,1,,,,,8,3,45,Jump Shot,3,Field Goal Made,22,-21.9,3.3,124,124,
2,4,16,Nathan Boothe misses a jump shot from 17 feet out.,116379,,true,false,false,Nathan,,Boothe,,Toledo,,57,51,9,4,3,,,,,8,2,45,Jump Shot,4,Field Goal Missed,17,4.5,16.1,175,175,
2,4,16,Aaron Brown with a defensive rebound.,97378,,true,false,false,Aaron,,Brown,,SouMis,,57,51,9,4,1,,,,,8,,,,6,Defensive Rebound,,,,124,124,
2,4,06,Daveon Boardingham misses a layup shot.,116268,,true,false,false,Daveon,,Boardingham,,SouMis,,57,51,9,4,2,,,,,5,2,40,Layup Shot,4,Field Goal Missed,0,0,0,124,124,
2,4,06,Nathan Boothe with a defensive rebound.,116379,,true,false,false,Nathan,,Boothe,,Toledo,,57,51,9,4,3,,,,,8,,,,6,Defensive Rebound,,,,175,175,
2,3,56,Nathan Boothe with a lost ball turnover: Lost Ball,116379,,true,false,false,Nathan,,Boothe,,Toledo,,57,51,9,4,3,,,,,8,,2,Lost Ball,7,Turnover,,,,175,175,
2,3,47,Michael Craig misses a layup shot.,117762,,true,false,false,Michael,,Craig,,SouMis,,57,51,9,4,3,,,,,11,2,40,Layup Shot,4,Field Goal Missed,0,0,0,124,124,
2,3,47,Michael Craig with an offensive rebound.,117762,,true,false,false,Michael,,Craig,,SouMis,,57,51,9,4,3,,,,,11,,,,5,Offensive Rebound,,,,124,124,
2,3,31,Michael Craig makes a tip shot from 3 feet out.,117762,,true,false,false,Michael,,Craig,,SouMis,,59,51,9,4,3,,,,,13,2,53,Tip Shot,3,Field Goal Made,3,-1.6,2.4,124,124,
2,3,25,Toledo take a 20-second timeout.,,,false,false,false,,,,,,,59,51,9,4,0,,,,,0,,2,Short,11,Timeout,,,,175,175,
2,3,17,Justin Drummond makes a dunk shot. Julius Brown with the assist.,97902,109815,true,true,false,Justin,Julius,Drummond,Brown,Toledo,Toledo,59,53,9,4,1,,,,,14,2,48,Dunk Shot,3,Field Goal Made,0,0,0,175,175,
2,2,53,Neil Watson misses a jump shot from 8 feet out.,88463,,true,false,false,Neil,,Watson,,SouMis,,59,53,9,4,1,,,,,12,2,45,Jump Shot,4,Field Goal Missed,8,.6,7.5,124,124,
2,2,53,Julius Brown with a defensive rebound.,109815,,true,false,false,Julius,,Brown,,Toledo,,59,53,9,4,1,,,,,15,,,,6,Defensive Rebound,,,,175,175,
2,2,41,Nathan Boothe makes a hook shot from 4 feet out. Jonathan Williams with the assist.,116379,121540,true,true,false,Nathan,Jonathan,Boothe,Williams,Toledo,Toledo,59,55,9,4,3,,,,,10,2,55,Hook Shot,3,Field Goal Made,4,0,4,175,175,
2,2,04,Jerrold Brooks misses a 3-point jump shot from 23 feet out.,116269,,true,false,false,Jerrold,,Brooks,,SouMis,,59,55,9,4,2,,,,,9,3,45,Jump Shot,4,Field Goal Missed,23,-18.4,13.7,124,124,
2,2,04,Jonathan Williams with a defensive rebound.,121540,,true,false,false,Jonathan,,Williams,,Toledo,,59,55,9,4,0,,,,,0,,,,6,Defensive Rebound,,,,175,175,
2,1,55,Justin Drummond misses a 3-point jump shot from 22 feet out.,97902,,true,false,false,Justin,,Drummond,,Toledo,,59,55,9,4,1,,,,,14,3,45,Jump Shot,4,Field Goal Missed,22,20.5,9,175,175,
2,1,55,Matt Bingaya with a defensive rebound.,121233,,true,false,false,Matt,,Bingaya,,SouMis,,59,55,9,4,2,,,,,7,,,,6,Defensive Rebound,,,,124,124,
2,1,46,SouMis take a 20-second timeout.,,,false,false,false,,,,,,,59,55,9,4,0,,,,,0,,2,Short,11,Timeout,,,,124,124,
2,1,34,Michael Craig makes a dunk shot. Neil Watson with the assist.,117762,88463,true,true,false,Michael,Neil,Craig,Watson,SouMis,SouMis,61,55,9,4,3,,,,,15,2,48,Dunk Shot,3,Field Goal Made,0,0,0,124,124,
2,1,17,Rian Pearson misses a 3-point jump shot from 23 feet out.,89146,,true,false,false,Rian,,Pearson,,Toledo,,61,55,9,4,2,,,,,13,3,45,Jump Shot,4,Field Goal Missed,23,14.9,18.1,175,175,
2,1,17,Michael Craig with a defensive rebound.,117762,,true,false,false,Michael,,Craig,,SouMis,,61,55,9,4,3,,,,,15,,,,6,Defensive Rebound,,,,124,124,
2,1,15,Personal foul committed by Justin Drummond.,97902,,true,false,false,Justin,,Drummond,,Toledo,,61,55,10,4,2,,,,,14,,1,Personal,8,Foul,,,,175,175,
2,1,15,Official TV timeout.,,,false,false,false,,,,,,,61,55,10,4,0,,,,,0,,3,Official TV,11,Timeout,,,,124,124,
2,1,15,Michael Craig misses free throw 1 of 2.,117762,,true,false,false,Michael,,Craig,,SouMis,,61,55,10,4,3,,,,,15,1,11,Free Throw 1 of 2,2,Free Throw Missed,,,,124,124,
2,1,15,SouMis with an offensive rebound.,,,false,false,false,,,,,,,61,55,10,4,0,,,,,0,,,,5,Offensive Rebound,,,,124,124,
2,1,15,Michael Craig makes free throw 2 of 2.,117762,,true,false,false,Michael,,Craig,,SouMis,,62,55,10,4,3,,,,,16,1,12,Free Throw 2 of 2,1,Free Throw Made,,,,124,124,
2,1,01,Julius Brown misses a 3-point jump shot from 26 feet out.,109815,,true,false,false,Julius,,Brown,,Toledo,,62,55,10,4,1,,,,,15,3,45,Jump Shot,4,Field Goal Missed,26,10.5,23.5,175,175,
2,1,01,SouMis with a defensive rebound.,,,false,false,false,,,,,,,62,55,10,4,0,,,,,0,,,,6,Defensive Rebound,,,,124,124,
2,0,55.3,SouMis take a 20-second timeout.,,,false,false,false,,,,,,,62,55,10,4,0,,,,,0,,2,Short,11,Timeout,,,,124,124,
2,0,54.5,Personal foul committed by Justin Drummond.,97902,,true,false,false,Justin,,Drummond,,Toledo,,62,55,11,4,3,,,,,14,,1,Personal,8,Foul,,,,175,175,
2,0,54.5,Jerrold Brooks makes free throw 1 of 2.,116269,,true,false,false,Jerrold,,Brooks,,SouMis,,63,55,11,4,2,,,,,10,1,11,Free Throw 1 of 2,1,Free Throw Made,,,,124,124,
2,0,54.5,Jerrold Brooks makes free throw 2 of 2.,116269,,true,false,false,Jerrold,,Brooks,,SouMis,,64,55,11,4,2,,,,,11,1,12,Free Throw 2 of 2,1,Free Throw Made,,,,124,124,
2,0,40.3,Julius Brown makes a jump shot from 11 feet out.,109815,,true,false,false,Julius,,Brown,,Toledo,,64,57,11,4,1,,,,,17,2,45,Jump Shot,3,Field Goal Made,11,3.8,9.9,175,175,
2,0,39.0,Toledo take a 20-second timeout.,,,false,false,false,,,,,,,64,57,11,4,0,,,,,0,,2,Short,11,Timeout,,,,175,175,
2,0,30.8,Personal foul committed by Justin Drummond.,97902,,true,false,false,Justin,,Drummond,,Toledo,,64,57,12,4,4,,,,,14,,1,Personal,8,Foul,,,,175,175,
2,0,30.8,Aaron Brown makes free throw 1 of 2.,97378,,true,false,false,Aaron,,Brown,,SouMis,,65,57,12,4,1,,,,,9,1,11,Free Throw 1 of 2,1,Free Throw Made,,,,124,124,
2,0,30.8,Aaron Brown makes free throw 2 of 2.,97378,,true,false,false,Aaron,,Brown,,SouMis,,66,57,12,4,1,,,,,10,1,12,Free Throw 2 of 2,1,Free Throw Made,,,,124,124,
2,0,18.6,Julius Brown makes a layup shot. Jonathan Williams with the assist.,109815,121540,true,true,false,Julius,Jonathan,Brown,Williams,Toledo,Toledo,66,59,12,4,1,,,,,19,2,40,Layup Shot,3,Field Goal Made,0,0,0,175,175,
2,0,16.7,Toledo take a 20-second timeout.,,,false,false,false,,,,,,,66,59,12,4,0,,,,,0,,2,Short,11,Timeout,,,,175,175,
2,0,13.6,Personal foul committed by Rian Pearson.,89146,,true,false,false,Rian,,Pearson,,Toledo,,66,59,13,4,3,,,,,13,,1,Personal,8,Foul,,,,175,175,
2,0,13.6,Neil Watson misses free throw 1 of 2.,88463,,true,false,false,Neil,,Watson,,SouMis,,66,59,13,4,1,,,,,12,1,11,Free Throw 1 of 2,2,Free Throw Missed,,,,124,124,
2,0,13.6,SouMis with an offensive rebound.,,,false,false,false,,,,,,,66,59,13,4,0,,,,,0,,,,5,Offensive Rebound,,,,124,124,
2,0,13.6,Neil Watson misses free throw 2 of 2.,88463,,true,false,false,Neil,,Watson,,SouMis,,66,59,13,4,1,,,,,12,1,12,Free Throw 2 of 2,2,Free Throw Missed,,,,124,124,
2,0,13.6,Nathan Boothe with a defensive rebound.,116379,,true,false,false,Nathan,,Boothe,,Toledo,,66,59,13,4,3,,,,,10,,,,6,Defensive Rebound,,,,175,175,
2,0,05.8,Nathan Boothe misses a 3-point jump shot from 24 feet out.,116379,,true,false,false,Nathan,,Boothe,,Toledo,,66,59,13,4,3,,,,,10,3,45,Jump Shot,4,Field Goal Missed,24,-.6,23.8,175,175,
2,0,05.8,Michael Craig with a defensive rebound.,117762,,true,false,false,Michael,,Craig,,SouMis,,66,59,13,4,3,,,,,16,,,,6,Defensive Rebound,,,,124,124,
2,0,00,End of the 2nd Half,,,false,false,false,,,,,,,66,59,13,4,0,,,,,0,,,,15,End Period,,,,124,124,
2,0,00,End of the Game,,,false,false,false,,,,,,,66,59,13,4,0,,,,,0,,,,19,Game Over,,,,124,124,
