half,time-minutes,time-seconds,details,player1-id,player2-id,player1-linkable,player2-linkable,player3-linkable,player-first-name-1,player-first-name-2,player-last-name-1,player-last-name-2,player-team-alias-1,player-team-alias-2,home-score,visitor-score,visitor-fouls,home-fouls,player-fouls,fastbreak,in-paint,second-chance,off-turnover,player-score,points-type,detail-id,detail-desc,event-id,event-desc,distance,x-coord,y-coord,team-id-1,team-id-2,team-id-3
1,20,00,Start of the 1st Half,,,false,false,false,,,,,,,0,0,0,0,0,,,,,0,,,,14,Start Period,,,,239,239,
1,19,55,R.J. Price misses a 3-point jump shot.,111815,,true,false,false,R.J.,,Price,,Rad,,0,0,0,0,0,,,,,0,3,45,Jump Shot,4,Field Goal Missed,,,,70,70,
1,19,24,Rashun Davis makes a layup shot.,116960,,true,false,false,Rashun,,Davis,,Rad,,0,2,0,0,0,,,,,2,2,40,Layup Shot,3,Field Goal Made,,,,70,70,
1,18,49,Rashun Davis misses a layup shot.,116960,,true,false,false,Rashun,,Davis,,Rad,,0,2,0,0,0,,,,,2,2,40,Layup Shot,4,Field Goal Missed,,,,70,70,
1,18,43,Angus Brandt misses a jump shot.,88859,,true,false,false,Angus,,Brandt,,OreSt,,0,2,0,0,0,,,,,0,2,45,Jump Shot,4,Field Goal Missed,,,,239,239,
1,18,34,Ya Ya Anderson makes a jump shot.,116961,,true,false,false,Ya Ya,,Anderson,,Rad,,0,4,0,0,0,,,,,2,2,45,Jump Shot,3,Field Goal Made,,,,70,70,
1,18,27,Angus Brandt makes a dunk shot.,88859,,true,false,false,Angus,,Brandt,,OreSt,,2,4,0,0,0,,,,,2,2,48,Dunk Shot,3,Field Goal Made,,,,239,239,
1,18,19,Javonte Green makes a layup shot.,111814,,true,false,false,Javonte,,Green,,Rad,,2,6,0,0,0,,,,,2,2,40,Layup Shot,3,Field Goal Made,,,,70,70,
1,18,13,Jarmal Reid misses a jump shot.,116614,,true,false,false,Jarmal,,Reid,,OreSt,,2,6,0,0,0,,,,,0,2,45,Jump Shot,4,Field Goal Missed,,,,239,239,
1,17,48,R.J. Price makes a jump shot.,111815,,true,false,false,R.J.,,Price,,Rad,,2,8,0,0,0,,,,,2,2,45,Jump Shot,3,Field Goal Made,,,,70,70,
1,17,07,Jarmal Reid misses a layup shot.,116614,,true,false,false,Jarmal,,Reid,,OreSt,,2,8,0,0,0,,,,,0,2,40,Layup Shot,4,Field Goal Missed,,,,239,239,
1,17,05,Ya Ya Anderson makes a 3-point jump shot.,116961,,true,false,false,Ya Ya,,Anderson,,Rad,,2,11,0,0,0,,,,,5,3,45,Jump Shot,3,Field Goal Made,,,,70,70,
1,17,00,OreSt take a 20-second timeout.,,,false,false,false,,,,,,,2,11,0,0,0,,,,,0,,2,Short,11,Timeout,,,,239,239,
1,16,34,Eric Moreland makes a layup shot.,97647,,true,false,false,Eric,,Moreland,,OreSt,,4,11,0,0,0,,,,,2,2,40,Layup Shot,3,Field Goal Made,,,,239,239,
1,16,27,R.J. Price makes a 3-point jump shot.,111815,,true,false,false,R.J.,,Price,,Rad,,4,14,0,0,0,,,,,5,3,45,Jump Shot,3,Field Goal Made,,,,70,70,
1,16,07,Shooting foul committed by Kion Brown.,116958,,true,false,false,Kion,,Brown,,Rad,,4,14,1,0,1,,,,,0,,2,Shooting,8,Foul,,,,70,70,
1,16,07,Roberto Nelson misses free throw 1 of 2.,88863,,true,false,false,Roberto,,Nelson,,OreSt,,4,14,1,0,0,,,,,0,1,11,Free Throw 1 of 2,2,Free Throw Missed,,,,239,239,
1,16,07,Roberto Nelson makes free throw 2 of 2.,88863,,true,false,false,Roberto,,Nelson,,OreSt,,5,14,1,0,0,,,,,1,1,12,Free Throw 2 of 2,1,Free Throw Made,,,,239,239,
1,15,59,Official's timeout.,,,false,false,false,,,,,,,5,14,1,0,0,,,,,0,,4,Official,11,Timeout,,,,239,239,
1,15,51,Hallice Cooke makes a jump shot.,120684,,true,false,false,Hallice,,Cooke,,OreSt,,7,14,1,0,0,,,,,2,2,45,Jump Shot,3,Field Goal Made,,,,239,239,
1,15,39,Kion Brown makes a jump shot.,116958,,true,false,false,Kion,,Brown,,Rad,,7,16,1,0,1,,,,,2,2,45,Jump Shot,3,Field Goal Made,,,,70,70,
1,15,29,Angus Brandt makes a layup shot.,88859,,true,false,false,Angus,,Brandt,,OreSt,,9,16,1,0,0,,,,,4,2,40,Layup Shot,3,Field Goal Made,,,,239,239,
1,15,20,Rashun Davis makes a layup shot.,116960,,true,false,false,Rashun,,Davis,,Rad,,9,18,1,0,0,,,,,4,2,40,Layup Shot,3,Field Goal Made,,,,70,70,
1,14,33,Langston Morris-Walker misses a 3-point jump shot.,116613,,true,false,false,Langston,,Morris-Walker,,OreSt,,9,18,1,0,0,,,,,0,3,45,Jump Shot,4,Field Goal Missed,,,,239,239,
1,14,30,Javonte Green makes a dunk shot.,111814,,true,false,false,Javonte,,Green,,Rad,,9,20,1,0,0,,,,,4,2,48,Dunk Shot,3,Field Goal Made,,,,70,70,
1,14,24,Roberto Nelson misses a layup shot.,88863,,true,false,false,Roberto,,Nelson,,OreSt,,9,20,1,0,0,,,,,1,2,40,Layup Shot,4,Field Goal Missed,,,,239,239,
1,14,20,Eric Moreland makes a jump shot.,97647,,true,false,false,Eric,,Moreland,,OreSt,,11,20,1,0,0,,,,,4,2,45,Jump Shot,3,Field Goal Made,,,,239,239,
1,14,14,Javonte Green makes a jump shot.,111814,,true,false,false,Javonte,,Green,,Rad,,11,22,1,0,0,,,,,6,2,45,Jump Shot,3,Field Goal Made,,,,70,70,
1,13,56,Personal foul committed by Kyle Noreen.,111818,,true,false,false,Kyle,,Noreen,,Rad,,11,22,2,0,1,,,,,0,,1,Personal,8,Foul,,,,70,70,
1,13,53,Angus Brandt makes a jump shot.,88859,,true,false,false,Angus,,Brandt,,OreSt,,13,22,2,0,0,,,,,6,2,45,Jump Shot,3,Field Goal Made,,,,239,239,
1,13,46,Javonte Green makes a jump shot.,111814,,true,false,false,Javonte,,Green,,Rad,,13,24,2,0,0,,,,,8,2,45,Jump Shot,3,Field Goal Made,,,,70,70,
1,13,39,Angus Brandt misses a jump shot.,88859,,true,false,false,Angus,,Brandt,,OreSt,,13,24,2,0,0,,,,,6,2,45,Jump Shot,4,Field Goal Missed,,,,239,239,
1,13,31,Hallice Cooke makes a 3-point jump shot.,120684,,true,false,false,Hallice,,Cooke,,OreSt,,16,24,2,0,0,,,,,5,3,45,Jump Shot,3,Field Goal Made,,,,239,239,
1,12,54,Hallice Cooke misses a 3-point jump shot.,120684,,true,false,false,Hallice,,Cooke,,OreSt,,16,24,2,0,0,,,,,5,3,45,Jump Shot,4,Field Goal Missed,,,,239,239,
1,12,53,Angus Brandt misses a layup shot.,88859,,true,false,false,Angus,,Brandt,,OreSt,,16,24,2,0,0,,,,,6,2,40,Layup Shot,4,Field Goal Missed,,,,239,239,
1,12,50,Angus Brandt makes a layup shot.,88859,,true,false,false,Angus,,Brandt,,OreSt,,18,24,2,0,0,,,,,8,2,40,Layup Shot,3,Field Goal Made,,,,239,239,
1,12,15,Personal foul committed by Roberto Nelson.,88863,,true,false,false,Roberto,,Nelson,,OreSt,,18,24,2,1,1,,,,,1,,1,Personal,8,Foul,,,,239,239,
1,12,08,Ya Ya Anderson makes a 3-point jump shot.,116961,,true,false,false,Ya Ya,,Anderson,,Rad,,18,27,2,1,0,,,,,8,3,45,Jump Shot,3,Field Goal Made,,,,70,70,
1,12,02,Eric Moreland makes a dunk shot.,97647,,true,false,false,Eric,,Moreland,,OreSt,,20,27,2,1,0,,,,,6,2,48,Dunk Shot,3,Field Goal Made,,,,239,239,
1,11,40,R.J. Price misses a 3-point jump shot.,111815,,true,false,false,R.J.,,Price,,Rad,,20,27,2,1,0,,,,,5,3,45,Jump Shot,4,Field Goal Missed,,,,70,70,
1,11,31,Javonte Green makes a dunk shot.,111814,,true,false,false,Javonte,,Green,,Rad,,20,29,2,1,0,,,,,10,2,48,Dunk Shot,3,Field Goal Made,,,,70,70,
1,11,14,Hallice Cooke misses a 3-point jump shot.,120684,,true,false,false,Hallice,,Cooke,,OreSt,,20,29,2,1,0,,,,,5,3,45,Jump Shot,4,Field Goal Missed,,,,239,239,
1,11,02,Ya Ya Anderson makes a 3-point jump shot.,116961,,true,false,false,Ya Ya,,Anderson,,Rad,,20,32,2,1,0,,,,,11,3,45,Jump Shot,3,Field Goal Made,,,,70,70,
1,10,21,Hallice Cooke makes a jump shot.,120684,,true,false,false,Hallice,,Cooke,,OreSt,,22,32,2,1,0,,,,,7,2,45,Jump Shot,3,Field Goal Made,,,,239,239,
1,10,14,R.J. Price makes a 3-point jump shot.,111815,,true,false,false,R.J.,,Price,,Rad,,22,35,2,1,0,,,,,8,3,45,Jump Shot,3,Field Goal Made,,,,70,70,
1,9,56,Hallice Cooke makes a jump shot.,120684,,true,false,false,Hallice,,Cooke,,OreSt,,24,35,2,1,0,,,,,9,2,45,Jump Shot,3,Field Goal Made,,,,239,239,
1,9,43,Ya Ya Anderson makes a 3-point jump shot.,116961,,true,false,false,Ya Ya,,Anderson,,Rad,,24,38,2,1,0,,,,,14,3,45,Jump Shot,3,Field Goal Made,,,,70,70,
1,9,34,OreSt take a 20-second timeout.,,,false,false,false,,,,,,,24,38,2,1,0,,,,,0,,2,Short,11,Timeout,,,,239,239,
1,9,16,Personal foul committed by Kion Brown.,116958,,true,false,false,Kion,,Brown,,Rad,,24,38,3,1,2,,,,,2,,1,Personal,8,Foul,,,,70,70,
1,9,16,Official's timeout.,,,false,false,false,,,,,,,24,38,3,1,0,,,,,0,,4,Official,11,Timeout,,,,239,239,
1,9,03,Langston Morris-Walker misses a jump shot.,116613,,true,false,false,Langston,,Morris-Walker,,OreSt,,24,38,3,1,0,,,,,0,2,45,Jump Shot,4,Field Goal Missed,,,,239,239,
1,8,50,Ya Ya Anderson misses a 3-point jump shot.,116961,,true,false,false,Ya Ya,,Anderson,,Rad,,24,38,3,1,0,,,,,14,3,45,Jump Shot,4,Field Goal Missed,,,,70,70,
1,8,38,R.J. Price misses a 3-point jump shot.,111815,,true,false,false,R.J.,,Price,,Rad,,24,38,3,1,0,,,,,8,3,45,Jump Shot,4,Field Goal Missed,,,,70,70,
1,8,10,Roberto Nelson makes a layup shot.,88863,,true,false,false,Roberto,,Nelson,,OreSt,,26,38,3,1,1,,,,,3,2,40,Layup Shot,3,Field Goal Made,,,,239,239,
1,8,03,R.J. Price makes a layup shot.,111815,,true,false,false,R.J.,,Price,,Rad,,26,40,3,1,0,,,,,10,2,40,Layup Shot,3,Field Goal Made,,,,70,70,
1,7,57,Angus Brandt misses a layup shot.,88859,,true,false,false,Angus,,Brandt,,OreSt,,26,40,3,1,0,,,,,8,2,40,Layup Shot,4,Field Goal Missed,,,,239,239,
1,7,49,Jalen Carethers misses a jump shot.,111817,,true,false,false,Jalen,,Carethers,,Rad,,26,40,3,1,0,,,,,0,2,45,Jump Shot,4,Field Goal Missed,,,,70,70,
1,7,43,Angus Brandt makes a jump shot.,88859,,true,false,false,Angus,,Brandt,,OreSt,,28,40,3,1,0,,,,,10,2,45,Jump Shot,3,Field Goal Made,,,,239,239,
1,7,29,Shooting foul committed by Jalen Carethers.,111817,,true,false,false,Jalen,,Carethers,,Rad,,28,40,4,1,1,,,,,0,,2,Shooting,8,Foul,,,,70,70,
1,7,29,Official's timeout.,,,false,false,false,,,,,,,28,40,4,1,0,,,,,0,,4,Official,11,Timeout,,,,239,239,
1,7,29,Angus Brandt makes free throw 1 of 1.,88859,,true,false,false,Angus,,Brandt,,OreSt,,29,40,4,1,0,,,,,11,1,10,Free Throw 1 of 1,1,Free Throw Made,,,,239,239,
1,7,27,Javonte Green misses a jump shot.,111814,,true,false,false,Javonte,,Green,,Rad,,29,40,4,1,0,,,,,10,2,45,Jump Shot,4,Field Goal Missed,,,,70,70,
1,7,06,Personal foul committed by Javonte Green.,111814,,true,false,false,Javonte,,Green,,Rad,,29,40,5,1,1,,,,,10,,1,Personal,8,Foul,,,,70,70,
1,6,49,Eric Moreland makes a layup shot.,97647,,true,false,false,Eric,,Moreland,,OreSt,,31,40,5,1,0,,,,,8,2,40,Layup Shot,3,Field Goal Made,,,,239,239,
1,6,41,Rashun Davis makes a layup shot.,116960,,true,false,false,Rashun,,Davis,,Rad,,31,42,5,1,0,,,,,6,2,40,Layup Shot,3,Field Goal Made,,,,70,70,
1,6,21,Malcolm Duvivier misses a 3-point jump shot.,120685,,true,false,false,Malcolm,,Duvivier,,OreSt,,31,42,5,1,0,,,,,0,3,45,Jump Shot,4,Field Goal Missed,,,,239,239,
1,6,14,Javonte Green makes a layup shot.,111814,,true,false,false,Javonte,,Green,,Rad,,31,44,5,1,1,,,,,12,2,40,Layup Shot,3,Field Goal Made,,,,70,70,
1,5,56,Roberto Nelson makes a jump shot.,88863,,true,false,false,Roberto,,Nelson,,OreSt,,33,44,5,1,1,,,,,5,2,45,Jump Shot,3,Field Goal Made,,,,239,239,
1,5,40,R.J. Price misses a 3-point jump shot.,111815,,true,false,false,R.J.,,Price,,Rad,,33,44,5,1,0,,,,,10,3,45,Jump Shot,4,Field Goal Missed,,,,70,70,
1,5,01,Kyle Noreen makes a 3-point jump shot.,111818,,true,false,false,Kyle,,Noreen,,Rad,,33,47,5,1,1,,,,,3,3,45,Jump Shot,3,Field Goal Made,,,,70,70,
1,4,32,Ya Ya Anderson misses a 3-point jump shot.,116961,,true,false,false,Ya Ya,,Anderson,,Rad,,33,47,5,1,0,,,,,14,3,45,Jump Shot,4,Field Goal Missed,,,,70,70,
1,4,27,Javonte Green misses a layup shot.,111814,,true,false,false,Javonte,,Green,,Rad,,33,47,5,1,1,,,,,12,2,40,Layup Shot,4,Field Goal Missed,,,,70,70,
1,4,06,Eric Moreland makes a layup shot.,97647,,true,false,false,Eric,,Moreland,,OreSt,,35,47,5,1,0,,,,,10,2,40,Layup Shot,3,Field Goal Made,,,,239,239,
1,3,56,Javonte Green makes a 3-point jump shot.,111814,,true,false,false,Javonte,,Green,,Rad,,35,50,5,1,1,,,,,15,3,45,Jump Shot,3,Field Goal Made,,,,70,70,
1,3,34,Malcolm Duvivier misses a jump shot.,120685,,true,false,false,Malcolm,,Duvivier,,OreSt,,35,50,5,1,0,,,,,0,2,45,Jump Shot,4,Field Goal Missed,,,,239,239,
1,3,31,Eric Moreland makes a dunk shot.,97647,,true,false,false,Eric,,Moreland,,OreSt,,37,50,5,1,0,,,,,12,2,48,Dunk Shot,3,Field Goal Made,,,,239,239,
1,3,19,Brandon Holcomb misses a layup shot.,111819,,true,false,false,Brandon,,Holcomb,,Rad,,37,50,5,1,0,,,,,0,2,40,Layup Shot,4,Field Goal Missed,,,,70,70,
1,3,00,Shooting foul committed by Eric Moreland.,97647,,true,false,false,Eric,,Moreland,,OreSt,,37,50,5,2,1,,,,,12,,2,Shooting,8,Foul,,,,239,239,
1,3,00,Official's timeout.,,,false,false,false,,,,,,,37,50,5,2,0,,,,,0,,4,Official,11,Timeout,,,,239,239,
1,2,56,Jalen Carethers makes a jump shot.,111817,,true,false,false,Jalen,,Carethers,,Rad,,37,52,5,2,1,,,,,2,2,45,Jump Shot,3,Field Goal Made,,,,70,70,
1,2,07,Malcolm Duvivier makes a layup shot.,120685,,true,false,false,Malcolm,,Duvivier,,OreSt,,39,52,5,2,0,,,,,2,2,40,Layup Shot,3,Field Goal Made,,,,239,239,
1,1,45,Jalen Carethers makes a layup shot.,111817,,true,false,false,Jalen,,Carethers,,Rad,,39,54,5,2,1,,,,,4,2,40,Layup Shot,3,Field Goal Made,,,,70,70,
1,1,37,Roberto Nelson makes a 3-point jump shot.,88863,,true,false,false,Roberto,,Nelson,,OreSt,,42,54,5,2,1,,,,,8,3,45,Jump Shot,3,Field Goal Made,,,,239,239,
1,1,10,Personal foul committed by Challe Barton.,110610,,true,false,false,Challe,,Barton,,OreSt,,42,54,5,3,1,,,,,0,,1,Personal,8,Foul,,,,239,239,
1,0,58.1,Angus Brandt makes a layup shot.,88859,,true,false,false,Angus,,Brandt,,OreSt,,44,54,5,3,0,,,,,13,2,40,Layup Shot,3,Field Goal Made,,,,239,239,
1,0,58.1,Shooting foul committed by Jalen Carethers.,111817,,true,false,false,Jalen,,Carethers,,Rad,,44,54,6,3,2,,,,,4,,2,Shooting,8,Foul,,,,70,70,
1,0,58.1,Technical foul committed by Roberto Nelson.,88863,,true,false,false,Roberto,,Nelson,,OreSt,,44,54,6,4,2,,,,,8,,11,Technical,8,Foul,,,,239,239,
1,0,58.1,Technical foul committed by Jalen Carethers.,111817,,true,false,false,Jalen,,Carethers,,Rad,,44,54,7,4,3,,,,,4,,11,Technical,8,Foul,,,,70,70,
1,0,58.1,Personal foul committed by Jalen Carethers.,111817,,true,false,false,Jalen,,Carethers,,Rad,,44,54,8,4,4,,,,,4,,1,Personal,8,Foul,,,,70,70,
1,0,58.1,Personal foul committed by Roberto Nelson.,88863,,true,false,false,Roberto,,Nelson,,OreSt,,44,54,8,5,3,,,,,8,,1,Personal,8,Foul,,,,239,239,
1,0,58.1,Angus Brandt makes free throw 1 of 1.,88859,,true,false,false,Angus,,Brandt,,OreSt,,45,54,8,5,0,,,,,14,1,10,Free Throw 1 of 1,1,Free Throw Made,,,,239,239,
1,0,52.0,Ya Ya Anderson makes a 3-point jump shot.,116961,,true,false,false,Ya Ya,,Anderson,,Rad,,45,57,8,5,0,,,,,17,3,45,Jump Shot,3,Field Goal Made,,,,70,70,
1,0,41.7,Malcolm Duvivier misses a 3-point jump shot.,120685,,true,false,false,Malcolm,,Duvivier,,OreSt,,45,57,8,5,0,,,,,2,3,45,Jump Shot,4,Field Goal Missed,,,,239,239,
1,0,00,End of the 1st Half,,,false,false,false,,,,,,,45,57,8,5,0,,,,,0,,,,15,End Period,,,,239,239,
2,20,00,Start of the 2nd Half,,,false,false,false,,,,,,,45,57,0,0,0,,,,,0,,,,14,Start Period,,,,239,239,
2,19,41,R.J. Price makes a jump shot.,111815,,true,false,false,R.J.,,Price,,Rad,,45,59,0,0,0,,,,,12,2,45,Jump Shot,3,Field Goal Made,,,,70,70,
2,19,33,Hallice Cooke makes a jump shot.,120684,,true,false,false,Hallice,,Cooke,,OreSt,,47,59,0,0,0,,,,,11,2,45,Jump Shot,3,Field Goal Made,,,,239,239,
2,19,03,Rashun Davis misses a 3-point jump shot.,116960,,true,false,false,Rashun,,Davis,,Rad,,47,59,0,0,0,,,,,6,3,45,Jump Shot,4,Field Goal Missed,,,,70,70,
2,18,29,Shooting foul committed by Ya Ya Anderson.,116961,,true,false,false,Ya Ya,,Anderson,,Rad,,47,59,1,0,1,,,,,17,,2,Shooting,8,Foul,,,,70,70,
2,18,29,Eric Moreland makes free throw 1 of 2.,97647,,true,false,false,Eric,,Moreland,,OreSt,,48,59,1,0,1,,,,,13,1,11,Free Throw 1 of 2,1,Free Throw Made,,,,239,239,
2,18,29,Eric Moreland makes free throw 2 of 2.,97647,,true,false,false,Eric,,Moreland,,OreSt,,49,59,1,0,1,,,,,14,1,12,Free Throw 2 of 2,1,Free Throw Made,,,,239,239,
2,18,20,Kion Brown misses a layup shot.,116958,,true,false,false,Kion,,Brown,,Rad,,49,59,1,0,2,,,,,2,2,40,Layup Shot,4,Field Goal Missed,,,,70,70,
2,17,40,Eric Moreland makes a layup shot.,97647,,true,false,false,Eric,,Moreland,,OreSt,,51,59,1,0,1,,,,,16,2,40,Layup Shot,3,Field Goal Made,,,,239,239,
2,17,23,Rashun Davis misses a layup shot.,116960,,true,false,false,Rashun,,Davis,,Rad,,51,59,1,0,0,,,,,6,2,40,Layup Shot,4,Field Goal Missed,,,,70,70,
2,16,34,R.J. Price makes a layup shot.,111815,,true,false,false,R.J.,,Price,,Rad,,51,61,1,0,0,,,,,14,2,40,Layup Shot,3,Field Goal Made,,,,70,70,
2,16,30,Roberto Nelson makes a 3-point jump shot.,88863,,true,false,false,Roberto,,Nelson,,OreSt,,54,61,1,0,3,,,,,11,3,45,Jump Shot,3,Field Goal Made,,,,239,239,
2,16,13,Roberto Nelson makes a layup shot.,88863,,true,false,false,Roberto,,Nelson,,OreSt,,56,61,1,0,3,,,,,13,2,40,Layup Shot,3,Field Goal Made,,,,239,239,
2,16,13,Shooting foul committed by Kyle Noreen.,111818,,true,false,false,Kyle,,Noreen,,Rad,,56,61,2,0,2,,,,,3,,2,Shooting,8,Foul,,,,70,70,
2,16,13,Roberto Nelson makes free throw 1 of 1.,88863,,true,false,false,Roberto,,Nelson,,OreSt,,57,61,2,0,3,,,,,14,1,10,Free Throw 1 of 1,1,Free Throw Made,,,,239,239,
2,15,58,Personal foul committed by Eric Moreland.,97647,,true,false,false,Eric,,Moreland,,OreSt,,57,61,2,1,2,,,,,16,,1,Personal,8,Foul,,,,239,239,
2,15,58,Official's timeout.,,,false,false,false,,,,,,,57,61,2,1,0,,,,,0,,4,Official,11,Timeout,,,,239,239,
2,15,52,Javonte Green makes a jump shot.,111814,,true,false,false,Javonte,,Green,,Rad,,57,63,2,1,1,,,,,17,2,45,Jump Shot,3,Field Goal Made,,,,70,70,
2,15,40,Personal foul committed by Kion Brown.,116958,,true,false,false,Kion,,Brown,,Rad,,57,63,3,1,3,,,,,2,,1,Personal,8,Foul,,,,70,70,
2,15,32,Roberto Nelson misses a 3-point jump shot.,88863,,true,false,false,Roberto,,Nelson,,OreSt,,57,63,3,1,3,,,,,14,3,45,Jump Shot,4,Field Goal Missed,,,,239,239,
2,15,26,Rashun Davis misses a layup shot.,116960,,true,false,false,Rashun,,Davis,,Rad,,57,63,3,1,0,,,,,6,2,40,Layup Shot,4,Field Goal Missed,,,,70,70,
2,15,14,Personal foul committed by Roberto Nelson.,88863,,true,false,false,Roberto,,Nelson,,OreSt,,57,63,3,2,4,,,,,14,,1,Personal,8,Foul,,,,239,239,
2,15,13,Ya Ya Anderson makes a 3-point jump shot.,116961,,true,false,false,Ya Ya,,Anderson,,Rad,,57,66,3,2,1,,,,,20,3,45,Jump Shot,3,Field Goal Made,,,,70,70,
2,14,55,Angus Brandt misses a layup shot.,88859,,true,false,false,Angus,,Brandt,,OreSt,,57,66,3,2,0,,,,,14,2,40,Layup Shot,4,Field Goal Missed,,,,239,239,
2,14,49,Personal foul committed by Brandon Holcomb.,111819,,true,false,false,Brandon,,Holcomb,,Rad,,57,66,4,2,1,,,,,0,,1,Personal,8,Foul,,,,70,70,
2,14,47,Ya Ya Anderson makes a 3-point jump shot.,116961,,true,false,false,Ya Ya,,Anderson,,Rad,,57,69,4,2,1,,,,,23,3,45,Jump Shot,3,Field Goal Made,,,,70,70,
2,14,28,Shooting foul committed by Brandon Holcomb.,111819,,true,false,false,Brandon,,Holcomb,,Rad,,57,69,5,2,2,,,,,0,,2,Shooting,8,Foul,,,,70,70,
2,14,28,Eric Moreland makes free throw 1 of 2.,97647,,true,false,false,Eric,,Moreland,,OreSt,,58,69,5,2,2,,,,,17,1,11,Free Throw 1 of 2,1,Free Throw Made,,,,239,239,
2,14,28,Eric Moreland misses free throw 2 of 2.,97647,,true,false,false,Eric,,Moreland,,OreSt,,58,69,5,2,2,,,,,17,1,12,Free Throw 2 of 2,2,Free Throw Missed,,,,239,239,
2,14,26,Jalen Carethers misses a jump shot.,111817,,true,false,false,Jalen,,Carethers,,Rad,,58,69,5,2,4,,,,,4,2,45,Jump Shot,4,Field Goal Missed,,,,70,70,
2,14,25,R.J. Price misses a 3-point jump shot.,111815,,true,false,false,R.J.,,Price,,Rad,,58,69,5,2,0,,,,,14,3,45,Jump Shot,4,Field Goal Missed,,,,70,70,
2,13,52,Offensive foul committed by Malcolm Duvivier.,120685,,true,false,false,Malcolm,,Duvivier,,OreSt,,58,69,5,3,1,,,,,2,,4,Offensive,8,Foul,,,,239,239,
2,13,36,R.J. Price misses a layup shot.,111815,,true,false,false,R.J.,,Price,,Rad,,58,69,5,3,0,,,,,14,2,40,Layup Shot,4,Field Goal Missed,,,,70,70,
2,13,19,Personal foul committed by R.J. Price.,111815,,true,false,false,R.J.,,Price,,Rad,,58,69,6,3,1,,,,,14,,1,Personal,8,Foul,,,,70,70,
2,13,12,Hallice Cooke makes a 3-point jump shot.,120684,,true,false,false,Hallice,,Cooke,,OreSt,,61,69,6,3,0,,,,,14,3,45,Jump Shot,3,Field Goal Made,,,,239,239,
2,13,04,Jalen Carethers makes a jump shot.,111817,,true,false,false,Jalen,,Carethers,,Rad,,61,71,6,3,4,,,,,6,2,45,Jump Shot,3,Field Goal Made,,,,70,70,
2,12,59,Roberto Nelson makes a layup shot.,88863,,true,false,false,Roberto,,Nelson,,OreSt,,63,71,6,3,4,,,,,16,2,40,Layup Shot,3,Field Goal Made,,,,239,239,
2,12,52,Brandon Holcomb misses a layup shot.,111819,,true,false,false,Brandon,,Holcomb,,Rad,,63,71,6,3,2,,,,,0,2,40,Layup Shot,4,Field Goal Missed,,,,70,70,
2,12,44,R.J. Price makes a 3-point jump shot.,111815,,true,false,false,R.J.,,Price,,Rad,,63,74,6,3,1,,,,,17,3,45,Jump Shot,3,Field Goal Made,,,,70,70,
2,12,38,Angus Brandt misses a layup shot.,88859,,true,false,false,Angus,,Brandt,,OreSt,,63,74,6,3,0,,,,,14,2,40,Layup Shot,4,Field Goal Missed,,,,239,239,
2,12,29,Angus Brandt misses a layup shot.,88859,,true,false,false,Angus,,Brandt,,OreSt,,63,74,6,3,0,,,,,14,2,40,Layup Shot,4,Field Goal Missed,,,,239,239,
2,11,43,Shooting foul committed by Allen Dickerson.,97978,,true,false,false,Allen,,Dickerson,,Rad,,63,74,7,3,1,,,,,0,,2,Shooting,8,Foul,,,,70,70,
2,11,43,Official's timeout.,,,false,false,false,,,,,,,63,74,7,3,0,,,,,0,,4,Official,11,Timeout,,,,239,239,
2,11,43,Eric Moreland makes free throw 1 of 2.,97647,,true,false,false,Eric,,Moreland,,OreSt,,64,74,7,3,2,,,,,18,1,11,Free Throw 1 of 2,1,Free Throw Made,,,,239,239,
2,11,43,Eric Moreland misses free throw 2 of 2.,97647,,true,false,false,Eric,,Moreland,,OreSt,,64,74,7,3,2,,,,,18,1,12,Free Throw 2 of 2,2,Free Throw Missed,,,,239,239,
2,11,37,Javonte Green misses a layup shot.,111814,,true,false,false,Javonte,,Green,,Rad,,64,74,7,3,1,,,,,17,2,40,Layup Shot,4,Field Goal Missed,,,,70,70,
2,11,22,R.J. Price misses a 3-point jump shot.,111815,,true,false,false,R.J.,,Price,,Rad,,64,74,7,3,1,,,,,17,3,45,Jump Shot,4,Field Goal Missed,,,,70,70,
2,11,17,Javonte Green makes a dunk shot.,111814,,true,false,false,Javonte,,Green,,Rad,,64,76,7,3,1,,,,,19,2,48,Dunk Shot,3,Field Goal Made,,,,70,70,
2,10,53,Shooting foul committed by Javonte Green.,111814,,true,false,false,Javonte,,Green,,Rad,,64,76,8,3,2,,,,,19,,2,Shooting,8,Foul,,,,70,70,
2,10,53,Eric Moreland makes free throw 1 of 2.,97647,,true,false,false,Eric,,Moreland,,OreSt,,65,76,8,3,2,,,,,19,1,11,Free Throw 1 of 2,1,Free Throw Made,,,,239,239,
2,10,53,Eric Moreland makes free throw 2 of 2.,97647,,true,false,false,Eric,,Moreland,,OreSt,,66,76,8,3,2,,,,,20,1,12,Free Throw 2 of 2,1,Free Throw Made,,,,239,239,
2,10,46,Ya Ya Anderson misses a 3-point jump shot.,116961,,true,false,false,Ya Ya,,Anderson,,Rad,,66,76,8,3,1,,,,,23,3,45,Jump Shot,4,Field Goal Missed,,,,70,70,
2,10,43,Eric Moreland makes a jump shot.,97647,,true,false,false,Eric,,Moreland,,OreSt,,68,76,8,3,2,,,,,22,2,45,Jump Shot,3,Field Goal Made,,,,239,239,
2,10,34,R.J. Price misses a jump shot.,111815,,true,false,false,R.J.,,Price,,Rad,,68,76,8,3,1,,,,,17,2,45,Jump Shot,4,Field Goal Missed,,,,70,70,
2,10,31,Roberto Nelson misses a jump shot.,88863,,true,false,false,Roberto,,Nelson,,OreSt,,68,76,8,3,4,,,,,16,2,45,Jump Shot,4,Field Goal Missed,,,,239,239,
2,10,25,Rashun Davis makes a layup shot.,116960,,true,false,false,Rashun,,Davis,,Rad,,68,78,8,3,0,,,,,8,2,40,Layup Shot,3,Field Goal Made,,,,70,70,
2,9,37,Malcolm Duvivier makes a layup shot.,120685,,true,false,false,Malcolm,,Duvivier,,OreSt,,70,78,8,3,1,,,,,4,2,40,Layup Shot,3,Field Goal Made,,,,239,239,
2,9,37,Shooting foul committed by Ya Ya Anderson.,116961,,true,false,false,Ya Ya,,Anderson,,Rad,,70,78,9,3,2,,,,,23,,2,Shooting,8,Foul,,,,70,70,
2,9,37,Malcolm Duvivier misses free throw 1 of 1.,120685,,true,false,false,Malcolm,,Duvivier,,OreSt,,70,78,9,3,1,,,,,4,1,10,Free Throw 1 of 1,2,Free Throw Missed,,,,239,239,
2,9,34,Ya Ya Anderson misses a 3-point jump shot.,116961,,true,false,false,Ya Ya,,Anderson,,Rad,,70,78,9,3,2,,,,,23,3,45,Jump Shot,4,Field Goal Missed,,,,70,70,
2,9,29,Hallice Cooke makes a 3-point jump shot.,120684,,true,false,false,Hallice,,Cooke,,OreSt,,73,78,9,3,0,,,,,17,3,45,Jump Shot,3,Field Goal Made,,,,239,239,
2,9,10,Rashun Davis makes a jump shot.,116960,,true,false,false,Rashun,,Davis,,Rad,,73,80,9,3,0,,,,,10,2,45,Jump Shot,3,Field Goal Made,,,,70,70,
2,8,58,Rad take a full timeout.,,,false,false,false,,,,,,,73,80,9,3,0,,,,,0,,1,Regular,11,Timeout,,,,70,70,
2,8,51,Malcolm Duvivier makes a layup shot.,120685,,true,false,false,Malcolm,,Duvivier,,OreSt,,75,80,9,3,1,,,,,6,2,40,Layup Shot,3,Field Goal Made,,,,239,239,
2,8,34,Hallice Cooke makes a jump shot.,120684,,true,false,false,Hallice,,Cooke,,OreSt,,77,80,9,3,0,,,,,19,2,45,Jump Shot,3,Field Goal Made,,,,239,239,
2,7,53,Jalen Carethers makes a jump shot.,111817,,true,false,false,Jalen,,Carethers,,Rad,,77,82,9,3,4,,,,,8,2,45,Jump Shot,3,Field Goal Made,,,,70,70,
2,7,20,Shooting foul committed by Kyle Noreen.,111818,,true,false,false,Kyle,,Noreen,,Rad,,77,82,10,3,3,,,,,3,,2,Shooting,8,Foul,,,,70,70,
2,7,20,Official's timeout.,,,false,false,false,,,,,,,77,82,10,3,0,,,,,0,,4,Official,11,Timeout,,,,239,239,
2,7,20,Roberto Nelson makes free throw 1 of 2.,88863,,true,false,false,Roberto,,Nelson,,OreSt,,78,82,10,3,4,,,,,17,1,11,Free Throw 1 of 2,1,Free Throw Made,,,,239,239,
2,7,20,Roberto Nelson misses free throw 2 of 2.,88863,,true,false,false,Roberto,,Nelson,,OreSt,,78,82,10,3,4,,,,,17,1,12,Free Throw 2 of 2,2,Free Throw Missed,,,,239,239,
2,7,19,Javonte Green misses a jump shot.,111814,,true,false,false,Javonte,,Green,,Rad,,78,82,10,3,2,,,,,19,2,45,Jump Shot,4,Field Goal Missed,,,,70,70,
2,6,36,Offensive foul committed by Eric Moreland.,97647,,true,false,false,Eric,,Moreland,,OreSt,,78,82,10,4,3,,,,,22,,4,Offensive,8,Foul,,,,239,239,
2,6,30,R.J. Price misses a jump shot.,111815,,true,false,false,R.J.,,Price,,Rad,,78,82,10,4,1,,,,,17,2,45,Jump Shot,4,Field Goal Missed,,,,70,70,
2,6,02,Shooting foul committed by Jalen Carethers.,111817,,true,false,false,Jalen,,Carethers,,Rad,,78,82,11,4,5,,,,,8,,2,Shooting,8,Foul,,,,70,70,
2,6,02,Roberto Nelson misses free throw 1 of 2.,88863,,true,false,false,Roberto,,Nelson,,OreSt,,78,82,11,4,4,,,,,17,1,11,Free Throw 1 of 2,2,Free Throw Missed,,,,239,239,
2,6,02,Roberto Nelson makes free throw 2 of 2.,88863,,true,false,false,Roberto,,Nelson,,OreSt,,79,82,11,4,4,,,,,18,1,12,Free Throw 2 of 2,1,Free Throw Made,,,,239,239,
2,5,31,Personal foul committed by Eric Moreland.,97647,,true,false,false,Eric,,Moreland,,OreSt,,79,82,11,5,4,,,,,22,,1,Personal,8,Foul,,,,239,239,
2,5,27,R.J. Price makes a 3-point jump shot.,111815,,true,false,false,R.J.,,Price,,Rad,,79,85,11,5,1,,,,,20,3,45,Jump Shot,3,Field Goal Made,,,,70,70,
2,5,17,Angus Brandt misses a jump shot.,88859,,true,false,false,Angus,,Brandt,,OreSt,,79,85,11,5,0,,,,,14,2,45,Jump Shot,4,Field Goal Missed,,,,239,239,
2,4,51,Angus Brandt misses a jump shot.,88859,,true,false,false,Angus,,Brandt,,OreSt,,79,85,11,5,0,,,,,14,2,45,Jump Shot,4,Field Goal Missed,,,,239,239,
2,4,49,Personal foul committed by Jarmal Reid.,116614,,true,false,false,Jarmal,,Reid,,OreSt,,79,85,11,6,1,,,,,0,,1,Personal,8,Foul,,,,239,239,
2,4,44,Javonte Green misses a layup shot.,111814,,true,false,false,Javonte,,Green,,Rad,,79,85,11,6,2,,,,,19,2,40,Layup Shot,4,Field Goal Missed,,,,70,70,
2,4,43,Shooting foul committed by Malcolm Duvivier.,120685,,true,false,false,Malcolm,,Duvivier,,OreSt,,79,85,11,7,2,,,,,6,,2,Shooting,8,Foul,,,,239,239,
2,4,43,Kion Brown makes free throw 1 of 2.,116958,,true,false,false,Kion,,Brown,,Rad,,79,86,11,7,3,,,,,3,1,11,Free Throw 1 of 2,1,Free Throw Made,,,,70,70,
2,4,43,Kion Brown makes free throw 2 of 2.,116958,,true,false,false,Kion,,Brown,,Rad,,79,87,11,7,3,,,,,4,1,12,Free Throw 2 of 2,1,Free Throw Made,,,,70,70,
2,4,33,Roberto Nelson misses a jump shot.,88863,,true,false,false,Roberto,,Nelson,,OreSt,,79,87,11,7,4,,,,,18,2,45,Jump Shot,4,Field Goal Missed,,,,239,239,
2,4,24,Kion Brown makes a dunk shot.,116958,,true,false,false,Kion,,Brown,,Rad,,79,89,11,7,3,,,,,6,2,48,Dunk Shot,3,Field Goal Made,,,,70,70,
2,3,52,Hallice Cooke makes a layup shot.,120684,,true,false,false,Hallice,,Cooke,,OreSt,,81,89,11,7,0,,,,,21,2,40,Layup Shot,3,Field Goal Made,,,,239,239,
2,3,35,OreSt take a 20-second timeout.,,,false,false,false,,,,,,,81,89,11,7,0,,,,,0,,2,Short,11,Timeout,,,,239,239,
2,3,29,Personal foul committed by Jarmal Reid.,116614,,true,false,false,Jarmal,,Reid,,OreSt,,81,89,11,8,2,,,,,0,,1,Personal,8,Foul,,,,239,239,
2,3,29,Official's timeout.,,,false,false,false,,,,,,,81,89,11,8,0,,,,,0,,4,Official,11,Timeout,,,,239,239,
2,3,29,Rashun Davis makes free throw 1st of 1-and-1.,116960,,true,false,false,Rashun,,Davis,,Rad,,81,90,11,8,0,,,,,11,1,8,Free Throw 1st of 1-and-1,1,Free Throw Made,,,,70,70,
2,3,29,Rashun Davis makes free throw 2nd of 1-and-1.,116960,,true,false,false,Rashun,,Davis,,Rad,,81,91,11,8,0,,,,,12,1,9,Free Throw 2nd of 1-and-1,1,Free Throw Made,,,,70,70,
2,3,23,Roberto Nelson makes a 3-point jump shot.,88863,,true,false,false,Roberto,,Nelson,,OreSt,,84,91,11,8,4,,,,,21,3,45,Jump Shot,3,Field Goal Made,,,,239,239,
2,2,45,Shooting foul committed by Angus Brandt.,88859,,true,false,false,Angus,,Brandt,,OreSt,,84,91,11,9,1,,,,,14,,2,Shooting,8,Foul,,,,239,239,
2,2,45,Javonte Green misses free throw 1 of 2.,111814,,true,false,false,Javonte,,Green,,Rad,,84,91,11,9,2,,,,,19,1,11,Free Throw 1 of 2,2,Free Throw Missed,,,,70,70,
2,2,45,Javonte Green misses free throw 2 of 2.,111814,,true,false,false,Javonte,,Green,,Rad,,84,91,11,9,2,,,,,19,1,12,Free Throw 2 of 2,2,Free Throw Missed,,,,70,70,
2,2,21,Hallice Cooke misses a 3-point jump shot.,120684,,true,false,false,Hallice,,Cooke,,OreSt,,84,91,11,9,0,,,,,21,3,45,Jump Shot,4,Field Goal Missed,,,,239,239,
2,2,02,Shooting foul committed by Kion Brown.,116958,,true,false,false,Kion,,Brown,,Rad,,84,91,12,9,4,,,,,6,,2,Shooting,8,Foul,,,,70,70,
2,2,02,Eric Moreland misses free throw 1 of 2.,97647,,true,false,false,Eric,,Moreland,,OreSt,,84,91,12,9,4,,,,,22,1,11,Free Throw 1 of 2,2,Free Throw Missed,,,,239,239,
2,2,02,Eric Moreland makes free throw 2 of 2.,97647,,true,false,false,Eric,,Moreland,,OreSt,,85,91,12,9,4,,,,,23,1,12,Free Throw 2 of 2,1,Free Throw Made,,,,239,239,
2,1,27,Hallice Cooke makes a jump shot.,120684,,true,false,false,Hallice,,Cooke,,OreSt,,87,91,12,9,0,,,,,23,2,45,Jump Shot,3,Field Goal Made,,,,239,239,
2,1,13,OreSt take a 20-second timeout.,,,false,false,false,,,,,,,87,91,12,9,0,,,,,0,,2,Short,11,Timeout,,,,239,239,
2,1,02,Rashun Davis misses a jump shot.,116960,,true,false,false,Rashun,,Davis,,Rad,,87,91,12,9,0,,,,,12,2,45,Jump Shot,4,Field Goal Missed,,,,70,70,
2,0,52.8,Hallice Cooke misses a 3-point jump shot.,120684,,true,false,false,Hallice,,Cooke,,OreSt,,87,91,12,9,0,,,,,23,3,45,Jump Shot,4,Field Goal Missed,,,,239,239,
2,0,34.5,Personal foul committed by Angus Brandt.,88859,,true,false,false,Angus,,Brandt,,OreSt,,87,91,12,10,2,,,,,14,,1,Personal,8,Foul,,,,239,239,
2,0,34.5,Jalen Carethers makes free throw 1 of 2.,111817,,true,false,false,Jalen,,Carethers,,Rad,,87,92,12,10,5,,,,,9,1,11,Free Throw 1 of 2,1,Free Throw Made,,,,70,70,
2,0,34.5,Jalen Carethers makes free throw 2 of 2.,111817,,true,false,false,Jalen,,Carethers,,Rad,,87,93,12,10,5,,,,,10,1,12,Free Throw 2 of 2,1,Free Throw Made,,,,70,70,
2,0,25.5,Roberto Nelson makes a layup shot.,88863,,true,false,false,Roberto,,Nelson,,OreSt,,89,93,12,10,4,,,,,23,2,40,Layup Shot,3,Field Goal Made,,,,239,239,
2,0,25.5,Shooting foul committed by Rashun Davis.,116960,,true,false,false,Rashun,,Davis,,Rad,,89,93,13,10,1,,,,,12,,2,Shooting,8,Foul,,,,70,70,
2,0,25.5,Roberto Nelson makes free throw 1 of 1.,88863,,true,false,false,Roberto,,Nelson,,OreSt,,90,93,13,10,4,,,,,24,1,10,Free Throw 1 of 1,1,Free Throw Made,,,,239,239,
2,0,17.5,Personal foul committed by Malcolm Duvivier.,120685,,true,false,false,Malcolm,,Duvivier,,OreSt,,90,93,13,11,3,,,,,6,,1,Personal,8,Foul,,,,239,239,
2,0,17.5,Rashun Davis misses free throw 1 of 2.,116960,,true,false,false,Rashun,,Davis,,Rad,,90,93,13,11,1,,,,,12,1,11,Free Throw 1 of 2,2,Free Throw Missed,,,,70,70,
2,0,17.5,Rashun Davis makes free throw 2 of 2.,116960,,true,false,false,Rashun,,Davis,,Rad,,90,94,13,11,1,,,,,13,1,12,Free Throw 2 of 2,1,Free Throw Made,,,,70,70,
2,0,17.5,Rad take a 20-second timeout.,,,false,false,false,,,,,,,90,94,13,11,0,,,,,0,,2,Short,11,Timeout,,,,70,70,
2,0,10.8,Roberto Nelson makes a layup shot.,88863,,true,false,false,Roberto,,Nelson,,OreSt,,92,94,13,11,4,,,,,26,2,40,Layup Shot,3,Field Goal Made,,,,239,239,
2,0,09.8,OreSt take a full timeout.,,,false,false,false,,,,,,,92,94,13,11,0,,,,,0,,1,Regular,11,Timeout,,,,239,239,
2,0,08.8,Personal foul committed by Malcolm Duvivier.,120685,,true,false,false,Malcolm,,Duvivier,,OreSt,,92,94,13,12,4,,,,,6,,1,Personal,8,Foul,,,,239,239,
2,0,08.8,Rashun Davis misses free throw 1 of 2.,116960,,true,false,false,Rashun,,Davis,,Rad,,92,94,13,12,1,,,,,13,1,11,Free Throw 1 of 2,2,Free Throw Missed,,,,70,70,
2,0,08.8,Rashun Davis makes free throw 2 of 2.,116960,,true,false,false,Rashun,,Davis,,Rad,,92,95,13,12,1,,,,,14,1,12,Free Throw 2 of 2,1,Free Throw Made,,,,70,70,
2,0,08.8,Rad take a 20-second timeout.,,,false,false,false,,,,,,,92,95,13,12,0,,,,,0,,2,Short,11,Timeout,,,,70,70,
2,0,03.8,Roberto Nelson misses a 3-point jump shot.,88863,,true,false,false,Roberto,,Nelson,,OreSt,,92,95,13,12,4,,,,,26,3,45,Jump Shot,4,Field Goal Missed,,,,239,239,
2,0,02.8,Personal foul committed by Roberto Nelson.,88863,,true,false,false,Roberto,,Nelson,,OreSt,,92,95,13,13,5,,,,,26,,1,Personal,8,Foul,,,,239,239,
2,0,02.8,Javonte Green makes free throw 1 of 2.,111814,,true,false,false,Javonte,,Green,,Rad,,92,96,13,13,2,,,,,20,1,11,Free Throw 1 of 2,1,Free Throw Made,,,,70,70,
2,0,02.8,Javonte Green misses free throw 2 of 2.,111814,,true,false,false,Javonte,,Green,,Rad,,92,96,13,13,2,,,,,20,1,12,Free Throw 2 of 2,2,Free Throw Missed,,,,70,70,
2,0,00,Langston Morris-Walker misses a 3-point jump shot.,116613,,true,false,false,Langston,,Morris-Walker,,OreSt,,92,96,13,13,0,,,,,0,3,45,Jump Shot,4,Field Goal Missed,,,,239,239,
2,0,00,End of the 2nd Half,,,false,false,false,,,,,,,92,96,13,13,0,,,,,0,,,,15,End Period,,,,239,239,
2,0,00,End of the Game,,,false,false,false,,,,,,,92,96,13,13,0,,,,,0,,,,19,Game Over,,,,239,239,
