half,time-minutes,time-seconds,details,player1-id,player2-id,player1-linkable,player2-linkable,player3-linkable,player-first-name-1,player-first-name-2,player-last-name-1,player-last-name-2,player-team-alias-1,player-team-alias-2,home-score,visitor-score,visitor-fouls,home-fouls,player-fouls,fastbreak,in-paint,second-chance,off-turnover,player-score,points-type,detail-id,detail-desc,event-id,event-desc,distance,x-coord,y-coord,team-id-1,team-id-2,team-id-3
1,20,00,Start of the 1st Half,,,false,false,false,,,,,,,0,0,0,0,0,,,,,0,,,,14,Start Period,,,,80,80,
1,19,37,Du'Vaughn Maxwell misses a jump shot.,98303,,true,false,false,Du'Vaughn,,Maxwell,,Hamp,,0,0,0,0,0,,,,,0,2,45,Jump Shot,4,Field Goal Missed,,,,189,189,
1,19,24,Du'Vaughn Maxwell misses a layup shot.,98303,,true,false,false,Du'Vaughn,,Maxwell,,Hamp,,0,0,0,0,0,,,,,0,2,40,Layup Shot,4,Field Goal Missed,,,,189,189,
1,19,21,Tim Frazier makes a 3-point jump shot.,88910,,true,false,false,Tim,,Frazier,,PSU,,3,0,0,0,0,,,,,3,3,45,Jump Shot,3,Field Goal Made,,,,80,80,
1,19,13,Deron Powers misses a 3-point jump shot.,117538,,true,false,false,Deron,,Powers,,Hamp,,3,0,0,0,0,,,,,0,3,45,Jump Shot,4,Field Goal Missed,,,,189,189,
1,19,00,D.J. Newbill makes a 3-point jump shot.,100504,,true,false,false,D.J.,,Newbill,,PSU,,6,0,0,0,0,,,,,3,3,45,Jump Shot,3,Field Goal Made,,,,80,80,
1,18,41,Jervon Pressley misses a layup shot.,109579,,true,false,false,Jervon,,Pressley,,Hamp,,6,0,0,0,0,,,,,0,2,40,Layup Shot,4,Field Goal Missed,,,,189,189,
1,18,25,Brandon Taylor makes a layup shot.,116204,,true,false,false,Brandon,,Taylor,,PSU,,8,0,0,0,0,,,,,2,2,40,Layup Shot,3,Field Goal Made,,,,80,80,
1,18,13,Hamp take a 20-second timeout.,,,false,false,false,,,,,,,8,0,0,0,0,,,,,0,,2,Short,11,Timeout,,,,189,189,
1,17,53,Jervon Pressley misses a jump shot.,109579,,true,false,false,Jervon,,Pressley,,Hamp,,8,0,0,0,0,,,,,0,2,45,Jump Shot,4,Field Goal Missed,,,,189,189,
1,17,23,John Johnson misses a 3-point jump shot.,109492,,true,false,false,John,,Johnson,,PSU,,8,0,0,0,0,,,,,0,3,45,Jump Shot,4,Field Goal Missed,,,,80,80,
1,17,06,Jervon Pressley makes a dunk shot.,109579,,true,false,false,Jervon,,Pressley,,Hamp,,8,2,0,0,0,,,,,2,2,48,Dunk Shot,3,Field Goal Made,,,,189,189,
1,17,05,Shooting foul committed by Donovon Jack.,116202,,true,false,false,Donovon,,Jack,,PSU,,8,2,0,1,1,,,,,0,,2,Shooting,8,Foul,,,,80,80,
1,17,05,Jervon Pressley misses free throw 1 of 1.,109579,,true,false,false,Jervon,,Pressley,,Hamp,,8,2,0,1,0,,,,,2,1,10,Free Throw 1 of 1,2,Free Throw Missed,,,,189,189,
1,16,51,Personal foul committed by Du'Vaughn Maxwell.,98303,,true,false,false,Du'Vaughn,,Maxwell,,Hamp,,8,2,1,1,1,,,,,0,,1,Personal,8,Foul,,,,189,189,
1,16,32,Jervon Pressley misses a jump shot.,109579,,true,false,false,Jervon,,Pressley,,Hamp,,8,2,1,1,0,,,,,2,2,45,Jump Shot,4,Field Goal Missed,,,,189,189,
1,16,19,Shooting foul committed by Du'Vaughn Maxwell.,98303,,true,false,false,Du'Vaughn,,Maxwell,,Hamp,,8,2,2,1,2,,,,,0,,2,Shooting,8,Foul,,,,189,189,
1,16,19,Ross Travis makes free throw 1 of 2.,109554,,true,false,false,Ross,,Travis,,PSU,,9,2,2,1,0,,,,,1,1,11,Free Throw 1 of 2,1,Free Throw Made,,,,80,80,
1,16,19,Ross Travis makes free throw 2 of 2.,109554,,true,false,false,Ross,,Travis,,PSU,,10,2,2,1,0,,,,,2,1,12,Free Throw 2 of 2,1,Free Throw Made,,,,80,80,
1,15,58,Jervon Pressley misses a jump shot.,109579,,true,false,false,Jervon,,Pressley,,Hamp,,10,2,2,1,0,,,,,2,2,45,Jump Shot,4,Field Goal Missed,,,,189,189,
1,15,58,Personal foul committed by Dwight Meikle.,117542,,true,false,false,Dwight,,Meikle,,Hamp,,10,2,3,1,1,,,,,0,,1,Personal,8,Foul,,,,189,189,
1,15,58,Official TV timeout.,,,false,false,false,,,,,,,10,2,3,1,0,,,,,0,,3,Official TV,11,Timeout,,,,80,80,
1,15,50,Personal foul committed by Ke'Ron Brown.,117540,,true,false,false,Ke'Ron,,Brown,,Hamp,,10,2,4,1,1,,,,,0,,1,Personal,8,Foul,,,,189,189,
1,15,36,Personal foul committed by Deron Powers.,117538,,true,false,false,Deron,,Powers,,Hamp,,10,2,5,1,1,,,,,0,,1,Personal,8,Foul,,,,189,189,
1,14,58,Brian Darden makes a 3-point jump shot.,111816,,true,false,false,Brian,,Darden,,Hamp,,10,5,5,1,0,,,,,3,3,45,Jump Shot,3,Field Goal Made,,,,189,189,
1,14,35,Donovon Jack misses a 3-point jump shot.,116202,,true,false,false,Donovon,,Jack,,PSU,,10,5,5,1,1,,,,,0,3,45,Jump Shot,4,Field Goal Missed,,,,80,80,
1,14,07,Brian Darden makes a 3-point jump shot.,111816,,true,false,false,Brian,,Darden,,Hamp,,10,8,5,1,0,,,,,6,3,45,Jump Shot,3,Field Goal Made,,,,189,189,
1,13,32,Ke'Ron Brown misses a jump shot.,117540,,true,false,false,Ke'Ron,,Brown,,Hamp,,10,8,5,1,1,,,,,0,2,45,Jump Shot,4,Field Goal Missed,,,,189,189,
1,13,27,Shooting foul committed by Brian Darden.,111816,,true,false,false,Brian,,Darden,,Hamp,,10,8,6,1,1,,,,,6,,2,Shooting,8,Foul,,,,189,189,
1,13,27,D.J. Newbill makes free throw 1 of 2.,100504,,true,false,false,D.J.,,Newbill,,PSU,,11,8,6,1,0,,,,,4,1,11,Free Throw 1 of 2,1,Free Throw Made,,,,80,80,
1,13,27,D.J. Newbill makes free throw 2 of 2.,100504,,true,false,false,D.J.,,Newbill,,PSU,,12,8,6,1,0,,,,,5,1,12,Free Throw 2 of 2,1,Free Throw Made,,,,80,80,
1,13,10,Deron Powers misses a layup shot.,117538,,true,false,false,Deron,,Powers,,Hamp,,12,8,6,1,1,,,,,0,2,40,Layup Shot,4,Field Goal Missed,,,,189,189,
1,12,57,Brandon Taylor makes a 3-point jump shot.,116204,,true,false,false,Brandon,,Taylor,,PSU,,15,8,6,1,0,,,,,5,3,45,Jump Shot,3,Field Goal Made,,,,80,80,
1,12,25,Brandon Taylor makes a 3-point jump shot.,116204,,true,false,false,Brandon,,Taylor,,PSU,,18,8,6,1,0,,,,,8,3,45,Jump Shot,3,Field Goal Made,,,,80,80,
1,12,08,Brian Darden makes a 3-point jump shot.,111816,,true,false,false,Brian,,Darden,,Hamp,,18,11,6,1,1,,,,,9,3,45,Jump Shot,3,Field Goal Made,,,,189,189,
1,11,42,Jordan Dickerson makes a dunk shot.,117985,,true,false,false,Jordan,,Dickerson,,PSU,,20,11,6,1,0,,,,,2,2,48,Dunk Shot,3,Field Goal Made,,,,80,80,
1,11,42,Shooting foul committed by Dwight Meikle.,117542,,true,false,false,Dwight,,Meikle,,Hamp,,20,11,7,1,2,,,,,0,,2,Shooting,8,Foul,,,,189,189,
1,11,42,Official TV timeout.,,,false,false,false,,,,,,,20,11,7,1,0,,,,,0,,3,Official TV,11,Timeout,,,,80,80,
1,11,42,Jordan Dickerson makes free throw 1 of 1.,117985,,true,false,false,Jordan,,Dickerson,,PSU,,21,11,7,1,0,,,,,3,1,10,Free Throw 1 of 1,1,Free Throw Made,,,,80,80,
1,11,13,Shooting foul committed by D.J. Newbill.,100504,,true,false,false,D.J.,,Newbill,,PSU,,21,11,7,2,1,,,,,5,,2,Shooting,8,Foul,,,,80,80,
1,11,13,Brian Darden makes free throw 1 of 3.,111816,,true,false,false,Brian,,Darden,,Hamp,,21,12,7,2,1,,,,,10,1,13,Free Throw 1 of 3,1,Free Throw Made,,,,189,189,
1,11,13,Brian Darden makes free throw 2 of 3.,111816,,true,false,false,Brian,,Darden,,Hamp,,21,13,7,2,1,,,,,11,1,14,Free Throw 2 of 3,1,Free Throw Made,,,,189,189,
1,11,13,Brian Darden makes free throw 3 of 3.,111816,,true,false,false,Brian,,Darden,,Hamp,,21,14,7,2,1,,,,,12,1,15,Free Throw 3 of 3,1,Free Throw Made,,,,189,189,
1,10,47,Brandon Taylor misses a 3-point jump shot.,116204,,true,false,false,Brandon,,Taylor,,PSU,,21,14,7,2,0,,,,,8,3,45,Jump Shot,4,Field Goal Missed,,,,80,80,
1,10,40,Brian Darden makes a 3-point jump shot.,111816,,true,false,false,Brian,,Darden,,Hamp,,21,17,7,2,1,,,,,15,3,45,Jump Shot,3,Field Goal Made,,,,189,189,
1,10,22,John Johnson misses a 3-point jump shot.,109492,,true,false,false,John,,Johnson,,PSU,,21,17,7,2,0,,,,,0,3,45,Jump Shot,4,Field Goal Missed,,,,80,80,
1,10,03,D.J. Newbill misses a 3-point jump shot.,100504,,true,false,false,D.J.,,Newbill,,PSU,,21,17,7,2,1,,,,,5,3,45,Jump Shot,4,Field Goal Missed,,,,80,80,
1,9,56,Ramon Mercado makes a 3-point jump shot.,117543,,true,false,false,Ramon,,Mercado,,Hamp,,21,20,7,2,0,,,,,3,3,45,Jump Shot,3,Field Goal Made,,,,189,189,
1,9,23,Tim Frazier misses a layup shot.,88910,,true,false,false,Tim,,Frazier,,PSU,,21,20,7,2,0,,,,,3,2,40,Layup Shot,4,Field Goal Missed,,,,80,80,
1,9,23,Personal foul committed by Brian Darden.,111816,,true,false,false,Brian,,Darden,,Hamp,,21,20,8,2,2,,,,,15,,1,Personal,8,Foul,,,,189,189,
1,9,23,Brandon Taylor makes free throw 1st of 1-and-1.,116204,,true,false,false,Brandon,,Taylor,,PSU,,22,20,8,2,0,,,,,9,1,8,Free Throw 1st of 1-and-1,1,Free Throw Made,,,,80,80,
1,9,23,Brandon Taylor makes free throw 2nd of 1-and-1.,116204,,true,false,false,Brandon,,Taylor,,PSU,,23,20,8,2,0,,,,,10,1,9,Free Throw 2nd of 1-and-1,1,Free Throw Made,,,,80,80,
1,8,18,Geno Thorpe misses a 3-point jump shot.,120663,,true,false,false,Geno,,Thorpe,,PSU,,23,20,8,2,0,,,,,0,3,45,Jump Shot,4,Field Goal Missed,,,,80,80,
1,8,04,Personal foul committed by Donovon Jack.,116202,,true,false,false,Donovon,,Jack,,PSU,,23,20,8,3,2,,,,,0,,1,Personal,8,Foul,,,,80,80,
1,7,42,Shooting foul committed by Ross Travis.,109554,,true,false,false,Ross,,Travis,,PSU,,23,20,8,4,1,,,,,2,,2,Shooting,8,Foul,,,,80,80,
1,7,42,Official TV timeout.,,,false,false,false,,,,,,,23,20,8,4,0,,,,,0,,3,Official TV,11,Timeout,,,,80,80,
1,7,42,Emmanuel Okoroba misses free throw 1 of 2.,98285,,true,false,false,Emmanuel,,Okoroba,,Hamp,,23,20,8,4,0,,,,,0,1,11,Free Throw 1 of 2,2,Free Throw Missed,,,,189,189,
1,7,42,Emmanuel Okoroba makes free throw 2 of 2.,98285,,true,false,false,Emmanuel,,Okoroba,,Hamp,,23,21,8,4,0,,,,,1,1,12,Free Throw 2 of 2,1,Free Throw Made,,,,189,189,
1,6,52,Miles Jackson misses a 3-point jump shot.,117541,,true,false,false,Miles,,Jackson,,Hamp,,23,21,8,4,0,,,,,0,3,45,Jump Shot,4,Field Goal Missed,,,,189,189,
1,6,47,Shooting foul committed by Miles Jackson.,117541,,true,false,false,Miles,,Jackson,,Hamp,,23,21,9,4,1,,,,,0,,2,Shooting,8,Foul,,,,189,189,
1,6,47,Tim Frazier makes free throw 1 of 2.,88910,,true,false,false,Tim,,Frazier,,PSU,,24,21,9,4,0,,,,,4,1,11,Free Throw 1 of 2,1,Free Throw Made,,,,80,80,
1,6,47,Tim Frazier misses free throw 2 of 2.,88910,,true,false,false,Tim,,Frazier,,PSU,,24,21,9,4,0,,,,,4,1,12,Free Throw 2 of 2,2,Free Throw Missed,,,,80,80,
1,6,30,Ramon Mercado misses a 3-point jump shot.,117543,,true,false,false,Ramon,,Mercado,,Hamp,,24,21,9,4,0,,,,,3,3,45,Jump Shot,4,Field Goal Missed,,,,189,189,
1,6,17,D.J. Newbill misses a jump shot.,100504,,true,false,false,D.J.,,Newbill,,PSU,,24,21,9,4,1,,,,,5,2,45,Jump Shot,4,Field Goal Missed,,,,80,80,
1,6,09,Ramon Mercado misses a layup shot.,117543,,true,false,false,Ramon,,Mercado,,Hamp,,24,21,9,4,0,,,,,3,2,40,Layup Shot,4,Field Goal Missed,,,,189,189,
1,6,07,Jervon Pressley misses a dunk shot.,109579,,true,false,false,Jervon,,Pressley,,Hamp,,24,21,9,4,0,,,,,2,2,48,Dunk Shot,4,Field Goal Missed,,,,189,189,
1,5,39,D.J. Newbill makes a layup shot.,100504,,true,false,false,D.J.,,Newbill,,PSU,,26,21,9,4,1,,,,,7,2,40,Layup Shot,3,Field Goal Made,,,,80,80,
1,5,29,Miles Jackson misses a 3-point jump shot.,117541,,true,false,false,Miles,,Jackson,,Hamp,,26,21,9,4,1,,,,,0,3,45,Jump Shot,4,Field Goal Missed,,,,189,189,
1,5,15,Shooting foul committed by Ramon Mercado.,117543,,true,false,false,Ramon,,Mercado,,Hamp,,26,21,10,4,1,,,,,3,,2,Shooting,8,Foul,,,,189,189,
1,5,15,D.J. Newbill misses free throw 1 of 2.,100504,,true,false,false,D.J.,,Newbill,,PSU,,26,21,10,4,1,,,,,7,1,11,Free Throw 1 of 2,2,Free Throw Missed,,,,80,80,
1,5,15,D.J. Newbill makes free throw 2 of 2.,100504,,true,false,false,D.J.,,Newbill,,PSU,,27,21,10,4,1,,,,,8,1,12,Free Throw 2 of 2,1,Free Throw Made,,,,80,80,
1,5,00,Personal foul committed by Geno Thorpe.,120663,,true,false,false,Geno,,Thorpe,,PSU,,27,21,10,5,1,,,,,0,,1,Personal,8,Foul,,,,80,80,
1,4,42,Shooting foul committed by Jordan Dickerson.,117985,,true,false,false,Jordan,,Dickerson,,PSU,,27,21,10,6,1,,,,,3,,2,Shooting,8,Foul,,,,80,80,
1,4,42,Jervon Pressley misses free throw 1 of 2.,109579,,true,false,false,Jervon,,Pressley,,Hamp,,27,21,10,6,0,,,,,2,1,11,Free Throw 1 of 2,2,Free Throw Missed,,,,189,189,
1,4,42,Jervon Pressley misses free throw 2 of 2.,109579,,true,false,false,Jervon,,Pressley,,Hamp,,27,21,10,6,0,,,,,2,1,12,Free Throw 2 of 2,2,Free Throw Missed,,,,189,189,
1,4,19,Tim Frazier misses a 3-point jump shot.,88910,,true,false,false,Tim,,Frazier,,PSU,,27,21,10,6,0,,,,,4,3,45,Jump Shot,4,Field Goal Missed,,,,80,80,
1,4,14,Shooting foul committed by Jervon Pressley.,109579,,true,false,false,Jervon,,Pressley,,Hamp,,27,21,11,6,1,,,,,2,,2,Shooting,8,Foul,,,,189,189,
1,4,14,Jordan Dickerson misses free throw 1 of 2.,117985,,true,false,false,Jordan,,Dickerson,,PSU,,27,21,11,6,1,,,,,3,1,11,Free Throw 1 of 2,2,Free Throw Missed,,,,80,80,
1,4,14,Jordan Dickerson makes free throw 2 of 2.,117985,,true,false,false,Jordan,,Dickerson,,PSU,,28,21,11,6,1,,,,,4,1,12,Free Throw 2 of 2,1,Free Throw Made,,,,80,80,
1,4,02,Personal foul committed by D.J. Newbill.,100504,,true,false,false,D.J.,,Newbill,,PSU,,28,21,11,7,2,,,,,8,,1,Personal,8,Foul,,,,80,80,
1,4,02,Brian Darden misses free throw 1st of 1-and-1.,111816,,true,false,false,Brian,,Darden,,Hamp,,28,21,11,7,2,,,,,15,1,8,Free Throw 1st of 1-and-1,2,Free Throw Missed,,,,189,189,
1,3,43,John Johnson makes a layup shot.,109492,,true,false,false,John,,Johnson,,PSU,,30,21,11,7,0,,,,,2,2,40,Layup Shot,3,Field Goal Made,,,,80,80,
1,3,01,Tim Frazier misses a jump shot.,88910,,true,false,false,Tim,,Frazier,,PSU,,30,21,11,7,0,,,,,4,2,45,Jump Shot,4,Field Goal Missed,,,,80,80,
1,2,58,Alan Wisniewski misses a tip shot.,103981,,true,false,false,Alan,,Wisniewski,,PSU,,30,21,11,7,0,,,,,0,2,53,Tip Shot,4,Field Goal Missed,,,,80,80,
1,2,52,Ke'Ron Brown misses a 3-point jump shot.,117540,,true,false,false,Ke'Ron,,Brown,,Hamp,,30,21,11,7,1,,,,,0,3,45,Jump Shot,4,Field Goal Missed,,,,189,189,
1,2,32,Official TV timeout.,,,false,false,false,,,,,,,30,21,11,7,0,,,,,0,,3,Official TV,11,Timeout,,,,80,80,
1,2,17,Deron Powers makes a jump shot.,117538,,true,false,false,Deron,,Powers,,Hamp,,30,23,11,7,1,,,,,2,2,45,Jump Shot,3,Field Goal Made,,,,189,189,
1,1,53,Brandon Taylor misses a jump shot.,116204,,true,false,false,Brandon,,Taylor,,PSU,,30,23,11,7,0,,,,,10,2,45,Jump Shot,4,Field Goal Missed,,,,80,80,
1,1,46,Deron Powers makes a layup shot.,117538,,true,false,false,Deron,,Powers,,Hamp,,30,25,11,7,1,,,,,4,2,40,Layup Shot,3,Field Goal Made,,,,189,189,
1,1,46,PSU take a 20-second timeout.,,,false,false,false,,,,,,,30,25,11,7,0,,,,,0,,2,Short,11,Timeout,,,,80,80,
1,1,15,Personal foul committed by John Johnson.,109492,,true,false,false,John,,Johnson,,PSU,,30,25,11,8,1,,,,,2,,1,Personal,8,Foul,,,,80,80,
1,1,15,Deron Powers misses free throw 1st of 1-and-1.,117538,,true,false,false,Deron,,Powers,,Hamp,,30,25,11,8,1,,,,,4,1,8,Free Throw 1st of 1-and-1,2,Free Throw Missed,,,,189,189,
1,0,53.1,Graham Woodward makes a 3-point jump shot.,120662,,true,false,false,Graham,,Woodward,,PSU,,33,25,11,8,0,,,,,3,3,45,Jump Shot,3,Field Goal Made,,,,80,80,
1,0,45.8,Deron Powers misses a layup shot.,117538,,true,false,false,Deron,,Powers,,Hamp,,33,25,11,8,1,,,,,4,2,40,Layup Shot,4,Field Goal Missed,,,,189,189,
1,0,34.2,Tim Frazier misses a layup shot.,88910,,true,false,false,Tim,,Frazier,,PSU,,33,25,11,8,0,,,,,4,2,40,Layup Shot,4,Field Goal Missed,,,,80,80,
1,0,34.2,Ross Travis misses a layup shot.,109554,,true,false,false,Ross,,Travis,,PSU,,33,25,11,8,1,,,,,2,2,40,Layup Shot,4,Field Goal Missed,,,,80,80,
1,0,00,Tim Frazier misses a jump shot.,88910,,true,false,false,Tim,,Frazier,,PSU,,33,25,11,8,0,,,,,4,2,45,Jump Shot,4,Field Goal Missed,,,,80,80,
1,0,00,End of the 1st Half,,,false,false,false,,,,,,,33,25,11,8,0,,,,,0,,,,15,End Period,,,,80,80,
2,20,00,Start of the 2nd Half,,,false,false,false,,,,,,,33,25,0,0,0,,,,,0,,,,14,Start Period,,,,80,80,
2,19,14,Brandon Taylor misses a 3-point jump shot.,116204,,true,false,false,Brandon,,Taylor,,PSU,,33,25,0,0,0,,,,,10,3,45,Jump Shot,4,Field Goal Missed,,,,80,80,
2,19,12,Shooting foul committed by Jervon Pressley.,109579,,true,false,false,Jervon,,Pressley,,Hamp,,33,25,1,0,2,,,,,2,,2,Shooting,8,Foul,,,,189,189,
2,19,12,D.J. Newbill makes free throw 1 of 2.,100504,,true,false,false,D.J.,,Newbill,,PSU,,34,25,1,0,2,,,,,9,1,11,Free Throw 1 of 2,1,Free Throw Made,,,,80,80,
2,19,12,D.J. Newbill makes free throw 2 of 2.,100504,,true,false,false,D.J.,,Newbill,,PSU,,35,25,1,0,2,,,,,10,1,12,Free Throw 2 of 2,1,Free Throw Made,,,,80,80,
2,18,56,Du'Vaughn Maxwell misses a jump shot.,98303,,true,false,false,Du'Vaughn,,Maxwell,,Hamp,,35,25,1,0,2,,,,,0,2,45,Jump Shot,4,Field Goal Missed,,,,189,189,
2,18,33,Shooting foul committed by John Johnson.,109492,,true,false,false,John,,Johnson,,PSU,,35,25,1,1,2,,,,,2,,2,Shooting,8,Foul,,,,80,80,
2,18,33,Ke'Ron Brown makes free throw 1 of 2.,117540,,true,false,false,Ke'Ron,,Brown,,Hamp,,35,26,1,1,1,,,,,1,1,11,Free Throw 1 of 2,1,Free Throw Made,,,,189,189,
2,18,33,Ke'Ron Brown makes free throw 2 of 2.,117540,,true,false,false,Ke'Ron,,Brown,,Hamp,,35,27,1,1,1,,,,,2,1,12,Free Throw 2 of 2,1,Free Throw Made,,,,189,189,
2,18,18,Personal foul committed by Ke'Ron Brown.,117540,,true,false,false,Ke'Ron,,Brown,,Hamp,,35,27,2,1,2,,,,,2,,1,Personal,8,Foul,,,,189,189,
2,17,59,Geno Thorpe makes a layup shot.,120663,,true,false,false,Geno,,Thorpe,,PSU,,37,27,2,1,1,,,,,2,2,40,Layup Shot,3,Field Goal Made,,,,80,80,
2,17,47,Personal foul committed by D.J. Newbill.,100504,,true,false,false,D.J.,,Newbill,,PSU,,37,27,2,2,3,,,,,10,,1,Personal,8,Foul,,,,80,80,
2,17,44,Brian Darden misses a 3-point jump shot.,111816,,true,false,false,Brian,,Darden,,Hamp,,37,27,2,2,2,,,,,15,3,45,Jump Shot,4,Field Goal Missed,,,,189,189,
2,17,29,Personal foul committed by Ke'Ron Brown.,117540,,true,false,false,Ke'Ron,,Brown,,Hamp,,37,27,3,2,3,,,,,2,,1,Personal,8,Foul,,,,189,189,
2,17,18,Technical foul committed by John Johnson.,109492,,true,false,false,John,,Johnson,,PSU,,37,27,3,3,3,,,,,2,,11,Technical,8,Foul,,,,80,80,
2,17,18,Technical foul committed by Ke'Ron Brown.,117540,,true,false,false,Ke'Ron,,Brown,,Hamp,,37,27,4,3,4,,,,,2,,11,Technical,8,Foul,,,,189,189,
2,17,07,Offensive foul committed by Jordan Dickerson.,117985,,true,false,false,Jordan,,Dickerson,,PSU,,37,27,4,4,2,,,,,4,,4,Offensive,8,Foul,,,,80,80,
2,16,49,Shooting foul committed by Jordan Dickerson.,117985,,true,false,false,Jordan,,Dickerson,,PSU,,37,27,4,5,3,,,,,4,,2,Shooting,8,Foul,,,,80,80,
2,16,49,Du'Vaughn Maxwell makes free throw 1 of 2.,98303,,true,false,false,Du'Vaughn,,Maxwell,,Hamp,,37,28,4,5,2,,,,,1,1,11,Free Throw 1 of 2,1,Free Throw Made,,,,189,189,
2,16,49,Du'Vaughn Maxwell makes free throw 2 of 2.,98303,,true,false,false,Du'Vaughn,,Maxwell,,Hamp,,37,29,4,5,2,,,,,2,1,12,Free Throw 2 of 2,1,Free Throw Made,,,,189,189,
2,16,33,Personal foul committed by Jervon Pressley.,109579,,true,false,false,Jervon,,Pressley,,Hamp,,37,29,5,5,3,,,,,2,,1,Personal,8,Foul,,,,189,189,
2,16,19,Shooting foul committed by Breon Key.,109572,,false,false,false,Breon,,Key,,Hamp,,37,29,6,5,1,,,,,0,,2,Shooting,8,Foul,,,,189,189,
2,16,19,Ross Travis makes free throw 1 of 2.,109554,,true,false,false,Ross,,Travis,,PSU,,38,29,6,5,1,,,,,3,1,11,Free Throw 1 of 2,1,Free Throw Made,,,,80,80,
2,16,19,Ross Travis makes free throw 2 of 2.,109554,,true,false,false,Ross,,Travis,,PSU,,39,29,6,5,1,,,,,4,1,12,Free Throw 2 of 2,1,Free Throw Made,,,,80,80,
2,15,55,Deron Powers misses a 3-point jump shot.,117538,,true,false,false,Deron,,Powers,,Hamp,,39,29,6,5,1,,,,,4,3,45,Jump Shot,4,Field Goal Missed,,,,189,189,
2,15,30,Shooting foul committed by Tim Frazier.,88910,,true,false,false,Tim,,Frazier,,PSU,,39,29,6,6,1,,,,,4,,2,Shooting,8,Foul,,,,80,80,
2,15,30,Official TV timeout.,,,false,false,false,,,,,,,39,29,6,6,0,,,,,0,,3,Official TV,11,Timeout,,,,80,80,
2,15,30,Breon Key makes free throw 1 of 2.,109572,,false,false,false,Breon,,Key,,Hamp,,39,30,6,6,1,,,,,1,1,11,Free Throw 1 of 2,1,Free Throw Made,,,,189,189,
2,15,30,Breon Key makes free throw 2 of 2.,109572,,false,false,false,Breon,,Key,,Hamp,,39,31,6,6,1,,,,,2,1,12,Free Throw 2 of 2,1,Free Throw Made,,,,189,189,
2,15,12,Deron Powers makes a layup shot.,117538,,true,false,false,Deron,,Powers,,Hamp,,39,33,6,6,1,,,,,6,2,40,Layup Shot,3,Field Goal Made,,,,189,189,
2,14,57,Shooting foul committed by Du'Vaughn Maxwell.,98303,,true,false,false,Du'Vaughn,,Maxwell,,Hamp,,39,33,7,6,3,,,,,2,,2,Shooting,8,Foul,,,,189,189,
2,14,57,Donovon Jack misses free throw 1 of 2.,116202,,true,false,false,Donovon,,Jack,,PSU,,39,33,7,6,2,,,,,0,1,11,Free Throw 1 of 2,2,Free Throw Missed,,,,80,80,
2,14,57,Donovon Jack misses free throw 2 of 2.,116202,,true,false,false,Donovon,,Jack,,PSU,,39,33,7,6,2,,,,,0,1,12,Free Throw 2 of 2,2,Free Throw Missed,,,,80,80,
2,14,37,Du'Vaughn Maxwell makes a jump shot.,98303,,true,false,false,Du'Vaughn,,Maxwell,,Hamp,,39,35,7,6,3,,,,,4,2,45,Jump Shot,3,Field Goal Made,,,,189,189,
2,14,13,Ross Travis makes a layup shot.,109554,,true,false,false,Ross,,Travis,,PSU,,41,35,7,6,1,,,,,6,2,40,Layup Shot,3,Field Goal Made,,,,80,80,
2,13,49,Ramon Mercado misses a layup shot.,117543,,true,false,false,Ramon,,Mercado,,Hamp,,41,35,7,6,1,,,,,3,2,40,Layup Shot,4,Field Goal Missed,,,,189,189,
2,13,42,Du'Vaughn Maxwell misses a jump shot.,98303,,true,false,false,Du'Vaughn,,Maxwell,,Hamp,,41,35,7,6,3,,,,,4,2,45,Jump Shot,4,Field Goal Missed,,,,189,189,
2,13,33,Donovon Jack misses a layup shot.,116202,,true,false,false,Donovon,,Jack,,PSU,,41,35,7,6,2,,,,,0,2,40,Layup Shot,4,Field Goal Missed,,,,80,80,
2,12,57,Personal foul committed by Graham Woodward.,120662,,true,false,false,Graham,,Woodward,,PSU,,41,35,7,7,1,,,,,3,,1,Personal,8,Foul,,,,80,80,
2,12,57,Dwight Meikle makes free throw 1st of 1-and-1.,117542,,true,false,false,Dwight,,Meikle,,Hamp,,41,36,7,7,2,,,,,1,1,8,Free Throw 1st of 1-and-1,1,Free Throw Made,,,,189,189,
2,12,57,Dwight Meikle makes free throw 2nd of 1-and-1.,117542,,true,false,false,Dwight,,Meikle,,Hamp,,41,37,7,7,2,,,,,2,1,9,Free Throw 2nd of 1-and-1,1,Free Throw Made,,,,189,189,
2,12,32,Offensive foul committed by Graham Woodward.,120662,,true,false,false,Graham,,Woodward,,PSU,,41,37,7,8,2,,,,,3,,4,Offensive,8,Foul,,,,80,80,
2,12,16,Deron Powers makes a layup shot.,117538,,true,false,false,Deron,,Powers,,Hamp,,41,39,7,8,1,,,,,8,2,40,Layup Shot,3,Field Goal Made,,,,189,189,
2,12,05,Personal foul committed by Deron Powers.,117538,,true,false,false,Deron,,Powers,,Hamp,,41,39,8,8,2,,,,,8,,1,Personal,8,Foul,,,,189,189,
2,12,05,Tim Frazier misses free throw 1st of 1-and-1.,88910,,true,false,false,Tim,,Frazier,,PSU,,41,39,8,8,1,,,,,4,1,8,Free Throw 1st of 1-and-1,2,Free Throw Missed,,,,80,80,
2,11,48,Emmanuel Okoroba makes a layup shot.,98285,,true,false,false,Emmanuel,,Okoroba,,Hamp,,41,41,8,8,0,,,,,3,2,40,Layup Shot,3,Field Goal Made,,,,189,189,
2,11,34,PSU take a full timeout.,,,false,false,false,,,,,,,41,41,8,8,0,,,,,0,,1,Regular,11,Timeout,,,,80,80,
2,11,21,D.J. Newbill misses a 3-point jump shot.,100504,,true,false,false,D.J.,,Newbill,,PSU,,41,41,8,8,3,,,,,10,3,45,Jump Shot,4,Field Goal Missed,,,,80,80,
2,11,16,Breon Key makes a dunk shot.,109572,,false,false,false,Breon,,Key,,Hamp,,41,43,8,8,1,,,,,4,2,48,Dunk Shot,3,Field Goal Made,,,,189,189,
2,10,49,D.J. Newbill makes a layup shot.,100504,,true,false,false,D.J.,,Newbill,,PSU,,43,43,8,8,3,,,,,12,2,40,Layup Shot,3,Field Goal Made,,,,80,80,
2,10,29,Emmanuel Okoroba misses a jump shot.,98285,,true,false,false,Emmanuel,,Okoroba,,Hamp,,43,43,8,8,0,,,,,3,2,45,Jump Shot,4,Field Goal Missed,,,,189,189,
2,10,24,Personal foul committed by Breon Key.,109572,,false,false,false,Breon,,Key,,Hamp,,43,43,9,8,2,,,,,4,,1,Personal,8,Foul,,,,189,189,
2,10,24,Official TV timeout.,,,false,false,false,,,,,,,43,43,9,8,0,,,,,0,,3,Official TV,11,Timeout,,,,80,80,
2,10,24,Tim Frazier makes free throw 1st of 1-and-1.,88910,,true,false,false,Tim,,Frazier,,PSU,,44,43,9,8,1,,,,,5,1,8,Free Throw 1st of 1-and-1,1,Free Throw Made,,,,80,80,
2,10,24,Tim Frazier misses free throw 2nd of 1-and-1.,88910,,true,false,false,Tim,,Frazier,,PSU,,44,43,9,8,1,,,,,5,1,9,Free Throw 2nd of 1-and-1,2,Free Throw Missed,,,,80,80,
2,10,09,Ramon Mercado misses a jump shot.,117543,,true,false,false,Ramon,,Mercado,,Hamp,,44,43,9,8,1,,,,,3,2,45,Jump Shot,4,Field Goal Missed,,,,189,189,
2,9,22,Dwight Meikle misses a jump shot.,117542,,true,false,false,Dwight,,Meikle,,Hamp,,44,43,9,8,2,,,,,2,2,45,Jump Shot,4,Field Goal Missed,,,,189,189,
2,9,19,Personal foul committed by Dwight Meikle.,117542,,true,false,false,Dwight,,Meikle,,Hamp,,44,43,10,8,3,,,,,2,,1,Personal,8,Foul,,,,189,189,
2,9,19,Tim Frazier makes free throw 1 of 2.,88910,,true,false,false,Tim,,Frazier,,PSU,,45,43,10,8,1,,,,,6,1,11,Free Throw 1 of 2,1,Free Throw Made,,,,80,80,
2,9,19,Tim Frazier misses free throw 2 of 2.,88910,,true,false,false,Tim,,Frazier,,PSU,,45,43,10,8,1,,,,,6,1,12,Free Throw 2 of 2,2,Free Throw Missed,,,,80,80,
2,8,43,Brandon Taylor misses a 3-point jump shot.,116204,,true,false,false,Brandon,,Taylor,,PSU,,45,43,10,8,0,,,,,10,3,45,Jump Shot,4,Field Goal Missed,,,,80,80,
2,8,23,Deron Powers misses a layup shot.,117538,,true,false,false,Deron,,Powers,,Hamp,,45,43,10,8,2,,,,,8,2,40,Layup Shot,4,Field Goal Missed,,,,189,189,
2,8,15,Tim Frazier makes a layup shot.,88910,,true,false,false,Tim,,Frazier,,PSU,,47,43,10,8,1,,,,,8,2,40,Layup Shot,3,Field Goal Made,,,,80,80,
2,8,07,Hamp take a 20-second timeout.,,,false,false,false,,,,,,,47,43,10,8,0,,,,,0,,2,Short,11,Timeout,,,,189,189,
2,7,57,Du'Vaughn Maxwell makes a dunk shot.,98303,,true,false,false,Du'Vaughn,,Maxwell,,Hamp,,47,45,10,8,3,,,,,6,2,48,Dunk Shot,3,Field Goal Made,,,,189,189,
2,7,26,Ross Travis misses a layup shot.,109554,,true,false,false,Ross,,Travis,,PSU,,47,45,10,8,1,,,,,6,2,40,Layup Shot,4,Field Goal Missed,,,,80,80,
2,7,25,Shooting foul committed by Du'Vaughn Maxwell.,98303,,true,false,false,Du'Vaughn,,Maxwell,,Hamp,,47,45,11,8,4,,,,,6,,2,Shooting,8,Foul,,,,189,189,
2,7,25,Official TV timeout.,,,false,false,false,,,,,,,47,45,11,8,0,,,,,0,,3,Official TV,11,Timeout,,,,80,80,
2,7,25,Brandon Taylor makes free throw 1 of 2.,116204,,true,false,false,Brandon,,Taylor,,PSU,,48,45,11,8,0,,,,,11,1,11,Free Throw 1 of 2,1,Free Throw Made,,,,80,80,
2,7,25,Brandon Taylor makes free throw 2 of 2.,116204,,true,false,false,Brandon,,Taylor,,PSU,,49,45,11,8,0,,,,,12,1,12,Free Throw 2 of 2,1,Free Throw Made,,,,80,80,
2,7,12,Ke'Ron Brown misses a layup shot.,117540,,true,false,false,Ke'Ron,,Brown,,Hamp,,49,45,11,8,4,,,,,2,2,40,Layup Shot,4,Field Goal Missed,,,,189,189,
2,6,47,Geno Thorpe misses a jump shot.,120663,,true,false,false,Geno,,Thorpe,,PSU,,49,45,11,8,1,,,,,2,2,45,Jump Shot,4,Field Goal Missed,,,,80,80,
2,6,42,Geno Thorpe makes a tip shot.,120663,,true,false,false,Geno,,Thorpe,,PSU,,51,45,11,8,1,,,,,4,2,53,Tip Shot,3,Field Goal Made,,,,80,80,
2,6,26,Breon Key misses a jump shot.,109572,,false,false,false,Breon,,Key,,Hamp,,51,45,11,8,2,,,,,4,2,45,Jump Shot,4,Field Goal Missed,,,,189,189,
2,6,19,D.J. Newbill makes a dunk shot.,100504,,true,false,false,D.J.,,Newbill,,PSU,,53,45,11,8,3,,,,,14,2,48,Dunk Shot,3,Field Goal Made,,,,80,80,
2,5,43,Personal foul committed by Breon Key.,109572,,false,false,false,Breon,,Key,,Hamp,,53,45,12,8,3,,,,,4,,1,Personal,8,Foul,,,,189,189,
2,5,43,Geno Thorpe makes free throw 1 of 2.,120663,,true,false,false,Geno,,Thorpe,,PSU,,54,45,12,8,1,,,,,5,1,11,Free Throw 1 of 2,1,Free Throw Made,,,,80,80,
2,5,43,Geno Thorpe makes free throw 2 of 2.,120663,,true,false,false,Geno,,Thorpe,,PSU,,55,45,12,8,1,,,,,6,1,12,Free Throw 2 of 2,1,Free Throw Made,,,,80,80,
2,5,26,Personal foul committed by D.J. Newbill.,100504,,true,false,false,D.J.,,Newbill,,PSU,,55,45,12,9,4,,,,,14,,1,Personal,8,Foul,,,,80,80,
2,5,26,Brian Darden makes free throw 1st of 1-and-1.,111816,,true,false,false,Brian,,Darden,,Hamp,,55,46,12,9,2,,,,,16,1,8,Free Throw 1st of 1-and-1,1,Free Throw Made,,,,189,189,
2,5,26,Brian Darden makes free throw 2nd of 1-and-1.,111816,,true,false,false,Brian,,Darden,,Hamp,,55,47,12,9,2,,,,,17,1,9,Free Throw 2nd of 1-and-1,1,Free Throw Made,,,,189,189,
2,5,05,Brandon Taylor misses a 3-point jump shot.,116204,,true,false,false,Brandon,,Taylor,,PSU,,55,47,12,9,0,,,,,12,3,45,Jump Shot,4,Field Goal Missed,,,,80,80,
2,4,16,Tim Frazier misses a layup shot.,88910,,true,false,false,Tim,,Frazier,,PSU,,55,47,12,9,1,,,,,8,2,40,Layup Shot,4,Field Goal Missed,,,,80,80,
2,4,12,Jordan Dickerson misses a dunk shot.,117985,,true,false,false,Jordan,,Dickerson,,PSU,,55,47,12,9,3,,,,,4,2,48,Dunk Shot,4,Field Goal Missed,,,,80,80,
2,4,12,Brian Darden makes a dunk shot.,111816,,true,false,false,Brian,,Darden,,Hamp,,55,49,12,9,2,,,,,19,2,48,Dunk Shot,3,Field Goal Made,,,,189,189,
2,4,12,Shooting foul committed by Geno Thorpe.,120663,,true,false,false,Geno,,Thorpe,,PSU,,55,49,12,10,2,,,,,6,,2,Shooting,8,Foul,,,,80,80,
2,4,12,Brian Darden makes free throw 1 of 1.,111816,,true,false,false,Brian,,Darden,,Hamp,,55,50,12,10,2,,,,,20,1,10,Free Throw 1 of 1,1,Free Throw Made,,,,189,189,
2,3,53,Shooting foul committed by Jervon Pressley.,109579,,true,false,false,Jervon,,Pressley,,Hamp,,55,50,13,10,4,,,,,2,,2,Shooting,8,Foul,,,,189,189,
2,3,53,Official TV timeout.,,,false,false,false,,,,,,,55,50,13,10,0,,,,,0,,3,Official TV,11,Timeout,,,,80,80,
2,3,53,Tim Frazier makes free throw 1 of 2.,88910,,true,false,false,Tim,,Frazier,,PSU,,56,50,13,10,1,,,,,9,1,11,Free Throw 1 of 2,1,Free Throw Made,,,,80,80,
2,3,53,Tim Frazier makes free throw 2 of 2.,88910,,true,false,false,Tim,,Frazier,,PSU,,57,50,13,10,1,,,,,10,1,12,Free Throw 2 of 2,1,Free Throw Made,,,,80,80,
2,3,38,Deron Powers makes a 3-point jump shot.,117538,,true,false,false,Deron,,Powers,,Hamp,,57,53,13,10,2,,,,,11,3,45,Jump Shot,3,Field Goal Made,,,,189,189,
2,3,08,Brandon Taylor makes a jump shot.,116204,,true,false,false,Brandon,,Taylor,,PSU,,59,53,13,10,0,,,,,14,2,45,Jump Shot,3,Field Goal Made,,,,80,80,
2,2,53,Shooting foul committed by Jordan Dickerson.,117985,,true,false,false,Jordan,,Dickerson,,PSU,,59,53,13,11,4,,,,,4,,2,Shooting,8,Foul,,,,80,80,
2,2,53,Emmanuel Okoroba makes free throw 1 of 2.,98285,,true,false,false,Emmanuel,,Okoroba,,Hamp,,59,54,13,11,0,,,,,4,1,11,Free Throw 1 of 2,1,Free Throw Made,,,,189,189,
2,2,53,Emmanuel Okoroba makes free throw 2 of 2.,98285,,true,false,false,Emmanuel,,Okoroba,,Hamp,,59,55,13,11,0,,,,,5,1,12,Free Throw 2 of 2,1,Free Throw Made,,,,189,189,
2,2,34,Personal foul committed by Ke'Ron Brown.,117540,,true,false,false,Ke'Ron,,Brown,,Hamp,,59,55,14,11,5,,,,,2,,1,Personal,8,Foul,,,,189,189,
2,2,34,D.J. Newbill makes free throw 1 of 2.,100504,,true,false,false,D.J.,,Newbill,,PSU,,60,55,14,11,4,,,,,15,1,11,Free Throw 1 of 2,1,Free Throw Made,,,,80,80,
2,2,34,D.J. Newbill makes free throw 2 of 2.,100504,,true,false,false,D.J.,,Newbill,,PSU,,61,55,14,11,4,,,,,16,1,12,Free Throw 2 of 2,1,Free Throw Made,,,,80,80,
2,2,24,Brian Darden misses a 3-point jump shot.,111816,,true,false,false,Brian,,Darden,,Hamp,,61,55,14,11,2,,,,,20,3,45,Jump Shot,4,Field Goal Missed,,,,189,189,
2,1,58,Brandon Taylor misses a 3-point jump shot.,116204,,true,false,false,Brandon,,Taylor,,PSU,,61,55,14,11,0,,,,,14,3,45,Jump Shot,4,Field Goal Missed,,,,80,80,
2,1,53,Personal foul committed by Tim Frazier.,88910,,true,false,false,Tim,,Frazier,,PSU,,61,55,14,12,2,,,,,10,,1,Personal,8,Foul,,,,80,80,
2,1,53,Brian Darden makes free throw 1 of 2.,111816,,true,false,false,Brian,,Darden,,Hamp,,61,56,14,12,2,,,,,21,1,11,Free Throw 1 of 2,1,Free Throw Made,,,,189,189,
2,1,53,Brian Darden misses free throw 2 of 2.,111816,,true,false,false,Brian,,Darden,,Hamp,,61,56,14,12,2,,,,,21,1,12,Free Throw 2 of 2,2,Free Throw Missed,,,,189,189,
2,1,36,D.J. Newbill misses a layup shot.,100504,,true,false,false,D.J.,,Newbill,,PSU,,61,56,14,12,4,,,,,16,2,40,Layup Shot,4,Field Goal Missed,,,,80,80,
2,1,32,PSU take a 20-second timeout.,,,false,false,false,,,,,,,61,56,14,12,0,,,,,0,,2,Short,11,Timeout,,,,80,80,
2,1,16,Ross Travis misses a jump shot.,109554,,true,false,false,Ross,,Travis,,PSU,,61,56,14,12,1,,,,,6,2,45,Jump Shot,4,Field Goal Missed,,,,80,80,
2,1,09,Personal foul committed by Geno Thorpe.,120663,,true,false,false,Geno,,Thorpe,,PSU,,61,56,14,13,3,,,,,6,,1,Personal,8,Foul,,,,80,80,
2,1,09,Brian Darden misses free throw 1 of 2.,111816,,true,false,false,Brian,,Darden,,Hamp,,61,56,14,13,2,,,,,21,1,11,Free Throw 1 of 2,2,Free Throw Missed,,,,189,189,
2,1,09,Brian Darden makes free throw 2 of 2.,111816,,true,false,false,Brian,,Darden,,Hamp,,61,57,14,13,2,,,,,22,1,12,Free Throw 2 of 2,1,Free Throw Made,,,,189,189,
2,0,53.5,D.J. Newbill makes a jump shot.,100504,,true,false,false,D.J.,,Newbill,,PSU,,63,57,14,13,4,,,,,18,2,45,Jump Shot,3,Field Goal Made,,,,80,80,
2,0,49.1,Shooting foul committed by Brandon Taylor.,116204,,true,false,false,Brandon,,Taylor,,PSU,,63,57,14,14,1,,,,,14,,2,Shooting,8,Foul,,,,80,80,
2,0,49.1,Deron Powers makes free throw 1 of 2.,117538,,true,false,false,Deron,,Powers,,Hamp,,63,58,14,14,2,,,,,12,1,11,Free Throw 1 of 2,1,Free Throw Made,,,,189,189,
2,0,49.1,Deron Powers makes free throw 2 of 2.,117538,,true,false,false,Deron,,Powers,,Hamp,,63,59,14,14,2,,,,,13,1,12,Free Throw 2 of 2,1,Free Throw Made,,,,189,189,
2,0,49.1,PSU take a 20-second timeout.,,,false,false,false,,,,,,,63,59,14,14,0,,,,,0,,2,Short,11,Timeout,,,,80,80,
2,0,43.1,Personal foul committed by Dwight Meikle.,117542,,true,false,false,Dwight,,Meikle,,Hamp,,63,59,15,14,4,,,,,2,,1,Personal,8,Foul,,,,189,189,
2,0,43.1,D.J. Newbill misses free throw 1 of 2.,100504,,true,false,false,D.J.,,Newbill,,PSU,,63,59,15,14,4,,,,,18,1,11,Free Throw 1 of 2,2,Free Throw Missed,,,,80,80,
2,0,43.1,D.J. Newbill makes free throw 2 of 2.,100504,,true,false,false,D.J.,,Newbill,,PSU,,64,59,15,14,4,,,,,19,1,12,Free Throw 2 of 2,1,Free Throw Made,,,,80,80,
2,0,40.7,Hamp take a 20-second timeout.,,,false,false,false,,,,,,,64,59,15,14,0,,,,,0,,2,Short,11,Timeout,,,,189,189,
2,0,29.4,Deron Powers makes a layup shot.,117538,,true,false,false,Deron,,Powers,,Hamp,,64,61,15,14,2,,,,,15,2,40,Layup Shot,3,Field Goal Made,,,,189,189,
2,0,22.4,Shooting foul committed by Du'Vaughn Maxwell.,98303,,true,false,false,Du'Vaughn,,Maxwell,,Hamp,,64,61,16,14,5,,,,,6,,2,Shooting,8,Foul,,,,189,189,
2,0,22.4,Geno Thorpe makes free throw 1 of 2.,120663,,true,false,false,Geno,,Thorpe,,PSU,,65,61,16,14,3,,,,,7,1,11,Free Throw 1 of 2,1,Free Throw Made,,,,80,80,
2,0,22.4,Geno Thorpe makes free throw 2 of 2.,120663,,true,false,false,Geno,,Thorpe,,PSU,,66,61,16,14,3,,,,,8,1,12,Free Throw 2 of 2,1,Free Throw Made,,,,80,80,
2,0,16.0,Deron Powers makes a layup shot.,117538,,true,false,false,Deron,,Powers,,Hamp,,66,63,16,14,2,,,,,17,2,40,Layup Shot,3,Field Goal Made,,,,189,189,
2,0,16.0,Hamp take a 20-second timeout.,,,false,false,false,,,,,,,66,63,16,14,0,,,,,0,,2,Short,11,Timeout,,,,189,189,
2,0,11.5,Personal foul committed by Brian Darden.,111816,,true,false,false,Brian,,Darden,,Hamp,,66,63,17,14,3,,,,,22,,1,Personal,8,Foul,,,,189,189,
2,0,11.5,Graham Woodward misses free throw 1 of 2.,120662,,true,false,false,Graham,,Woodward,,PSU,,66,63,17,14,2,,,,,3,1,11,Free Throw 1 of 2,2,Free Throw Missed,,,,80,80,
2,0,11.5,Graham Woodward makes free throw 2 of 2.,120662,,true,false,false,Graham,,Woodward,,PSU,,67,63,17,14,2,,,,,4,1,12,Free Throw 2 of 2,1,Free Throw Made,,,,80,80,
2,0,06.0,Deron Powers makes a layup shot.,117538,,true,false,false,Deron,,Powers,,Hamp,,67,65,17,14,2,,,,,19,2,40,Layup Shot,3,Field Goal Made,,,,189,189,
2,0,06.0,Hamp take a full timeout.,,,false,false,false,,,,,,,67,65,17,14,0,,,,,0,,1,Regular,11,Timeout,,,,189,189,
2,0,04.3,Personal foul committed by Deron Powers.,117538,,true,false,false,Deron,,Powers,,Hamp,,67,65,18,14,3,,,,,19,,1,Personal,8,Foul,,,,189,189,
2,0,04.3,Geno Thorpe makes free throw 1 of 2.,120663,,true,false,false,Geno,,Thorpe,,PSU,,68,65,18,14,3,,,,,9,1,11,Free Throw 1 of 2,1,Free Throw Made,,,,80,80,
2,0,04.3,Geno Thorpe makes free throw 2 of 2.,120663,,true,false,false,Geno,,Thorpe,,PSU,,69,65,18,14,3,,,,,10,1,12,Free Throw 2 of 2,1,Free Throw Made,,,,80,80,
2,0,00,Deron Powers misses a 3-point jump shot.,117538,,true,false,false,Deron,,Powers,,Hamp,,69,65,18,14,3,,,,,19,3,45,Jump Shot,4,Field Goal Missed,,,,189,189,
2,0,00,End of the 2nd Half,,,false,false,false,,,,,,,69,65,18,14,0,,,,,0,,,,15,End Period,,,,80,80,
2,0,00,End of the Game,,,false,false,false,,,,,,,69,65,18,14,0,,,,,0,,,,19,Game Over,,,,80,80,
