half,time-minutes,time-seconds,details,player1-id,player2-id,player1-linkable,player2-linkable,player3-linkable,player-first-name-1,player-first-name-2,player-last-name-1,player-last-name-2,player-team-alias-1,player-team-alias-2,home-score,visitor-score,visitor-fouls,home-fouls,player-fouls,fastbreak,in-paint,second-chance,off-turnover,player-score,points-type,detail-id,detail-desc,event-id,event-desc,distance,x-coord,y-coord,team-id-1,team-id-2,team-id-3
1,20,00,Start of the 1st Half,,,false,false,false,,,,,,,0,0,0,0,0,,,,,0,,,,14,Start Period,,,,282,282,
1,19,09,Dennis Kramer makes a 3-point jump shot.,97261,,true,false,false,Dennis,,Kramer,,SD,,0,3,0,0,0,,,,,3,3,45,Jump Shot,3,Field Goal Made,,,,313,313,
1,18,40,Brett Bailey misses a 3-point jump shot.,120946,,true,false,false,Brett,,Bailey,,SD,,0,3,0,0,0,,,,,0,3,45,Jump Shot,4,Field Goal Missed,,,,313,313,
1,18,23,Paul Baxter misses a layup shot.,117427,,true,false,false,Paul,,Baxter,,SamHou,,0,3,0,0,0,,,,,0,2,40,Layup Shot,4,Field Goal Missed,,,,282,282,
1,18,00,Johnny Dee makes a jump shot.,110052,,true,false,false,Johnny,,Dee,,SD,,0,5,0,0,0,,,,,2,2,45,Jump Shot,3,Field Goal Made,,,,313,313,
1,17,42,James Thomas makes a layup shot.,117426,,true,false,false,James,,Thomas,,SamHou,,2,5,0,0,0,,,,,2,2,40,Layup Shot,3,Field Goal Made,,,,282,282,
1,17,11,Shooting foul committed by Paul Baxter.,117427,,true,false,false,Paul,,Baxter,,SamHou,,2,5,0,1,1,,,,,0,,2,Shooting,8,Foul,,,,282,282,
1,17,11,Brett Bailey makes free throw 1 of 2.,120946,,true,false,false,Brett,,Bailey,,SD,,2,6,0,1,0,,,,,1,1,11,Free Throw 1 of 2,1,Free Throw Made,,,,313,313,
1,17,11,Brett Bailey misses free throw 2 of 2.,120946,,true,false,false,Brett,,Bailey,,SD,,2,6,0,1,0,,,,,1,1,12,Free Throw 2 of 2,2,Free Throw Missed,,,,313,313,
1,17,04,Personal foul committed by Brett Bailey.,120946,,true,false,false,Brett,,Bailey,,SD,,2,6,1,1,1,,,,,1,,1,Personal,8,Foul,,,,313,313,
1,16,57,Kaheem Ransom misses a jump shot.,121861,,true,false,false,Kaheem,,Ransom,,SamHou,,2,6,1,1,0,,,,,0,2,45,Jump Shot,4,Field Goal Missed,,,,282,282,
1,16,55,Personal foul committed by Dennis Kramer.,97261,,true,false,false,Dennis,,Kramer,,SD,,2,6,2,1,1,,,,,3,,1,Personal,8,Foul,,,,313,313,
1,16,46,Aurimas Majauskas misses a layup shot.,121862,,true,false,false,Aurimas,,Majauskas,,SamHou,,2,6,2,1,0,,,,,0,2,40,Layup Shot,4,Field Goal Missed,,,,282,282,
1,16,30,Dennis Kramer makes a hook shot.,97261,,true,false,false,Dennis,,Kramer,,SD,,2,8,2,1,1,,,,,5,2,55,Hook Shot,3,Field Goal Made,,,,313,313,
1,16,00,Jabari Peters makes a 3-point jump shot.,111431,,true,false,false,Jabari,,Peters,,SamHou,,5,8,2,1,0,,,,,3,3,45,Jump Shot,3,Field Goal Made,,,,282,282,
1,15,59,Shooting foul committed by Christopher Anderson.,110051,,true,false,false,Christopher,,Anderson,,SD,,5,8,3,1,1,,,,,0,,2,Shooting,8,Foul,,,,313,313,
1,15,59,Official TV timeout.,,,false,false,false,,,,,,,5,8,3,1,0,,,,,0,,3,Official TV,11,Timeout,,,,282,282,
1,15,59,Jabari Peters misses free throw 1 of 1.,111431,,true,false,false,Jabari,,Peters,,SamHou,,5,8,3,1,0,,,,,3,1,10,Free Throw 1 of 1,2,Free Throw Missed,,,,282,282,
1,15,41,Personal foul committed by Aurimas Majauskas.,121862,,true,false,false,Aurimas,,Majauskas,,SamHou,,5,8,3,2,1,,,,,0,,1,Personal,8,Foul,,,,282,282,
1,15,22,Dennis Kramer misses a 3-point jump shot.,97261,,true,false,false,Dennis,,Kramer,,SD,,5,8,3,2,1,,,,,5,3,45,Jump Shot,4,Field Goal Missed,,,,313,313,
1,15,12,Paul Baxter makes a jump shot.,117427,,true,false,false,Paul,,Baxter,,SamHou,,7,8,3,2,1,,,,,2,2,45,Jump Shot,3,Field Goal Made,,,,282,282,
1,14,57,Christopher Anderson misses a jump shot.,110051,,true,false,false,Christopher,,Anderson,,SD,,7,8,3,2,1,,,,,0,2,45,Jump Shot,4,Field Goal Missed,,,,313,313,
1,14,41,James Thomas misses a jump shot.,117426,,true,false,false,James,,Thomas,,SamHou,,7,8,3,2,0,,,,,2,2,45,Jump Shot,4,Field Goal Missed,,,,282,282,
1,14,27,Shooting foul committed by Jabari Peters.,111431,,true,false,false,Jabari,,Peters,,SamHou,,7,8,3,3,1,,,,,3,,2,Shooting,8,Foul,,,,282,282,
1,14,26,Brett Bailey makes free throw 1 of 2.,120946,,true,false,false,Brett,,Bailey,,SD,,7,9,3,3,1,,,,,2,1,11,Free Throw 1 of 2,1,Free Throw Made,,,,313,313,
1,14,26,Brett Bailey makes free throw 2 of 2.,120946,,true,false,false,Brett,,Bailey,,SD,,7,10,3,3,1,,,,,3,1,12,Free Throw 2 of 2,1,Free Throw Made,,,,313,313,
1,14,04,Aurimas Majauskas makes a jump shot.,121862,,true,false,false,Aurimas,,Majauskas,,SamHou,,9,10,3,3,1,,,,,2,2,45,Jump Shot,3,Field Goal Made,,,,282,282,
1,13,46,Paul Baxter makes a layup shot.,117427,,true,false,false,Paul,,Baxter,,SamHou,,11,10,3,3,1,,,,,4,2,40,Layup Shot,3,Field Goal Made,,,,282,282,
1,13,45,Shooting foul committed by Johnny Dee.,110052,,true,false,false,Johnny,,Dee,,SD,,11,10,4,3,1,,,,,2,,2,Shooting,8,Foul,,,,313,313,
1,13,45,Paul Baxter makes free throw 1 of 1.,117427,,true,false,false,Paul,,Baxter,,SamHou,,12,10,4,3,1,,,,,5,1,10,Free Throw 1 of 1,1,Free Throw Made,,,,282,282,
1,13,27,Duda Sanadze misses a 3-point jump shot.,116979,,true,false,false,Duda,,Sanadze,,SD,,12,10,4,3,0,,,,,0,3,45,Jump Shot,4,Field Goal Missed,,,,313,313,
1,13,16,Christopher Anderson makes a 3-point jump shot.,110051,,true,false,false,Christopher,,Anderson,,SD,,12,13,4,3,1,,,,,3,3,45,Jump Shot,3,Field Goal Made,,,,313,313,
1,12,54,Terrance Motley misses a jump shot.,117428,,true,false,false,Terrance,,Motley,,SamHou,,12,13,4,3,0,,,,,0,2,45,Jump Shot,4,Field Goal Missed,,,,282,282,
1,12,45,Johnny Dee misses a layup shot.,110052,,true,false,false,Johnny,,Dee,,SD,,12,13,4,3,1,,,,,2,2,40,Layup Shot,4,Field Goal Missed,,,,313,313,
1,12,36,Terrance Motley misses a layup shot.,117428,,true,false,false,Terrance,,Motley,,SamHou,,12,13,4,3,0,,,,,0,2,40,Layup Shot,4,Field Goal Missed,,,,282,282,
1,12,25,Shooting foul committed by Will Bond.,117429,,true,false,false,Will,,Bond,,SamHou,,12,13,4,4,1,,,,,0,,2,Shooting,8,Foul,,,,282,282,
1,12,24,Duda Sanadze makes free throw 1 of 2.,116979,,true,false,false,Duda,,Sanadze,,SD,,12,14,4,4,0,,,,,1,1,11,Free Throw 1 of 2,1,Free Throw Made,,,,313,313,
1,12,24,Duda Sanadze makes free throw 2 of 2.,116979,,true,false,false,Duda,,Sanadze,,SD,,12,15,4,4,0,,,,,2,1,12,Free Throw 2 of 2,1,Free Throw Made,,,,313,313,
1,11,45,Personal foul committed by Michael Holyfield.,110337,,true,false,false,Michael,,Holyfield,,SamHou,,12,15,4,5,1,,,,,0,,1,Personal,8,Foul,,,,282,282,
1,11,45,Official TV timeout.,,,false,false,false,,,,,,,12,15,4,5,0,,,,,0,,3,Official TV,11,Timeout,,,,282,282,
1,11,19,Shooting foul committed by Terrance Motley.,117428,,true,false,false,Terrance,,Motley,,SamHou,,12,15,4,6,1,,,,,0,,2,Shooting,8,Foul,,,,282,282,
1,11,18,Thomas Jacobs misses free throw 1 of 2.,98145,,true,false,false,Thomas,,Jacobs,,SD,,12,15,4,6,0,,,,,0,1,11,Free Throw 1 of 2,2,Free Throw Missed,,,,313,313,
1,11,18,Thomas Jacobs makes free throw 2 of 2.,98145,,true,false,false,Thomas,,Jacobs,,SD,,12,16,4,6,0,,,,,1,1,12,Free Throw 2 of 2,1,Free Throw Made,,,,313,313,
1,11,04,Jabari Peters misses a jump shot.,111431,,true,false,false,Jabari,,Peters,,SamHou,,12,16,4,6,1,,,,,3,2,45,Jump Shot,4,Field Goal Missed,,,,282,282,
1,10,42,Thomas Jacobs makes a layup shot.,98145,,true,false,false,Thomas,,Jacobs,,SD,,12,18,4,6,0,,,,,3,2,40,Layup Shot,3,Field Goal Made,,,,313,313,
1,10,33,Jabari Peters makes a 3-point jump shot.,111431,,true,false,false,Jabari,,Peters,,SamHou,,15,18,4,6,1,,,,,6,3,45,Jump Shot,3,Field Goal Made,,,,282,282,
1,10,24,Johnny Dee misses a 3-point jump shot.,110052,,true,false,false,Johnny,,Dee,,SD,,15,18,4,6,1,,,,,2,3,45,Jump Shot,4,Field Goal Missed,,,,313,313,
1,10,13,Dennis Kramer makes a layup shot.,97261,,true,false,false,Dennis,,Kramer,,SD,,15,20,4,6,1,,,,,7,2,40,Layup Shot,3,Field Goal Made,,,,313,313,
1,10,00,Jabari Peters makes a 3-point jump shot.,111431,,true,false,false,Jabari,,Peters,,SamHou,,18,20,4,6,1,,,,,9,3,45,Jump Shot,3,Field Goal Made,,,,282,282,
1,9,12,Jito Kok makes a jump shot.,116980,,true,false,false,Jito,,Kok,,SD,,18,22,4,6,0,,,,,2,2,45,Jump Shot,3,Field Goal Made,,,,313,313,
1,8,47,Duda Sanadze makes a layup shot.,116979,,true,false,false,Duda,,Sanadze,,SD,,18,24,4,6,0,,,,,4,2,40,Layup Shot,3,Field Goal Made,,,,313,313,
1,8,27,Jabari Peters makes a layup shot.,111431,,true,false,false,Jabari,,Peters,,SamHou,,20,24,4,6,1,,,,,11,2,40,Layup Shot,3,Field Goal Made,,,,282,282,
1,8,11,Johnny Dee misses a jump shot.,110052,,true,false,false,Johnny,,Dee,,SD,,20,24,4,6,1,,,,,2,2,45,Jump Shot,4,Field Goal Missed,,,,313,313,
1,7,59,Personal foul committed by Dennis Kramer.,97261,,true,false,false,Dennis,,Kramer,,SD,,20,24,5,6,2,,,,,7,,1,Personal,8,Foul,,,,313,313,
1,7,59,Official TV timeout.,,,false,false,false,,,,,,,20,24,5,6,0,,,,,0,,3,Official TV,11,Timeout,,,,282,282,
1,7,55,Jabari Peters misses a 3-point jump shot.,111431,,true,false,false,Jabari,,Peters,,SamHou,,20,24,5,6,1,,,,,11,3,45,Jump Shot,4,Field Goal Missed,,,,282,282,
1,7,08,Paul Baxter misses a layup shot.,117427,,true,false,false,Paul,,Baxter,,SamHou,,20,24,5,6,1,,,,,5,2,40,Layup Shot,4,Field Goal Missed,,,,282,282,
1,7,03,Johnny Dee makes a 3-point jump shot.,110052,,true,false,false,Johnny,,Dee,,SD,,20,27,5,6,1,,,,,5,3,45,Jump Shot,3,Field Goal Made,,,,313,313,
1,6,43,Shooting foul committed by Jito Kok.,116980,,true,false,false,Jito,,Kok,,SD,,20,27,6,6,1,,,,,2,,2,Shooting,8,Foul,,,,313,313,
1,6,42,James Thomas makes free throw 1 of 2.,117426,,true,false,false,James,,Thomas,,SamHou,,21,27,6,6,0,,,,,3,1,11,Free Throw 1 of 2,1,Free Throw Made,,,,282,282,
1,6,42,James Thomas misses free throw 2 of 2.,117426,,true,false,false,James,,Thomas,,SamHou,,21,27,6,6,0,,,,,3,1,12,Free Throw 2 of 2,2,Free Throw Missed,,,,282,282,
1,6,18,Jito Kok makes a jump shot.,116980,,true,false,false,Jito,,Kok,,SD,,21,29,6,6,1,,,,,4,2,45,Jump Shot,3,Field Goal Made,,,,313,313,
1,6,05,Paul Baxter misses a jump shot.,117427,,true,false,false,Paul,,Baxter,,SamHou,,21,29,6,6,1,,,,,5,2,45,Jump Shot,4,Field Goal Missed,,,,282,282,
1,5,57,Personal foul committed by Michael Holyfield.,110337,,true,false,false,Michael,,Holyfield,,SamHou,,21,29,6,7,2,,,,,0,,1,Personal,8,Foul,,,,282,282,
1,5,57,Jito Kok makes .,116980,,true,false,false,Jito,,Kok,,SD,,21,30,6,7,1,,,,,5,1,,,1,Free Throw Made,,,,313,313,
1,5,57,Jito Kok misses .,116980,,true,false,false,Jito,,Kok,,SD,,21,30,6,7,1,,,,,5,1,,,2,Free Throw Missed,,,,313,313,
1,5,47,Shooting foul committed by Jito Kok.,116980,,true,false,false,Jito,,Kok,,SD,,21,30,7,7,2,,,,,5,,2,Shooting,8,Foul,,,,313,313,
1,5,47,Paul Baxter makes free throw 1 of 2.,117427,,true,false,false,Paul,,Baxter,,SamHou,,22,30,7,7,1,,,,,6,1,11,Free Throw 1 of 2,1,Free Throw Made,,,,282,282,
1,5,47,Paul Baxter makes free throw 2 of 2.,117427,,true,false,false,Paul,,Baxter,,SamHou,,23,30,7,7,1,,,,,7,1,12,Free Throw 2 of 2,1,Free Throw Made,,,,282,282,
1,5,26,Johnny Dee misses a layup shot.,110052,,true,false,false,Johnny,,Dee,,SD,,23,30,7,7,1,,,,,5,2,40,Layup Shot,4,Field Goal Missed,,,,313,313,
1,5,13,James Thomas makes a layup shot.,117426,,true,false,false,James,,Thomas,,SamHou,,25,30,7,7,0,,,,,5,2,40,Layup Shot,3,Field Goal Made,,,,282,282,
1,5,06,Offensive foul committed by Simi Fajemisin.,97259,,true,false,false,Simi,,Fajemisin,,SD,,25,30,8,7,1,,,,,0,,4,Offensive,8,Foul,,,,313,313,
1,4,53,Aurimas Majauskas misses a 3-point jump shot.,121862,,true,false,false,Aurimas,,Majauskas,,SamHou,,25,30,8,7,1,,,,,2,3,45,Jump Shot,4,Field Goal Missed,,,,282,282,
1,4,40,James Thomas misses a jump shot.,117426,,true,false,false,James,,Thomas,,SamHou,,25,30,8,7,0,,,,,5,2,45,Jump Shot,4,Field Goal Missed,,,,282,282,
1,4,15,Brett Bailey makes a dunk shot.,120946,,true,false,false,Brett,,Bailey,,SD,,25,32,8,7,1,,,,,5,2,48,Dunk Shot,3,Field Goal Made,,,,313,313,
1,3,59,Shooting foul committed by Brett Bailey.,120946,,true,false,false,Brett,,Bailey,,SD,,25,32,9,7,2,,,,,5,,2,Shooting,8,Foul,,,,313,313,
1,3,58,James Thomas misses free throw 1 of 2.,117426,,true,false,false,James,,Thomas,,SamHou,,25,32,9,7,0,,,,,5,1,11,Free Throw 1 of 2,2,Free Throw Missed,,,,282,282,
1,3,58,James Thomas makes free throw 2 of 2.,117426,,true,false,false,James,,Thomas,,SamHou,,26,32,9,7,0,,,,,6,1,12,Free Throw 2 of 2,1,Free Throw Made,,,,282,282,
1,3,39,Duda Sanadze misses a 3-point jump shot.,116979,,true,false,false,Duda,,Sanadze,,SD,,26,32,9,7,0,,,,,4,3,45,Jump Shot,4,Field Goal Missed,,,,313,313,
1,3,14,Paul Baxter makes a dunk shot.,117427,,true,false,false,Paul,,Baxter,,SamHou,,28,32,9,7,1,,,,,9,2,48,Dunk Shot,3,Field Goal Made,,,,282,282,
1,2,55,Thomas Jacobs misses a jump shot.,98145,,true,false,false,Thomas,,Jacobs,,SD,,28,32,9,7,0,,,,,3,2,45,Jump Shot,4,Field Goal Missed,,,,313,313,
1,2,43,Jabari Peters misses a 3-point jump shot.,111431,,true,false,false,Jabari,,Peters,,SamHou,,28,32,9,7,1,,,,,11,3,45,Jump Shot,4,Field Goal Missed,,,,282,282,
1,2,37,SD take a 20-second timeout.,,,false,false,false,,,,,,,28,32,9,7,0,,,,,0,,2,Short,11,Timeout,,,,313,313,
1,2,21,Christopher Anderson makes a 3-point jump shot.,110051,,true,false,false,Christopher,,Anderson,,SD,,28,35,9,7,1,,,,,6,3,45,Jump Shot,3,Field Goal Made,,,,313,313,
1,1,44,Kaheem Ransom misses a 3-point jump shot.,121861,,true,false,false,Kaheem,,Ransom,,SamHou,,28,35,9,7,0,,,,,0,3,45,Jump Shot,4,Field Goal Missed,,,,282,282,
1,1,24,Official TV timeout.,,,false,false,false,,,,,,,28,35,9,7,0,,,,,0,,3,Official TV,11,Timeout,,,,282,282,
1,0,33.0,Johnny Dee misses a 3-point jump shot.,110052,,true,false,false,Johnny,,Dee,,SD,,28,35,9,7,1,,,,,5,3,45,Jump Shot,4,Field Goal Missed,,,,313,313,
1,0,01.0,Thomas Jacobs makes a 3-point jump shot.,98145,,true,false,false,Thomas,,Jacobs,,SD,,28,38,9,7,0,,,,,6,3,45,Jump Shot,3,Field Goal Made,,,,313,313,
1,0,00,End of the 1st Half,,,false,false,false,,,,,,,28,38,9,7,0,,,,,0,,,,15,End Period,,,,282,282,
2,20,00,Start of the 2nd Half,,,false,false,false,,,,,,,28,38,0,0,0,,,,,0,,,,14,Start Period,,,,282,282,
2,19,44,Dennis Kramer misses a hook shot.,97261,,true,false,false,Dennis,,Kramer,,SD,,28,38,0,0,2,,,,,7,2,55,Hook Shot,4,Field Goal Missed,,,,313,313,
2,19,29,Kaheem Ransom makes a jump shot.,121861,,true,false,false,Kaheem,,Ransom,,SamHou,,30,38,0,0,0,,,,,2,2,45,Jump Shot,3,Field Goal Made,,,,282,282,
2,19,03,Christopher Anderson misses a 3-point jump shot.,110051,,true,false,false,Christopher,,Anderson,,SD,,30,38,0,0,1,,,,,6,3,45,Jump Shot,4,Field Goal Missed,,,,313,313,
2,18,44,James Thomas makes a layup shot.,117426,,true,false,false,James,,Thomas,,SamHou,,32,38,0,0,0,,,,,8,2,40,Layup Shot,3,Field Goal Made,,,,282,282,
2,18,25,Kaheem Ransom misses a layup shot.,121861,,true,false,false,Kaheem,,Ransom,,SamHou,,32,38,0,0,0,,,,,2,2,40,Layup Shot,4,Field Goal Missed,,,,282,282,
2,18,20,Michael Holyfield makes a tip shot.,110337,,true,false,false,Michael,,Holyfield,,SamHou,,34,38,0,0,2,,,,,2,2,53,Tip Shot,3,Field Goal Made,,,,282,282,
2,18,03,Johnny Dee makes a jump shot.,110052,,true,false,false,Johnny,,Dee,,SD,,34,40,0,0,1,,,,,7,2,45,Jump Shot,3,Field Goal Made,,,,313,313,
2,17,46,James Thomas makes a layup shot.,117426,,true,false,false,James,,Thomas,,SamHou,,36,40,0,0,0,,,,,10,2,40,Layup Shot,3,Field Goal Made,,,,282,282,
2,17,19,Christopher Anderson misses a layup shot.,110051,,true,false,false,Christopher,,Anderson,,SD,,36,40,0,0,1,,,,,6,2,40,Layup Shot,4,Field Goal Missed,,,,313,313,
2,17,17,Johnny Dee makes a jump shot.,110052,,true,false,false,Johnny,,Dee,,SD,,36,42,0,0,1,,,,,9,2,45,Jump Shot,3,Field Goal Made,,,,313,313,
2,16,49,James Thomas misses a jump shot.,117426,,true,false,false,James,,Thomas,,SamHou,,36,42,0,0,0,,,,,10,2,45,Jump Shot,4,Field Goal Missed,,,,282,282,
2,16,38,Kaheem Ransom makes a 3-point jump shot.,121861,,true,false,false,Kaheem,,Ransom,,SamHou,,39,42,0,0,0,,,,,5,3,45,Jump Shot,3,Field Goal Made,,,,282,282,
2,16,28,Personal foul committed by James Thomas.,117426,,true,false,false,James,,Thomas,,SamHou,,39,42,0,1,1,,,,,10,,1,Personal,8,Foul,,,,282,282,
2,16,23,Jito Kok misses a jump shot.,116980,,true,false,false,Jito,,Kok,,SD,,39,42,0,1,2,,,,,5,2,45,Jump Shot,4,Field Goal Missed,,,,313,313,
2,16,07,Jabari Peters makes a jump shot.,111431,,true,false,false,Jabari,,Peters,,SamHou,,41,42,0,1,1,,,,,13,2,45,Jump Shot,3,Field Goal Made,,,,282,282,
2,16,05,SD take a 20-second timeout.,,,false,false,false,,,,,,,41,42,0,1,0,,,,,0,,2,Short,11,Timeout,,,,313,313,
2,15,46,Personal foul committed by Michael Holyfield.,110337,,true,false,false,Michael,,Holyfield,,SamHou,,41,42,0,2,3,,,,,2,,1,Personal,8,Foul,,,,282,282,
2,15,46,Official TV timeout.,,,false,false,false,,,,,,,41,42,0,2,0,,,,,0,,3,Official TV,11,Timeout,,,,282,282,
2,15,21,Dennis Kramer makes a layup shot.,97261,,true,false,false,Dennis,,Kramer,,SD,,41,44,0,2,2,,,,,9,2,40,Layup Shot,3,Field Goal Made,,,,313,313,
2,15,06,Aurimas Majauskas misses a layup shot.,121862,,true,false,false,Aurimas,,Majauskas,,SamHou,,41,44,0,2,1,,,,,2,2,40,Layup Shot,4,Field Goal Missed,,,,282,282,
2,15,02,Aurimas Majauskas makes a tip shot.,121862,,true,false,false,Aurimas,,Majauskas,,SamHou,,43,44,0,2,1,,,,,4,2,53,Tip Shot,3,Field Goal Made,,,,282,282,
2,14,47,Duda Sanadze makes a 3-point jump shot.,116979,,true,false,false,Duda,,Sanadze,,SD,,43,47,0,2,0,,,,,7,3,45,Jump Shot,3,Field Goal Made,,,,313,313,
2,14,13,Aurimas Majauskas misses a layup shot.,121862,,true,false,false,Aurimas,,Majauskas,,SamHou,,43,47,0,2,1,,,,,4,2,40,Layup Shot,4,Field Goal Missed,,,,282,282,
2,13,43,Terrance Motley makes a layup shot.,117428,,true,false,false,Terrance,,Motley,,SamHou,,45,47,0,2,1,,,,,2,2,40,Layup Shot,3,Field Goal Made,,,,282,282,
2,13,25,Dennis Kramer makes a jump shot.,97261,,true,false,false,Dennis,,Kramer,,SD,,45,49,0,2,2,,,,,11,2,45,Jump Shot,3,Field Goal Made,,,,313,313,
2,13,03,Paul Baxter makes a 3-point jump shot.,117427,,true,false,false,Paul,,Baxter,,SamHou,,48,49,0,2,1,,,,,12,3,45,Jump Shot,3,Field Goal Made,,,,282,282,
2,12,43,Personal foul committed by Aurimas Majauskas.,121862,,true,false,false,Aurimas,,Majauskas,,SamHou,,48,49,0,3,2,,,,,4,,1,Personal,8,Foul,,,,282,282,
2,12,31,Johnny Dee makes a jump shot.,110052,,true,false,false,Johnny,,Dee,,SD,,48,51,0,3,1,,,,,11,2,45,Jump Shot,3,Field Goal Made,,,,313,313,
2,12,15,Terrance Motley misses a jump shot.,117428,,true,false,false,Terrance,,Motley,,SamHou,,48,51,0,3,1,,,,,2,2,45,Jump Shot,4,Field Goal Missed,,,,282,282,
2,11,53,Duda Sanadze makes a 3-point jump shot.,116979,,true,false,false,Duda,,Sanadze,,SD,,48,54,0,3,0,,,,,10,3,45,Jump Shot,3,Field Goal Made,,,,313,313,
2,11,43,SamHou take a 20-second timeout.,,,false,false,false,,,,,,,48,54,0,3,0,,,,,0,,2,Short,11,Timeout,,,,282,282,
2,11,22,Will Bond misses a 3-point jump shot.,117429,,true,false,false,Will,,Bond,,SamHou,,48,54,0,3,1,,,,,0,3,45,Jump Shot,4,Field Goal Missed,,,,282,282,
2,11,22,Official TV timeout.,,,false,false,false,,,,,,,48,54,0,3,0,,,,,0,,3,Official TV,11,Timeout,,,,282,282,
2,11,07,Shooting foul committed by Thomas Jacobs.,98145,,true,false,false,Thomas,,Jacobs,,SD,,48,54,1,3,1,,,,,6,,2,Shooting,8,Foul,,,,313,313,
2,11,07,Kaheem Ransom makes free throw 1 of 2.,121861,,true,false,false,Kaheem,,Ransom,,SamHou,,49,54,1,3,0,,,,,6,1,11,Free Throw 1 of 2,1,Free Throw Made,,,,282,282,
2,11,07,Kaheem Ransom misses free throw 2 of 2.,121861,,true,false,false,Kaheem,,Ransom,,SamHou,,49,54,1,3,0,,,,,6,1,12,Free Throw 2 of 2,2,Free Throw Missed,,,,282,282,
2,10,23,Shooting foul committed by Thomas Jacobs.,98145,,true,false,false,Thomas,,Jacobs,,SD,,49,54,2,3,2,,,,,6,,2,Shooting,8,Foul,,,,313,313,
2,10,23,James Thomas makes free throw 1 of 2.,117426,,true,false,false,James,,Thomas,,SamHou,,50,54,2,3,1,,,,,11,1,11,Free Throw 1 of 2,1,Free Throw Made,,,,282,282,
2,10,23,James Thomas makes free throw 2 of 2.,117426,,true,false,false,James,,Thomas,,SamHou,,51,54,2,3,1,,,,,12,1,12,Free Throw 2 of 2,1,Free Throw Made,,,,282,282,
2,10,15,Jabari Peters makes a layup shot.,111431,,true,false,false,Jabari,,Peters,,SamHou,,53,54,2,3,1,,,,,15,2,40,Layup Shot,3,Field Goal Made,,,,282,282,
2,9,18,Terrance Motley makes a 3-point jump shot.,117428,,true,false,false,Terrance,,Motley,,SamHou,,56,54,2,3,1,,,,,5,3,45,Jump Shot,3,Field Goal Made,,,,282,282,
2,9,16,SD take a 20-second timeout.,,,false,false,false,,,,,,,56,54,2,3,0,,,,,0,,2,Short,11,Timeout,,,,313,313,
2,8,53,Duda Sanadze makes a jump shot.,116979,,true,false,false,Duda,,Sanadze,,SD,,56,56,2,3,0,,,,,12,2,45,Jump Shot,3,Field Goal Made,,,,313,313,
2,8,37,Personal foul committed by Jito Kok.,116980,,true,false,false,Jito,,Kok,,SD,,56,56,3,3,3,,,,,5,,1,Personal,8,Foul,,,,313,313,
2,8,35,Kaheem Ransom misses a layup shot.,121861,,true,false,false,Kaheem,,Ransom,,SamHou,,56,56,3,3,0,,,,,6,2,40,Layup Shot,4,Field Goal Missed,,,,282,282,
2,8,28,James Thomas misses a layup shot.,117426,,true,false,false,James,,Thomas,,SamHou,,56,56,3,3,1,,,,,12,2,40,Layup Shot,4,Field Goal Missed,,,,282,282,
2,8,15,Paul Baxter makes a jump shot.,117427,,true,false,false,Paul,,Baxter,,SamHou,,58,56,3,3,1,,,,,14,2,45,Jump Shot,3,Field Goal Made,,,,282,282,
2,7,56,Dennis Kramer makes a jump shot.,97261,,true,false,false,Dennis,,Kramer,,SD,,58,58,3,3,2,,,,,13,2,45,Jump Shot,3,Field Goal Made,,,,313,313,
2,7,37,Terrance Motley misses a jump shot.,117428,,true,false,false,Terrance,,Motley,,SamHou,,58,58,3,3,1,,,,,5,2,45,Jump Shot,4,Field Goal Missed,,,,282,282,
2,7,36,Personal foul committed by Duda Sanadze.,116979,,true,false,false,Duda,,Sanadze,,SD,,58,58,4,3,1,,,,,12,,1,Personal,8,Foul,,,,313,313,
2,7,35,Official TV timeout.,,,false,false,false,,,,,,,58,58,4,3,0,,,,,0,,3,Official TV,11,Timeout,,,,282,282,
2,7,28,Personal foul committed by Terrance Motley.,117428,,true,false,false,Terrance,,Motley,,SamHou,,58,58,4,4,2,,,,,5,,1,Personal,8,Foul,,,,282,282,
2,7,07,Dennis Kramer misses a 3-point jump shot.,97261,,true,false,false,Dennis,,Kramer,,SD,,58,58,4,4,2,,,,,13,3,45,Jump Shot,4,Field Goal Missed,,,,313,313,
2,6,52,Terrance Motley makes a 3-point jump shot.,117428,,true,false,false,Terrance,,Motley,,SamHou,,61,58,4,4,2,,,,,8,3,45,Jump Shot,3,Field Goal Made,,,,282,282,
2,6,23,Johnny Dee misses a jump shot.,110052,,true,false,false,Johnny,,Dee,,SD,,61,58,4,4,1,,,,,11,2,45,Jump Shot,4,Field Goal Missed,,,,313,313,
2,6,12,Christopher Anderson misses a jump shot.,110051,,true,false,false,Christopher,,Anderson,,SD,,61,58,4,4,1,,,,,6,2,45,Jump Shot,4,Field Goal Missed,,,,313,313,
2,6,08,Shooting foul committed by Johnny Dee.,110052,,true,false,false,Johnny,,Dee,,SD,,61,58,5,4,2,,,,,11,,2,Shooting,8,Foul,,,,313,313,
2,6,07,Kaheem Ransom makes free throw 1 of 2.,121861,,true,false,false,Kaheem,,Ransom,,SamHou,,62,58,5,4,0,,,,,7,1,11,Free Throw 1 of 2,1,Free Throw Made,,,,282,282,
2,6,07,Kaheem Ransom makes free throw 2 of 2.,121861,,true,false,false,Kaheem,,Ransom,,SamHou,,63,58,5,4,0,,,,,8,1,12,Free Throw 2 of 2,1,Free Throw Made,,,,282,282,
2,5,34,SD take a 20-second timeout.,,,false,false,false,,,,,,,63,58,5,4,0,,,,,0,,2,Short,11,Timeout,,,,313,313,
2,5,24,Christopher Anderson makes a 3-point jump shot.,110051,,true,false,false,Christopher,,Anderson,,SD,,63,61,5,4,1,,,,,9,3,45,Jump Shot,3,Field Goal Made,,,,313,313,
2,5,04,James Thomas makes a layup shot.,117426,,true,false,false,James,,Thomas,,SamHou,,65,61,5,4,1,,,,,14,2,40,Layup Shot,3,Field Goal Made,,,,282,282,
2,4,33,Christopher Anderson makes a 3-point jump shot.,110051,,true,false,false,Christopher,,Anderson,,SD,,65,64,5,4,1,,,,,12,3,45,Jump Shot,3,Field Goal Made,,,,313,313,
2,4,20,SamHou take a 20-second timeout.,,,false,false,false,,,,,,,65,64,5,4,0,,,,,0,,2,Short,11,Timeout,,,,282,282,
2,3,57,Kaheem Ransom misses a 3-point jump shot.,121861,,true,false,false,Kaheem,,Ransom,,SamHou,,65,64,5,4,0,,,,,8,3,45,Jump Shot,4,Field Goal Missed,,,,282,282,
2,3,35,Dennis Kramer misses a jump shot.,97261,,true,false,false,Dennis,,Kramer,,SD,,65,64,5,4,2,,,,,13,2,45,Jump Shot,4,Field Goal Missed,,,,313,313,
2,3,14,Paul Baxter makes a jump shot.,117427,,true,false,false,Paul,,Baxter,,SamHou,,67,64,5,4,1,,,,,16,2,45,Jump Shot,3,Field Goal Made,,,,282,282,
2,2,55,Brett Bailey makes a layup shot.,120946,,true,false,false,Brett,,Bailey,,SD,,67,66,5,4,2,,,,,7,2,40,Layup Shot,3,Field Goal Made,,,,313,313,
2,2,32,James Thomas misses a jump shot.,117426,,true,false,false,James,,Thomas,,SamHou,,67,66,5,4,1,,,,,14,2,45,Jump Shot,4,Field Goal Missed,,,,282,282,
2,2,20,Jabari Peters misses a 3-point jump shot.,111431,,true,false,false,Jabari,,Peters,,SamHou,,67,66,5,4,1,,,,,15,3,45,Jump Shot,4,Field Goal Missed,,,,282,282,
2,2,06,Christopher Anderson makes a jump shot.,110051,,true,false,false,Christopher,,Anderson,,SD,,67,68,5,4,1,,,,,14,2,45,Jump Shot,3,Field Goal Made,,,,313,313,
2,1,52,Shooting foul committed by Brett Bailey.,120946,,true,false,false,Brett,,Bailey,,SD,,67,68,6,4,3,,,,,7,,2,Shooting,8,Foul,,,,313,313,
2,1,52,Official TV timeout.,,,false,false,false,,,,,,,67,68,6,4,0,,,,,0,,3,Official TV,11,Timeout,,,,282,282,
2,1,52,Jabari Peters makes free throw 1 of 3.,111431,,true,false,false,Jabari,,Peters,,SamHou,,68,68,6,4,1,,,,,16,1,13,Free Throw 1 of 3,1,Free Throw Made,,,,282,282,
2,1,52,Jabari Peters makes free throw 2 of 3.,111431,,true,false,false,Jabari,,Peters,,SamHou,,69,68,6,4,1,,,,,17,1,14,Free Throw 2 of 3,1,Free Throw Made,,,,282,282,
2,1,52,Jabari Peters makes free throw 3 of 3.,111431,,true,false,false,Jabari,,Peters,,SamHou,,70,68,6,4,1,,,,,18,1,15,Free Throw 3 of 3,1,Free Throw Made,,,,282,282,
2,1,41,Shooting foul committed by Terrance Motley.,117428,,true,false,false,Terrance,,Motley,,SamHou,,70,68,6,5,3,,,,,8,,2,Shooting,8,Foul,,,,282,282,
2,1,41,Christopher Anderson makes free throw 1 of 2.,110051,,true,false,false,Christopher,,Anderson,,SD,,70,69,6,5,1,,,,,15,1,11,Free Throw 1 of 2,1,Free Throw Made,,,,313,313,
2,1,41,Christopher Anderson makes free throw 2 of 2.,110051,,true,false,false,Christopher,,Anderson,,SD,,70,70,6,5,1,,,,,16,1,12,Free Throw 2 of 2,1,Free Throw Made,,,,313,313,
2,1,31,SamHou take a 20-second timeout.,,,false,false,false,,,,,,,70,70,6,5,0,,,,,0,,2,Short,11,Timeout,,,,282,282,
2,1,22,Paul Baxter misses a jump shot.,117427,,true,false,false,Paul,,Baxter,,SamHou,,70,70,6,5,1,,,,,16,2,45,Jump Shot,4,Field Goal Missed,,,,282,282,
2,1,11,Shooting foul committed by Duda Sanadze.,116979,,true,false,false,Duda,,Sanadze,,SD,,70,70,7,5,2,,,,,12,,2,Shooting,8,Foul,,,,313,313,
2,1,11,Kaheem Ransom makes free throw 1 of 2.,121861,,true,false,false,Kaheem,,Ransom,,SamHou,,71,70,7,5,0,,,,,9,1,11,Free Throw 1 of 2,1,Free Throw Made,,,,282,282,
2,1,10,Kaheem Ransom makes free throw 2 of 2.,121861,,true,false,false,Kaheem,,Ransom,,SamHou,,72,70,7,5,0,,,,,10,1,12,Free Throw 2 of 2,1,Free Throw Made,,,,282,282,
2,0,52.0,Christopher Anderson makes a jump shot.,110051,,true,false,false,Christopher,,Anderson,,SD,,72,72,7,5,1,,,,,18,2,45,Jump Shot,3,Field Goal Made,,,,313,313,
2,0,52.0,Shooting foul committed by Terrance Motley.,117428,,true,false,false,Terrance,,Motley,,SamHou,,72,72,7,6,4,,,,,8,,2,Shooting,8,Foul,,,,282,282,
2,0,52.0,Christopher Anderson makes free throw 1 of 1.,110051,,true,false,false,Christopher,,Anderson,,SD,,72,73,7,6,1,,,,,19,1,10,Free Throw 1 of 1,1,Free Throw Made,,,,313,313,
2,0,43.0,Terrance Motley misses a 3-point jump shot.,117428,,true,false,false,Terrance,,Motley,,SamHou,,72,73,7,6,4,,,,,8,3,45,Jump Shot,4,Field Goal Missed,,,,282,282,
2,0,20.0,Personal foul committed by Paul Baxter.,117427,,true,false,false,Paul,,Baxter,,SamHou,,72,73,7,7,2,,,,,16,,1,Personal,8,Foul,,,,282,282,
2,0,19.0,Johnny Dee makes free throw 1 of 2.,110052,,true,false,false,Johnny,,Dee,,SD,,72,74,7,7,2,,,,,12,1,11,Free Throw 1 of 2,1,Free Throw Made,,,,313,313,
2,0,19.0,Johnny Dee makes free throw 2 of 2.,110052,,true,false,false,Johnny,,Dee,,SD,,72,75,7,7,2,,,,,13,1,12,Free Throw 2 of 2,1,Free Throw Made,,,,313,313,
2,0,17.0,SamHou take a 20-second timeout.,,,false,false,false,,,,,,,72,75,7,7,0,,,,,0,,2,Short,11,Timeout,,,,282,282,
2,0,10.1,Jabari Peters misses a jump shot.,111431,,true,false,false,Jabari,,Peters,,SamHou,,72,75,7,7,1,,,,,18,2,45,Jump Shot,4,Field Goal Missed,,,,282,282,
2,0,06.7,Personal foul committed by Jabari Peters.,111431,,true,false,false,Jabari,,Peters,,SamHou,,72,75,7,8,2,,,,,18,,1,Personal,8,Foul,,,,282,282,
2,0,06.6,Johnny Dee makes .,110052,,true,false,false,Johnny,,Dee,,SD,,72,76,7,8,2,,,,,14,1,,,1,Free Throw Made,,,,313,313,
2,0,06.5,Johnny Dee makes free throw 2nd of 1-and-1.,110052,,true,false,false,Johnny,,Dee,,SD,,72,77,7,8,2,,,,,15,1,9,Free Throw 2nd of 1-and-1,1,Free Throw Made,,,,313,313,
2,0,04.2,Kaheem Ransom misses a 3-point jump shot.,121861,,true,false,false,Kaheem,,Ransom,,SamHou,,72,77,7,8,0,,,,,10,3,45,Jump Shot,4,Field Goal Missed,,,,282,282,
2,0,00,End of the 2nd Half,,,false,false,false,,,,,,,72,77,7,8,0,,,,,0,,,,15,End Period,,,,282,282,
2,0,00,End of the Game,,,false,false,false,,,,,,,72,77,7,8,0,,,,,0,,,,19,Game Over,,,,282,282,
