half,time-minutes,time-seconds,details,player1-id,player2-id,player1-linkable,player2-linkable,player3-linkable,player-first-name-1,player-first-name-2,player-last-name-1,player-last-name-2,player-team-alias-1,player-team-alias-2,home-score,visitor-score,visitor-fouls,home-fouls,player-fouls,fastbreak,in-paint,second-chance,off-turnover,player-score,points-type,detail-id,detail-desc,event-id,event-desc,distance,x-coord,y-coord,team-id-1,team-id-2,team-id-3
1,20,00,Start of the 1st Half,,,false,false,false,,,,,,,0,0,0,0,0,,,,,0,,,,14,Start Period,,,,88,88,
1,19,39,Earnest Ross makes a 3-point jump shot from 25 feet out. Jordan Clarkson with the assist.,88591,97385,true,true,false,Earnest,Jordan,Ross,Clarkson,Missou,Missou,3,0,0,0,0,,,,,3,3,45,Jump Shot,3,Field Goal Made,25,-15.2,20,88,88,
1,19,19,Matt Bingaya with a traveling turnover: Traveling,121233,,true,false,false,Matt,,Bingaya,,SouMis,,3,0,0,0,0,,,,,0,,4,Traveling,7,Turnover,,,,124,124,
1,18,40,Jabari Brown makes a layup shot. Jordan Clarkson with the assist.,110167,97385,true,true,false,Jabari,Jordan,Brown,Clarkson,Missou,Missou,5,0,0,0,0,,,,,2,2,40,Layup Shot,3,Field Goal Made,0,0,0,88,88,
1,18,19,Aaron Brown makes a jump shot from 11 feet out.,97378,,true,false,false,Aaron,,Brown,,SouMis,,5,2,0,0,0,,,,,2,2,45,Jump Shot,3,Field Goal Made,11,11.1,2.5,124,124,
1,18,03,Jabari Brown with a lost ball turnover: Lost Ball,110167,,true,false,false,Jabari,,Brown,,Missou,,5,2,0,0,0,,,,,2,,2,Lost Ball,7,Turnover,,,,88,88,
1,17,46,Matt Bingaya misses a layup shot.,121233,,true,false,false,Matt,,Bingaya,,SouMis,,5,2,0,0,0,,,,,0,2,40,Layup Shot,4,Field Goal Missed,0,0,0,124,124,
1,17,46,Ryan Rosburg with a defensive rebound.,116577,,true,false,false,Ryan,,Rosburg,,Missou,,5,2,0,0,0,,,,,0,,,,6,Defensive Rebound,,,,88,88,
1,17,05,Jordan Clarkson misses a jump shot from 16 feet out.,97385,,true,false,false,Jordan,,Clarkson,,Missou,,5,2,0,0,0,,,,,0,2,45,Jump Shot,4,Field Goal Missed,16,-13.5,8.6,88,88,
1,17,05,Aaron Brown with a defensive rebound.,97378,,true,false,false,Aaron,,Brown,,SouMis,,5,2,0,0,0,,,,,2,,,,6,Defensive Rebound,,,,124,124,
1,16,55,Jerrold Brooks makes a 3-point jump shot from 24 feet out. Aaron Brown with the assist.,116269,97378,true,true,false,Jerrold,Aaron,Brooks,Brown,SouMis,SouMis,5,5,0,0,0,,,,,3,3,45,Jump Shot,3,Field Goal Made,24,8.8,22.4,124,124,
1,16,51,Jabari Brown misses a 3-point jump shot from 25 feet out.,110167,,true,false,false,Jabari,,Brown,,Missou,,5,5,0,0,0,,,,,2,3,45,Jump Shot,4,Field Goal Missed,25,3,24.4,88,88,
1,16,51,Daveon Boardingham with a defensive rebound.,116268,,true,false,false,Daveon,,Boardingham,,SouMis,,5,5,0,0,0,,,,,0,,,,6,Defensive Rebound,,,,124,124,
1,16,50,Neil Watson misses a 3-point jump shot from 24 feet out.,88463,,true,false,false,Neil,,Watson,,SouMis,,5,5,0,0,0,,,,,0,3,45,Jump Shot,4,Field Goal Missed,24,-.3,23.7,124,124,
1,16,50,Earnest Ross with a defensive rebound.,88591,,true,false,false,Earnest,,Ross,,Missou,,5,5,0,0,0,,,,,3,,,,6,Defensive Rebound,,,,88,88,
1,16,50,Shooting foul committed by Daveon Boardingham.,116268,,true,false,false,Daveon,,Boardingham,,SouMis,,5,5,1,0,1,,,,,0,,2,Shooting,8,Foul,,,,124,124,
1,16,50,Earnest Ross makes free throw 1 of 2.,88591,,true,false,false,Earnest,,Ross,,Missou,,6,5,1,0,0,,,,,4,1,11,Free Throw 1 of 2,1,Free Throw Made,,,,88,88,
1,16,50,Earnest Ross makes free throw 2 of 2.,88591,,true,false,false,Earnest,,Ross,,Missou,,7,5,1,0,0,,,,,5,1,12,Free Throw 2 of 2,1,Free Throw Made,,,,88,88,
1,16,26,Jerrold Brooks misses a 3-point jump shot from 23 feet out.,116269,,true,false,false,Jerrold,,Brooks,,SouMis,,7,5,1,0,0,,,,,3,3,45,Jump Shot,4,Field Goal Missed,23,-22.7,3.3,124,124,
1,16,26,Jerrold Brooks with an offensive rebound.,116269,,true,false,false,Jerrold,,Brooks,,SouMis,,7,5,1,0,0,,,,,3,,,,5,Offensive Rebound,,,,124,124,
1,16,23,Jerrold Brooks with a lost ball turnover: Lost Ball,116269,,true,false,false,Jerrold,,Brooks,,SouMis,,7,5,1,0,0,,,,,3,,2,Lost Ball,7,Turnover,,,,124,124,
1,16,08,Danny Feldmann misses a layup shot.,97827,,true,false,false,Danny,,Feldmann,,Missou,,7,5,1,0,0,,,,,0,2,40,Layup Shot,4,Field Goal Missed,0,0,0,88,88,
1,16,08,Michael Craig with a defensive rebound.,117762,,true,false,false,Michael,,Craig,,SouMis,,7,5,1,0,0,,,,,0,,,,6,Defensive Rebound,,,,124,124,
1,15,58,Michael Craig with a traveling turnover: Traveling,117762,,true,false,false,Michael,,Craig,,SouMis,,7,5,1,0,0,,,,,0,,4,Traveling,7,Turnover,,,,124,124,
1,15,45,Earnest Ross misses a 3-point jump shot from 22 feet out.,88591,,true,false,false,Earnest,,Ross,,Missou,,7,5,1,0,0,,,,,5,3,45,Jump Shot,4,Field Goal Missed,22,22,3,88,88,
1,15,45,Jerrold Brooks with a defensive rebound.,116269,,true,false,false,Jerrold,,Brooks,,SouMis,,7,5,1,0,0,,,,,3,,,,6,Defensive Rebound,,,,124,124,
1,15,45,Personal foul committed by Danny Feldmann.,97827,,true,false,false,Danny,,Feldmann,,Missou,,7,5,1,1,1,,,,,0,,1,Personal,8,Foul,,,,88,88,
1,15,45,Official TV timeout.,,,false,false,false,,,,,,,7,5,1,1,0,,,,,0,,3,Official TV,11,Timeout,,,,88,88,
1,15,45,Jeremiah Eason misses free throw 1 of 2.,122164,,true,false,false,Jeremiah,,Eason,,SouMis,,7,5,1,1,0,,,,,0,1,11,Free Throw 1 of 2,2,Free Throw Missed,,,,124,124,
1,15,45,SouMis with an offensive rebound.,,,false,false,false,,,,,,,7,5,1,1,0,,,,,0,,,,5,Offensive Rebound,,,,124,124,
1,15,45,Jeremiah Eason misses free throw 2 of 2.,122164,,true,false,false,Jeremiah,,Eason,,SouMis,,7,5,1,1,0,,,,,0,1,12,Free Throw 2 of 2,2,Free Throw Missed,,,,124,124,
1,15,45,Missou with a defensive rebound.,,,false,false,false,,,,,,,7,5,1,1,0,,,,,0,,,,6,Defensive Rebound,,,,88,88,
1,15,20,Jordan Clarkson makes a 3-point jump shot from 23 feet out. Earnest Ross with the assist.,97385,88591,true,true,false,Jordan,Earnest,Clarkson,Ross,Missou,Missou,10,5,1,1,0,,,,,3,3,45,Jump Shot,3,Field Goal Made,23,-22.9,3.1,88,88,
1,14,55,Jeremiah Eason with a lost ball turnover: Lost Ball,122164,,true,false,false,Jeremiah,,Eason,,SouMis,,10,5,1,1,0,,,,,0,,2,Lost Ball,7,Turnover,,,,124,124,
1,14,40,Earnest Ross with a lost ball turnover: Lost Ball,88591,,true,false,false,Earnest,,Ross,,Missou,,10,5,1,1,0,,,,,5,,2,Lost Ball,7,Turnover,,,,88,88,
1,14,29,Chip Armelin makes a 3-point jump shot from 24 feet out. Neil Watson with the assist.,100130,88463,true,true,false,Chip,Neil,Armelin,Watson,SouMis,SouMis,10,8,1,1,0,,,,,3,3,45,Jump Shot,3,Field Goal Made,24,-5.9,23.4,124,124,
1,14,04,Jabari Brown misses a jump shot from 11 feet out.,110167,,true,false,false,Jabari,,Brown,,Missou,,10,8,1,1,0,,,,,2,2,45,Jump Shot,4,Field Goal Missed,11,-2.6,10.6,88,88,
1,14,04,Neil Watson with a defensive rebound.,88463,,true,false,false,Neil,,Watson,,SouMis,,10,8,1,1,0,,,,,0,,,,6,Defensive Rebound,,,,124,124,
1,14,04,Personal foul committed by Jabari Brown.,110167,,true,false,false,Jabari,,Brown,,Missou,,10,8,1,2,1,,,,,2,,1,Personal,8,Foul,,,,88,88,
1,13,39,Chip Armelin misses a 3-point jump shot from 23 feet out.,100130,,true,false,false,Chip,,Armelin,,SouMis,,10,8,1,2,0,,,,,3,3,45,Jump Shot,4,Field Goal Missed,23,17.4,14.7,124,124,
1,13,39,Shane Rector with a defensive rebound.,120732,,true,false,false,Shane,,Rector,,Missou,,10,8,1,2,0,,,,,0,,,,6,Defensive Rebound,,,,88,88,
1,13,17,Jabari Brown with a bad pass turnover: Bad Pass,110167,,true,false,false,Jabari,,Brown,,Missou,,10,8,1,2,1,,,,,2,,1,Bad Pass,7,Turnover,,,,88,88,
1,13,05,Michael Craig with a bad pass turnover: Bad Pass,117762,,true,false,false,Michael,,Craig,,SouMis,,10,8,1,2,0,,,,,0,,1,Bad Pass,7,Turnover,,,,124,124,
1,12,51,Ryan Rosburg with a 3 second violation turnover: 3 Second Violation,116577,,true,false,false,Ryan,,Rosburg,,Missou,,10,8,1,2,0,,,,,0,,8,3 Second Violation,7,Turnover,,,,88,88,
1,12,27,Deonte Houston misses a jump shot from 9 feet out.,122165,,true,false,false,Deonte,,Houston,,SouMis,,10,8,1,2,0,,,,,0,2,45,Jump Shot,4,Field Goal Missed,9,-.9,9.3,124,124,
1,12,27,"Johnathan Williams, III with a defensive rebound.",120731,,true,false,false,Johnathan,,"Williams, III",,Missou,,10,8,1,2,0,,,,,0,,,,6,Defensive Rebound,,,,88,88,
1,12,19,Shane Rector misses a jump shot from 11 feet out.,120732,,true,false,false,Shane,,Rector,,Missou,,10,8,1,2,0,,,,,0,2,45,Jump Shot,4,Field Goal Missed,11,2,10.6,88,88,
1,12,19,Michael Craig with a defensive rebound.,117762,,true,false,false,Michael,,Craig,,SouMis,,10,8,1,2,0,,,,,0,,,,6,Defensive Rebound,,,,124,124,
1,12,12,Personal foul committed by Daveon Boardingham.,116268,,true,false,false,Daveon,,Boardingham,,SouMis,,10,8,2,2,2,,,,,0,,1,Personal,8,Foul,,,,124,124,
1,12,12,"Personal foul committed by Johnathan Williams, III.",120731,,true,false,false,Johnathan,,"Williams, III",,Missou,,10,8,2,3,1,,,,,0,,1,Personal,8,Foul,,,,88,88,
1,12,09,Personal foul committed by Jordan Clarkson.,97385,,true,false,false,Jordan,,Clarkson,,Missou,,10,8,2,4,1,,,,,3,,1,Personal,8,Foul,,,,88,88,
1,11,45,Deonte Houston misses a jump shot from 11 feet out.,122165,,true,false,false,Deonte,,Houston,,SouMis,,10,8,2,4,0,,,,,0,2,45,Jump Shot,4,Field Goal Missed,11,3.5,10.4,124,124,
1,11,45,Michael Craig with an offensive rebound.,117762,,true,false,false,Michael,,Craig,,SouMis,,10,8,2,4,0,,,,,0,,,,5,Offensive Rebound,,,,124,124,
1,11,37,Michael Craig makes a jump shot from 6 feet out.,117762,,true,false,false,Michael,,Craig,,SouMis,,10,10,2,4,0,,,,,2,2,45,Jump Shot,3,Field Goal Made,6,-1.3,5.3,124,124,
1,11,28,Jabari Brown makes a 3-point jump shot from 24 feet out.,110167,,true,false,false,Jabari,,Brown,,Missou,,13,10,2,4,1,,,,,5,3,45,Jump Shot,3,Field Goal Made,24,2.6,24.1,88,88,
1,11,10,Shooting foul committed by Ryan Rosburg.,116577,,true,false,false,Ryan,,Rosburg,,Missou,,13,10,2,5,1,,,,,0,,2,Shooting,8,Foul,,,,88,88,
1,11,10,Official TV timeout.,,,false,false,false,,,,,,,13,10,2,5,0,,,,,0,,3,Official TV,11,Timeout,,,,88,88,
1,11,10,Michael Craig misses free throw 1 of 2.,117762,,true,false,false,Michael,,Craig,,SouMis,,13,10,2,5,0,,,,,2,1,11,Free Throw 1 of 2,2,Free Throw Missed,,,,124,124,
1,11,10,SouMis with an offensive rebound.,,,false,false,false,,,,,,,13,10,2,5,0,,,,,0,,,,5,Offensive Rebound,,,,124,124,
1,11,10,Michael Craig makes free throw 2 of 2.,117762,,true,false,false,Michael,,Craig,,SouMis,,13,11,2,5,0,,,,,3,1,12,Free Throw 2 of 2,1,Free Throw Made,,,,124,124,
1,10,45,"Johnathan Williams, III with a lost ball out of bounds turnover: Lost Ball Out of Bounds",120731,,true,false,false,Johnathan,,"Williams, III",,Missou,,13,11,2,5,1,,,,,0,,23,Lost Ball Out of Bounds,7,Turnover,,,,88,88,
1,10,25,Neil Watson makes a 3-point jump shot from 24 feet out. Michael Craig with the assist.,88463,117762,true,true,false,Neil,Michael,Watson,Craig,SouMis,SouMis,13,14,2,5,0,,,,,3,3,45,Jump Shot,3,Field Goal Made,24,3,23.7,124,124,
1,10,21,Personal foul committed by Neil Watson.,88463,,true,false,false,Neil,,Watson,,SouMis,,13,14,3,5,1,,,,,3,,1,Personal,8,Foul,,,,124,124,
1,9,53,Shooting foul committed by Aaron Brown.,97378,,true,false,false,Aaron,,Brown,,SouMis,,13,14,4,5,1,,,,,2,,2,Shooting,8,Foul,,,,124,124,
1,9,53,Keanau Post misses free throw 1 of 2.,120734,,true,false,false,Keanau,,Post,,Missou,,13,14,4,5,0,,,,,0,1,11,Free Throw 1 of 2,2,Free Throw Missed,,,,88,88,
1,9,53,Missou with an offensive rebound.,,,false,false,false,,,,,,,13,14,4,5,0,,,,,0,,,,5,Offensive Rebound,,,,88,88,
1,9,53,Keanau Post makes free throw 2 of 2.,120734,,true,false,false,Keanau,,Post,,Missou,,14,14,4,5,0,,,,,1,1,12,Free Throw 2 of 2,1,Free Throw Made,,,,88,88,
1,9,35,Jeremiah Eason makes a jump shot from 7 feet out. Neil Watson with the assist.,122164,88463,true,true,false,Jeremiah,Neil,Eason,Watson,SouMis,SouMis,14,16,4,5,0,,,,,2,2,45,Jump Shot,3,Field Goal Made,7,-3.8,5.3,124,124,
1,9,08,Jordan Clarkson misses a 3-point jump shot from 24 feet out.,97385,,true,false,false,Jordan,,Clarkson,,Missou,,14,16,4,5,1,,,,,3,3,45,Jump Shot,4,Field Goal Missed,24,-5.4,23.7,88,88,
1,9,08,Keanau Post with an offensive rebound.,120734,,true,false,false,Keanau,,Post,,Missou,,14,16,4,5,0,,,,,1,,,,5,Offensive Rebound,,,,88,88,
1,8,52,Keanau Post with a lost ball turnover: Lost Ball,120734,,true,false,false,Keanau,,Post,,Missou,,14,16,4,5,0,,,,,1,,2,Lost Ball,7,Turnover,,,,88,88,
1,8,48,Michael Craig makes a jump shot from 6 feet out. Neil Watson with the assist.,117762,88463,true,true,false,Michael,Neil,Craig,Watson,SouMis,SouMis,14,18,4,5,0,,,,,5,2,45,Jump Shot,3,Field Goal Made,6,-1.3,6.4,124,124,
1,8,38,Personal foul committed by Jeremiah Eason.,122164,,true,false,false,Jeremiah,,Eason,,SouMis,,14,18,5,5,1,,,,,2,,1,Personal,8,Foul,,,,124,124,
1,8,35,Offensive foul committed by Ryan Rosburg.,116577,,true,false,false,Ryan,,Rosburg,,Missou,,14,18,5,6,2,,,,,0,,4,Offensive,8,Foul,,,,88,88,
1,8,35,Ryan Rosburg with a  turnover:,116577,,true,false,false,Ryan,,Rosburg,,Missou,,14,18,5,6,2,,,,,0,,,,7,Turnover,,,,88,88,
1,8,02,Neil Watson misses a 3-point jump shot from 24 feet out.,88463,,true,false,false,Neil,,Watson,,SouMis,,14,18,5,6,1,,,,,3,3,45,Jump Shot,4,Field Goal Missed,24,13.4,19.5,124,124,
1,8,02,Deonte Houston with an offensive rebound.,122165,,true,false,false,Deonte,,Houston,,SouMis,,14,18,5,6,0,,,,,0,,,,5,Offensive Rebound,,,,124,124,
1,7,32,Neil Watson with a lost ball turnover: Lost Ball,88463,,true,false,false,Neil,,Watson,,SouMis,,14,18,5,6,1,,,,,3,,2,Lost Ball,7,Turnover,,,,124,124,
1,7,29,Shooting foul committed by Deonte Houston.,122165,,true,false,false,Deonte,,Houston,,SouMis,,14,18,6,6,1,,,,,0,,2,Shooting,8,Foul,,,,124,124,
1,7,29,Official TV timeout.,,,false,false,false,,,,,,,14,18,6,6,0,,,,,0,,3,Official TV,11,Timeout,,,,88,88,
1,7,29,Jordan Clarkson misses free throw 1 of 2.,97385,,true,false,false,Jordan,,Clarkson,,Missou,,14,18,6,6,1,,,,,3,1,11,Free Throw 1 of 2,2,Free Throw Missed,,,,88,88,
1,7,29,Missou with an offensive rebound.,,,false,false,false,,,,,,,14,18,6,6,0,,,,,0,,,,5,Offensive Rebound,,,,88,88,
1,7,29,Jordan Clarkson makes free throw 2 of 2.,97385,,true,false,false,Jordan,,Clarkson,,Missou,,15,18,6,6,1,,,,,4,1,12,Free Throw 2 of 2,1,Free Throw Made,,,,88,88,
1,7,05,Matt Bingaya makes a jump shot from 6 feet out.,121233,,true,false,false,Matt,,Bingaya,,SouMis,,15,20,6,6,0,,,,,2,2,45,Jump Shot,3,Field Goal Made,6,-2.8,5.9,124,124,
1,6,47,Earnest Ross with a lost ball turnover: Lost Ball,88591,,true,false,false,Earnest,,Ross,,Missou,,15,20,6,6,0,,,,,5,,2,Lost Ball,7,Turnover,,,,88,88,
1,6,42,Chip Armelin makes a layup shot.,100130,,true,false,false,Chip,,Armelin,,SouMis,,15,22,6,6,0,,,,,5,2,40,Layup Shot,3,Field Goal Made,0,0,0,124,124,
1,6,23,Jordan Clarkson makes a jump shot from 11 feet out.,97385,,true,false,false,Jordan,,Clarkson,,Missou,,17,22,6,6,1,,,,,6,2,45,Jump Shot,3,Field Goal Made,11,.1,10.8,88,88,
1,5,42,Daveon Boardingham misses a jump shot from 7 feet out.,116268,,true,false,false,Daveon,,Boardingham,,SouMis,,17,22,6,6,2,,,,,0,2,45,Jump Shot,4,Field Goal Missed,7,3.5,6.4,124,124,
1,5,42,Jordan Clarkson with a defensive rebound.,97385,,true,false,false,Jordan,,Clarkson,,Missou,,17,22,6,6,1,,,,,6,,,,6,Defensive Rebound,,,,88,88,
1,5,40,Shooting foul committed by Chip Armelin.,100130,,true,false,false,Chip,,Armelin,,SouMis,,17,22,7,6,1,,,,,5,,2,Shooting,8,Foul,,,,124,124,
1,5,40,Torren Jones misses free throw 1 of 2.,120733,,true,false,false,Torren,,Jones,,Missou,,17,22,7,6,0,,,,,0,1,11,Free Throw 1 of 2,2,Free Throw Missed,,,,88,88,
1,5,40,Missou with an offensive rebound.,,,false,false,false,,,,,,,17,22,7,6,0,,,,,0,,,,5,Offensive Rebound,,,,88,88,
1,5,40,Torren Jones misses free throw 2 of 2.,120733,,true,false,false,Torren,,Jones,,Missou,,17,22,7,6,0,,,,,0,1,12,Free Throw 2 of 2,2,Free Throw Missed,,,,88,88,
1,5,40,Michael Craig with a defensive rebound.,117762,,true,false,false,Michael,,Craig,,SouMis,,17,22,7,6,0,,,,,5,,,,6,Defensive Rebound,,,,124,124,
1,5,27,Jeremiah Eason with a lost ball turnover: Lost Ball,122164,,true,false,false,Jeremiah,,Eason,,SouMis,,17,22,7,6,1,,,,,2,,2,Lost Ball,7,Turnover,,,,124,124,
1,5,04,Shooting foul committed by Jeremiah Eason.,122164,,true,false,false,Jeremiah,,Eason,,SouMis,,17,22,8,6,2,,,,,2,,2,Shooting,8,Foul,,,,124,124,
1,5,04,Torren Jones makes free throw 1 of 2.,120733,,true,false,false,Torren,,Jones,,Missou,,18,22,8,6,0,,,,,1,1,11,Free Throw 1 of 2,1,Free Throw Made,,,,88,88,
1,5,04,Torren Jones makes free throw 2 of 2.,120733,,true,false,false,Torren,,Jones,,Missou,,19,22,8,6,0,,,,,2,1,12,Free Throw 2 of 2,1,Free Throw Made,,,,88,88,
1,4,42,Neil Watson misses a 3-point jump shot from 24 feet out.,88463,,true,false,false,Neil,,Watson,,SouMis,,19,22,8,6,1,,,,,3,3,45,Jump Shot,4,Field Goal Missed,24,-11.8,21.3,124,124,
1,4,42,Torren Jones with a defensive rebound.,120733,,true,false,false,Torren,,Jones,,Missou,,19,22,8,6,0,,,,,2,,,,6,Defensive Rebound,,,,88,88,
1,4,19,Jordan Clarkson misses a layup shot.,97385,,true,false,false,Jordan,,Clarkson,,Missou,,19,22,8,6,1,,,,,6,2,40,Layup Shot,4,Field Goal Missed,0,0,0,88,88,
1,4,19,Michael Craig with a defensive rebound.,117762,,true,false,false,Michael,,Craig,,SouMis,,19,22,8,6,0,,,,,5,,,,6,Defensive Rebound,,,,124,124,
1,4,10,Aaron Brown makes a 3-point jump shot from 23 feet out. Michael Craig with the assist.,97378,117762,true,true,false,Aaron,Michael,Brown,Craig,SouMis,SouMis,19,25,8,6,1,,,,,5,3,45,Jump Shot,3,Field Goal Made,23,-23,4,124,124,
1,4,04,Jabari Brown misses a jump shot from 13 feet out.,110167,,true,false,false,Jabari,,Brown,,Missou,,19,25,8,6,1,,,,,5,2,45,Jump Shot,4,Field Goal Missed,13,10.3,7.9,88,88,
1,4,04,"Johnathan Williams, III with an offensive rebound.",120731,,true,false,false,Johnathan,,"Williams, III",,Missou,,19,25,8,6,1,,,,,0,,,,5,Offensive Rebound,,,,88,88,
1,4,02,Shooting foul committed by Jerrold Brooks.,116269,,true,false,false,Jerrold,,Brooks,,SouMis,,19,25,9,6,1,,,,,3,,2,Shooting,8,Foul,,,,124,124,
1,4,02,"Johnathan Williams, III makes free throw 1 of 2.",120731,,true,false,false,Johnathan,,"Williams, III",,Missou,,20,25,9,6,1,,,,,1,1,11,Free Throw 1 of 2,1,Free Throw Made,,,,88,88,
1,4,02,"Johnathan Williams, III makes free throw 2 of 2.",120731,,true,false,false,Johnathan,,"Williams, III",,Missou,,21,25,9,6,1,,,,,2,1,12,Free Throw 2 of 2,1,Free Throw Made,,,,88,88,
1,3,41,Aaron Brown misses a 3-point jump shot from 24 feet out.,97378,,true,false,false,Aaron,,Brown,,SouMis,,21,25,9,6,1,,,,,5,3,45,Jump Shot,4,Field Goal Missed,24,14.2,19.5,124,124,
1,3,41,Jeremiah Eason with an offensive rebound.,122164,,true,false,false,Jeremiah,,Eason,,SouMis,,21,25,9,6,2,,,,,2,,,,5,Offensive Rebound,,,,124,124,
1,3,39,Jerrold Brooks misses a 3-point jump shot from 24 feet out.,116269,,true,false,false,Jerrold,,Brooks,,SouMis,,21,25,9,6,1,,,,,3,3,45,Jump Shot,4,Field Goal Missed,24,-.9,23.9,124,124,
1,3,39,Jabari Brown with a defensive rebound.,110167,,true,false,false,Jabari,,Brown,,Missou,,21,25,9,6,1,,,,,5,,,,6,Defensive Rebound,,,,88,88,
1,3,33,Personal foul committed by Jeremiah Eason.,122164,,true,false,false,Jeremiah,,Eason,,SouMis,,21,25,10,6,3,,,,,2,,1,Personal,8,Foul,,,,124,124,
1,3,33,Official TV timeout.,,,false,false,false,,,,,,,21,25,10,6,0,,,,,0,,3,Official TV,11,Timeout,,,,88,88,
1,3,33,Jabari Brown misses free throw 1 of 2.,110167,,true,false,false,Jabari,,Brown,,Missou,,21,25,10,6,1,,,,,5,1,11,Free Throw 1 of 2,2,Free Throw Missed,,,,88,88,
1,3,33,Missou with an offensive rebound.,,,false,false,false,,,,,,,21,25,10,6,0,,,,,0,,,,5,Offensive Rebound,,,,88,88,
1,3,33,Jabari Brown makes free throw 2 of 2.,110167,,true,false,false,Jabari,,Brown,,Missou,,22,25,10,6,1,,,,,6,1,12,Free Throw 2 of 2,1,Free Throw Made,,,,88,88,
1,3,21,Michael Craig makes a jump shot from 6 feet out. Neil Watson with the assist.,117762,88463,true,true,false,Michael,Neil,Craig,Watson,SouMis,SouMis,22,27,10,6,0,,,,,7,2,45,Jump Shot,3,Field Goal Made,6,-3.5,5,124,124,
1,3,21,"Shooting foul committed by Johnathan Williams, III.",120731,,true,false,false,Johnathan,,"Williams, III",,Missou,,22,27,10,7,2,,,,,2,,2,Shooting,8,Foul,,,,88,88,
1,3,21,Michael Craig makes free throw 1 of 1.,117762,,true,false,false,Michael,,Craig,,SouMis,,22,28,10,7,0,,,,,8,1,10,Free Throw 1 of 1,1,Free Throw Made,,,,124,124,
1,3,02,Personal foul committed by Norville Carey.,116270,,true,false,false,Norville,,Carey,,SouMis,,22,28,11,7,1,,,,,0,,1,Personal,8,Foul,,,,124,124,
1,3,02,Jabari Brown makes free throw 1 of 2.,110167,,true,false,false,Jabari,,Brown,,Missou,,23,28,11,7,1,,,,,7,1,11,Free Throw 1 of 2,1,Free Throw Made,,,,88,88,
1,3,02,Jabari Brown makes free throw 2 of 2.,110167,,true,false,false,Jabari,,Brown,,Missou,,24,28,11,7,1,,,,,8,1,12,Free Throw 2 of 2,1,Free Throw Made,,,,88,88,
1,2,48,Shooting foul committed by Danny Feldmann.,97827,,true,false,false,Danny,,Feldmann,,Missou,,24,28,11,8,2,,,,,0,,2,Shooting,8,Foul,,,,88,88,
1,2,48,Jerrold Brooks makes free throw 1 of 2.,116269,,true,false,false,Jerrold,,Brooks,,SouMis,,24,29,11,8,1,,,,,4,1,11,Free Throw 1 of 2,1,Free Throw Made,,,,124,124,
1,2,48,Jerrold Brooks misses free throw 2 of 2.,116269,,true,false,false,Jerrold,,Brooks,,SouMis,,24,29,11,8,1,,,,,4,1,12,Free Throw 2 of 2,2,Free Throw Missed,,,,124,124,
1,2,48,Earnest Ross with a defensive rebound.,88591,,true,false,false,Earnest,,Ross,,Missou,,24,29,11,8,0,,,,,5,,,,6,Defensive Rebound,,,,88,88,
1,2,15,Jordan Clarkson misses a jump shot from 10 feet out.,97385,,true,false,false,Jordan,,Clarkson,,Missou,,24,29,11,8,1,,,,,6,2,45,Jump Shot,4,Field Goal Missed,10,-1.1,9.8,88,88,
1,2,15,Matt Bingaya with a defensive rebound.,121233,,true,false,false,Matt,,Bingaya,,SouMis,,24,29,11,8,0,,,,,2,,,,6,Defensive Rebound,,,,124,124,
1,2,07,Neil Watson makes a 3-point jump shot from 23 feet out. Matt Bingaya with the assist.,88463,121233,true,true,false,Neil,Matt,Watson,Bingaya,SouMis,SouMis,24,32,11,8,1,,,,,6,3,45,Jump Shot,3,Field Goal Made,23,-13,19,124,124,
1,1,52,Jabari Brown makes a jump shot from 10 feet out.,110167,,true,false,false,Jabari,,Brown,,Missou,,26,32,11,8,1,,,,,10,2,45,Jump Shot,3,Field Goal Made,10,.3,9.9,88,88,
1,1,32,Matt Bingaya with a lost ball turnover: Lost Ball,121233,,true,false,false,Matt,,Bingaya,,SouMis,,26,32,11,8,0,,,,,2,,2,Lost Ball,7,Turnover,,,,124,124,
1,1,03,Torren Jones misses a hook shot from 9 feet out.,120733,,true,false,false,Torren,,Jones,,Missou,,26,32,11,8,0,,,,,2,2,55,Hook Shot,4,Field Goal Missed,9,.4,8.6,88,88,
1,1,03,Aaron Brown with a defensive rebound.,97378,,true,false,false,Aaron,,Brown,,SouMis,,26,32,11,8,1,,,,,5,,,,6,Defensive Rebound,,,,124,124,
1,0,52.4,Aaron Brown misses a layup shot.,97378,,true,false,false,Aaron,,Brown,,SouMis,,26,32,11,8,1,,,,,5,2,40,Layup Shot,4,Field Goal Missed,0,0,0,124,124,
1,0,52.4,Jordan Clarkson with a defensive rebound.,97385,,true,false,false,Jordan,,Clarkson,,Missou,,26,32,11,8,1,,,,,6,,,,6,Defensive Rebound,,,,88,88,
1,0,50.8,Offensive foul committed by Earnest Ross.,88591,,true,false,false,Earnest,,Ross,,Missou,,26,32,11,9,1,,,,,5,,4,Offensive,8,Foul,,,,88,88,
1,0,50.8,Earnest Ross with a  turnover:,88591,,true,false,false,Earnest,,Ross,,Missou,,26,32,11,9,1,,,,,5,,,,7,Turnover,,,,88,88,
1,0,21.3,Personal foul committed by Jabari Brown.,110167,,true,false,false,Jabari,,Brown,,Missou,,26,32,11,10,2,,,,,10,,1,Personal,8,Foul,,,,88,88,
1,0,21.3,Aaron Brown makes free throw 1 of 2.,97378,,true,false,false,Aaron,,Brown,,SouMis,,26,33,11,10,1,,,,,6,1,11,Free Throw 1 of 2,1,Free Throw Made,,,,124,124,
1,0,21.3,Aaron Brown makes free throw 2 of 2.,97378,,true,false,false,Aaron,,Brown,,SouMis,,26,34,11,10,1,,,,,7,1,12,Free Throw 2 of 2,1,Free Throw Made,,,,124,124,
1,0,01.8,Earnest Ross makes a 3-point jump shot from 23 feet out. Jordan Clarkson with the assist.,88591,97385,true,true,false,Earnest,Jordan,Ross,Clarkson,Missou,Missou,29,34,11,10,1,,,,,8,3,45,Jump Shot,3,Field Goal Made,23,-22.5,3.5,88,88,
1,0,00,End of the 1st Half,,,false,false,false,,,,,,,29,34,11,10,0,,,,,0,,,,15,End Period,,,,88,88,
2,20,00,Start of the 2nd Half,,,false,false,false,,,,,,,29,34,0,0,0,,,,,0,,,,14,Start Period,,,,88,88,
2,19,38,Neil Watson makes a 3-point jump shot from 26 feet out. Daveon Boardingham with the assist.,88463,116268,true,true,false,Neil,Daveon,Watson,Boardingham,SouMis,SouMis,29,37,0,0,1,,,,,9,3,45,Jump Shot,3,Field Goal Made,26,14.4,21.2,124,124,
2,19,12,Ryan Rosburg misses a hook shot from 9 feet out.,116577,,true,false,false,Ryan,,Rosburg,,Missou,,29,37,0,0,2,,,,,0,2,55,Hook Shot,4,Field Goal Missed,9,-.9,9.4,88,88,
2,19,12,"Johnathan Williams, III with an offensive rebound.",120731,,true,false,false,Johnathan,,"Williams, III",,Missou,,29,37,0,0,2,,,,,2,,,,5,Offensive Rebound,,,,88,88,
2,19,03,Jabari Brown misses a 3-point jump shot from 25 feet out.,110167,,true,false,false,Jabari,,Brown,,Missou,,29,37,0,0,2,,,,,10,3,45,Jump Shot,4,Field Goal Missed,25,-3,24.4,88,88,
2,19,03,Matt Bingaya with a defensive rebound.,121233,,true,false,false,Matt,,Bingaya,,SouMis,,29,37,0,0,0,,,,,2,,,,6,Defensive Rebound,,,,124,124,
2,18,57,Neil Watson makes a jump shot from 12 feet out.,88463,,true,false,false,Neil,,Watson,,SouMis,,29,39,0,0,1,,,,,11,2,45,Jump Shot,3,Field Goal Made,12,-2,11.5,124,124,
2,18,40,Jordan Clarkson misses a jump shot from 15 feet out.,97385,,true,false,false,Jordan,,Clarkson,,Missou,,29,39,0,0,1,,,,,6,2,45,Jump Shot,4,Field Goal Missed,15,-14.7,4.7,88,88,
2,18,40,Ryan Rosburg with an offensive rebound.,116577,,true,false,false,Ryan,,Rosburg,,Missou,,29,39,0,0,2,,,,,0,,,,5,Offensive Rebound,,,,88,88,
2,18,17,"Johnathan Williams, III makes a jump shot from 9 feet out.",120731,,true,false,false,Johnathan,,"Williams, III",,Missou,,31,39,0,0,2,,,,,4,2,45,Jump Shot,3,Field Goal Made,9,.4,9.1,88,88,
2,17,53,Personal foul committed by Earnest Ross.,88591,,true,false,false,Earnest,,Ross,,Missou,,31,39,0,1,2,,,,,8,,1,Personal,8,Foul,,,,88,88,
2,17,44,Matt Bingaya makes a jump shot from 7 feet out.,121233,,true,false,false,Matt,,Bingaya,,SouMis,,31,41,0,1,0,,,,,4,2,45,Jump Shot,3,Field Goal Made,7,-3.7,6,124,124,
2,17,44,Shooting foul committed by Ryan Rosburg.,116577,,true,false,false,Ryan,,Rosburg,,Missou,,31,41,0,2,3,,,,,0,,2,Shooting,8,Foul,,,,88,88,
2,17,44,Matt Bingaya makes free throw 1 of 1.,121233,,true,false,false,Matt,,Bingaya,,SouMis,,31,42,0,2,0,,,,,5,1,10,Free Throw 1 of 1,1,Free Throw Made,,,,124,124,
2,17,18,Earnest Ross makes a 3-point jump shot from 25 feet out. Jordan Clarkson with the assist.,88591,97385,true,true,false,Earnest,Jordan,Ross,Clarkson,Missou,Missou,34,42,0,2,2,,,,,11,3,45,Jump Shot,3,Field Goal Made,25,-14,20.1,88,88,
2,16,54,Aaron Brown makes a jump shot from 8 feet out.,97378,,true,false,false,Aaron,,Brown,,SouMis,,34,44,0,2,1,,,,,9,2,45,Jump Shot,3,Field Goal Made,8,4.7,6.4,124,124,
2,16,33,"Johnathan Williams, III makes a jump shot from 13 feet out.",120731,,true,false,false,Johnathan,,"Williams, III",,Missou,,36,44,0,2,2,,,,,6,2,45,Jump Shot,3,Field Goal Made,13,4.3,11.8,88,88,
2,16,05,Jerrold Brooks misses a 3-point jump shot from 24 feet out.,116269,,true,false,false,Jerrold,,Brooks,,SouMis,,36,44,0,2,1,,,,,4,3,45,Jump Shot,4,Field Goal Missed,24,-17.3,16.7,124,124,
2,16,05,"Johnathan Williams, III with a defensive rebound.",120731,,true,false,false,Johnathan,,"Williams, III",,Missou,,36,44,0,2,2,,,,,6,,,,6,Defensive Rebound,,,,88,88,
2,15,53,Earnest Ross misses a 3-point jump shot from 25 feet out.,88591,,true,false,false,Earnest,,Ross,,Missou,,36,44,0,2,2,,,,,11,3,45,Jump Shot,4,Field Goal Missed,25,-13.9,21.3,88,88,
2,15,53,Neil Watson with a defensive rebound.,88463,,true,false,false,Neil,,Watson,,SouMis,,36,44,0,2,1,,,,,11,,,,6,Defensive Rebound,,,,124,124,
2,15,37,Neil Watson misses a 3-point jump shot from 24 feet out.,88463,,true,false,false,Neil,,Watson,,SouMis,,36,44,0,2,1,,,,,11,3,45,Jump Shot,4,Field Goal Missed,24,3.7,23.9,124,124,
2,15,37,Daveon Boardingham with an offensive rebound.,116268,,true,false,false,Daveon,,Boardingham,,SouMis,,36,44,0,2,2,,,,,0,,,,5,Offensive Rebound,,,,124,124,
2,15,35,Daveon Boardingham with a traveling turnover: Traveling,116268,,true,false,false,Daveon,,Boardingham,,SouMis,,36,44,0,2,2,,,,,0,,4,Traveling,7,Turnover,,,,124,124,
2,15,35,Official TV timeout.,,,false,false,false,,,,,,,36,44,0,2,0,,,,,0,,3,Official TV,11,Timeout,,,,88,88,
2,15,17,Jordan Clarkson misses a jump shot from 15 feet out.,97385,,true,false,false,Jordan,,Clarkson,,Missou,,36,44,0,2,1,,,,,6,2,45,Jump Shot,4,Field Goal Missed,15,7.2,13,88,88,
2,15,17,Earnest Ross with an offensive rebound.,88591,,true,false,false,Earnest,,Ross,,Missou,,36,44,0,2,2,,,,,11,,,,5,Offensive Rebound,,,,88,88,
2,15,02,Shooting foul committed by Jeremiah Eason.,122164,,true,false,false,Jeremiah,,Eason,,SouMis,,36,44,1,2,4,,,,,2,,2,Shooting,8,Foul,,,,124,124,
2,15,02,Earnest Ross makes free throw 1 of 2.,88591,,true,false,false,Earnest,,Ross,,Missou,,37,44,1,2,2,,,,,12,1,11,Free Throw 1 of 2,1,Free Throw Made,,,,88,88,
2,15,02,Earnest Ross makes free throw 2 of 2.,88591,,true,false,false,Earnest,,Ross,,Missou,,38,44,1,2,2,,,,,13,1,12,Free Throw 2 of 2,1,Free Throw Made,,,,88,88,
2,14,48,Aaron Brown misses a layup shot.,97378,,true,false,false,Aaron,,Brown,,SouMis,,38,44,1,2,1,,,,,9,2,40,Layup Shot,4,Field Goal Missed,0,0,0,124,124,
2,14,48,Jabari Brown with a defensive rebound.,110167,,true,false,false,Jabari,,Brown,,Missou,,38,44,1,2,2,,,,,10,,,,6,Defensive Rebound,,,,88,88,
2,14,39,Earnest Ross makes a 3-point jump shot from 24 feet out. Jordan Clarkson with the assist.,88591,97385,true,true,false,Earnest,Jordan,Ross,Clarkson,Missou,Missou,41,44,1,2,2,,,,,16,3,45,Jump Shot,3,Field Goal Made,24,12.8,20,88,88,
2,14,36,SouMis take a 20-second timeout.,,,false,false,false,,,,,,,41,44,1,2,0,,,,,0,,2,Short,11,Timeout,,,,124,124,
2,14,09,Neil Watson misses a jump shot from 9 feet out.,88463,,true,false,false,Neil,,Watson,,SouMis,,41,44,1,2,1,,,,,11,2,45,Jump Shot,4,Field Goal Missed,9,-.4,8.7,124,124,
2,14,09,Deonte Houston with an offensive rebound.,122165,,true,false,false,Deonte,,Houston,,SouMis,,41,44,1,2,1,,,,,0,,,,5,Offensive Rebound,,,,124,124,
2,14,07,Shooting foul committed by Torren Jones.,120733,,true,false,false,Torren,,Jones,,Missou,,41,44,1,3,1,,,,,2,,2,Shooting,8,Foul,,,,88,88,
2,14,07,Daveon Boardingham makes free throw 1 of 2.,116268,,true,false,false,Daveon,,Boardingham,,SouMis,,41,45,1,3,2,,,,,1,1,11,Free Throw 1 of 2,1,Free Throw Made,,,,124,124,
2,14,07,Daveon Boardingham makes free throw 2 of 2.,116268,,true,false,false,Daveon,,Boardingham,,SouMis,,41,46,1,3,2,,,,,2,1,12,Free Throw 2 of 2,1,Free Throw Made,,,,124,124,
2,13,48,Earnest Ross with a traveling turnover: Traveling,88591,,true,false,false,Earnest,,Ross,,Missou,,41,46,1,3,2,,,,,16,,4,Traveling,7,Turnover,,,,88,88,
2,13,38,Deonte Houston misses a layup shot.,122165,,true,false,false,Deonte,,Houston,,SouMis,,41,46,1,3,1,,,,,0,2,40,Layup Shot,4,Field Goal Missed,0,0,0,124,124,
2,13,38,Torren Jones with a defensive rebound.,120733,,true,false,false,Torren,,Jones,,Missou,,41,46,1,3,1,,,,,2,,,,6,Defensive Rebound,,,,88,88,
2,13,38,Personal foul committed by Michael Craig.,117762,,true,false,false,Michael,,Craig,,SouMis,,41,46,2,3,1,,,,,8,,1,Personal,8,Foul,,,,124,124,
2,13,17,Jabari Brown with a lost ball turnover: Lost Ball,110167,,true,false,false,Jabari,,Brown,,Missou,,41,46,2,3,2,,,,,10,,2,Lost Ball,7,Turnover,,,,88,88,
2,13,13,Aaron Brown makes a jump shot from 7 feet out. Neil Watson with the assist.,97378,88463,true,true,false,Aaron,Neil,Brown,Watson,SouMis,SouMis,41,48,2,3,1,,,,,11,2,45,Jump Shot,3,Field Goal Made,7,-.1,6.5,124,124,
2,12,48,Jordan Clarkson misses a 3-point jump shot from 23 feet out.,97385,,true,false,false,Jordan,,Clarkson,,Missou,,41,48,2,3,1,,,,,6,3,45,Jump Shot,4,Field Goal Missed,23,-15.9,16.7,88,88,
2,12,48,Michael Craig with a defensive rebound.,117762,,true,false,false,Michael,,Craig,,SouMis,,41,48,2,3,1,,,,,8,,,,6,Defensive Rebound,,,,124,124,
2,12,32,Michael Craig misses a jump shot from 7 feet out.,117762,,true,false,false,Michael,,Craig,,SouMis,,41,48,2,3,1,,,,,8,2,45,Jump Shot,4,Field Goal Missed,7,3.5,6.5,124,124,
2,12,32,Michael Craig with an offensive rebound.,117762,,true,false,false,Michael,,Craig,,SouMis,,41,48,2,3,1,,,,,8,,,,5,Offensive Rebound,,,,124,124,
2,12,31,Shooting foul committed by Jordan Clarkson.,97385,,true,false,false,Jordan,,Clarkson,,Missou,,41,48,2,4,2,,,,,6,,2,Shooting,8,Foul,,,,88,88,
2,12,31,Deonte Houston misses free throw 1 of 3.,122165,,true,false,false,Deonte,,Houston,,SouMis,,41,48,2,4,1,,,,,0,1,13,Free Throw 1 of 3,2,Free Throw Missed,,,,124,124,
2,12,31,SouMis with an offensive rebound.,,,false,false,false,,,,,,,41,48,2,4,0,,,,,0,,,,5,Offensive Rebound,,,,124,124,
2,12,31,Deonte Houston makes free throw 2 of 3.,122165,,true,false,false,Deonte,,Houston,,SouMis,,41,49,2,4,1,,,,,1,1,14,Free Throw 2 of 3,1,Free Throw Made,,,,124,124,
2,12,31,Deonte Houston makes free throw 3 of 3.,122165,,true,false,false,Deonte,,Houston,,SouMis,,41,50,2,4,1,,,,,2,1,15,Free Throw 3 of 3,1,Free Throw Made,,,,124,124,
2,12,03,Personal foul committed by Deonte Houston.,122165,,true,false,false,Deonte,,Houston,,SouMis,,41,50,3,4,2,,,,,2,,1,Personal,8,Foul,,,,124,124,
2,11,55,Shooting foul committed by Jerrold Brooks.,116269,,true,false,false,Jerrold,,Brooks,,SouMis,,41,50,4,4,2,,,,,4,,2,Shooting,8,Foul,,,,124,124,
2,11,55,Official TV timeout.,,,false,false,false,,,,,,,41,50,4,4,0,,,,,0,,3,Official TV,11,Timeout,,,,88,88,
2,11,55,Shane Rector misses free throw 1 of 2.,120732,,true,false,false,Shane,,Rector,,Missou,,41,50,4,4,0,,,,,0,1,11,Free Throw 1 of 2,2,Free Throw Missed,,,,88,88,
2,11,55,Missou with an offensive rebound.,,,false,false,false,,,,,,,41,50,4,4,0,,,,,0,,,,5,Offensive Rebound,,,,88,88,
2,11,55,Shane Rector makes free throw 2 of 2.,120732,,true,false,false,Shane,,Rector,,Missou,,42,50,4,4,0,,,,,1,1,12,Free Throw 2 of 2,1,Free Throw Made,,,,88,88,
2,11,43,Michael Craig with a lost ball turnover: Lost Ball,117762,,true,false,false,Michael,,Craig,,SouMis,,42,50,4,4,1,,,,,8,,2,Lost Ball,7,Turnover,,,,124,124,
2,11,34,Jabari Brown makes a 3-point jump shot from 23 feet out. Earnest Ross with the assist.,110167,88591,true,true,false,Jabari,Earnest,Brown,Ross,Missou,Missou,45,50,4,4,2,,,,,13,3,45,Jump Shot,3,Field Goal Made,23,-.4,23.2,88,88,
2,11,15,Jerrold Brooks makes a 3-point jump shot from 22 feet out. Michael Craig with the assist.,116269,117762,true,true,false,Jerrold,Michael,Brooks,Craig,SouMis,SouMis,45,53,4,4,2,,,,,7,3,45,Jump Shot,3,Field Goal Made,22,21.9,4,124,124,
2,10,39,Earnest Ross misses a 3-point jump shot from 24 feet out.,88591,,true,false,false,Earnest,,Ross,,Missou,,45,53,4,4,2,,,,,16,3,45,Jump Shot,4,Field Goal Missed,24,-14.9,18.8,88,88,
2,10,39,Jerrold Brooks with a defensive rebound.,116269,,true,false,false,Jerrold,,Brooks,,SouMis,,45,53,4,4,2,,,,,7,,,,6,Defensive Rebound,,,,124,124,
2,10,29,Michael Craig makes a jump shot from 7 feet out.,117762,,true,false,false,Michael,,Craig,,SouMis,,45,55,4,4,1,,,,,10,2,45,Jump Shot,3,Field Goal Made,7,-2.5,7,124,124,
2,10,28,Missou take a 20-second timeout.,,,false,false,false,,,,,,,45,55,4,4,0,,,,,0,,2,Short,11,Timeout,,,,88,88,
2,9,59,Jordan Clarkson with a lost ball turnover: Lost Ball,97385,,true,false,false,Jordan,,Clarkson,,Missou,,45,55,4,4,2,,,,,6,,2,Lost Ball,7,Turnover,,,,88,88,
2,9,54,Chip Armelin misses a 3-point jump shot from 23 feet out.,100130,,true,false,false,Chip,,Armelin,,SouMis,,45,55,4,4,1,,,,,5,3,45,Jump Shot,4,Field Goal Missed,23,-20.5,11,124,124,
2,9,54,Daveon Boardingham with an offensive rebound.,116268,,true,false,false,Daveon,,Boardingham,,SouMis,,45,55,4,4,2,,,,,2,,,,5,Offensive Rebound,,,,124,124,
2,9,53,Daveon Boardingham misses a layup shot.,116268,,true,false,false,Daveon,,Boardingham,,SouMis,,45,55,4,4,2,,,,,2,2,40,Layup Shot,4,Field Goal Missed,0,0,0,124,124,
2,9,53,Torren Jones with a defensive rebound.,120733,,true,false,false,Torren,,Jones,,Missou,,45,55,4,4,1,,,,,2,,,,6,Defensive Rebound,,,,88,88,
2,9,53,Personal foul committed by Chip Armelin.,100130,,true,false,false,Chip,,Armelin,,SouMis,,45,55,5,4,2,,,,,5,,1,Personal,8,Foul,,,,124,124,
2,9,42,Earnest Ross with a traveling turnover: Traveling,88591,,true,false,false,Earnest,,Ross,,Missou,,45,55,5,4,2,,,,,16,,4,Traveling,7,Turnover,,,,88,88,
2,9,22,Matt Bingaya misses a jump shot from 11 feet out.,121233,,true,false,false,Matt,,Bingaya,,SouMis,,45,55,5,4,0,,,,,5,2,45,Jump Shot,4,Field Goal Missed,11,-1.6,11.3,124,124,
2,9,22,Jordan Clarkson with a defensive rebound.,97385,,true,false,false,Jordan,,Clarkson,,Missou,,45,55,5,4,2,,,,,6,,,,6,Defensive Rebound,,,,88,88,
2,9,17,Jordan Clarkson makes a layup shot.,97385,,true,false,false,Jordan,,Clarkson,,Missou,,47,55,5,4,2,,,,,8,2,40,Layup Shot,3,Field Goal Made,0,0,0,88,88,
2,9,17,Shooting foul committed by Neil Watson.,88463,,true,false,false,Neil,,Watson,,SouMis,,47,55,6,4,2,,,,,11,,2,Shooting,8,Foul,,,,124,124,
2,9,17,Jordan Clarkson makes free throw 1 of 1.,97385,,true,false,false,Jordan,,Clarkson,,Missou,,48,55,6,4,2,,,,,9,1,10,Free Throw 1 of 1,1,Free Throw Made,,,,88,88,
2,8,53,Matt Bingaya misses a layup shot.,121233,,true,false,false,Matt,,Bingaya,,SouMis,,48,55,6,4,0,,,,,5,2,40,Layup Shot,4,Field Goal Missed,0,0,0,124,124,
2,8,53,"Johnathan Williams, III with a defensive rebound.",120731,,true,false,false,Johnathan,,"Williams, III",,Missou,,48,55,6,4,2,,,,,6,,,,6,Defensive Rebound,,,,88,88,
2,8,49,Earnest Ross makes a layup shot.,88591,,true,false,false,Earnest,,Ross,,Missou,,50,55,6,4,2,,,,,18,2,40,Layup Shot,3,Field Goal Made,0,0,0,88,88,
2,8,39,SouMis take a 20-second timeout.,,,false,false,false,,,,,,,50,55,6,4,0,,,,,0,,2,Short,11,Timeout,,,,124,124,
2,8,20,Neil Watson misses a 3-point jump shot from 25 feet out.,88463,,true,false,false,Neil,,Watson,,SouMis,,50,55,6,4,2,,,,,11,3,45,Jump Shot,4,Field Goal Missed,25,3.7,24.6,124,124,
2,8,20,SouMis with an offensive rebound.,,,false,false,false,,,,,,,50,55,6,4,0,,,,,0,,,,5,Offensive Rebound,,,,124,124,
2,8,20,"Personal foul committed by Johnathan Williams, III.",120731,,true,false,false,Johnathan,,"Williams, III",,Missou,,50,55,6,5,3,,,,,6,,1,Personal,8,Foul,,,,88,88,
2,8,01,Aaron Brown makes a 3-point jump shot from 23 feet out. Neil Watson with the assist.,97378,88463,true,true,false,Aaron,Neil,Brown,Watson,SouMis,SouMis,50,58,6,5,1,,,,,14,3,45,Jump Shot,3,Field Goal Made,23,-22.9,2.6,124,124,
2,7,35,Jabari Brown misses a 3-point jump shot from 24 feet out.,110167,,true,false,false,Jabari,,Brown,,Missou,,50,58,6,5,2,,,,,13,3,45,Jump Shot,4,Field Goal Missed,24,-10.5,21.3,88,88,
2,7,35,Michael Craig with a defensive rebound.,117762,,true,false,false,Michael,,Craig,,SouMis,,50,58,6,5,1,,,,,10,,,,6,Defensive Rebound,,,,124,124,
2,7,29,Neil Watson makes a 3-point jump shot from 22 feet out. Jerrold Brooks with the assist.,88463,116269,true,true,false,Neil,Jerrold,Watson,Brooks,SouMis,SouMis,50,61,6,5,2,,,,,14,3,45,Jump Shot,3,Field Goal Made,22,22.2,2.8,124,124,
2,7,18,Personal foul committed by Neil Watson.,88463,,true,false,false,Neil,,Watson,,SouMis,,50,61,7,5,3,,,,,14,,1,Personal,8,Foul,,,,124,124,
2,7,18,Official TV timeout.,,,false,false,false,,,,,,,50,61,7,5,0,,,,,0,,3,Official TV,11,Timeout,,,,88,88,
2,7,18,Jordan Clarkson makes free throw 1st of 1-and-1.,97385,,true,false,false,Jordan,,Clarkson,,Missou,,51,61,7,5,2,,,,,10,1,8,Free Throw 1st of 1-and-1,1,Free Throw Made,,,,88,88,
2,7,18,Jordan Clarkson makes free throw 2nd of 1-and-1.,97385,,true,false,false,Jordan,,Clarkson,,Missou,,52,61,7,5,2,,,,,11,1,9,Free Throw 2nd of 1-and-1,1,Free Throw Made,,,,88,88,
2,7,07,Shooting foul committed by Ryan Rosburg.,116577,,true,false,false,Ryan,,Rosburg,,Missou,,52,61,7,6,4,,,,,0,,2,Shooting,8,Foul,,,,88,88,
2,7,07,Daveon Boardingham misses free throw 1 of 2.,116268,,true,false,false,Daveon,,Boardingham,,SouMis,,52,61,7,6,2,,,,,2,1,11,Free Throw 1 of 2,2,Free Throw Missed,,,,124,124,
2,7,07,SouMis with an offensive rebound.,,,false,false,false,,,,,,,52,61,7,6,0,,,,,0,,,,5,Offensive Rebound,,,,124,124,
2,7,07,Daveon Boardingham misses free throw 2 of 2.,116268,,true,false,false,Daveon,,Boardingham,,SouMis,,52,61,7,6,2,,,,,2,1,12,Free Throw 2 of 2,2,Free Throw Missed,,,,124,124,
2,7,07,Jerrold Brooks with an offensive rebound.,116269,,true,false,false,Jerrold,,Brooks,,SouMis,,52,61,7,6,2,,,,,7,,,,5,Offensive Rebound,,,,124,124,
2,7,01,Aaron Brown misses a 3-point jump shot from 23 feet out.,97378,,true,false,false,Aaron,,Brown,,SouMis,,52,61,7,6,1,,,,,14,3,45,Jump Shot,4,Field Goal Missed,23,-22.7,3.3,124,124,
2,7,01,Michael Craig with an offensive rebound.,117762,,true,false,false,Michael,,Craig,,SouMis,,52,61,7,6,1,,,,,10,,,,5,Offensive Rebound,,,,124,124,
2,6,48,Shooting foul committed by Jabari Brown.,110167,,true,false,false,Jabari,,Brown,,Missou,,52,61,7,7,3,,,,,13,,2,Shooting,8,Foul,,,,88,88,
2,6,48,Michael Craig misses free throw 1 of 2.,117762,,true,false,false,Michael,,Craig,,SouMis,,52,61,7,7,1,,,,,10,1,11,Free Throw 1 of 2,2,Free Throw Missed,,,,124,124,
2,6,48,SouMis with an offensive rebound.,,,false,false,false,,,,,,,52,61,7,7,0,,,,,0,,,,5,Offensive Rebound,,,,124,124,
2,6,48,Michael Craig makes free throw 2 of 2.,117762,,true,false,false,Michael,,Craig,,SouMis,,52,62,7,7,1,,,,,11,1,12,Free Throw 2 of 2,1,Free Throw Made,,,,124,124,
2,6,28,Personal foul committed by Daveon Boardingham.,116268,,true,false,false,Daveon,,Boardingham,,SouMis,,52,62,8,7,3,,,,,2,,1,Personal,8,Foul,,,,124,124,
2,6,28,Torren Jones misses free throw 1st of 1-and-1.,120733,,true,false,false,Torren,,Jones,,Missou,,52,62,8,7,1,,,,,2,1,8,Free Throw 1st of 1-and-1,2,Free Throw Missed,,,,88,88,
2,6,28,Missou with an offensive rebound.,,,false,false,false,,,,,,,52,62,8,7,0,,,,,0,,,,5,Offensive Rebound,,,,88,88,
2,6,19,Personal foul committed by Jerrold Brooks.,116269,,true,false,false,Jerrold,,Brooks,,SouMis,,52,62,9,7,3,,,,,7,,1,Personal,8,Foul,,,,124,124,
2,6,19,Earnest Ross makes free throw 1st of 1-and-1.,88591,,true,false,false,Earnest,,Ross,,Missou,,53,62,9,7,2,,,,,19,1,8,Free Throw 1st of 1-and-1,1,Free Throw Made,,,,88,88,
2,6,19,Earnest Ross makes free throw 2nd of 1-and-1.,88591,,true,false,false,Earnest,,Ross,,Missou,,54,62,9,7,2,,,,,20,1,9,Free Throw 2nd of 1-and-1,1,Free Throw Made,,,,88,88,
2,6,00,Aaron Brown misses a layup shot.,97378,,true,false,false,Aaron,,Brown,,SouMis,,54,62,9,7,1,,,,,14,2,40,Layup Shot,4,Field Goal Missed,0,0,0,124,124,
2,6,00,Daveon Boardingham with an offensive rebound.,116268,,true,false,false,Daveon,,Boardingham,,SouMis,,54,62,9,7,3,,,,,2,,,,5,Offensive Rebound,,,,124,124,
2,5,51,Daveon Boardingham misses a layup shot.,116268,,true,false,false,Daveon,,Boardingham,,SouMis,,54,62,9,7,3,,,,,2,2,40,Layup Shot,4,Field Goal Missed,0,0,0,124,124,
2,5,51,Jabari Brown with a defensive rebound.,110167,,true,false,false,Jabari,,Brown,,Missou,,54,62,9,7,3,,,,,13,,,,6,Defensive Rebound,,,,88,88,
2,5,49,Shooting foul committed by Michael Craig.,117762,,true,false,false,Michael,,Craig,,SouMis,,54,62,10,7,2,,,,,11,,2,Shooting,8,Foul,,,,124,124,
2,5,49,Torren Jones makes free throw 1 of 2.,120733,,true,false,false,Torren,,Jones,,Missou,,55,62,10,7,1,,,,,3,1,11,Free Throw 1 of 2,1,Free Throw Made,,,,88,88,
2,5,49,Torren Jones makes free throw 2 of 2.,120733,,true,false,false,Torren,,Jones,,Missou,,56,62,10,7,1,,,,,4,1,12,Free Throw 2 of 2,1,Free Throw Made,,,,88,88,
2,5,27,Matt Bingaya misses a layup shot.,121233,,true,false,false,Matt,,Bingaya,,SouMis,,56,62,10,7,0,,,,,5,2,40,Layup Shot,4,Field Goal Missed,0,0,0,124,124,
2,5,27,SouMis with an offensive rebound.,,,false,false,false,,,,,,,56,62,10,7,0,,,,,0,,,,5,Offensive Rebound,,,,124,124,
2,5,25,Shooting foul committed by Earnest Ross.,88591,,true,false,false,Earnest,,Ross,,Missou,,56,62,10,8,3,,,,,20,,2,Shooting,8,Foul,,,,88,88,
2,5,25,Aaron Brown misses free throw 1 of 2.,97378,,true,false,false,Aaron,,Brown,,SouMis,,56,62,10,8,1,,,,,14,1,11,Free Throw 1 of 2,2,Free Throw Missed,,,,124,124,
2,5,25,SouMis with an offensive rebound.,,,false,false,false,,,,,,,56,62,10,8,0,,,,,0,,,,5,Offensive Rebound,,,,124,124,
2,5,25,Aaron Brown misses free throw 2 of 2.,97378,,true,false,false,Aaron,,Brown,,SouMis,,56,62,10,8,1,,,,,14,1,12,Free Throw 2 of 2,2,Free Throw Missed,,,,124,124,
2,5,25,Earnest Ross with a defensive rebound.,88591,,true,false,false,Earnest,,Ross,,Missou,,56,62,10,8,3,,,,,20,,,,6,Defensive Rebound,,,,88,88,
2,4,57,Jordan Clarkson misses a 3-point jump shot from 24 feet out.,97385,,true,false,false,Jordan,,Clarkson,,Missou,,56,62,10,8,2,,,,,11,3,45,Jump Shot,4,Field Goal Missed,24,-9.3,22.5,88,88,
2,4,57,Matt Bingaya with a defensive rebound.,121233,,true,false,false,Matt,,Bingaya,,SouMis,,56,62,10,8,0,,,,,5,,,,6,Defensive Rebound,,,,124,124,
2,4,37,Neil Watson makes a layup shot.,88463,,true,false,false,Neil,,Watson,,SouMis,,56,64,10,8,3,,,,,16,2,40,Layup Shot,3,Field Goal Made,0,0,0,124,124,
2,4,14,Jabari Brown misses a jump shot from 8 feet out.,110167,,true,false,false,Jabari,,Brown,,Missou,,56,64,10,8,3,,,,,13,2,45,Jump Shot,4,Field Goal Missed,8,-.6,7.6,88,88,
2,4,14,Aaron Brown with a defensive rebound.,97378,,true,false,false,Aaron,,Brown,,SouMis,,56,64,10,8,1,,,,,14,,,,6,Defensive Rebound,,,,124,124,
2,4,09,Aaron Brown with a lost ball out of bounds turnover: Lost Ball Out of Bounds,97378,,true,false,false,Aaron,,Brown,,SouMis,,56,64,10,8,1,,,,,14,,23,Lost Ball Out of Bounds,7,Turnover,,,,124,124,
2,3,55,"Johnathan Williams, III with a lost ball turnover: Lost Ball",120731,,true,false,false,Johnathan,,"Williams, III",,Missou,,56,64,10,8,3,,,,,6,,2,Lost Ball,7,Turnover,,,,88,88,
2,3,31,Jerrold Brooks misses a 3-point jump shot from 24 feet out.,116269,,true,false,false,Jerrold,,Brooks,,SouMis,,56,64,10,8,3,,,,,7,3,45,Jump Shot,4,Field Goal Missed,24,-12,21,124,124,
2,3,31,SouMis with an offensive rebound.,,,false,false,false,,,,,,,56,64,10,8,0,,,,,0,,,,5,Offensive Rebound,,,,124,124,
2,3,31,Official TV timeout.,,,false,false,false,,,,,,,56,64,10,8,0,,,,,0,,3,Official TV,11,Timeout,,,,88,88,
2,2,56,Michael Craig misses a jump shot from 12 feet out.,117762,,true,false,false,Michael,,Craig,,SouMis,,56,64,10,8,2,,,,,11,2,45,Jump Shot,4,Field Goal Missed,12,0,12,124,124,
2,2,56,Missou with a defensive rebound.,,,false,false,false,,,,,,,56,64,10,8,0,,,,,0,,,,6,Defensive Rebound,,,,88,88,
2,2,33,Jordan Clarkson misses a layup shot.,97385,,true,false,false,Jordan,,Clarkson,,Missou,,56,64,10,8,2,,,,,11,2,40,Layup Shot,4,Field Goal Missed,0,0,0,88,88,
2,2,33,Ryan Rosburg with an offensive rebound.,116577,,true,false,false,Ryan,,Rosburg,,Missou,,56,64,10,8,4,,,,,0,,,,5,Offensive Rebound,,,,88,88,
2,2,33,Shooting foul committed by Daveon Boardingham.,116268,,true,false,false,Daveon,,Boardingham,,SouMis,,56,64,11,8,4,,,,,2,,2,Shooting,8,Foul,,,,124,124,
2,2,33,Ryan Rosburg makes free throw 1 of 2.,116577,,true,false,false,Ryan,,Rosburg,,Missou,,57,64,11,8,4,,,,,1,1,11,Free Throw 1 of 2,1,Free Throw Made,,,,88,88,
2,2,33,Ryan Rosburg misses free throw 2 of 2.,116577,,true,false,false,Ryan,,Rosburg,,Missou,,57,64,11,8,4,,,,,1,1,12,Free Throw 2 of 2,2,Free Throw Missed,,,,88,88,
2,2,33,Aaron Brown with a defensive rebound.,97378,,true,false,false,Aaron,,Brown,,SouMis,,57,64,11,8,1,,,,,14,,,,6,Defensive Rebound,,,,124,124,
2,2,07,Daveon Boardingham misses a jump shot from 10 feet out.,116268,,true,false,false,Daveon,,Boardingham,,SouMis,,57,64,11,8,4,,,,,2,2,45,Jump Shot,4,Field Goal Missed,10,-1.8,9.4,124,124,
2,2,07,Ryan Rosburg with a defensive rebound.,116577,,true,false,false,Ryan,,Rosburg,,Missou,,57,64,11,8,4,,,,,1,,,,6,Defensive Rebound,,,,88,88,
2,1,59,Jordan Clarkson makes a layup shot.,97385,,true,false,false,Jordan,,Clarkson,,Missou,,59,64,11,8,2,,,,,13,2,40,Layup Shot,3,Field Goal Made,0,0,0,88,88,
2,1,57,Missou take a 20-second timeout.,,,false,false,false,,,,,,,59,64,11,8,0,,,,,0,,2,Short,11,Timeout,,,,88,88,
2,1,53,Jerrold Brooks makes a layup shot. Neil Watson with the assist.,116269,88463,true,true,false,Jerrold,Neil,Brooks,Watson,SouMis,SouMis,59,66,11,8,3,,,,,9,2,40,Layup Shot,3,Field Goal Made,0,0,0,124,124,
2,1,28,Jabari Brown misses a layup shot.,110167,,true,false,false,Jabari,,Brown,,Missou,,59,66,11,8,3,,,,,13,2,40,Layup Shot,4,Field Goal Missed,0,0,0,88,88,
2,1,28,"Johnathan Williams, III with an offensive rebound.",120731,,true,false,false,Johnathan,,"Williams, III",,Missou,,59,66,11,8,3,,,,,6,,,,5,Offensive Rebound,,,,88,88,
2,1,21,"Johnathan Williams, III misses a tip shot from 6 feet out.",120731,,true,false,false,Johnathan,,"Williams, III",,Missou,,59,66,11,8,3,,,,,6,2,53,Tip Shot,4,Field Goal Missed,6,2.1,5.9,88,88,
2,1,21,Michael Craig with a defensive rebound.,117762,,true,false,false,Michael,,Craig,,SouMis,,59,66,11,8,2,,,,,11,,,,6,Defensive Rebound,,,,124,124,
2,1,14,"Shooting foul committed by Johnathan Williams, III.",120731,,true,false,false,Johnathan,,"Williams, III",,Missou,,59,66,11,9,4,,,,,6,,2,Shooting,8,Foul,,,,88,88,
2,1,14,Aaron Brown makes free throw 1 of 2.,97378,,true,false,false,Aaron,,Brown,,SouMis,,59,67,11,9,1,,,,,15,1,11,Free Throw 1 of 2,1,Free Throw Made,,,,124,124,
2,1,14,Aaron Brown makes free throw 2 of 2.,97378,,true,false,false,Aaron,,Brown,,SouMis,,59,68,11,9,1,,,,,16,1,12,Free Throw 2 of 2,1,Free Throw Made,,,,124,124,
2,0,48.8,Jabari Brown misses a layup shot.,110167,,true,false,false,Jabari,,Brown,,Missou,,59,68,11,9,3,,,,,13,2,40,Layup Shot,4,Field Goal Missed,0,0,0,88,88,
2,0,48.8,Ryan Rosburg with an offensive rebound.,116577,,true,false,false,Ryan,,Rosburg,,Missou,,59,68,11,9,4,,,,,1,,,,5,Offensive Rebound,,,,88,88,
2,0,47.8,Ryan Rosburg makes a layup shot.,116577,,true,false,false,Ryan,,Rosburg,,Missou,,61,68,11,9,4,,,,,3,2,40,Layup Shot,3,Field Goal Made,0,0,0,88,88,
2,0,47.8,SouMis take a 20-second timeout.,,,false,false,false,,,,,,,61,68,11,9,0,,,,,0,,2,Short,11,Timeout,,,,124,124,
2,0,43.0,Personal foul committed by Jabari Brown.,110167,,true,false,false,Jabari,,Brown,,Missou,,61,68,11,10,4,,,,,13,,1,Personal,8,Foul,,,,88,88,
2,0,43.0,Michael Craig makes free throw 1 of 2.,117762,,true,false,false,Michael,,Craig,,SouMis,,61,69,11,10,2,,,,,12,1,11,Free Throw 1 of 2,1,Free Throw Made,,,,124,124,
2,0,43.0,Michael Craig misses free throw 2 of 2.,117762,,true,false,false,Michael,,Craig,,SouMis,,61,69,11,10,2,,,,,12,1,12,Free Throw 2 of 2,2,Free Throw Missed,,,,124,124,
2,0,43.0,"Johnathan Williams, III with a defensive rebound.",120731,,true,false,false,Johnathan,,"Williams, III",,Missou,,61,69,11,10,4,,,,,6,,,,6,Defensive Rebound,,,,88,88,
2,0,31.0,Earnest Ross makes a layup shot.,88591,,true,false,false,Earnest,,Ross,,Missou,,63,69,11,10,3,,,,,22,2,40,Layup Shot,3,Field Goal Made,0,0,0,88,88,
2,0,30.6,Missou take a full timeout.,,,false,false,false,,,,,,,63,69,11,10,0,,,,,0,,1,Regular,11,Timeout,,,,88,88,
2,0,28.1,Personal foul committed by Shane Rector.,120732,,true,false,false,Shane,,Rector,,Missou,,63,69,11,11,1,,,,,1,,1,Personal,8,Foul,,,,88,88,
2,0,28.1,Neil Watson makes free throw 1 of 2.,88463,,true,false,false,Neil,,Watson,,SouMis,,63,70,11,11,3,,,,,17,1,11,Free Throw 1 of 2,1,Free Throw Made,,,,124,124,
2,0,28.1,Neil Watson makes free throw 2 of 2.,88463,,true,false,false,Neil,,Watson,,SouMis,,63,71,11,11,3,,,,,18,1,12,Free Throw 2 of 2,1,Free Throw Made,,,,124,124,
2,0,15.9,Jordan Clarkson misses a jump shot from 10 feet out.,97385,,true,false,false,Jordan,,Clarkson,,Missou,,63,71,11,11,2,,,,,13,2,45,Jump Shot,4,Field Goal Missed,10,9.4,2.3,88,88,
2,0,15.9,Daveon Boardingham with a defensive rebound.,116268,,true,false,false,Daveon,,Boardingham,,SouMis,,63,71,11,11,4,,,,,2,,,,6,Defensive Rebound,,,,124,124,
2,0,00,End of the 2nd Half,,,false,false,false,,,,,,,63,71,11,11,0,,,,,0,,,,15,End Period,,,,88,88,
2,0,00,End of the Game,,,false,false,false,,,,,,,63,71,11,11,0,,,,,0,,,,19,Game Over,,,,88,88,
