half,time-minutes,time-seconds,details,player1-id,player2-id,player1-linkable,player2-linkable,player3-linkable,player-first-name-1,player-first-name-2,player-last-name-1,player-last-name-2,player-team-alias-1,player-team-alias-2,home-score,visitor-score,visitor-fouls,home-fouls,player-fouls,fastbreak,in-paint,second-chance,off-turnover,player-score,points-type,detail-id,detail-desc,event-id,event-desc,distance,x-coord,y-coord,team-id-1,team-id-2,team-id-3
1,20,00,Start of the 1st Half,,,false,false,false,,,,,,,0,0,0,0,0,,,,,0,,,,14,Start Period,,,,12,12,
1,19,39,Eric McKnight with a lost ball turnover: Lost Ball,97039,,true,false,false,Eric,,McKnight,,FlaGC,,0,0,0,0,0,,,,,0,,2,Lost Ball,7,Turnover,,,,1318,1318,
1,19,14,Aaron Thomas makes a layup shot.,116531,,true,false,false,Aaron,,Thomas,,FlaSt,,2,0,0,0,0,,,,,2,2,40,Layup Shot,3,Field Goal Made,0,0,0,12,12,
1,18,49,Brett Comer with a lost ball turnover: Lost Ball,109461,,true,false,false,Brett,,Comer,,FlaGC,,2,0,0,0,0,,,,,0,,2,Lost Ball,7,Turnover,,,,1318,1318,
1,18,39,Okaro White makes a 3-point jump shot from 24 feet out.,97445,,true,false,false,Okaro,,White,,FlaSt,,5,0,0,0,0,,,,,3,3,45,Jump Shot,3,Field Goal Made,24,11.6,21.2,12,12,
1,18,16,Chase Fieler makes a 3-point jump shot from 23 feet out. Bernard Thompson with the assist.,97848,109465,true,true,false,Chase,Bernard,Fieler,Thompson,FlaGC,FlaGC,5,3,0,0,0,,,,,3,3,45,Jump Shot,3,Field Goal Made,23,-22.9,1.8,1318,1318,
1,17,57,Aaron Thomas misses a jump shot from 18 feet out.,116531,,true,false,false,Aaron,,Thomas,,FlaSt,,5,3,0,0,0,,,,,2,2,45,Jump Shot,4,Field Goal Missed,18,7.2,16.2,12,12,
1,17,57,Jamail Jones with a defensive rebound.,97502,,true,false,false,Jamail,,Jones,,FlaGC,,5,3,0,0,0,,,,,0,,,,6,Defensive Rebound,,,,1318,1318,
1,17,41,Eric McKnight with a bad pass turnover: Bad Pass,97039,,true,false,false,Eric,,McKnight,,FlaGC,,5,3,0,0,0,,,,,0,,1,Bad Pass,7,Turnover,,,,1318,1318,
1,17,22,Aaron Thomas makes a jump shot from 17 feet out. Devon Bookert with the assist.,116531,116526,true,true,false,Aaron,Devon,Thomas,Bookert,FlaSt,FlaSt,7,3,0,0,0,,,,,4,2,45,Jump Shot,3,Field Goal Made,17,-13.4,10.1,12,12,
1,17,06,Chase Fieler misses a jump shot from 14 feet out.,97848,,true,false,false,Chase,,Fieler,,FlaGC,,7,3,0,0,0,,,,,3,2,45,Jump Shot,4,Field Goal Missed,14,13.2,5,1318,1318,
1,17,06,Okaro White with a defensive rebound.,97445,,true,false,false,Okaro,,White,,FlaSt,,7,3,0,0,0,,,,,3,,,,6,Defensive Rebound,,,,12,12,
1,16,44,Okaro White makes a jump shot from 14 feet out.,97445,,true,false,false,Okaro,,White,,FlaSt,,9,3,0,0,0,,,,,5,2,45,Jump Shot,3,Field Goal Made,14,13.2,5.2,12,12,
1,16,28,Bernard Thompson makes a jump shot from 14 feet out.,109465,,true,false,false,Bernard,,Thompson,,FlaGC,,9,5,0,0,0,,,,,2,2,45,Jump Shot,3,Field Goal Made,14,6.9,12,1318,1318,
1,16,06,Personal foul committed by Eric McKnight.,97039,,true,false,false,Eric,,McKnight,,FlaGC,,9,5,1,0,1,,,,,0,,1,Personal,8,Foul,,,,1318,1318,
1,15,55,Okaro White misses a layup shot.,97445,,true,false,false,Okaro,,White,,FlaSt,,9,5,1,0,0,,,,,5,2,40,Layup Shot,4,Field Goal Missed,0,0,0,12,12,
1,15,55,Boris Bojanovsky with an offensive rebound.,116525,,true,false,false,Boris,,Bojanovsky,,FlaSt,,9,5,1,0,0,,,,,0,,,,5,Offensive Rebound,,,,12,12,
1,15,45,Boris Bojanovsky misses a layup shot.,116525,,true,false,false,Boris,,Bojanovsky,,FlaSt,,9,5,1,0,0,,,,,0,2,40,Layup Shot,4,Field Goal Missed,0,0,0,12,12,
1,15,45,Jamail Jones with a defensive rebound.,97502,,true,false,false,Jamail,,Jones,,FlaGC,,9,5,1,0,0,,,,,0,,,,6,Defensive Rebound,,,,1318,1318,
1,15,41,Bernard Thompson misses a 3-point jump shot from 24 feet out.,109465,,true,false,false,Bernard,,Thompson,,FlaGC,,9,5,1,0,0,,,,,2,3,45,Jump Shot,4,Field Goal Missed,24,-23.9,4,1318,1318,
1,15,41,Montay Brandon with a defensive rebound.,116527,,true,false,false,Montay,,Brandon,,FlaSt,,9,5,1,0,0,,,,,0,,,,6,Defensive Rebound,,,,12,12,
1,15,40,Personal foul committed by Brett Comer.,109461,,true,false,false,Brett,,Comer,,FlaGC,,9,5,2,0,1,,,,,0,,1,Personal,8,Foul,,,,1318,1318,
1,15,40,Official TV timeout.,,,false,false,false,,,,,,,9,5,2,0,0,,,,,0,,3,Official TV,11,Timeout,,,,12,12,
1,15,23,Devon Bookert misses a 3-point jump shot from 24 feet out.,116526,,true,false,false,Devon,,Bookert,,FlaSt,,9,5,2,0,0,,,,,0,3,45,Jump Shot,4,Field Goal Missed,24,-20.7,12.8,12,12,
1,15,23,Jamail Jones with a defensive rebound.,97502,,true,false,false,Jamail,,Jones,,FlaGC,,9,5,2,0,0,,,,,0,,,,6,Defensive Rebound,,,,1318,1318,
1,15,15,Nate Hicks makes a hook shot from 11 feet out. Bernard Thompson with the assist.,97712,109465,true,true,false,Nate,Bernard,Hicks,Thompson,FlaGC,FlaGC,9,7,2,0,0,,,,,2,2,55,Hook Shot,3,Field Goal Made,11,-2.1,10.8,1318,1318,
1,14,48,Montay Brandon with a lost ball turnover: Lost Ball,116527,,true,false,false,Montay,,Brandon,,FlaSt,,9,7,2,0,0,,,,,0,,2,Lost Ball,7,Turnover,,,,12,12,
1,14,36,Chase Fieler misses a 3-point jump shot from 26 feet out.,97848,,true,false,false,Chase,,Fieler,,FlaGC,,9,7,2,0,0,,,,,3,3,45,Jump Shot,4,Field Goal Missed,26,-8.8,24.6,1318,1318,
1,14,36,Devon Bookert with a defensive rebound.,116526,,true,false,false,Devon,,Bookert,,FlaSt,,9,7,2,0,0,,,,,0,,,,6,Defensive Rebound,,,,12,12,
1,14,26,Boris Bojanovsky with a lost ball turnover: Lost Ball,116525,,true,false,false,Boris,,Bojanovsky,,FlaSt,,9,7,2,0,0,,,,,0,,2,Lost Ball,7,Turnover,,,,12,12,
1,14,20,Bernard Thompson misses a jump shot from 16 feet out.,109465,,true,false,false,Bernard,,Thompson,,FlaGC,,9,7,2,0,0,,,,,2,2,45,Jump Shot,4,Field Goal Missed,16,-3.3,15.4,1318,1318,
1,14,20,Chase Fieler with an offensive rebound.,97848,,true,false,false,Chase,,Fieler,,FlaGC,,9,7,2,0,0,,,,,3,,,,5,Offensive Rebound,,,,1318,1318,
1,14,16,Jamail Jones misses a 3-point jump shot from 25 feet out.,97502,,true,false,false,Jamail,,Jones,,FlaGC,,9,7,2,0,0,,,,,0,3,45,Jump Shot,4,Field Goal Missed,25,-22.2,10.8,1318,1318,
1,14,16,Devon Bookert with a defensive rebound.,116526,,true,false,false,Devon,,Bookert,,FlaSt,,9,7,2,0,0,,,,,0,,,,6,Defensive Rebound,,,,12,12,
1,14,01,Shooting foul committed by Chase Fieler.,97848,,true,false,false,Chase,,Fieler,,FlaGC,,9,7,3,0,1,,,,,3,,2,Shooting,8,Foul,,,,1318,1318,
1,14,01,Aaron Thomas makes free throw 1 of 2.,116531,,true,false,false,Aaron,,Thomas,,FlaSt,,10,7,3,0,0,,,,,5,1,11,Free Throw 1 of 2,1,Free Throw Made,,,,12,12,
1,14,01,Aaron Thomas misses free throw 2 of 2.,116531,,true,false,false,Aaron,,Thomas,,FlaSt,,10,7,3,0,0,,,,,5,1,12,Free Throw 2 of 2,2,Free Throw Missed,,,,12,12,
1,14,01,FlaGC with a defensive rebound.,,,false,false,false,,,,,,,10,7,3,0,0,,,,,0,,,,6,Defensive Rebound,,,,1318,1318,
1,14,00,Personal foul committed by Robert Gilchrist.,116528,,true,false,false,Robert,,Gilchrist,,FlaSt,,10,7,3,1,1,,,,,0,,1,Personal,8,Foul,,,,12,12,
1,13,28,Brett Comer with a bad pass turnover: Bad Pass,109461,,true,false,false,Brett,,Comer,,FlaGC,,10,7,3,1,1,,,,,0,,1,Bad Pass,7,Turnover,,,,1318,1318,
1,13,07,Boris Bojanovsky with a lost ball turnover: Lost Ball,116525,,true,false,false,Boris,,Bojanovsky,,FlaSt,,10,7,3,1,0,,,,,0,,2,Lost Ball,7,Turnover,,,,12,12,
1,12,49,Dajuan Graf with a traveling turnover: Traveling,116040,,true,false,false,Dajuan,,Graf,,FlaGC,,10,7,3,1,0,,,,,0,,4,Traveling,7,Turnover,,,,1318,1318,
1,12,34,Offensive foul committed by Robert Gilchrist.,116528,,true,false,false,Robert,,Gilchrist,,FlaSt,,10,7,3,2,2,,,,,0,,4,Offensive,8,Foul,,,,12,12,
1,12,34,Robert Gilchrist with a  turnover:,116528,,true,false,false,Robert,,Gilchrist,,FlaSt,,10,7,3,2,2,,,,,0,,,,7,Turnover,,,,12,12,
1,12,21,Jamail Jones makes a layup shot. Dajuan Graf with the assist.,97502,116040,true,true,false,Jamail,Dajuan,Jones,Graf,FlaGC,FlaGC,10,9,3,2,0,,,,,2,2,40,Layup Shot,3,Field Goal Made,0,0,0,1318,1318,
1,11,47,Michael Ojo misses a hook shot from 6 feet out.,116530,,true,false,false,Michael,,Ojo,,FlaSt,,10,9,3,2,0,,,,,0,2,55,Hook Shot,4,Field Goal Missed,6,3,5,12,12,
1,11,47,Eric McKnight with a defensive rebound.,97039,,true,false,false,Eric,,McKnight,,FlaGC,,10,9,3,2,1,,,,,0,,,,6,Defensive Rebound,,,,1318,1318,
1,11,28,Filip Cvjeticanin misses a 3-point jump shot from 25 feet out.,109464,,true,false,false,Filip,,Cvjeticanin,,FlaGC,,10,9,3,2,0,,,,,0,3,45,Jump Shot,4,Field Goal Missed,25,7.2,23.9,1318,1318,
1,11,28,Devon Bookert with a defensive rebound.,116526,,true,false,false,Devon,,Bookert,,FlaSt,,10,9,3,2,0,,,,,0,,,,6,Defensive Rebound,,,,12,12,
1,11,15,Michael Ojo misses a hook shot from 5 feet out.,116530,,true,false,false,Michael,,Ojo,,FlaSt,,10,9,3,2,0,,,,,0,2,55,Hook Shot,4,Field Goal Missed,5,-.1,5.2,12,12,
1,11,15,FlaGC with a defensive rebound.,,,false,false,false,,,,,,,10,9,3,2,0,,,,,0,,,,6,Defensive Rebound,,,,1318,1318,
1,11,15,Official TV timeout.,,,false,false,false,,,,,,,10,9,3,2,0,,,,,0,,3,Official TV,11,Timeout,,,,12,12,
1,10,49,Filip Cvjeticanin with a lost ball turnover: Lost Ball,109464,,true,false,false,Filip,,Cvjeticanin,,FlaGC,,10,9,3,2,0,,,,,0,,2,Lost Ball,7,Turnover,,,,1318,1318,
1,10,42,Joell Hopkins with a lost ball turnover: Lost Ball,116529,,true,false,false,Joell,,Hopkins,,FlaSt,,10,9,3,2,0,,,,,0,,2,Lost Ball,7,Turnover,,,,12,12,
1,10,32,Filip Cvjeticanin misses a 3-point jump shot from 26 feet out.,109464,,true,false,false,Filip,,Cvjeticanin,,FlaGC,,10,9,3,2,0,,,,,0,3,45,Jump Shot,4,Field Goal Missed,26,-20,16.6,1318,1318,
1,10,32,Devon Bookert with a defensive rebound.,116526,,true,false,false,Devon,,Bookert,,FlaSt,,10,9,3,2,0,,,,,0,,,,6,Defensive Rebound,,,,12,12,
1,10,12,Aaron Thomas makes a jump shot from 13 feet out.,116531,,true,false,false,Aaron,,Thomas,,FlaSt,,12,9,3,2,0,,,,,7,2,45,Jump Shot,3,Field Goal Made,13,-12.7,2.5,12,12,
1,9,59,Brett Comer misses a jump shot from 16 feet out.,109461,,true,false,false,Brett,,Comer,,FlaGC,,12,9,3,2,1,,,,,0,2,45,Jump Shot,4,Field Goal Missed,16,-9.6,12.5,1318,1318,
1,9,59,Devon Bookert with a defensive rebound.,116526,,true,false,false,Devon,,Bookert,,FlaSt,,12,9,3,2,0,,,,,0,,,,6,Defensive Rebound,,,,12,12,
1,9,54,Shooting foul committed by Brett Comer.,109461,,true,false,false,Brett,,Comer,,FlaGC,,12,9,4,2,2,,,,,0,,2,Shooting,8,Foul,,,,1318,1318,
1,9,54,Joell Hopkins misses free throw 1 of 2.,116529,,true,false,false,Joell,,Hopkins,,FlaSt,,12,9,4,2,0,,,,,0,1,11,Free Throw 1 of 2,2,Free Throw Missed,,,,12,12,
1,9,54,FlaSt with an offensive rebound.,,,false,false,false,,,,,,,12,9,4,2,0,,,,,0,,,,5,Offensive Rebound,,,,12,12,
1,9,54,Joell Hopkins misses free throw 2 of 2.,116529,,true,false,false,Joell,,Hopkins,,FlaSt,,12,9,4,2,0,,,,,0,1,12,Free Throw 2 of 2,2,Free Throw Missed,,,,12,12,
1,9,54,Nate Hicks with a defensive rebound.,97712,,true,false,false,Nate,,Hicks,,FlaGC,,12,9,4,2,0,,,,,2,,,,6,Defensive Rebound,,,,1318,1318,
1,9,38,Bernard Thompson misses a layup shot.,109465,,true,false,false,Bernard,,Thompson,,FlaGC,,12,9,4,2,0,,,,,2,2,40,Layup Shot,4,Field Goal Missed,0,0,0,1318,1318,
1,9,38,FlaGC with an offensive rebound.,,,false,false,false,,,,,,,12,9,4,2,0,,,,,0,,,,5,Offensive Rebound,,,,1318,1318,
1,9,38,Shooting foul committed by Brandon Allen.,120595,,true,false,false,Brandon,,Allen,,FlaSt,,12,9,4,3,1,,,,,0,,2,Shooting,8,Foul,,,,12,12,
1,9,37,Eric McKnight misses free throw 1 of 2.,97039,,true,false,false,Eric,,McKnight,,FlaGC,,12,9,4,3,1,,,,,0,1,11,Free Throw 1 of 2,2,Free Throw Missed,,,,1318,1318,
1,9,37,FlaGC with an offensive rebound.,,,false,false,false,,,,,,,12,9,4,3,0,,,,,0,,,,5,Offensive Rebound,,,,1318,1318,
1,9,37,Eric McKnight misses free throw 2 of 2.,97039,,true,false,false,Eric,,McKnight,,FlaGC,,12,9,4,3,1,,,,,0,1,12,Free Throw 2 of 2,2,Free Throw Missed,,,,1318,1318,
1,9,37,Nate Hicks with an offensive rebound.,97712,,true,false,false,Nate,,Hicks,,FlaGC,,12,9,4,3,0,,,,,2,,,,5,Offensive Rebound,,,,1318,1318,
1,9,10,Filip Cvjeticanin makes a 3-point jump shot from 23 feet out. Brett Comer with the assist.,109464,109461,true,true,false,Filip,Brett,Cvjeticanin,Comer,FlaGC,FlaGC,12,12,4,3,0,,,,,3,3,45,Jump Shot,3,Field Goal Made,23,-18.3,13.7,1318,1318,
1,8,50,Jarquez Smith with a traveling turnover: Traveling,120597,,true,false,false,Jarquez,,Smith,,FlaSt,,12,12,4,3,0,,,,,0,,4,Traveling,7,Turnover,,,,12,12,
1,8,39,Personal foul committed by Brandon Allen.,120595,,true,false,false,Brandon,,Allen,,FlaSt,,12,12,4,4,2,,,,,0,,1,Personal,8,Foul,,,,12,12,
1,8,21,Nate Hicks misses a dunk shot.,97712,,true,false,false,Nate,,Hicks,,FlaGC,,12,12,4,4,0,,,,,2,2,48,Dunk Shot,4,Field Goal Missed,0,0,0,1318,1318,
1,8,21,FlaSt with a defensive rebound.,,,false,false,false,,,,,,,12,12,4,4,0,,,,,0,,,,6,Defensive Rebound,,,,12,12,
1,8,02,Shooting foul committed by Nate Hicks.,97712,,true,false,false,Nate,,Hicks,,FlaGC,,12,12,5,4,1,,,,,2,,2,Shooting,8,Foul,,,,1318,1318,
1,8,02,Montay Brandon makes free throw 1 of 2.,116527,,true,false,false,Montay,,Brandon,,FlaSt,,13,12,5,4,0,,,,,1,1,11,Free Throw 1 of 2,1,Free Throw Made,,,,12,12,
1,8,02,Montay Brandon makes free throw 2 of 2.,116527,,true,false,false,Montay,,Brandon,,FlaSt,,14,12,5,4,0,,,,,2,1,12,Free Throw 2 of 2,1,Free Throw Made,,,,12,12,
1,7,49,Bernard Thompson makes a layup shot. Brett Comer with the assist.,109465,109461,true,true,false,Bernard,Brett,Thompson,Comer,FlaGC,FlaGC,14,14,5,4,0,,,,,4,2,40,Layup Shot,3,Field Goal Made,0,0,0,1318,1318,
1,7,11,Aaron Thomas misses a 3-point jump shot from 26 feet out.,116531,,true,false,false,Aaron,,Thomas,,FlaSt,,14,14,5,4,0,,,,,7,3,45,Jump Shot,4,Field Goal Missed,26,-18.3,18.6,12,12,
1,7,11,Nate Hicks with a defensive rebound.,97712,,true,false,false,Nate,,Hicks,,FlaGC,,14,14,5,4,1,,,,,2,,,,6,Defensive Rebound,,,,1318,1318,
1,7,05,Brett Comer with a traveling turnover: Traveling,109461,,true,false,false,Brett,,Comer,,FlaGC,,14,14,5,4,2,,,,,0,,4,Traveling,7,Turnover,,,,1318,1318,
1,7,05,Official TV timeout.,,,false,false,false,,,,,,,14,14,5,4,0,,,,,0,,3,Official TV,11,Timeout,,,,12,12,
1,6,39,Okaro White makes a jump shot from 19 feet out. Boris Bojanovsky with the assist.,97445,116525,true,true,false,Okaro,Boris,White,Bojanovsky,FlaSt,FlaSt,16,14,5,4,0,,,,,7,2,45,Jump Shot,3,Field Goal Made,19,-.4,19.1,12,12,
1,6,21,Filip Cvjeticanin makes a 3-point jump shot from 23 feet out. Brett Comer with the assist.,109464,109461,true,true,false,Filip,Brett,Cvjeticanin,Comer,FlaGC,FlaGC,16,17,5,4,0,,,,,6,3,45,Jump Shot,3,Field Goal Made,23,23,.8,1318,1318,
1,6,06,Offensive foul committed by Okaro White.,97445,,true,false,false,Okaro,,White,,FlaSt,,16,17,5,5,1,,,,,7,,4,Offensive,8,Foul,,,,12,12,
1,6,06,Okaro White with a  turnover:,97445,,true,false,false,Okaro,,White,,FlaSt,,16,17,5,5,1,,,,,7,,,,7,Turnover,,,,12,12,
1,5,55,Personal foul committed by Montay Brandon.,116527,,true,false,false,Montay,,Brandon,,FlaSt,,16,17,5,6,1,,,,,2,,1,Personal,8,Foul,,,,12,12,
1,5,54,Brett Comer with a lost ball turnover: Lost Ball,109461,,true,false,false,Brett,,Comer,,FlaGC,,16,17,5,6,2,,,,,0,,2,Lost Ball,7,Turnover,,,,1318,1318,
1,5,50,Personal foul committed by Filip Cvjeticanin.,109464,,true,false,false,Filip,,Cvjeticanin,,FlaGC,,16,17,6,6,1,,,,,6,,1,Personal,8,Foul,,,,1318,1318,
1,5,35,Okaro White misses a jump shot from 15 feet out.,97445,,true,false,false,Okaro,,White,,FlaSt,,16,17,6,6,1,,,,,7,2,45,Jump Shot,4,Field Goal Missed,15,15.4,.8,12,12,
1,5,35,Eric McKnight with a defensive rebound.,97039,,true,false,false,Eric,,McKnight,,FlaGC,,16,17,6,6,1,,,,,0,,,,6,Defensive Rebound,,,,1318,1318,
1,5,29,Offensive foul committed by Bernard Thompson.,109465,,true,false,false,Bernard,,Thompson,,FlaGC,,16,17,7,6,1,,,,,4,,4,Offensive,8,Foul,,,,1318,1318,
1,5,29,Bernard Thompson with a  turnover:,109465,,true,false,false,Bernard,,Thompson,,FlaGC,,16,17,7,6,1,,,,,4,,,,7,Turnover,,,,1318,1318,
1,5,15,Personal foul committed by Bernard Thompson.,109465,,true,false,false,Bernard,,Thompson,,FlaGC,,16,17,8,6,2,,,,,4,,1,Personal,8,Foul,,,,1318,1318,
1,5,10,Aaron Thomas misses free throw 1st of 1-and-1.,116531,,true,false,false,Aaron,,Thomas,,FlaSt,,16,17,8,6,0,,,,,7,1,8,Free Throw 1st of 1-and-1,2,Free Throw Missed,,,,12,12,
1,5,10,Eric McKnight with a defensive rebound.,97039,,true,false,false,Eric,,McKnight,,FlaGC,,16,17,8,6,1,,,,,0,,,,6,Defensive Rebound,,,,1318,1318,
1,4,34,Jamail Jones misses a layup shot.,97502,,true,false,false,Jamail,,Jones,,FlaGC,,16,17,8,6,0,,,,,2,2,40,Layup Shot,4,Field Goal Missed,0,0,0,1318,1318,
1,4,34,FlaSt with a defensive rebound.,,,false,false,false,,,,,,,16,17,8,6,0,,,,,0,,,,6,Defensive Rebound,,,,12,12,
1,4,21,Okaro White misses a layup shot.,97445,,true,false,false,Okaro,,White,,FlaSt,,16,17,8,6,1,,,,,7,2,40,Layup Shot,4,Field Goal Missed,0,0,0,12,12,
1,4,21,Boris Bojanovsky with an offensive rebound.,116525,,true,false,false,Boris,,Bojanovsky,,FlaSt,,16,17,8,6,0,,,,,0,,,,5,Offensive Rebound,,,,12,12,
1,4,13,Boris Bojanovsky misses a jump shot from 14 feet out.,116525,,true,false,false,Boris,,Bojanovsky,,FlaSt,,16,17,8,6,0,,,,,0,2,45,Jump Shot,4,Field Goal Missed,14,1.4,13.9,12,12,
1,4,13,Brett Comer with a defensive rebound.,109461,,true,false,false,Brett,,Comer,,FlaGC,,16,17,8,6,2,,,,,0,,,,6,Defensive Rebound,,,,1318,1318,
1,4,01,Brett Comer misses a layup shot.,109461,,true,false,false,Brett,,Comer,,FlaGC,,16,17,8,6,2,,,,,0,2,40,Layup Shot,4,Field Goal Missed,0,0,0,1318,1318,
1,4,01,Boris Bojanovsky with a defensive rebound.,116525,,true,false,false,Boris,,Bojanovsky,,FlaSt,,16,17,8,6,0,,,,,0,,,,6,Defensive Rebound,,,,12,12,
1,3,57,Boris Bojanovsky with a lost ball turnover: Lost Ball,116525,,true,false,false,Boris,,Bojanovsky,,FlaSt,,16,17,8,6,0,,,,,0,,2,Lost Ball,7,Turnover,,,,12,12,
1,3,45,Jamail Jones misses a 3-point jump shot from 25 feet out.,97502,,true,false,false,Jamail,,Jones,,FlaGC,,16,17,8,6,0,,,,,2,3,45,Jump Shot,4,Field Goal Missed,25,-4.8,24.6,1318,1318,
1,3,45,Okaro White with a defensive rebound.,97445,,true,false,false,Okaro,,White,,FlaSt,,16,17,8,6,1,,,,,7,,,,6,Defensive Rebound,,,,12,12,
1,3,37,Okaro White makes a 3-point jump shot from 23 feet out. Devon Bookert with the assist.,97445,116526,true,true,false,Okaro,Devon,White,Bookert,FlaSt,FlaSt,19,17,8,6,1,,,,,10,3,45,Jump Shot,3,Field Goal Made,23,.8,23,12,12,
1,3,21,Offensive foul committed by Jamail Jones.,97502,,true,false,false,Jamail,,Jones,,FlaGC,,19,17,9,6,1,,,,,2,,4,Offensive,8,Foul,,,,1318,1318,
1,3,21,Jamail Jones with a  turnover:,97502,,true,false,false,Jamail,,Jones,,FlaGC,,19,17,9,6,1,,,,,2,,,,7,Turnover,,,,1318,1318,
1,3,20,Official TV timeout.,,,false,false,false,,,,,,,19,17,9,6,0,,,,,0,,3,Official TV,11,Timeout,,,,12,12,
1,3,06,Offensive foul committed by Boris Bojanovsky.,116525,,true,false,false,Boris,,Bojanovsky,,FlaSt,,19,17,9,7,1,,,,,0,,4,Offensive,8,Foul,,,,12,12,
1,3,06,Boris Bojanovsky with a  turnover:,116525,,true,false,false,Boris,,Bojanovsky,,FlaSt,,19,17,9,7,1,,,,,0,,,,7,Turnover,,,,12,12,
1,2,34,Dajuan Graf misses a layup shot.,116040,,true,false,false,Dajuan,,Graf,,FlaGC,,19,17,9,7,0,,,,,0,2,40,Layup Shot,4,Field Goal Missed,0,0,0,1318,1318,
1,2,34,Dajuan Graf with an offensive rebound.,116040,,true,false,false,Dajuan,,Graf,,FlaGC,,19,17,9,7,0,,,,,0,,,,5,Offensive Rebound,,,,1318,1318,
1,2,29,Brett Comer misses a 3-point jump shot from 25 feet out.,109461,,true,false,false,Brett,,Comer,,FlaGC,,19,17,9,7,2,,,,,0,3,45,Jump Shot,4,Field Goal Missed,25,-20.2,15.4,1318,1318,
1,2,29,Montay Brandon with a defensive rebound.,116527,,true,false,false,Montay,,Brandon,,FlaSt,,19,17,9,7,1,,,,,2,,,,6,Defensive Rebound,,,,12,12,
1,2,23,Shooting foul committed by Nate Hicks.,97712,,true,false,false,Nate,,Hicks,,FlaGC,,19,17,10,7,2,,,,,2,,2,Shooting,8,Foul,,,,1318,1318,
1,2,23,Montay Brandon makes a layup shot.,116527,,true,false,false,Montay,,Brandon,,FlaSt,,21,17,10,7,1,,,,,4,2,40,Layup Shot,3,Field Goal Made,0,0,0,12,12,
1,2,23,Montay Brandon misses free throw 1 of 1.,116527,,true,false,false,Montay,,Brandon,,FlaSt,,21,17,10,7,1,,,,,4,1,10,Free Throw 1 of 1,2,Free Throw Missed,,,,12,12,
1,2,23,Jamail Jones with a defensive rebound.,97502,,true,false,false,Jamail,,Jones,,FlaGC,,21,17,10,7,1,,,,,2,,,,6,Defensive Rebound,,,,1318,1318,
1,1,52,Nate Hicks with a lost ball turnover: Lost Ball,97712,,true,false,false,Nate,,Hicks,,FlaGC,,21,17,10,7,2,,,,,2,,2,Lost Ball,7,Turnover,,,,1318,1318,
1,1,49,Shooting foul committed by Dajuan Graf.,116040,,true,false,false,Dajuan,,Graf,,FlaGC,,21,17,11,7,1,,,,,0,,2,Shooting,8,Foul,,,,1318,1318,
1,1,49,Aaron Thomas misses free throw 1 of 2.,116531,,true,false,false,Aaron,,Thomas,,FlaSt,,21,17,11,7,0,,,,,7,1,11,Free Throw 1 of 2,2,Free Throw Missed,,,,12,12,
1,1,49,FlaSt with an offensive rebound.,,,false,false,false,,,,,,,21,17,11,7,0,,,,,0,,,,5,Offensive Rebound,,,,12,12,
1,1,49,Aaron Thomas makes free throw 2 of 2.,116531,,true,false,false,Aaron,,Thomas,,FlaSt,,22,17,11,7,0,,,,,8,1,12,Free Throw 2 of 2,1,Free Throw Made,,,,12,12,
1,1,41,Filip Cvjeticanin with a out of bounds turnover: Out of Bounds,109464,,true,false,false,Filip,,Cvjeticanin,,FlaGC,,22,17,11,7,1,,,,,6,,3,Out of Bounds,7,Turnover,,,,1318,1318,
1,1,31,Offensive foul committed by Devon Bookert.,116526,,true,false,false,Devon,,Bookert,,FlaSt,,22,17,11,8,1,,,,,0,,4,Offensive,8,Foul,,,,12,12,
1,1,31,Devon Bookert with a  turnover:,116526,,true,false,false,Devon,,Bookert,,FlaSt,,22,17,11,8,1,,,,,0,,,,7,Turnover,,,,12,12,
1,1,22,Filip Cvjeticanin with a lost ball turnover: Lost Ball,109464,,true,false,false,Filip,,Cvjeticanin,,FlaGC,,22,17,11,8,1,,,,,6,,2,Lost Ball,7,Turnover,,,,1318,1318,
1,1,17,FlaSt take a 20-second timeout.,,,false,false,false,,,,,,,22,17,11,8,0,,,,,0,,2,Short,11,Timeout,,,,12,12,
1,1,10,Aaron Thomas misses a layup shot.,116531,,true,false,false,Aaron,,Thomas,,FlaSt,,22,17,11,8,0,,,,,8,2,40,Layup Shot,4,Field Goal Missed,0,0,0,12,12,
1,1,10,Boris Bojanovsky with an offensive rebound.,116525,,true,false,false,Boris,,Bojanovsky,,FlaSt,,22,17,11,8,1,,,,,0,,,,5,Offensive Rebound,,,,12,12,
1,1,10,Shooting foul committed by Brett Comer.,109461,,true,false,false,Brett,,Comer,,FlaGC,,22,17,12,8,3,,,,,0,,2,Shooting,8,Foul,,,,1318,1318,
1,1,10,Boris Bojanovsky makes free throw 1 of 2.,116525,,true,false,false,Boris,,Bojanovsky,,FlaSt,,23,17,12,8,1,,,,,1,1,11,Free Throw 1 of 2,1,Free Throw Made,,,,12,12,
1,1,10,Boris Bojanovsky makes free throw 2 of 2.,116525,,true,false,false,Boris,,Bojanovsky,,FlaSt,,24,17,12,8,1,,,,,2,1,12,Free Throw 2 of 2,1,Free Throw Made,,,,12,12,
1,1,10,FlaGC take a 20-second timeout.,,,false,false,false,,,,,,,24,17,12,8,0,,,,,0,,2,Short,11,Timeout,,,,1318,1318,
1,0,46.4,Personal foul committed by Joell Hopkins.,116529,,true,false,false,Joell,,Hopkins,,FlaSt,,24,17,12,9,1,,,,,0,,1,Personal,8,Foul,,,,12,12,
1,0,46.4,Filip Cvjeticanin makes free throw 1st of 1-and-1.,109464,,true,false,false,Filip,,Cvjeticanin,,FlaGC,,24,18,12,9,1,,,,,7,1,8,Free Throw 1st of 1-and-1,1,Free Throw Made,,,,1318,1318,
1,0,46.4,Filip Cvjeticanin makes free throw 2nd of 1-and-1.,109464,,true,false,false,Filip,,Cvjeticanin,,FlaGC,,24,19,12,9,1,,,,,8,1,9,Free Throw 2nd of 1-and-1,1,Free Throw Made,,,,1318,1318,
1,0,09.4,Boris Bojanovsky with a shot clock turnover turnover: Shot Clock Turnover,116525,,true,false,false,Boris,,Bojanovsky,,FlaSt,,24,19,12,9,1,,,,,2,,11,Shot Clock Turnover,7,Turnover,,,,12,12,
1,0,00,End of the 1st Half,,,false,false,false,,,,,,,24,19,12,9,0,,,,,0,,,,15,End Period,,,,12,12,
2,20,00,Start of the 2nd Half,,,false,false,false,,,,,,,24,19,0,0,0,,,,,0,,,,14,Start Period,,,,12,12,
2,19,55,Michael Ojo misses a layup shot.,116530,,true,false,false,Michael,,Ojo,,FlaSt,,24,19,0,0,0,,,,,0,2,40,Layup Shot,4,Field Goal Missed,0,0,0,12,12,
2,19,55,Eric McKnight with a defensive rebound.,97039,,true,false,false,Eric,,McKnight,,FlaGC,,24,19,0,0,1,,,,,0,,,,6,Defensive Rebound,,,,1318,1318,
2,19,48,Bernard Thompson makes a layup shot. Eric McKnight with the assist.,109465,97039,true,true,false,Bernard,Eric,Thompson,McKnight,FlaGC,FlaGC,24,21,0,0,2,,,,,6,2,40,Layup Shot,3,Field Goal Made,0,0,0,1318,1318,
2,19,14,Michael Ojo with a bad pass turnover: Bad Pass,116530,,true,false,false,Michael,,Ojo,,FlaSt,,24,21,0,0,0,,,,,0,,1,Bad Pass,7,Turnover,,,,12,12,
2,19,14,Bernard Thompson with a lost ball turnover: Lost Ball,109465,,true,false,false,Bernard,,Thompson,,FlaGC,,24,21,0,0,2,,,,,6,,2,Lost Ball,7,Turnover,,,,1318,1318,
2,19,04,Aaron Thomas misses a layup shot.,116531,,true,false,false,Aaron,,Thomas,,FlaSt,,24,21,0,0,0,,,,,8,2,40,Layup Shot,4,Field Goal Missed,0,0,0,12,12,
2,19,04,Bernard Thompson with a defensive rebound.,109465,,true,false,false,Bernard,,Thompson,,FlaGC,,24,21,0,0,2,,,,,6,,,,6,Defensive Rebound,,,,1318,1318,
2,18,39,Eric McKnight with a lost ball turnover: Lost Ball,97039,,true,false,false,Eric,,McKnight,,FlaGC,,24,21,0,0,1,,,,,0,,2,Lost Ball,7,Turnover,,,,1318,1318,
2,18,25,Aaron Thomas with a lost ball turnover: Lost Ball,116531,,true,false,false,Aaron,,Thomas,,FlaSt,,24,21,0,0,0,,,,,8,,2,Lost Ball,7,Turnover,,,,12,12,
2,18,12,Chase Fieler makes a jump shot from 9 feet out. Jamail Jones with the assist.,97848,97502,true,true,false,Chase,Jamail,Fieler,Jones,FlaGC,FlaGC,24,23,0,0,1,,,,,5,2,45,Jump Shot,3,Field Goal Made,9,-5.9,7.2,1318,1318,
2,18,04,Personal foul committed by Eric McKnight.,97039,,true,false,false,Eric,,McKnight,,FlaGC,,24,23,1,0,2,,,,,0,,1,Personal,8,Foul,,,,1318,1318,
2,17,56,Devon Bookert misses a 3-point jump shot from 23 feet out.,116526,,true,false,false,Devon,,Bookert,,FlaSt,,24,23,1,0,1,,,,,0,3,45,Jump Shot,4,Field Goal Missed,23,-14,18.8,12,12,
2,17,56,Nate Hicks with a defensive rebound.,97712,,true,false,false,Nate,,Hicks,,FlaGC,,24,23,1,0,2,,,,,2,,,,6,Defensive Rebound,,,,1318,1318,
2,17,51,Bernard Thompson makes a jump shot from 13 feet out.,109465,,true,false,false,Bernard,,Thompson,,FlaGC,,24,25,1,0,2,,,,,8,2,45,Jump Shot,3,Field Goal Made,13,-6,11.1,1318,1318,
2,17,12,Montay Brandon misses a jump shot from 13 feet out.,116527,,true,false,false,Montay,,Brandon,,FlaSt,,24,25,1,0,1,,,,,4,2,45,Jump Shot,4,Field Goal Missed,13,-5,12,12,12,
2,17,12,Okaro White with an offensive rebound.,97445,,true,false,false,Okaro,,White,,FlaSt,,24,25,1,0,1,,,,,10,,,,5,Offensive Rebound,,,,12,12,
2,17,12,Personal foul committed by Nate Hicks.,97712,,true,false,false,Nate,,Hicks,,FlaGC,,24,25,2,0,3,,,,,2,,1,Personal,8,Foul,,,,1318,1318,
2,17,02,Aaron Thomas misses a layup shot.,116531,,true,false,false,Aaron,,Thomas,,FlaSt,,24,25,2,0,0,,,,,8,2,40,Layup Shot,4,Field Goal Missed,0,0,0,12,12,
2,17,02,Chase Fieler with a defensive rebound.,97848,,true,false,false,Chase,,Fieler,,FlaGC,,24,25,2,0,1,,,,,5,,,,6,Defensive Rebound,,,,1318,1318,
2,16,54,Chase Fieler with a lost ball turnover: Lost Ball,97848,,true,false,false,Chase,,Fieler,,FlaGC,,24,25,2,0,1,,,,,5,,2,Lost Ball,7,Turnover,,,,1318,1318,
2,16,54,Okaro White with a lost ball turnover: Lost Ball,97445,,true,false,false,Okaro,,White,,FlaSt,,24,25,2,0,1,,,,,10,,2,Lost Ball,7,Turnover,,,,12,12,
2,16,38,Brett Comer misses a layup shot.,109461,,true,false,false,Brett,,Comer,,FlaGC,,24,25,2,0,3,,,,,0,2,40,Layup Shot,4,Field Goal Missed,0,0,0,1318,1318,
2,16,38,Devon Bookert with a defensive rebound.,116526,,true,false,false,Devon,,Bookert,,FlaSt,,24,25,2,0,1,,,,,0,,,,6,Defensive Rebound,,,,12,12,
2,16,14,Personal foul committed by Eric McKnight.,97039,,true,false,false,Eric,,McKnight,,FlaGC,,24,25,3,0,3,,,,,0,,1,Personal,8,Foul,,,,1318,1318,
2,16,05,Shooting foul committed by Chase Fieler.,97848,,true,false,false,Chase,,Fieler,,FlaGC,,24,25,4,0,2,,,,,5,,2,Shooting,8,Foul,,,,1318,1318,
2,16,05,Boris Bojanovsky makes a layup shot.,116525,,true,false,false,Boris,,Bojanovsky,,FlaSt,,26,25,4,0,1,,,,,4,2,40,Layup Shot,3,Field Goal Made,0,0,0,12,12,
2,16,05,Boris Bojanovsky misses free throw 1 of 1.,116525,,true,false,false,Boris,,Bojanovsky,,FlaSt,,26,25,4,0,1,,,,,4,1,10,Free Throw 1 of 1,2,Free Throw Missed,,,,12,12,
2,16,05,Jamail Jones with a defensive rebound.,97502,,true,false,false,Jamail,,Jones,,FlaGC,,26,25,4,0,1,,,,,2,,,,6,Defensive Rebound,,,,1318,1318,
2,15,58,Jamail Jones misses a layup shot.,97502,,true,false,false,Jamail,,Jones,,FlaGC,,26,25,4,0,1,,,,,2,2,40,Layup Shot,4,Field Goal Missed,0,0,0,1318,1318,
2,15,58,FlaGC with an offensive rebound.,,,false,false,false,,,,,,,26,25,4,0,0,,,,,0,,,,5,Offensive Rebound,,,,1318,1318,
2,15,55,Official TV timeout.,,,false,false,false,,,,,,,26,25,4,0,0,,,,,0,,3,Official TV,11,Timeout,,,,12,12,
2,15,50,Chase Fieler makes a 3-point jump shot from 23 feet out. Brett Comer with the assist.,97848,109461,true,true,false,Chase,Brett,Fieler,Comer,FlaGC,FlaGC,26,28,4,0,2,,,,,8,3,45,Jump Shot,3,Field Goal Made,23,-14.2,18.4,1318,1318,
2,15,13,Devon Bookert makes a jump shot from 16 feet out.,116526,,true,false,false,Devon,,Bookert,,FlaSt,,28,28,4,0,1,,,,,2,2,45,Jump Shot,3,Field Goal Made,16,-8.2,13.7,12,12,
2,14,49,Bernard Thompson makes a 3-point jump shot from 26 feet out. Brett Comer with the assist.,109465,109461,true,true,false,Bernard,Brett,Thompson,Comer,FlaGC,FlaGC,28,31,4,0,2,,,,,11,3,45,Jump Shot,3,Field Goal Made,26,-15.9,20.1,1318,1318,
2,14,30,Montay Brandon misses a 3-point jump shot from 24 feet out.,116527,,true,false,false,Montay,,Brandon,,FlaSt,,28,31,4,0,1,,,,,4,3,45,Jump Shot,4,Field Goal Missed,24,-14.7,19,12,12,
2,14,30,Marcus Blake with a defensive rebound.,100153,,true,false,false,Marcus,,Blake,,FlaGC,,28,31,4,0,0,,,,,0,,,,6,Defensive Rebound,,,,1318,1318,
2,14,11,Bernard Thompson makes a 3-point jump shot from 24 feet out. Marcus Blake with the assist.,109465,100153,true,true,false,Bernard,Marcus,Thompson,Blake,FlaGC,FlaGC,28,34,4,0,2,,,,,14,3,45,Jump Shot,3,Field Goal Made,24,-23.6,1.8,1318,1318,
2,14,04,FlaSt take a full timeout.,,,false,false,false,,,,,,,28,34,4,0,0,,,,,0,,1,Regular,11,Timeout,,,,12,12,
2,13,45,Boris Bojanovsky makes a layup shot. Aaron Thomas with the assist.,116525,116531,true,true,false,Boris,Aaron,Bojanovsky,Thomas,FlaSt,FlaSt,30,34,4,0,1,,,,,6,2,40,Layup Shot,3,Field Goal Made,0,0,0,12,12,
2,13,23,Bernard Thompson misses a jump shot from 12 feet out.,109465,,true,false,false,Bernard,,Thompson,,FlaGC,,30,34,4,0,2,,,,,14,2,45,Jump Shot,4,Field Goal Missed,12,-2.1,11.3,1318,1318,
2,13,23,Aaron Thomas with a defensive rebound.,116531,,true,false,false,Aaron,,Thomas,,FlaSt,,30,34,4,0,0,,,,,8,,,,6,Defensive Rebound,,,,12,12,
2,13,16,Aaron Thomas misses a jump shot from 10 feet out.,116531,,true,false,false,Aaron,,Thomas,,FlaSt,,30,34,4,0,0,,,,,8,2,45,Jump Shot,4,Field Goal Missed,10,-5.7,8.7,12,12,
2,13,16,Okaro White with an offensive rebound.,97445,,true,false,false,Okaro,,White,,FlaSt,,30,34,4,0,1,,,,,10,,,,5,Offensive Rebound,,,,12,12,
2,13,12,Okaro White misses a tip shot from 5 feet out.,97445,,true,false,false,Okaro,,White,,FlaSt,,30,34,4,0,1,,,,,10,2,53,Tip Shot,4,Field Goal Missed,5,-.3,5.2,12,12,
2,13,12,Montay Brandon with an offensive rebound.,116527,,true,false,false,Montay,,Brandon,,FlaSt,,30,34,4,0,1,,,,,4,,,,5,Offensive Rebound,,,,12,12,
2,13,09,Montay Brandon makes a tip shot from 5 feet out.,116527,,true,false,false,Montay,,Brandon,,FlaSt,,32,34,4,0,1,,,,,6,2,53,Tip Shot,3,Field Goal Made,5,-.4,4.7,12,12,
2,12,58,Jamail Jones makes a layup shot.,97502,,true,false,false,Jamail,,Jones,,FlaGC,,32,36,4,0,1,,,,,4,2,40,Layup Shot,3,Field Goal Made,0,0,0,1318,1318,
2,12,58,Shooting foul committed by Boris Bojanovsky.,116525,,true,false,false,Boris,,Bojanovsky,,FlaSt,,32,36,4,1,2,,,,,6,,2,Shooting,8,Foul,,,,12,12,
2,12,58,Jamail Jones makes free throw 1 of 1.,97502,,true,false,false,Jamail,,Jones,,FlaGC,,32,37,4,1,1,,,,,5,1,10,Free Throw 1 of 1,1,Free Throw Made,,,,1318,1318,
2,12,49,Aaron Thomas makes a dunk shot.,116531,,true,false,false,Aaron,,Thomas,,FlaSt,,34,37,4,1,0,,,,,10,2,48,Dunk Shot,3,Field Goal Made,0,0,0,12,12,
2,12,37,Personal foul committed by Aaron Thomas.,116531,,true,false,false,Aaron,,Thomas,,FlaSt,,34,37,4,2,1,,,,,10,,1,Personal,8,Foul,,,,12,12,
2,12,29,Jamail Jones misses a 3-point jump shot from 22 feet out.,97502,,true,false,false,Jamail,,Jones,,FlaGC,,34,37,4,2,1,,,,,5,3,45,Jump Shot,4,Field Goal Missed,22,22,2,1318,1318,
2,12,29,Marcus Blake with an offensive rebound.,100153,,true,false,false,Marcus,,Blake,,FlaGC,,34,37,4,2,0,,,,,0,,,,5,Offensive Rebound,,,,1318,1318,
2,12,23,Marcus Blake misses a layup shot.,100153,,true,false,false,Marcus,,Blake,,FlaGC,,34,37,4,2,0,,,,,0,2,40,Layup Shot,4,Field Goal Missed,0,0,0,1318,1318,
2,12,23,Boris Bojanovsky with a defensive rebound.,116525,,true,false,false,Boris,,Bojanovsky,,FlaSt,,34,37,4,2,2,,,,,6,,,,6,Defensive Rebound,,,,12,12,
2,12,17,Personal foul committed by Jamail Jones.,97502,,true,false,false,Jamail,,Jones,,FlaGC,,34,37,5,2,2,,,,,5,,1,Personal,8,Foul,,,,1318,1318,
2,12,11,Aaron Thomas makes a jump shot from 5 feet out.,116531,,true,false,false,Aaron,,Thomas,,FlaSt,,36,37,5,2,1,,,,,12,2,45,Jump Shot,3,Field Goal Made,5,.1,4.7,12,12,
2,11,44,Chase Fieler misses a 3-point jump shot from 23 feet out.,97848,,true,false,false,Chase,,Fieler,,FlaGC,,36,37,5,2,2,,,,,8,3,45,Jump Shot,4,Field Goal Missed,23,-22.9,2.1,1318,1318,
2,11,44,Boris Bojanovsky with a defensive rebound.,116525,,true,false,false,Boris,,Bojanovsky,,FlaSt,,36,37,5,2,2,,,,,6,,,,6,Defensive Rebound,,,,12,12,
2,11,44,Personal foul committed by Dajuan Graf.,116040,,true,false,false,Dajuan,,Graf,,FlaGC,,36,37,6,2,2,,,,,0,,1,Personal,8,Foul,,,,1318,1318,
2,11,27,Okaro White misses a jump shot from 17 feet out.,97445,,true,false,false,Okaro,,White,,FlaSt,,36,37,6,2,1,,,,,10,2,45,Jump Shot,4,Field Goal Missed,17,10.5,13.5,12,12,
2,11,27,Eric McKnight with a defensive rebound.,97039,,true,false,false,Eric,,McKnight,,FlaGC,,36,37,6,2,3,,,,,0,,,,6,Defensive Rebound,,,,1318,1318,
2,11,18,Dajuan Graf misses a jump shot from 16 feet out.,116040,,true,false,false,Dajuan,,Graf,,FlaGC,,36,37,6,2,2,,,,,0,2,45,Jump Shot,4,Field Goal Missed,16,4,15.9,1318,1318,
2,11,18,Eric McKnight with an offensive rebound.,97039,,true,false,false,Eric,,McKnight,,FlaGC,,36,37,6,2,3,,,,,0,,,,5,Offensive Rebound,,,,1318,1318,
2,11,15,Eric McKnight makes a tip shot from 3 feet out.,97039,,true,false,false,Eric,,McKnight,,FlaGC,,36,39,6,2,3,,,,,2,2,53,Tip Shot,3,Field Goal Made,3,1.3,2.3,1318,1318,
2,11,03,Aaron Thomas makes a 3-point jump shot from 26 feet out.,116531,,true,false,false,Aaron,,Thomas,,FlaSt,,39,39,6,2,1,,,,,15,3,45,Jump Shot,3,Field Goal Made,26,-2.5,25.6,12,12,
2,10,38,Brett Comer makes a layup shot.,109461,,true,false,false,Brett,,Comer,,FlaGC,,39,41,6,2,3,,,,,2,2,40,Layup Shot,3,Field Goal Made,0,0,0,1318,1318,
2,10,18,Okaro White misses a layup shot.,97445,,true,false,false,Okaro,,White,,FlaSt,,39,41,6,2,1,,,,,10,2,40,Layup Shot,4,Field Goal Missed,0,0,0,12,12,
2,10,18,Brett Comer with a defensive rebound.,109461,,true,false,false,Brett,,Comer,,FlaGC,,39,41,6,2,3,,,,,2,,,,6,Defensive Rebound,,,,1318,1318,
2,10,16,Brett Comer with a lost ball turnover: Lost Ball,109461,,true,false,false,Brett,,Comer,,FlaGC,,39,41,6,2,3,,,,,2,,2,Lost Ball,7,Turnover,,,,1318,1318,
2,10,06,Shooting foul committed by Chase Fieler.,97848,,true,false,false,Chase,,Fieler,,FlaGC,,39,41,7,2,3,,,,,8,,2,Shooting,8,Foul,,,,1318,1318,
2,10,06,FlaGC take a full timeout.,,,false,false,false,,,,,,,39,41,7,2,0,,,,,0,,1,Regular,11,Timeout,,,,1318,1318,
2,10,06,Aaron Thomas makes free throw 1 of 2.,116531,,true,false,false,Aaron,,Thomas,,FlaSt,,40,41,7,2,1,,,,,16,1,11,Free Throw 1 of 2,1,Free Throw Made,,,,12,12,
2,10,06,Aaron Thomas makes free throw 2 of 2.,116531,,true,false,false,Aaron,,Thomas,,FlaSt,,41,41,7,2,1,,,,,17,1,12,Free Throw 2 of 2,1,Free Throw Made,,,,12,12,
2,9,50,Jamail Jones misses a layup shot.,97502,,true,false,false,Jamail,,Jones,,FlaGC,,41,41,7,2,2,,,,,5,2,40,Layup Shot,4,Field Goal Missed,0,0,0,1318,1318,
2,9,50,Aaron Thomas with a defensive rebound.,116531,,true,false,false,Aaron,,Thomas,,FlaSt,,41,41,7,2,1,,,,,17,,,,6,Defensive Rebound,,,,12,12,
2,9,44,Aaron Thomas with a traveling turnover: Traveling,116531,,true,false,false,Aaron,,Thomas,,FlaSt,,41,41,7,2,1,,,,,17,,4,Traveling,7,Turnover,,,,12,12,
2,9,26,Bernard Thompson makes a jump shot from 16 feet out. Brett Comer with the assist.,109465,109461,true,true,false,Bernard,Brett,Thompson,Comer,FlaGC,FlaGC,41,43,7,2,2,,,,,16,2,45,Jump Shot,3,Field Goal Made,16,1.8,15.7,1318,1318,
2,9,03,Aaron Thomas misses a 3-point jump shot from 23 feet out.,116531,,true,false,false,Aaron,,Thomas,,FlaSt,,41,43,7,2,1,,,,,17,3,45,Jump Shot,4,Field Goal Missed,23,-10.5,21,12,12,
2,9,03,Jarquez Smith with an offensive rebound.,120597,,true,false,false,Jarquez,,Smith,,FlaSt,,41,43,7,2,0,,,,,0,,,,5,Offensive Rebound,,,,12,12,
2,8,58,Personal foul committed by Eric McKnight.,97039,,true,false,false,Eric,,McKnight,,FlaGC,,41,43,8,2,4,,,,,2,,1,Personal,8,Foul,,,,1318,1318,
2,8,58,Jarquez Smith misses free throw 1st of 1-and-1.,120597,,true,false,false,Jarquez,,Smith,,FlaSt,,41,43,8,2,0,,,,,0,1,8,Free Throw 1st of 1-and-1,2,Free Throw Missed,,,,12,12,
2,8,58,Filip Cvjeticanin with a defensive rebound.,109464,,true,false,false,Filip,,Cvjeticanin,,FlaGC,,41,43,8,2,1,,,,,8,,,,6,Defensive Rebound,,,,1318,1318,
2,8,43,Filip Cvjeticanin misses a 3-point jump shot from 26 feet out.,109464,,true,false,false,Filip,,Cvjeticanin,,FlaGC,,41,43,8,2,1,,,,,8,3,45,Jump Shot,4,Field Goal Missed,26,-19,17.3,1318,1318,
2,8,43,Okaro White with a defensive rebound.,97445,,true,false,false,Okaro,,White,,FlaSt,,41,43,8,2,1,,,,,10,,,,6,Defensive Rebound,,,,12,12,
2,8,21,Aaron Thomas makes a 3-point jump shot from 25 feet out.,116531,,true,false,false,Aaron,,Thomas,,FlaSt,,44,43,8,2,1,,,,,20,3,45,Jump Shot,3,Field Goal Made,25,-17.3,17.9,12,12,
2,7,59,Jamail Jones makes a layup shot.,97502,,true,false,false,Jamail,,Jones,,FlaGC,,44,45,8,2,2,,,,,7,2,40,Layup Shot,3,Field Goal Made,0,0,0,1318,1318,
2,7,38,Personal foul committed by Brett Comer.,109461,,true,false,false,Brett,,Comer,,FlaGC,,44,45,9,2,4,,,,,2,,1,Personal,8,Foul,,,,1318,1318,
2,7,38,Official TV timeout.,,,false,false,false,,,,,,,44,45,9,2,0,,,,,0,,3,Official TV,11,Timeout,,,,12,12,
2,7,38,Aaron Thomas makes free throw 1st of 1-and-1.,116531,,true,false,false,Aaron,,Thomas,,FlaSt,,45,45,9,2,1,,,,,21,1,8,Free Throw 1st of 1-and-1,1,Free Throw Made,,,,12,12,
2,7,38,Aaron Thomas makes free throw 2nd of 1-and-1.,116531,,true,false,false,Aaron,,Thomas,,FlaSt,,46,45,9,2,1,,,,,22,1,9,Free Throw 2nd of 1-and-1,1,Free Throw Made,,,,12,12,
2,7,17,Bernard Thompson misses a 3-point jump shot from 25 feet out.,109465,,true,false,false,Bernard,,Thompson,,FlaGC,,46,45,9,2,2,,,,,16,3,45,Jump Shot,4,Field Goal Missed,25,-17.6,17.9,1318,1318,
2,7,17,Filip Cvjeticanin with an offensive rebound.,109464,,true,false,false,Filip,,Cvjeticanin,,FlaGC,,46,45,9,2,1,,,,,8,,,,5,Offensive Rebound,,,,1318,1318,
2,7,08,Filip Cvjeticanin misses a jump shot from 13 feet out.,109464,,true,false,false,Filip,,Cvjeticanin,,FlaGC,,46,45,9,2,1,,,,,8,2,45,Jump Shot,4,Field Goal Missed,13,8.8,9.1,1318,1318,
2,7,08,Okaro White with a defensive rebound.,97445,,true,false,false,Okaro,,White,,FlaSt,,46,45,9,2,1,,,,,10,,,,6,Defensive Rebound,,,,12,12,
2,7,00,Jarquez Smith with a lost ball turnover: Lost Ball,120597,,true,false,false,Jarquez,,Smith,,FlaSt,,46,45,9,2,0,,,,,0,,2,Lost Ball,7,Turnover,,,,12,12,
2,6,41,Brett Comer misses a layup shot.,109461,,true,false,false,Brett,,Comer,,FlaGC,,46,45,9,2,4,,,,,2,2,40,Layup Shot,4,Field Goal Missed,0,0,0,1318,1318,
2,6,41,Devon Bookert with a defensive rebound.,116526,,true,false,false,Devon,,Bookert,,FlaSt,,46,45,9,2,1,,,,,2,,,,6,Defensive Rebound,,,,12,12,
2,6,34,Devon Bookert misses a jump shot from 16 feet out.,116526,,true,false,false,Devon,,Bookert,,FlaSt,,46,45,9,2,1,,,,,2,2,45,Jump Shot,4,Field Goal Missed,16,-9.9,12.3,12,12,
2,6,34,Montay Brandon with an offensive rebound.,116527,,true,false,false,Montay,,Brandon,,FlaSt,,46,45,9,2,1,,,,,6,,,,5,Offensive Rebound,,,,12,12,
2,6,31,Montay Brandon makes a tip shot from 3 feet out.,116527,,true,false,false,Montay,,Brandon,,FlaSt,,48,45,9,2,1,,,,,8,2,53,Tip Shot,3,Field Goal Made,3,.1,3.5,12,12,
2,6,02,Shooting foul committed by Jarquez Smith.,120597,,true,false,false,Jarquez,,Smith,,FlaSt,,48,45,9,3,1,,,,,0,,2,Shooting,8,Foul,,,,12,12,
2,6,02,Brett Comer makes free throw 1 of 2.,109461,,true,false,false,Brett,,Comer,,FlaGC,,48,46,9,3,4,,,,,3,1,11,Free Throw 1 of 2,1,Free Throw Made,,,,1318,1318,
2,6,02,Brett Comer makes free throw 2 of 2.,109461,,true,false,false,Brett,,Comer,,FlaGC,,48,47,9,3,4,,,,,4,1,12,Free Throw 2 of 2,1,Free Throw Made,,,,1318,1318,
2,5,42,Aaron Thomas misses a 3-point jump shot from 26 feet out.,116531,,true,false,false,Aaron,,Thomas,,FlaSt,,48,47,9,3,1,,,,,22,3,45,Jump Shot,4,Field Goal Missed,26,-16,21,12,12,
2,5,42,Bernard Thompson with a defensive rebound.,109465,,true,false,false,Bernard,,Thompson,,FlaGC,,48,47,9,3,2,,,,,16,,,,6,Defensive Rebound,,,,1318,1318,
2,5,21,Jamail Jones makes a jump shot from 14 feet out.,97502,,true,false,false,Jamail,,Jones,,FlaGC,,48,49,9,3,2,,,,,9,2,45,Jump Shot,3,Field Goal Made,14,.6,14.2,1318,1318,
2,5,13,FlaSt take a full timeout.,,,false,false,false,,,,,,,48,49,9,3,0,,,,,0,,1,Regular,11,Timeout,,,,12,12,
2,4,57,Montay Brandon misses a hook shot from 9 feet out.,116527,,true,false,false,Montay,,Brandon,,FlaSt,,48,49,9,3,1,,,,,8,2,55,Hook Shot,4,Field Goal Missed,9,-5.4,6.7,12,12,
2,4,57,Okaro White with an offensive rebound.,97445,,true,false,false,Okaro,,White,,FlaSt,,48,49,9,3,1,,,,,10,,,,5,Offensive Rebound,,,,12,12,
2,4,53,Okaro White makes a dunk shot.,97445,,true,false,false,Okaro,,White,,FlaSt,,50,49,9,3,1,,,,,12,2,48,Dunk Shot,3,Field Goal Made,0,0,0,12,12,
2,4,24,Brett Comer misses a hook shot from 8 feet out.,109461,,true,false,false,Brett,,Comer,,FlaGC,,50,49,9,3,4,,,,,4,2,55,Hook Shot,4,Field Goal Missed,8,.9,7.9,1318,1318,
2,4,24,Marcus Blake with an offensive rebound.,100153,,true,false,false,Marcus,,Blake,,FlaGC,,50,49,9,3,0,,,,,0,,,,5,Offensive Rebound,,,,1318,1318,
2,4,20,Marcus Blake misses a tip shot from 7 feet out.,100153,,true,false,false,Marcus,,Blake,,FlaGC,,50,49,9,3,0,,,,,0,2,53,Tip Shot,4,Field Goal Missed,7,2,7.2,1318,1318,
2,4,20,Boris Bojanovsky with a defensive rebound.,116525,,true,false,false,Boris,,Bojanovsky,,FlaSt,,50,49,9,3,2,,,,,6,,,,6,Defensive Rebound,,,,12,12,
2,4,16,Shooting foul committed by Jamail Jones.,97502,,true,false,false,Jamail,,Jones,,FlaGC,,50,49,10,3,3,,,,,9,,2,Shooting,8,Foul,,,,1318,1318,
2,4,16,Okaro White makes free throw 1 of 2.,97445,,true,false,false,Okaro,,White,,FlaSt,,51,49,10,3,1,,,,,13,1,11,Free Throw 1 of 2,1,Free Throw Made,,,,12,12,
2,4,16,Okaro White makes free throw 2 of 2.,97445,,true,false,false,Okaro,,White,,FlaSt,,52,49,10,3,1,,,,,14,1,12,Free Throw 2 of 2,1,Free Throw Made,,,,12,12,
2,3,51,Chase Fieler misses a jump shot from 15 feet out.,97848,,true,false,false,Chase,,Fieler,,FlaGC,,52,49,10,3,3,,,,,8,2,45,Jump Shot,4,Field Goal Missed,15,-3.3,14.2,1318,1318,
2,3,51,Montay Brandon with a defensive rebound.,116527,,true,false,false,Montay,,Brandon,,FlaSt,,52,49,10,3,1,,,,,8,,,,6,Defensive Rebound,,,,12,12,
2,3,34,Personal foul committed by Eric McKnight.,97039,,true,false,false,Eric,,McKnight,,FlaGC,,52,49,11,3,5,,,,,2,,1,Personal,8,Foul,,,,1318,1318,
2,3,34,Official TV timeout.,,,false,false,false,,,,,,,52,49,11,3,0,,,,,0,,3,Official TV,11,Timeout,,,,12,12,
2,3,34,Boris Bojanovsky makes free throw 1 of 2.,116525,,true,false,false,Boris,,Bojanovsky,,FlaSt,,53,49,11,3,2,,,,,7,1,11,Free Throw 1 of 2,1,Free Throw Made,,,,12,12,
2,3,34,Boris Bojanovsky makes free throw 2 of 2.,116525,,true,false,false,Boris,,Bojanovsky,,FlaSt,,54,49,11,3,2,,,,,8,1,12,Free Throw 2 of 2,1,Free Throw Made,,,,12,12,
2,3,20,Jamail Jones makes a jump shot from 15 feet out.,97502,,true,false,false,Jamail,,Jones,,FlaGC,,54,51,11,3,3,,,,,11,2,45,Jump Shot,3,Field Goal Made,15,14,3.8,1318,1318,
2,2,45,Okaro White misses a layup shot.,97445,,true,false,false,Okaro,,White,,FlaSt,,54,51,11,3,1,,,,,14,2,40,Layup Shot,4,Field Goal Missed,0,0,0,12,12,
2,2,45,Jamail Jones with a defensive rebound.,97502,,true,false,false,Jamail,,Jones,,FlaGC,,54,51,11,3,3,,,,,11,,,,6,Defensive Rebound,,,,1318,1318,
2,2,21,Chase Fieler with a lost ball turnover: Lost Ball,97848,,true,false,false,Chase,,Fieler,,FlaGC,,54,51,11,3,3,,,,,8,,2,Lost Ball,7,Turnover,,,,1318,1318,
2,2,00,Boris Bojanovsky misses a hook shot from 7 feet out.,116525,,true,false,false,Boris,,Bojanovsky,,FlaSt,,54,51,11,3,2,,,,,8,2,55,Hook Shot,4,Field Goal Missed,7,4,5.3,12,12,
2,2,00,Okaro White with an offensive rebound.,97445,,true,false,false,Okaro,,White,,FlaSt,,54,51,11,3,1,,,,,14,,,,5,Offensive Rebound,,,,12,12,
2,1,56,Okaro White makes a tip shot from 4 feet out.,97445,,true,false,false,Okaro,,White,,FlaSt,,56,51,11,3,1,,,,,16,2,53,Tip Shot,3,Field Goal Made,4,-.6,4,12,12,
2,1,48,FlaGC take a full timeout.,,,false,false,false,,,,,,,56,51,11,3,0,,,,,0,,1,Regular,11,Timeout,,,,1318,1318,
2,1,31,Brett Comer misses a 3-point jump shot from 25 feet out.,109461,,true,false,false,Brett,,Comer,,FlaGC,,56,51,11,3,4,,,,,4,3,45,Jump Shot,4,Field Goal Missed,25,-4.8,24.7,1318,1318,
2,1,31,FlaGC with an offensive rebound.,,,false,false,false,,,,,,,56,51,11,3,0,,,,,0,,,,5,Offensive Rebound,,,,1318,1318,
2,1,07,Brett Comer makes a layup shot.,109461,,true,false,false,Brett,,Comer,,FlaGC,,56,53,11,3,4,,,,,6,2,40,Layup Shot,3,Field Goal Made,0,0,0,1318,1318,
2,1,07,FlaGC take a full timeout.,,,false,false,false,,,,,,,56,53,11,3,0,,,,,0,,1,Regular,11,Timeout,,,,1318,1318,
2,0,43.1,FlaSt take a 20-second timeout.,,,false,false,false,,,,,,,56,53,11,3,0,,,,,0,,2,Short,11,Timeout,,,,12,12,
2,0,35.9,Shooting foul committed by Chase Fieler.,97848,,true,false,false,Chase,,Fieler,,FlaGC,,56,53,12,3,4,,,,,8,,2,Shooting,8,Foul,,,,1318,1318,
2,0,35.9,Aaron Thomas misses free throw 1 of 2.,116531,,true,false,false,Aaron,,Thomas,,FlaSt,,56,53,12,3,1,,,,,22,1,11,Free Throw 1 of 2,2,Free Throw Missed,,,,12,12,
2,0,35.9,FlaSt with an offensive rebound.,,,false,false,false,,,,,,,56,53,12,3,0,,,,,0,,,,5,Offensive Rebound,,,,12,12,
2,0,35.9,Aaron Thomas misses free throw 2 of 2.,116531,,true,false,false,Aaron,,Thomas,,FlaSt,,56,53,12,3,1,,,,,22,1,12,Free Throw 2 of 2,2,Free Throw Missed,,,,12,12,
2,0,35.9,Filip Cvjeticanin with a defensive rebound.,109464,,true,false,false,Filip,,Cvjeticanin,,FlaGC,,56,53,12,3,1,,,,,8,,,,6,Defensive Rebound,,,,1318,1318,
2,0,27.5,Bernard Thompson misses a layup shot.,109465,,true,false,false,Bernard,,Thompson,,FlaGC,,56,53,12,3,2,,,,,16,2,40,Layup Shot,4,Field Goal Missed,0,0,0,1318,1318,
2,0,27.5,Devon Bookert with a defensive rebound.,116526,,true,false,false,Devon,,Bookert,,FlaSt,,56,53,12,3,1,,,,,2,,,,6,Defensive Rebound,,,,12,12,
2,0,26.4,Personal foul committed by Jamail Jones.,97502,,true,false,false,Jamail,,Jones,,FlaGC,,56,53,13,3,4,,,,,11,,1,Personal,8,Foul,,,,1318,1318,
2,0,25.4,Devon Bookert misses free throw 1 of 2.,116526,,true,false,false,Devon,,Bookert,,FlaSt,,56,53,13,3,1,,,,,2,1,11,Free Throw 1 of 2,2,Free Throw Missed,,,,12,12,
2,0,25.4,FlaSt with an offensive rebound.,,,false,false,false,,,,,,,56,53,13,3,0,,,,,0,,,,5,Offensive Rebound,,,,12,12,
2,0,25.4,Devon Bookert makes free throw 2 of 2.,116526,,true,false,false,Devon,,Bookert,,FlaSt,,57,53,13,3,1,,,,,3,1,12,Free Throw 2 of 2,1,Free Throw Made,,,,12,12,
2,0,25.4,FlaSt take a 20-second timeout.,,,false,false,false,,,,,,,57,53,13,3,0,,,,,0,,2,Short,11,Timeout,,,,12,12,
2,0,09.0,Bernard Thompson with a lost ball turnover: Lost Ball,109465,,true,false,false,Bernard,,Thompson,,FlaGC,,57,53,13,3,2,,,,,16,,2,Lost Ball,7,Turnover,,,,1318,1318,
2,0,05.9,Shooting foul committed by Bernard Thompson.,109465,,true,false,false,Bernard,,Thompson,,FlaGC,,57,53,14,3,3,,,,,16,,2,Shooting,8,Foul,,,,1318,1318,
2,0,05.9,Okaro White misses free throw 1 of 2.,97445,,true,false,false,Okaro,,White,,FlaSt,,57,53,14,3,1,,,,,16,1,11,Free Throw 1 of 2,2,Free Throw Missed,,,,12,12,
2,0,05.9,FlaSt with an offensive rebound.,,,false,false,false,,,,,,,57,53,14,3,0,,,,,0,,,,5,Offensive Rebound,,,,12,12,
2,0,05.9,Okaro White makes free throw 2 of 2.,97445,,true,false,false,Okaro,,White,,FlaSt,,58,53,14,3,1,,,,,17,1,12,Free Throw 2 of 2,1,Free Throw Made,,,,12,12,
2,0,04.0,Personal foul committed by Aaron Thomas.,116531,,true,false,false,Aaron,,Thomas,,FlaSt,,58,53,14,4,2,,,,,22,,1,Personal,8,Foul,,,,12,12,
2,0,01.0,Chase Fieler misses a 3-point jump shot from 25 feet out.,97848,,true,false,false,Chase,,Fieler,,FlaGC,,58,53,14,4,4,,,,,8,3,45,Jump Shot,4,Field Goal Missed,25,21.3,13.7,1318,1318,
2,0,01.0,FlaSt with a defensive rebound.,,,false,false,false,,,,,,,58,53,14,4,0,,,,,0,,,,6,Defensive Rebound,,,,12,12,
2,0,00,End of the 2nd Half,,,false,false,false,,,,,,,58,53,14,4,0,,,,,0,,,,15,End Period,,,,12,12,
2,0,00,End of the Game,,,false,false,false,,,,,,,58,53,14,4,0,,,,,0,,,,19,Game Over,,,,12,12,
