half,time-minutes,time-seconds,details,player1-id,player2-id,player1-linkable,player2-linkable,player3-linkable,player-first-name-1,player-first-name-2,player-last-name-1,player-last-name-2,player-team-alias-1,player-team-alias-2,home-score,visitor-score,visitor-fouls,home-fouls,player-fouls,fastbreak,in-paint,second-chance,off-turnover,player-score,points-type,detail-id,detail-desc,event-id,event-desc,distance,x-coord,y-coord,team-id-1,team-id-2,team-id-3
1,20,00,Start of the 1st Half,,,false,false,false,,,,,,,0,0,0,0,0,,,,,0,,,,14,Start Period,,,,282,282,
1,19,31,Tony Armstrong misses a jump shot.,117772,,true,false,false,Tony,,Armstrong,,AlSt,,0,0,0,0,0,,,,,0,2,45,Jump Shot,4,Field Goal Missed,,,,289,289,
1,19,10,Paul Baxter misses a 3-point jump shot.,117427,,true,false,false,Paul,,Baxter,,SamHou,,0,0,0,0,0,,,,,0,3,45,Jump Shot,4,Field Goal Missed,,,,282,282,
1,18,43,Maurice Strong misses a jump shot.,122067,,true,false,false,Maurice,,Strong,,AlSt,,0,0,0,0,0,,,,,0,2,45,Jump Shot,4,Field Goal Missed,,,,289,289,
1,18,27,Jabari Peters misses a 3-point jump shot.,111431,,true,false,false,Jabari,,Peters,,SamHou,,0,0,0,0,0,,,,,0,3,45,Jump Shot,4,Field Goal Missed,,,,282,282,
1,18,21,Shooting foul committed by Terrance LeFlore.,122069,,true,false,false,Terrance,,LeFlore,,AlSt,,0,0,1,0,1,,,,,0,,2,Shooting,8,Foul,,,,289,289,
1,18,21,Kaheem Ransom misses free throw 1 of 2.,121861,,true,false,false,Kaheem,,Ransom,,SamHou,,0,0,1,0,0,,,,,0,1,11,Free Throw 1 of 2,2,Free Throw Missed,,,,282,282,
1,18,21,Kaheem Ransom makes free throw 2 of 2.,121861,,true,false,false,Kaheem,,Ransom,,SamHou,,1,0,1,0,0,,,,,1,1,12,Free Throw 2 of 2,1,Free Throw Made,,,,282,282,
1,18,03,Brandon Graham makes a dunk shot.,122063,,true,false,false,Brandon,,Graham,,AlSt,,1,2,1,0,0,,,,,2,2,48,Dunk Shot,3,Field Goal Made,,,,289,289,
1,17,30,James Thomas misses a jump shot.,117426,,true,false,false,James,,Thomas,,SamHou,,1,2,1,0,0,,,,,0,2,45,Jump Shot,4,Field Goal Missed,,,,282,282,
1,17,16,Brandon Graham misses a 3-point jump shot.,122063,,true,false,false,Brandon,,Graham,,AlSt,,1,2,1,0,0,,,,,2,3,45,Jump Shot,4,Field Goal Missed,,,,289,289,
1,17,05,Jamel Waters misses a 3-point jump shot.,117771,,true,false,false,Jamel,,Waters,,AlSt,,1,2,1,0,0,,,,,0,3,45,Jump Shot,4,Field Goal Missed,,,,289,289,
1,16,52,James Thomas misses a jump shot.,117426,,true,false,false,James,,Thomas,,SamHou,,1,2,1,0,0,,,,,0,2,45,Jump Shot,4,Field Goal Missed,,,,282,282,
1,16,40,Tony Armstrong misses a jump shot.,117772,,true,false,false,Tony,,Armstrong,,AlSt,,1,2,1,0,0,,,,,0,2,45,Jump Shot,4,Field Goal Missed,,,,289,289,
1,16,29,James Thomas makes a layup shot.,117426,,true,false,false,James,,Thomas,,SamHou,,3,2,1,0,0,,,,,2,2,40,Layup Shot,3,Field Goal Made,,,,282,282,
1,16,29,Shooting foul committed by Brandon Graham.,122063,,true,false,false,Brandon,,Graham,,AlSt,,3,2,2,0,1,,,,,2,,2,Shooting,8,Foul,,,,289,289,
1,16,29,James Thomas makes free throw 1 of 1.,117426,,true,false,false,James,,Thomas,,SamHou,,4,2,2,0,0,,,,,3,1,10,Free Throw 1 of 1,1,Free Throw Made,,,,282,282,
1,16,06,Paul Baxter makes a 3-point jump shot.,117427,,true,false,false,Paul,,Baxter,,SamHou,,7,2,2,0,0,,,,,3,3,45,Jump Shot,3,Field Goal Made,,,,282,282,
1,15,42,Terrance LeFlore misses a jump shot.,122069,,true,false,false,Terrance,,LeFlore,,AlSt,,7,2,2,0,1,,,,,0,2,45,Jump Shot,4,Field Goal Missed,,,,289,289,
1,15,31,Offensive foul committed by Maurice Strong.,122067,,true,false,false,Maurice,,Strong,,AlSt,,7,2,3,0,1,,,,,0,,4,Offensive,8,Foul,,,,289,289,
1,15,31,Official TV timeout.,,,false,false,false,,,,,,,7,2,3,0,0,,,,,0,,3,Official TV,11,Timeout,,,,282,282,
1,14,56,Shooting foul committed by Maurice Strong.,122067,,true,false,false,Maurice,,Strong,,AlSt,,7,2,4,0,2,,,,,0,,2,Shooting,8,Foul,,,,289,289,
1,14,56,Jabari Peters misses free throw 1 of 2.,111431,,true,false,false,Jabari,,Peters,,SamHou,,7,2,4,0,0,,,,,0,1,11,Free Throw 1 of 2,2,Free Throw Missed,,,,282,282,
1,14,56,Jabari Peters makes free throw 2 of 2.,111431,,true,false,false,Jabari,,Peters,,SamHou,,8,2,4,0,0,,,,,1,1,12,Free Throw 2 of 2,1,Free Throw Made,,,,282,282,
1,14,35,DeMarcus Robinson misses a 3-point jump shot.,122062,,true,false,false,DeMarcus,,Robinson,,AlSt,,8,2,4,0,0,,,,,0,3,45,Jump Shot,4,Field Goal Missed,,,,289,289,
1,14,23,Aurimas Majauskas misses a layup shot.,121862,,true,false,false,Aurimas,,Majauskas,,SamHou,,8,2,4,0,0,,,,,0,2,40,Layup Shot,4,Field Goal Missed,,,,282,282,
1,14,05,Terrance Motley misses a layup shot.,117428,,true,false,false,Terrance,,Motley,,SamHou,,8,2,4,0,0,,,,,0,2,40,Layup Shot,4,Field Goal Missed,,,,282,282,
1,13,47,Tony Armstrong makes a hook shot.,117772,,true,false,false,Tony,,Armstrong,,AlSt,,8,4,4,0,0,,,,,2,2,55,Hook Shot,3,Field Goal Made,,,,289,289,
1,13,08,Aurimas Majauskas makes a jump shot.,121862,,true,false,false,Aurimas,,Majauskas,,SamHou,,10,4,4,0,0,,,,,2,2,45,Jump Shot,3,Field Goal Made,,,,282,282,
1,12,55,Brandon Graham makes a 3-point jump shot.,122063,,true,false,false,Brandon,,Graham,,AlSt,,10,7,4,0,1,,,,,5,3,45,Jump Shot,3,Field Goal Made,,,,289,289,
1,12,22,Offensive foul committed by Paul Baxter.,117427,,true,false,false,Paul,,Baxter,,SamHou,,10,7,4,1,1,,,,,3,,4,Offensive,8,Foul,,,,282,282,
1,12,05,Shooting foul committed by Terrance Motley.,117428,,true,false,false,Terrance,,Motley,,SamHou,,10,7,4,2,1,,,,,0,,2,Shooting,8,Foul,,,,282,282,
1,12,05,Tony Armstrong makes free throw 1 of 2.,117772,,true,false,false,Tony,,Armstrong,,AlSt,,10,8,4,2,0,,,,,3,1,11,Free Throw 1 of 2,1,Free Throw Made,,,,289,289,
1,12,05,Tony Armstrong makes free throw 2 of 2.,117772,,true,false,false,Tony,,Armstrong,,AlSt,,10,9,4,2,0,,,,,4,1,12,Free Throw 2 of 2,1,Free Throw Made,,,,289,289,
1,11,46,Terrance Motley makes a jump shot.,117428,,true,false,false,Terrance,,Motley,,SamHou,,12,9,4,2,1,,,,,2,2,45,Jump Shot,3,Field Goal Made,,,,282,282,
1,11,26,Tony Armstrong misses a jump shot.,117772,,true,false,false,Tony,,Armstrong,,AlSt,,12,9,4,2,0,,,,,4,2,45,Jump Shot,4,Field Goal Missed,,,,289,289,
1,11,25,Personal foul committed by Aurimas Majauskas.,121862,,true,false,false,Aurimas,,Majauskas,,SamHou,,12,9,4,3,1,,,,,2,,1,Personal,8,Foul,,,,282,282,
1,11,25,Official TV timeout.,,,false,false,false,,,,,,,12,9,4,3,0,,,,,0,,3,Official TV,11,Timeout,,,,282,282,
1,11,10,Billy Ingram misses a jump shot.,117773,,true,false,false,Billy,,Ingram,,AlSt,,12,9,4,3,0,,,,,0,2,45,Jump Shot,4,Field Goal Missed,,,,289,289,
1,11,10,Shooting foul committed by Tony Armstrong.,117772,,true,false,false,Tony,,Armstrong,,AlSt,,12,9,5,3,1,,,,,4,,2,Shooting,8,Foul,,,,289,289,
1,10,36,Terrance LeFlore misses a jump shot.,122069,,true,false,false,Terrance,,LeFlore,,AlSt,,12,9,5,3,1,,,,,0,2,45,Jump Shot,4,Field Goal Missed,,,,289,289,
1,10,27,Terrance LeFlore makes a jump shot.,122069,,true,false,false,Terrance,,LeFlore,,AlSt,,12,11,5,3,1,,,,,2,2,45,Jump Shot,3,Field Goal Made,,,,289,289,
1,10,08,Kaheem Ransom misses a 3-point jump shot.,121861,,true,false,false,Kaheem,,Ransom,,SamHou,,12,11,5,3,0,,,,,1,3,45,Jump Shot,4,Field Goal Missed,,,,282,282,
1,10,00,Terrance Motley misses a jump shot.,117428,,true,false,false,Terrance,,Motley,,SamHou,,12,11,5,3,1,,,,,2,2,45,Jump Shot,4,Field Goal Missed,,,,282,282,
1,9,36,Kaheem Ransom misses a 3-point jump shot.,121861,,true,false,false,Kaheem,,Ransom,,SamHou,,12,11,5,3,0,,,,,1,3,45,Jump Shot,4,Field Goal Missed,,,,282,282,
1,9,26,Billy Ingram misses a jump shot.,117773,,true,false,false,Billy,,Ingram,,AlSt,,12,11,5,3,0,,,,,0,2,45,Jump Shot,4,Field Goal Missed,,,,289,289,
1,9,13,Billy Ingram misses a layup shot.,117773,,true,false,false,Billy,,Ingram,,AlSt,,12,11,5,3,0,,,,,0,2,40,Layup Shot,4,Field Goal Missed,,,,289,289,
1,8,53,Terrance Motley misses a layup shot.,117428,,true,false,false,Terrance,,Motley,,SamHou,,12,11,5,3,1,,,,,2,2,40,Layup Shot,4,Field Goal Missed,,,,282,282,
1,8,52,Personal foul committed by Michael Holyfield.,110337,,true,false,false,Michael,,Holyfield,,SamHou,,12,11,5,4,1,,,,,0,,1,Personal,8,Foul,,,,282,282,
1,8,20,DeMarcus Robinson misses a 3-point jump shot.,122062,,true,false,false,DeMarcus,,Robinson,,AlSt,,12,11,5,4,0,,,,,0,3,45,Jump Shot,4,Field Goal Missed,,,,289,289,
1,8,08,Dakarai Henderson misses a 3-point jump shot.,117431,,true,false,false,Dakarai,,Henderson,,SamHou,,12,11,5,4,0,,,,,0,3,45,Jump Shot,4,Field Goal Missed,,,,282,282,
1,7,38,DeMarcus Robinson misses a jump shot.,122062,,true,false,false,DeMarcus,,Robinson,,AlSt,,12,11,5,4,0,,,,,0,2,45,Jump Shot,4,Field Goal Missed,,,,289,289,
1,7,33,Personal foul committed by DeMarcus Robinson.,122062,,true,false,false,DeMarcus,,Robinson,,AlSt,,12,11,6,4,1,,,,,0,,1,Personal,8,Foul,,,,289,289,
1,7,33,Official TV timeout.,,,false,false,false,,,,,,,12,11,6,4,0,,,,,0,,3,Official TV,11,Timeout,,,,282,282,
1,7,17,Michael Holyfield misses a layup shot.,110337,,true,false,false,Michael,,Holyfield,,SamHou,,12,11,6,4,1,,,,,0,2,40,Layup Shot,4,Field Goal Missed,,,,282,282,
1,6,52,DeMarcus Robinson makes a jump shot.,122062,,true,false,false,DeMarcus,,Robinson,,AlSt,,12,13,6,4,1,,,,,2,2,45,Jump Shot,3,Field Goal Made,,,,289,289,
1,6,36,Jabari Peters misses a 3-point jump shot.,111431,,true,false,false,Jabari,,Peters,,SamHou,,12,13,6,4,0,,,,,1,3,45,Jump Shot,4,Field Goal Missed,,,,282,282,
1,6,26,Brandon Graham misses a 3-point jump shot.,122063,,true,false,false,Brandon,,Graham,,AlSt,,12,13,6,4,1,,,,,5,3,45,Jump Shot,4,Field Goal Missed,,,,289,289,
1,6,09,Jabari Peters makes a 3-point jump shot.,111431,,true,false,false,Jabari,,Peters,,SamHou,,15,13,6,4,0,,,,,4,3,45,Jump Shot,3,Field Goal Made,,,,282,282,
1,5,33,DeAngelo Stewart misses a 3-point jump shot.,122066,,true,false,false,DeAngelo,,Stewart,,AlSt,,15,13,6,4,0,,,,,0,3,45,Jump Shot,4,Field Goal Missed,,,,289,289,
1,5,25,Dakarai Henderson makes a 3-point jump shot.,117431,,true,false,false,Dakarai,,Henderson,,SamHou,,18,13,6,4,0,,,,,3,3,45,Jump Shot,3,Field Goal Made,,,,282,282,
1,5,08,Shooting foul committed by Michael Holyfield.,110337,,true,false,false,Michael,,Holyfield,,SamHou,,18,13,6,5,2,,,,,0,,2,Shooting,8,Foul,,,,282,282,
1,5,08,DeAngelo Stewart makes free throw 1 of 2.,122066,,true,false,false,DeAngelo,,Stewart,,AlSt,,18,14,6,5,0,,,,,1,1,11,Free Throw 1 of 2,1,Free Throw Made,,,,289,289,
1,5,08,DeAngelo Stewart makes free throw 2 of 2.,122066,,true,false,false,DeAngelo,,Stewart,,AlSt,,18,15,6,5,0,,,,,2,1,12,Free Throw 2 of 2,1,Free Throw Made,,,,289,289,
1,4,49,Dakarai Henderson misses a 3-point jump shot.,117431,,true,false,false,Dakarai,,Henderson,,SamHou,,18,15,6,5,0,,,,,3,3,45,Jump Shot,4,Field Goal Missed,,,,282,282,
1,4,40,DeAngelo Stewart misses a 3-point jump shot.,122066,,true,false,false,DeAngelo,,Stewart,,AlSt,,18,15,6,5,0,,,,,2,3,45,Jump Shot,4,Field Goal Missed,,,,289,289,
1,4,29,Aurimas Majauskas makes a layup shot.,121862,,true,false,false,Aurimas,,Majauskas,,SamHou,,20,15,6,5,1,,,,,4,2,40,Layup Shot,3,Field Goal Made,,,,282,282,
1,4,16,Jamel Waters misses a jump shot.,117771,,true,false,false,Jamel,,Waters,,AlSt,,20,15,6,5,0,,,,,0,2,45,Jump Shot,4,Field Goal Missed,,,,289,289,
1,4,07,James Thomas makes a jump shot.,117426,,true,false,false,James,,Thomas,,SamHou,,22,15,6,5,0,,,,,5,2,45,Jump Shot,3,Field Goal Made,,,,282,282,
1,4,06,AlSt take a 20-second timeout.,,,false,false,false,,,,,,,22,15,6,5,0,,,,,0,,2,Short,11,Timeout,,,,289,289,
1,3,45,DeMarcus Robinson makes a 3-point jump shot.,122062,,true,false,false,DeMarcus,,Robinson,,AlSt,,22,18,6,5,1,,,,,5,3,45,Jump Shot,3,Field Goal Made,,,,289,289,
1,3,24,James Thomas misses a jump shot.,117426,,true,false,false,James,,Thomas,,SamHou,,22,18,6,5,0,,,,,5,2,45,Jump Shot,4,Field Goal Missed,,,,282,282,
1,3,22,Shooting foul committed by Brandon Graham.,122063,,true,false,false,Brandon,,Graham,,AlSt,,22,18,7,5,2,,,,,5,,2,Shooting,8,Foul,,,,289,289,
1,3,22,Official TV timeout.,,,false,false,false,,,,,,,22,18,7,5,0,,,,,0,,3,Official TV,11,Timeout,,,,282,282,
1,3,22,Aurimas Majauskas misses free throw 1 of 2.,121862,,true,false,false,Aurimas,,Majauskas,,SamHou,,22,18,7,5,1,,,,,4,1,11,Free Throw 1 of 2,2,Free Throw Missed,,,,282,282,
1,3,22,Aurimas Majauskas misses free throw 2 of 2.,121862,,true,false,false,Aurimas,,Majauskas,,SamHou,,22,18,7,5,1,,,,,4,1,12,Free Throw 2 of 2,2,Free Throw Missed,,,,282,282,
1,2,59,Jamel Waters misses a 3-point jump shot.,117771,,true,false,false,Jamel,,Waters,,AlSt,,22,18,7,5,0,,,,,0,3,45,Jump Shot,4,Field Goal Missed,,,,289,289,
1,2,35,Dakarai Henderson misses a jump shot.,117431,,true,false,false,Dakarai,,Henderson,,SamHou,,22,18,7,5,0,,,,,3,2,45,Jump Shot,4,Field Goal Missed,,,,282,282,
1,2,30,Jabari Peters misses a layup shot.,111431,,true,false,false,Jabari,,Peters,,SamHou,,22,18,7,5,0,,,,,4,2,40,Layup Shot,4,Field Goal Missed,,,,282,282,
1,2,28,James Thomas makes a tip shot.,117426,,true,false,false,James,,Thomas,,SamHou,,24,18,7,5,0,,,,,7,2,53,Tip Shot,3,Field Goal Made,,,,282,282,
1,1,51,Jamel Waters misses a layup shot.,117771,,true,false,false,Jamel,,Waters,,AlSt,,24,18,7,5,0,,,,,0,2,40,Layup Shot,4,Field Goal Missed,,,,289,289,
1,1,46,Shooting foul committed by Jamel Waters.,117771,,true,false,false,Jamel,,Waters,,AlSt,,24,18,8,5,1,,,,,0,,2,Shooting,8,Foul,,,,289,289,
1,1,46,Dakarai Henderson makes free throw 1 of 2.,117431,,true,false,false,Dakarai,,Henderson,,SamHou,,25,18,8,5,0,,,,,4,1,11,Free Throw 1 of 2,1,Free Throw Made,,,,282,282,
1,1,46,Dakarai Henderson makes free throw 2 of 2.,117431,,true,false,false,Dakarai,,Henderson,,SamHou,,26,18,8,5,0,,,,,5,1,12,Free Throw 2 of 2,1,Free Throw Made,,,,282,282,
1,1,20,Jamel Waters misses a 3-point jump shot.,117771,,true,false,false,Jamel,,Waters,,AlSt,,26,18,8,5,1,,,,,0,3,45,Jump Shot,4,Field Goal Missed,,,,289,289,
1,1,13,Dakarai Henderson makes a layup shot.,117431,,true,false,false,Dakarai,,Henderson,,SamHou,,28,18,8,5,0,,,,,7,2,40,Layup Shot,3,Field Goal Made,,,,282,282,
1,0,56.4,Personal foul committed by James Thomas.,117426,,true,false,false,James,,Thomas,,SamHou,,28,18,8,6,1,,,,,7,,1,Personal,8,Foul,,,,282,282,
1,0,34.7,Brandon Graham makes a jump shot.,122063,,true,false,false,Brandon,,Graham,,AlSt,,28,20,8,6,2,,,,,7,2,45,Jump Shot,3,Field Goal Made,,,,289,289,
1,0,26.4,SamHou take a 20-second timeout.,,,false,false,false,,,,,,,28,20,8,6,0,,,,,0,,2,Short,11,Timeout,,,,282,282,
1,0,05.3,Dakarai Henderson misses a 3-point jump shot.,117431,,true,false,false,Dakarai,,Henderson,,SamHou,,28,20,8,6,0,,,,,7,3,45,Jump Shot,4,Field Goal Missed,,,,282,282,
1,0,00,Jabari Peters misses a layup shot.,111431,,true,false,false,Jabari,,Peters,,SamHou,,28,20,8,6,0,,,,,4,2,40,Layup Shot,4,Field Goal Missed,,,,282,282,
1,0,00,End of the 1st Half,,,false,false,false,,,,,,,28,20,8,6,0,,,,,0,,,,15,End Period,,,,282,282,
2,20,00,Start of the 2nd Half,,,false,false,false,,,,,,,28,20,0,0,0,,,,,0,,,,14,Start Period,,,,282,282,
2,19,31,Maurice Strong misses a layup shot.,122067,,true,false,false,Maurice,,Strong,,AlSt,,28,20,0,0,2,,,,,0,2,40,Layup Shot,4,Field Goal Missed,,,,289,289,
2,19,19,Paul Baxter makes a 3-point jump shot.,117427,,true,false,false,Paul,,Baxter,,SamHou,,31,20,0,0,1,,,,,6,3,45,Jump Shot,3,Field Goal Made,,,,282,282,
2,19,02,Personal foul committed by James Thomas.,117426,,true,false,false,James,,Thomas,,SamHou,,31,20,0,1,2,,,,,7,,1,Personal,8,Foul,,,,282,282,
2,19,00,Brandon Graham makes a jump shot.,122063,,true,false,false,Brandon,,Graham,,AlSt,,31,22,0,1,2,,,,,9,2,45,Jump Shot,3,Field Goal Made,,,,289,289,
2,18,39,Michael Holyfield misses a layup shot.,110337,,true,false,false,Michael,,Holyfield,,SamHou,,31,22,0,1,2,,,,,0,2,40,Layup Shot,4,Field Goal Missed,,,,282,282,
2,18,13,Shooting foul committed by Michael Holyfield.,110337,,true,false,false,Michael,,Holyfield,,SamHou,,31,22,0,2,3,,,,,0,,2,Shooting,8,Foul,,,,282,282,
2,18,13,Terrance LeFlore misses free throw 1 of 2.,122069,,true,false,false,Terrance,,LeFlore,,AlSt,,31,22,0,2,1,,,,,2,1,11,Free Throw 1 of 2,2,Free Throw Missed,,,,289,289,
2,18,13,Terrance LeFlore misses free throw 2 of 2.,122069,,true,false,false,Terrance,,LeFlore,,AlSt,,31,22,0,2,1,,,,,2,1,12,Free Throw 2 of 2,2,Free Throw Missed,,,,289,289,
2,17,56,Kaheem Ransom misses a 3-point jump shot.,121861,,true,false,false,Kaheem,,Ransom,,SamHou,,31,22,0,2,0,,,,,1,3,45,Jump Shot,4,Field Goal Missed,,,,282,282,
2,17,50,Offensive foul committed by Tony Armstrong.,117772,,true,false,false,Tony,,Armstrong,,AlSt,,31,22,1,2,2,,,,,4,,4,Offensive,8,Foul,,,,289,289,
2,17,23,Will Bond misses a 3-point jump shot.,117429,,true,false,false,Will,,Bond,,SamHou,,31,22,1,2,0,,,,,0,3,45,Jump Shot,4,Field Goal Missed,,,,282,282,
2,17,17,Shooting foul committed by Maurice Strong.,122067,,true,false,false,Maurice,,Strong,,AlSt,,31,22,2,2,3,,,,,0,,2,Shooting,8,Foul,,,,289,289,
2,17,17,Jabari Peters makes free throw 1 of 2.,111431,,true,false,false,Jabari,,Peters,,SamHou,,32,22,2,2,0,,,,,5,1,11,Free Throw 1 of 2,1,Free Throw Made,,,,282,282,
2,17,17,Jabari Peters misses free throw 2 of 2.,111431,,true,false,false,Jabari,,Peters,,SamHou,,32,22,2,2,0,,,,,5,1,12,Free Throw 2 of 2,2,Free Throw Missed,,,,282,282,
2,16,59,Terrance LeFlore misses a 3-point jump shot.,122069,,true,false,false,Terrance,,LeFlore,,AlSt,,32,22,2,2,1,,,,,2,3,45,Jump Shot,4,Field Goal Missed,,,,289,289,
2,16,53,Personal foul committed by Terrance Motley.,117428,,true,false,false,Terrance,,Motley,,SamHou,,32,22,2,3,2,,,,,2,,1,Personal,8,Foul,,,,282,282,
2,16,50,Terrance LeFlore misses a layup shot.,122069,,true,false,false,Terrance,,LeFlore,,AlSt,,32,22,2,3,1,,,,,2,2,40,Layup Shot,4,Field Goal Missed,,,,289,289,
2,16,49,Shooting foul committed by Terrance Motley.,117428,,true,false,false,Terrance,,Motley,,SamHou,,32,22,2,4,3,,,,,2,,2,Shooting,8,Foul,,,,282,282,
2,16,49,Brandon Graham misses free throw 1 of 2.,122063,,true,false,false,Brandon,,Graham,,AlSt,,32,22,2,4,2,,,,,9,1,11,Free Throw 1 of 2,2,Free Throw Missed,,,,289,289,
2,16,49,Brandon Graham makes free throw 2 of 2.,122063,,true,false,false,Brandon,,Graham,,AlSt,,32,23,2,4,2,,,,,10,1,12,Free Throw 2 of 2,1,Free Throw Made,,,,289,289,
2,16,40,Will Bond makes a 3-point jump shot.,117429,,true,false,false,Will,,Bond,,SamHou,,35,23,2,4,0,,,,,3,3,45,Jump Shot,3,Field Goal Made,,,,282,282,
2,16,23,Jamel Waters misses a 3-point jump shot.,117771,,true,false,false,Jamel,,Waters,,AlSt,,35,23,2,4,1,,,,,0,3,45,Jump Shot,4,Field Goal Missed,,,,289,289,
2,15,55,Aurimas Majauskas makes a 3-point jump shot.,121862,,true,false,false,Aurimas,,Majauskas,,SamHou,,38,23,2,4,1,,,,,7,3,45,Jump Shot,3,Field Goal Made,,,,282,282,
2,15,46,AlSt take a 20-second timeout.,,,false,false,false,,,,,,,38,23,2,4,0,,,,,0,,2,Short,11,Timeout,,,,289,289,
2,15,35,Official TV timeout.,,,false,false,false,,,,,,,38,23,2,4,0,,,,,0,,3,Official TV,11,Timeout,,,,282,282,
2,15,23,Jamel Waters misses a jump shot.,117771,,true,false,false,Jamel,,Waters,,AlSt,,38,23,2,4,1,,,,,0,2,45,Jump Shot,4,Field Goal Missed,,,,289,289,
2,14,59,Shooting foul committed by Tony Armstrong.,117772,,true,false,false,Tony,,Armstrong,,AlSt,,38,23,3,4,3,,,,,4,,2,Shooting,8,Foul,,,,289,289,
2,14,59,James Thomas makes free throw 1 of 2.,117426,,true,false,false,James,,Thomas,,SamHou,,39,23,3,4,2,,,,,8,1,11,Free Throw 1 of 2,1,Free Throw Made,,,,282,282,
2,14,59,James Thomas makes free throw 2 of 2.,117426,,true,false,false,James,,Thomas,,SamHou,,40,23,3,4,2,,,,,9,1,12,Free Throw 2 of 2,1,Free Throw Made,,,,282,282,
2,14,39,DeMarcus Robinson misses a 3-point jump shot.,122062,,true,false,false,DeMarcus,,Robinson,,AlSt,,40,23,3,4,1,,,,,5,3,45,Jump Shot,4,Field Goal Missed,,,,289,289,
2,14,28,James Thomas makes a layup shot.,117426,,true,false,false,James,,Thomas,,SamHou,,42,23,3,4,2,,,,,11,2,40,Layup Shot,3,Field Goal Made,,,,282,282,
2,14,10,Personal foul committed by Jabari Peters.,111431,,true,false,false,Jabari,,Peters,,SamHou,,42,23,3,5,1,,,,,5,,1,Personal,8,Foul,,,,282,282,
2,14,00,Maurice Strong makes a jump shot.,122067,,true,false,false,Maurice,,Strong,,AlSt,,42,25,3,5,3,,,,,2,2,45,Jump Shot,3,Field Goal Made,,,,289,289,
2,14,00,Shooting foul committed by Michael Holyfield.,110337,,true,false,false,Michael,,Holyfield,,SamHou,,42,25,3,6,4,,,,,0,,2,Shooting,8,Foul,,,,282,282,
2,14,00,Maurice Strong makes free throw 1 of 1.,122067,,true,false,false,Maurice,,Strong,,AlSt,,42,26,3,6,3,,,,,3,1,10,Free Throw 1 of 1,1,Free Throw Made,,,,289,289,
2,13,43,Aurimas Majauskas misses a jump shot.,121862,,true,false,false,Aurimas,,Majauskas,,SamHou,,42,26,3,6,1,,,,,7,2,45,Jump Shot,4,Field Goal Missed,,,,282,282,
2,13,20,Jamel Waters makes a 3-point jump shot.,117771,,true,false,false,Jamel,,Waters,,AlSt,,42,29,3,6,1,,,,,3,3,45,Jump Shot,3,Field Goal Made,,,,289,289,
2,12,53,Jamel Waters misses a 3-point jump shot.,117771,,true,false,false,Jamel,,Waters,,AlSt,,42,29,3,6,1,,,,,3,3,45,Jump Shot,4,Field Goal Missed,,,,289,289,
2,12,35,Will Bond misses a 3-point jump shot.,117429,,true,false,false,Will,,Bond,,SamHou,,42,29,3,6,0,,,,,3,3,45,Jump Shot,4,Field Goal Missed,,,,282,282,
2,11,58,Brandon Graham misses a 3-point jump shot.,122063,,true,false,false,Brandon,,Graham,,AlSt,,42,29,3,6,2,,,,,10,3,45,Jump Shot,4,Field Goal Missed,,,,289,289,
2,11,57,Personal foul committed by Marquel McKinney.,110330,,true,false,false,Marquel,,McKinney,,SamHou,,42,29,3,7,1,,,,,0,,1,Personal,8,Foul,,,,282,282,
2,11,57,Official TV timeout.,,,false,false,false,,,,,,,42,29,3,7,0,,,,,0,,3,Official TV,11,Timeout,,,,282,282,
2,11,57,Luther Page makes free throw 1st of 1-and-1.,110983,,true,false,false,Luther,,Page,,AlSt,,42,30,3,7,0,,,,,1,1,8,Free Throw 1st of 1-and-1,1,Free Throw Made,,,,289,289,
2,11,57,Luther Page makes free throw 2nd of 1-and-1.,110983,,true,false,false,Luther,,Page,,AlSt,,42,31,3,7,0,,,,,2,1,9,Free Throw 2nd of 1-and-1,1,Free Throw Made,,,,289,289,
2,11,23,Will Bond misses a 3-point jump shot.,117429,,true,false,false,Will,,Bond,,SamHou,,42,31,3,7,0,,,,,3,3,45,Jump Shot,4,Field Goal Missed,,,,282,282,
2,11,22,Personal foul committed by Marquel McKinney.,110330,,true,false,false,Marquel,,McKinney,,SamHou,,42,31,3,8,2,,,,,0,,1,Personal,8,Foul,,,,282,282,
2,11,22,Maurice Strong makes free throw 1st of 1-and-1.,122067,,true,false,false,Maurice,,Strong,,AlSt,,42,32,3,8,3,,,,,4,1,8,Free Throw 1st of 1-and-1,1,Free Throw Made,,,,289,289,
2,11,22,Maurice Strong makes free throw 2nd of 1-and-1.,122067,,true,false,false,Maurice,,Strong,,AlSt,,42,33,3,8,3,,,,,5,1,9,Free Throw 2nd of 1-and-1,1,Free Throw Made,,,,289,289,
2,11,05,Personal foul committed by DeMarcus Robinson.,122062,,true,false,false,DeMarcus,,Robinson,,AlSt,,42,33,4,8,2,,,,,5,,1,Personal,8,Foul,,,,289,289,
2,11,00,Kaheem Ransom misses a 3-point jump shot.,121861,,true,false,false,Kaheem,,Ransom,,SamHou,,42,33,4,8,0,,,,,1,3,45,Jump Shot,4,Field Goal Missed,,,,282,282,
2,10,56,Shooting foul committed by Luther Page.,110983,,true,false,false,Luther,,Page,,AlSt,,42,33,5,8,1,,,,,2,,2,Shooting,8,Foul,,,,289,289,
2,10,56,Michael Holyfield makes free throw 1 of 2.,110337,,true,false,false,Michael,,Holyfield,,SamHou,,43,33,5,8,4,,,,,1,1,11,Free Throw 1 of 2,1,Free Throw Made,,,,282,282,
2,10,56,Michael Holyfield misses free throw 2 of 2.,110337,,true,false,false,Michael,,Holyfield,,SamHou,,43,33,5,8,4,,,,,1,1,12,Free Throw 2 of 2,2,Free Throw Missed,,,,282,282,
2,10,29,Maurice Strong misses a jump shot.,122067,,true,false,false,Maurice,,Strong,,AlSt,,43,33,5,8,3,,,,,5,2,45,Jump Shot,4,Field Goal Missed,,,,289,289,
2,10,21,Paul Baxter makes a layup shot.,117427,,true,false,false,Paul,,Baxter,,SamHou,,45,33,5,8,1,,,,,8,2,40,Layup Shot,3,Field Goal Made,,,,282,282,
2,10,04,Paul Baxter makes a layup shot.,117427,,true,false,false,Paul,,Baxter,,SamHou,,47,33,5,8,1,,,,,10,2,40,Layup Shot,3,Field Goal Made,,,,282,282,
2,9,41,Maurice Strong makes a hook shot.,122067,,true,false,false,Maurice,,Strong,,AlSt,,47,35,5,8,3,,,,,7,2,55,Hook Shot,3,Field Goal Made,,,,289,289,
2,9,23,Kaheem Ransom makes a 3-point jump shot.,121861,,true,false,false,Kaheem,,Ransom,,SamHou,,50,35,5,8,0,,,,,4,3,45,Jump Shot,3,Field Goal Made,,,,282,282,
2,9,07,Luther Page misses a layup shot.,110983,,true,false,false,Luther,,Page,,AlSt,,50,35,5,8,1,,,,,2,2,40,Layup Shot,4,Field Goal Missed,,,,289,289,
2,8,51,Marquel McKinney makes a 3-point jump shot.,110330,,true,false,false,Marquel,,McKinney,,SamHou,,53,35,5,8,2,,,,,3,3,45,Jump Shot,3,Field Goal Made,,,,282,282,
2,8,49,AlSt take a 20-second timeout.,,,false,false,false,,,,,,,53,35,5,8,0,,,,,0,,2,Short,11,Timeout,,,,289,289,
2,8,37,Personal foul committed by Michael Holyfield.,110337,,true,false,false,Michael,,Holyfield,,SamHou,,53,35,5,9,5,,,,,1,,1,Personal,8,Foul,,,,282,282,
2,8,37,Maurice Strong misses free throw 1st of 1-and-1.,122067,,true,false,false,Maurice,,Strong,,AlSt,,53,35,5,9,3,,,,,7,1,8,Free Throw 1st of 1-and-1,2,Free Throw Missed,,,,289,289,
2,8,24,Dakarai Henderson makes a jump shot.,117431,,true,false,false,Dakarai,,Henderson,,SamHou,,55,35,5,9,0,,,,,9,2,45,Jump Shot,3,Field Goal Made,,,,282,282,
2,8,07,Kaheem Ransom makes a layup shot.,121861,,true,false,false,Kaheem,,Ransom,,SamHou,,57,35,5,9,0,,,,,6,2,40,Layup Shot,3,Field Goal Made,,,,282,282,
2,7,54,Jamel Waters misses a layup shot.,117771,,true,false,false,Jamel,,Waters,,AlSt,,57,35,5,9,1,,,,,3,2,40,Layup Shot,4,Field Goal Missed,,,,289,289,
2,7,49,Kaheem Ransom misses a layup shot.,121861,,true,false,false,Kaheem,,Ransom,,SamHou,,57,35,5,9,0,,,,,6,2,40,Layup Shot,4,Field Goal Missed,,,,282,282,
2,7,48,James Thomas makes a layup shot.,117426,,true,false,false,James,,Thomas,,SamHou,,59,35,5,9,2,,,,,13,2,40,Layup Shot,3,Field Goal Made,,,,282,282,
2,7,48,Official TV timeout.,,,false,false,false,,,,,,,59,35,5,9,0,,,,,0,,3,Official TV,11,Timeout,,,,282,282,
2,7,10,Shooting foul committed by Kaheem Ransom.,121861,,true,false,false,Kaheem,,Ransom,,SamHou,,59,35,5,10,1,,,,,6,,2,Shooting,8,Foul,,,,282,282,
2,7,10,Brandon Graham misses free throw 1 of 2.,122063,,true,false,false,Brandon,,Graham,,AlSt,,59,35,5,10,2,,,,,10,1,11,Free Throw 1 of 2,2,Free Throw Missed,,,,289,289,
2,7,10,Brandon Graham makes free throw 2 of 2.,122063,,true,false,false,Brandon,,Graham,,AlSt,,59,36,5,10,2,,,,,11,1,12,Free Throw 2 of 2,1,Free Throw Made,,,,289,289,
2,6,52,Terrance Motley makes a jump shot.,117428,,true,false,false,Terrance,,Motley,,SamHou,,61,36,5,10,3,,,,,4,2,45,Jump Shot,3,Field Goal Made,,,,282,282,
2,6,15,Jamel Waters misses a jump shot.,117771,,true,false,false,Jamel,,Waters,,AlSt,,61,36,5,10,1,,,,,3,2,45,Jump Shot,4,Field Goal Missed,,,,289,289,
2,6,14,Personal foul committed by Maurice Strong.,122067,,true,false,false,Maurice,,Strong,,AlSt,,61,36,6,10,4,,,,,7,,1,Personal,8,Foul,,,,289,289,
2,5,59,Dakarai Henderson makes a 3-point jump shot.,117431,,true,false,false,Dakarai,,Henderson,,SamHou,,64,36,6,10,0,,,,,12,3,45,Jump Shot,3,Field Goal Made,,,,282,282,
2,5,21,DeAngelo Stewart misses a 3-point jump shot.,122066,,true,false,false,DeAngelo,,Stewart,,AlSt,,64,36,6,10,0,,,,,2,3,45,Jump Shot,4,Field Goal Missed,,,,289,289,
2,5,16,Jamel Waters misses a 3-point jump shot.,117771,,true,false,false,Jamel,,Waters,,AlSt,,64,36,6,10,1,,,,,3,3,45,Jump Shot,4,Field Goal Missed,,,,289,289,
2,5,03,DeMarcus Robinson makes a 3-point jump shot.,122062,,true,false,false,DeMarcus,,Robinson,,AlSt,,64,39,6,10,2,,,,,8,3,45,Jump Shot,3,Field Goal Made,,,,289,289,
2,4,43,Nathaniel Mason misses a jump shot.,117430,,true,false,false,Nathaniel,,Mason,,SamHou,,64,39,6,10,0,,,,,0,2,45,Jump Shot,4,Field Goal Missed,,,,282,282,
2,4,33,Brandon Graham makes a jump shot.,122063,,true,false,false,Brandon,,Graham,,AlSt,,64,41,6,10,2,,,,,13,2,45,Jump Shot,3,Field Goal Made,,,,289,289,
2,4,14,Terrance Motley misses a jump shot.,117428,,true,false,false,Terrance,,Motley,,SamHou,,64,41,6,10,3,,,,,4,2,45,Jump Shot,4,Field Goal Missed,,,,282,282,
2,4,09,Shooting foul committed by Kaheem Ransom.,121861,,true,false,false,Kaheem,,Ransom,,SamHou,,64,41,6,11,2,,,,,6,,2,Shooting,8,Foul,,,,282,282,
2,4,09,Luther Page makes free throw 1 of 2.,110983,,true,false,false,Luther,,Page,,AlSt,,64,42,6,11,1,,,,,3,1,11,Free Throw 1 of 2,1,Free Throw Made,,,,289,289,
2,4,09,Luther Page misses free throw 2 of 2.,110983,,true,false,false,Luther,,Page,,AlSt,,64,42,6,11,1,,,,,3,1,12,Free Throw 2 of 2,2,Free Throw Missed,,,,289,289,
2,3,50,Personal foul committed by DeAngelo Stewart.,122066,,true,false,false,DeAngelo,,Stewart,,AlSt,,64,42,7,11,1,,,,,2,,1,Personal,8,Foul,,,,289,289,
2,3,50,Official TV timeout.,,,false,false,false,,,,,,,64,42,7,11,0,,,,,0,,3,Official TV,11,Timeout,,,,282,282,
2,3,50,Kaheem Ransom makes free throw 1st of 1-and-1.,121861,,true,false,false,Kaheem,,Ransom,,SamHou,,65,42,7,11,2,,,,,7,1,8,Free Throw 1st of 1-and-1,1,Free Throw Made,,,,282,282,
2,3,50,Kaheem Ransom misses free throw 2nd of 1-and-1.,121861,,true,false,false,Kaheem,,Ransom,,SamHou,,65,42,7,11,2,,,,,7,1,9,Free Throw 2nd of 1-and-1,2,Free Throw Missed,,,,282,282,
2,3,37,Shooting foul committed by Aurimas Majauskas.,121862,,true,false,false,Aurimas,,Majauskas,,SamHou,,65,42,7,12,2,,,,,7,,2,Shooting,8,Foul,,,,282,282,
2,3,37,DeAngelo Stewart makes free throw 1 of 2.,122066,,true,false,false,DeAngelo,,Stewart,,AlSt,,65,43,7,12,1,,,,,3,1,11,Free Throw 1 of 2,1,Free Throw Made,,,,289,289,
2,3,37,DeAngelo Stewart makes free throw 2 of 2.,122066,,true,false,false,DeAngelo,,Stewart,,AlSt,,65,44,7,12,1,,,,,4,1,12,Free Throw 2 of 2,1,Free Throw Made,,,,289,289,
2,3,15,Dakarai Henderson misses a 3-point jump shot.,117431,,true,false,false,Dakarai,,Henderson,,SamHou,,65,44,7,12,0,,,,,12,3,45,Jump Shot,4,Field Goal Missed,,,,282,282,
2,3,12,Shooting foul committed by Luther Page.,110983,,true,false,false,Luther,,Page,,AlSt,,65,44,8,12,2,,,,,3,,2,Shooting,8,Foul,,,,289,289,
2,3,12,Aurimas Majauskas makes free throw 1 of 2.,121862,,true,false,false,Aurimas,,Majauskas,,SamHou,,66,44,8,12,2,,,,,8,1,11,Free Throw 1 of 2,1,Free Throw Made,,,,282,282,
2,3,12,Aurimas Majauskas makes free throw 2 of 2.,121862,,true,false,false,Aurimas,,Majauskas,,SamHou,,67,44,8,12,2,,,,,9,1,12,Free Throw 2 of 2,1,Free Throw Made,,,,282,282,
2,2,55,DeMarcus Robinson makes a 3-point jump shot.,122062,,true,false,false,DeMarcus,,Robinson,,AlSt,,67,47,8,12,2,,,,,11,3,45,Jump Shot,3,Field Goal Made,,,,289,289,
2,2,52,Personal foul committed by Terrance LeFlore.,122069,,true,false,false,Terrance,,LeFlore,,AlSt,,67,47,9,12,2,,,,,2,,1,Personal,8,Foul,,,,289,289,
2,2,52,Dakarai Henderson makes free throw 1 of 2.,117431,,true,false,false,Dakarai,,Henderson,,SamHou,,68,47,9,12,0,,,,,13,1,11,Free Throw 1 of 2,1,Free Throw Made,,,,282,282,
2,2,52,Dakarai Henderson makes free throw 2 of 2.,117431,,true,false,false,Dakarai,,Henderson,,SamHou,,69,47,9,12,0,,,,,14,1,12,Free Throw 2 of 2,1,Free Throw Made,,,,282,282,
2,2,14,Offensive foul committed by Aurimas Majauskas.,121862,,true,false,false,Aurimas,,Majauskas,,SamHou,,69,47,9,13,3,,,,,9,,4,Offensive,8,Foul,,,,282,282,
2,1,45,Billy Ingram misses a 3-point jump shot.,117773,,true,false,false,Billy,,Ingram,,AlSt,,69,47,9,13,0,,,,,0,3,45,Jump Shot,4,Field Goal Missed,,,,289,289,
2,1,41,Personal foul committed by DeMarcus Robinson.,122062,,true,false,false,DeMarcus,,Robinson,,AlSt,,69,47,10,13,3,,,,,11,,1,Personal,8,Foul,,,,289,289,
2,1,41,Aurimas Majauskas makes free throw 1 of 2.,121862,,true,false,false,Aurimas,,Majauskas,,SamHou,,70,47,10,13,3,,,,,10,1,11,Free Throw 1 of 2,1,Free Throw Made,,,,282,282,
2,1,41,Aurimas Majauskas makes free throw 2 of 2.,121862,,true,false,false,Aurimas,,Majauskas,,SamHou,,71,47,10,13,3,,,,,11,1,12,Free Throw 2 of 2,1,Free Throw Made,,,,282,282,
2,1,22,Nick Davis misses a jump shot.,122064,,true,false,false,Nick,,Davis,,AlSt,,71,47,10,13,0,,,,,0,2,45,Jump Shot,4,Field Goal Missed,,,,289,289,
2,0,54.8,Darius Scott makes a jump shot.,122071,,true,false,false,Darius,,Scott,,AlSt,,71,49,10,13,0,,,,,2,2,45,Jump Shot,3,Field Goal Made,,,,289,289,
2,0,31.6,Nick Davis misses a 3-point jump shot.,122064,,true,false,false,Nick,,Davis,,AlSt,,71,49,10,13,0,,,,,0,3,45,Jump Shot,4,Field Goal Missed,,,,289,289,
2,0,00,End of the 2nd Half,,,false,false,false,,,,,,,71,49,10,13,0,,,,,0,,,,15,End Period,,,,282,282,
2,0,00,End of the Game,,,false,false,false,,,,,,,71,49,10,13,0,,,,,0,,,,19,Game Over,,,,282,282,
