half,time-minutes,time-seconds,details,player1-id,player2-id,player1-linkable,player2-linkable,player3-linkable,player-first-name-1,player-first-name-2,player-last-name-1,player-last-name-2,player-team-alias-1,player-team-alias-2,home-score,visitor-score,visitor-fouls,home-fouls,player-fouls,fastbreak,in-paint,second-chance,off-turnover,player-score,points-type,detail-id,detail-desc,event-id,event-desc,distance,x-coord,y-coord,team-id-1,team-id-2,team-id-3
1,20,00,Start of the 1st Half,,,false,false,false,,,,,,,0,0,0,0,0,,,,,0,,,,14,Start Period,,,,10,10,
1,19,35,Malcolm Hill misses a jump shot from 14 feet out.,120650,,true,false,false,Malcolm,,Hill,,Ill,,0,0,0,0,0,,,,,0,2,45,Jump Shot,4,Field Goal Missed,14,-11.6,6.9,72,72,
1,19,35,Landry Nnoko with a defensive rebound.,116772,,true,false,false,Landry,,Nnoko,,Clem,,0,0,0,0,0,,,,,0,,,,6,Defensive Rebound,,,,10,10,
1,19,11,Jordan Roper makes a jump shot from 19 feet out.,116773,,true,false,false,Jordan,,Roper,,Clem,,2,0,0,0,0,,,,,2,2,45,Jump Shot,3,Field Goal Made,19,13,13.9,10,10,
1,18,50,Nnanna Egwu misses a jump shot from 18 feet out.,110106,,true,false,false,Nnanna,,Egwu,,Ill,,2,0,0,0,0,,,,,0,2,45,Jump Shot,4,Field Goal Missed,18,-17.6,-.8,72,72,
1,18,50,Landry Nnoko with a defensive rebound.,116772,,true,false,false,Landry,,Nnoko,,Clem,,2,0,0,0,0,,,,,0,,,,6,Defensive Rebound,,,,10,10,
1,18,23,Landry Nnoko makes a hook shot from 11 feet out. K.J. McDaniels with the assist.,116772,110089,true,true,false,Landry,K.J.,Nnoko,McDaniels,Clem,Clem,4,0,0,0,0,,,,,2,2,55,Hook Shot,3,Field Goal Made,11,8.9,5.9,10,10,
1,18,00,Shooting foul committed by Landry Nnoko.,116772,,true,false,false,Landry,,Nnoko,,Clem,,4,0,0,1,1,,,,,2,,2,Shooting,8,Foul,,,,10,10,
1,18,00,Tracy Abrams makes free throw 1 of 2.,110101,,true,false,false,Tracy,,Abrams,,Ill,,4,1,0,1,0,,,,,1,1,11,Free Throw 1 of 2,1,Free Throw Made,,,,72,72,
1,18,00,Tracy Abrams makes free throw 2 of 2.,110101,,true,false,false,Tracy,,Abrams,,Ill,,4,2,0,1,0,,,,,2,1,12,Free Throw 2 of 2,1,Free Throw Made,,,,72,72,
1,17,41,Jordan Roper misses a 3-point jump shot from 26 feet out.,116773,,true,false,false,Jordan,,Roper,,Clem,,4,2,0,1,0,,,,,2,3,45,Jump Shot,4,Field Goal Missed,26,11.1,23.2,10,10,
1,17,41,Tracy Abrams with a defensive rebound.,110101,,true,false,false,Tracy,,Abrams,,Ill,,4,2,0,1,0,,,,,2,,,,6,Defensive Rebound,,,,72,72,
1,17,36,Rayvonte Rice misses a 3-point jump shot from 24 feet out.,98259,,true,false,false,Rayvonte,,Rice,,Ill,,4,2,0,1,0,,,,,0,3,45,Jump Shot,4,Field Goal Missed,24,2.8,23.5,72,72,
1,17,36,Jordan Roper with a defensive rebound.,116773,,true,false,false,Jordan,,Roper,,Clem,,4,2,0,1,0,,,,,2,,,,6,Defensive Rebound,,,,10,10,
1,17,21,Rod Hall with a bad pass turnover: Bad Pass,110088,,true,false,false,Rod,,Hall,,Clem,,4,2,0,1,0,,,,,0,,1,Bad Pass,7,Turnover,,,,10,10,
1,17,04,Kendrick Nunn makes a jump shot from 14 feet out.,120652,,true,false,false,Kendrick,,Nunn,,Ill,,4,4,0,1,0,,,,,2,2,45,Jump Shot,3,Field Goal Made,14,7.2,12,72,72,
1,16,48,Shooting foul committed by Nnanna Egwu.,110106,,true,false,false,Nnanna,,Egwu,,Ill,,4,4,1,1,1,,,,,0,,2,Shooting,8,Foul,,,,72,72,
1,16,48,Landry Nnoko misses free throw 1 of 2.,116772,,true,false,false,Landry,,Nnoko,,Clem,,4,4,1,1,1,,,,,2,1,11,Free Throw 1 of 2,2,Free Throw Missed,,,,10,10,
1,16,48,Clem with an offensive rebound.,,,false,false,false,,,,,,,4,4,1,1,0,,,,,0,,,,5,Offensive Rebound,,,,10,10,
1,16,48,Landry Nnoko makes free throw 2 of 2.,116772,,true,false,false,Landry,,Nnoko,,Clem,,5,4,1,1,1,,,,,3,1,12,Free Throw 2 of 2,1,Free Throw Made,,,,10,10,
1,16,20,Kendrick Nunn misses a 3-point jump shot from 24 feet out.,120652,,true,false,false,Kendrick,,Nunn,,Ill,,5,4,1,1,0,,,,,2,3,45,Jump Shot,4,Field Goal Missed,24,-14,20,72,72,
1,16,20,Clem with a defensive rebound.,,,false,false,false,,,,,,,5,4,1,1,0,,,,,0,,,,6,Defensive Rebound,,,,10,10,
1,15,53,K.J. McDaniels makes a jump shot from 19 feet out. Damarcus Harrison with the assist.,110089,110531,true,true,false,K.J.,Damarcus,McDaniels,Harrison,Clem,Clem,7,4,1,1,0,,,,,2,2,45,Jump Shot,3,Field Goal Made,19,15.1,10.8,10,10,
1,15,31,Rayvonte Rice misses a jump shot from 14 feet out.,98259,,true,false,false,Rayvonte,,Rice,,Ill,,7,4,1,1,0,,,,,0,2,45,Jump Shot,4,Field Goal Missed,14,4.5,12.8,72,72,
1,15,31,Jordan Roper with a defensive rebound.,116773,,true,false,false,Jordan,,Roper,,Clem,,7,4,1,1,0,,,,,2,,,,6,Defensive Rebound,,,,10,10,
1,15,30,Shooting foul committed by Joseph Bertrand.,88685,,true,false,false,Joseph,,Bertrand,,Ill,,7,4,2,1,1,,,,,0,,2,Shooting,8,Foul,,,,72,72,
1,15,30,Official TV timeout.,,,false,false,false,,,,,,,7,4,2,1,0,,,,,0,,3,Official TV,11,Timeout,,,,10,10,
1,15,30,Jordan Roper makes free throw 1 of 2.,116773,,true,false,false,Jordan,,Roper,,Clem,,8,4,2,1,0,,,,,3,1,11,Free Throw 1 of 2,1,Free Throw Made,,,,10,10,
1,15,30,Jordan Roper makes free throw 2 of 2.,116773,,true,false,false,Jordan,,Roper,,Clem,,9,4,2,1,0,,,,,4,1,12,Free Throw 2 of 2,1,Free Throw Made,,,,10,10,
1,15,14,Tracy Abrams with a bad pass turnover: Bad Pass,110101,,true,false,false,Tracy,,Abrams,,Ill,,9,4,2,1,0,,,,,2,,1,Bad Pass,7,Turnover,,,,72,72,
1,14,57,Sidy Djitte makes a layup shot. Rod Hall with the assist.,120593,110088,true,true,false,Sidy,Rod,Djitte,Hall,Clem,Clem,11,4,2,1,0,,,,,2,2,40,Layup Shot,3,Field Goal Made,0,0,0,10,10,
1,14,27,Tracy Abrams misses a 3-point jump shot from 24 feet out.,110101,,true,false,false,Tracy,,Abrams,,Ill,,11,4,2,1,0,,,,,2,3,45,Jump Shot,4,Field Goal Missed,24,-19.5,14.5,72,72,
1,14,27,Damarcus Harrison with a defensive rebound.,110531,,true,false,false,Damarcus,,Harrison,,Clem,,11,4,2,1,0,,,,,0,,,,6,Defensive Rebound,,,,10,10,
1,13,57,Adonis Filer with a traveling turnover: Traveling,116771,,true,false,false,Adonis,,Filer,,Clem,,11,4,2,1,0,,,,,0,,4,Traveling,7,Turnover,,,,10,10,
1,13,31,Nnanna Egwu makes a layup shot. Kendrick Nunn with the assist.,110106,120652,true,true,false,Nnanna,Kendrick,Egwu,Nunn,Ill,Ill,11,6,2,1,1,,,,,2,2,40,Layup Shot,3,Field Goal Made,0,0,0,72,72,
1,13,17,Rod Hall misses a 3-point jump shot from 24 feet out.,110088,,true,false,false,Rod,,Hall,,Clem,,11,6,2,1,0,,,,,0,3,45,Jump Shot,4,Field Goal Missed,24,-4.7,23.4,10,10,
1,13,17,Nnanna Egwu with a defensive rebound.,110106,,true,false,false,Nnanna,,Egwu,,Ill,,11,6,2,1,1,,,,,2,,,,6,Defensive Rebound,,,,72,72,
1,13,08,Personal foul committed by Adonis Filer.,116771,,true,false,false,Adonis,,Filer,,Clem,,11,6,2,2,1,,,,,0,,1,Personal,8,Foul,,,,10,10,
1,12,47,Jaylon Tate misses a 3-point jump shot from 25 feet out.,120649,,true,false,false,Jaylon,,Tate,,Ill,,11,6,2,2,0,,,,,0,3,45,Jump Shot,4,Field Goal Missed,25,-2.1,25.1,72,72,
1,12,47,Jordan Roper with a defensive rebound.,116773,,true,false,false,Jordan,,Roper,,Clem,,11,6,2,2,0,,,,,4,,,,6,Defensive Rebound,,,,10,10,
1,12,37,K.J. McDaniels makes a dunk shot. Jordan Roper with the assist.,110089,116773,true,true,false,K.J.,Jordan,McDaniels,Roper,Clem,Clem,13,6,2,2,0,,,,,4,2,48,Dunk Shot,3,Field Goal Made,0,0,0,10,10,
1,12,37,Ill take a 20-second timeout.,,,false,false,false,,,,,,,13,6,2,2,0,,,,,0,,2,Short,11,Timeout,,,,72,72,
1,12,13,Nnanna Egwu makes a jump shot from 10 feet out. Jaylon Tate with the assist.,110106,120649,true,true,false,Nnanna,Jaylon,Egwu,Tate,Ill,Ill,13,8,2,2,1,,,,,4,2,45,Jump Shot,3,Field Goal Made,10,-9.9,.9,72,72,
1,11,50,Rod Hall misses a jump shot from 18 feet out.,110088,,true,false,false,Rod,,Hall,,Clem,,13,8,2,2,0,,,,,0,2,45,Jump Shot,4,Field Goal Missed,18,14.7,10.4,10,10,
1,11,50,Jaylon Tate with a defensive rebound.,120649,,true,false,false,Jaylon,,Tate,,Ill,,13,8,2,2,0,,,,,0,,,,6,Defensive Rebound,,,,72,72,
1,11,43,Nnanna Egwu makes a dunk shot. Jaylon Tate with the assist.,110106,120649,true,true,false,Nnanna,Jaylon,Egwu,Tate,Ill,Ill,13,10,2,2,1,,,,,6,2,48,Dunk Shot,3,Field Goal Made,0,0,0,72,72,
1,11,18,Official TV timeout.,,,false,false,false,,,,,,,13,10,2,2,0,,,,,0,,3,Official TV,11,Timeout,,,,10,10,
1,11,14,Jordan Roper makes a layup shot. Damarcus Harrison with the assist.,116773,110531,true,true,false,Jordan,Damarcus,Roper,Harrison,Clem,Clem,15,10,2,2,0,,,,,6,2,40,Layup Shot,3,Field Goal Made,0,0,0,10,10,
1,11,14,Shooting foul committed by Rayvonte Rice.,98259,,true,false,false,Rayvonte,,Rice,,Ill,,15,10,3,2,1,,,,,0,,2,Shooting,8,Foul,,,,72,72,
1,11,14,Jordan Roper makes free throw 1 of 1.,116773,,true,false,false,Jordan,,Roper,,Clem,,16,10,3,2,0,,,,,7,1,10,Free Throw 1 of 1,1,Free Throw Made,,,,10,10,
1,10,56,Rayvonte Rice misses a layup shot.,98259,,true,false,false,Rayvonte,,Rice,,Ill,,16,10,3,2,1,,,,,0,2,40,Layup Shot,4,Field Goal Missed,0,0,0,72,72,
1,10,56,Damarcus Harrison with a defensive rebound.,110531,,true,false,false,Damarcus,,Harrison,,Clem,,16,10,3,2,0,,,,,0,,,,6,Defensive Rebound,,,,10,10,
1,10,49,Landry Nnoko makes a layup shot. Rod Hall with the assist.,116772,110088,true,true,false,Landry,Rod,Nnoko,Hall,Clem,Clem,18,10,3,2,1,,,,,5,2,40,Layup Shot,3,Field Goal Made,0,0,0,10,10,
1,10,24,Kendrick Nunn misses a jump shot from 8 feet out.,120652,,true,false,false,Kendrick,,Nunn,,Ill,,18,10,3,2,0,,,,,2,2,45,Jump Shot,4,Field Goal Missed,8,-2.6,7.2,72,72,
1,10,24,K.J. McDaniels with a defensive rebound.,110089,,true,false,false,K.J.,,McDaniels,,Clem,,18,10,3,2,0,,,,,4,,,,6,Defensive Rebound,,,,10,10,
1,9,59,Damarcus Harrison misses a 3-point jump shot from 24 feet out.,110531,,true,false,false,Damarcus,,Harrison,,Clem,,18,10,3,2,0,,,,,0,3,45,Jump Shot,4,Field Goal Missed,24,-8.6,22,10,10,
1,9,59,Rayvonte Rice with a defensive rebound.,98259,,true,false,false,Rayvonte,,Rice,,Ill,,18,10,3,2,1,,,,,0,,,,6,Defensive Rebound,,,,72,72,
1,9,29,Malcolm Hill makes a layup shot.,120650,,true,false,false,Malcolm,,Hill,,Ill,,18,12,3,2,0,,,,,2,2,40,Layup Shot,3,Field Goal Made,0,0,0,72,72,
1,8,58,Landry Nnoko with a lost ball turnover: Lost Ball,116772,,true,false,false,Landry,,Nnoko,,Clem,,18,12,3,2,1,,,,,5,,2,Lost Ball,7,Turnover,,,,10,10,
1,8,50,Rayvonte Rice makes a layup shot.,98259,,true,false,false,Rayvonte,,Rice,,Ill,,18,14,3,2,1,,,,,2,2,40,Layup Shot,3,Field Goal Made,0,0,0,72,72,
1,8,40,Clem take a 20-second timeout.,,,false,false,false,,,,,,,18,14,3,2,0,,,,,0,,2,Short,11,Timeout,,,,10,10,
1,8,27,Jordan Roper makes a 3-point jump shot from 23 feet out. Landry Nnoko with the assist.,116773,116772,true,true,false,Jordan,Landry,Roper,Nnoko,Clem,Clem,21,14,3,2,0,,,,,10,3,45,Jump Shot,3,Field Goal Made,23,-4.3,23,10,10,
1,7,48,Ill with a turnover: Shot Clock Turnover,,,false,false,false,,,,,,,21,14,3,2,0,,,,,0,,11,Shot Clock Turnover,7,Turnover,,,,72,72,
1,7,48,Official TV timeout.,,,false,false,false,,,,,,,21,14,3,2,0,,,,,0,,3,Official TV,11,Timeout,,,,10,10,
1,7,22,Adonis Filer makes a layup shot.,116771,,true,false,false,Adonis,,Filer,,Clem,,23,14,3,2,1,,,,,2,2,40,Layup Shot,3,Field Goal Made,0,0,0,10,10,
1,7,06,Joseph Bertrand makes a jump shot from 15 feet out.,88685,,true,false,false,Joseph,,Bertrand,,Ill,,23,16,3,2,1,,,,,2,2,45,Jump Shot,3,Field Goal Made,15,11,10.4,72,72,
1,6,44,Adonis Filer with a lost ball turnover: Lost Ball,116771,,true,false,false,Adonis,,Filer,,Clem,,23,16,3,2,1,,,,,2,,2,Lost Ball,7,Turnover,,,,10,10,
1,6,37,Malcolm Hill misses a 3-point jump shot from 25 feet out.,120650,,true,false,false,Malcolm,,Hill,,Ill,,23,16,3,2,0,,,,,2,3,45,Jump Shot,4,Field Goal Missed,25,-18.5,17.1,72,72,
1,6,37,Austin Ajukwa with a defensive rebound.,120591,,true,false,false,Austin,,Ajukwa,,Clem,,23,16,3,2,0,,,,,0,,,,6,Defensive Rebound,,,,10,10,
1,6,21,Josh Smith misses a hook shot from 8 feet out.,116774,,true,false,false,Josh,,Smith,,Clem,,23,16,3,2,0,,,,,0,2,55,Hook Shot,4,Field Goal Missed,8,-.8,8.1,10,10,
1,6,21,Malcolm Hill with a defensive rebound.,120650,,true,false,false,Malcolm,,Hill,,Ill,,23,16,3,2,0,,,,,2,,,,6,Defensive Rebound,,,,72,72,
1,6,12,Joseph Bertrand with a traveling turnover: Traveling,88685,,true,false,false,Joseph,,Bertrand,,Ill,,23,16,3,2,1,,,,,2,,4,Traveling,7,Turnover,,,,72,72,
1,5,38,Adonis Filer with a lost ball turnover: Lost Ball,116771,,true,false,false,Adonis,,Filer,,Clem,,23,16,3,2,1,,,,,2,,2,Lost Ball,7,Turnover,,,,10,10,
1,5,33,Tracy Abrams misses a 3-point jump shot from 24 feet out.,110101,,true,false,false,Tracy,,Abrams,,Ill,,23,16,3,2,0,,,,,2,3,45,Jump Shot,4,Field Goal Missed,24,-17.6,16.9,72,72,
1,5,33,Clem with a defensive rebound.,,,false,false,false,,,,,,,23,16,3,2,0,,,,,0,,,,6,Defensive Rebound,,,,10,10,
1,5,21,Tracy Abrams with a traveling turnover: Traveling,110101,,true,false,false,Tracy,,Abrams,,Ill,,23,16,3,2,0,,,,,2,,4,Traveling,7,Turnover,,,,72,72,
1,5,01,Rod Hall with a lost ball turnover: Lost Ball,110088,,true,false,false,Rod,,Hall,,Clem,,23,16,3,2,0,,,,,0,,2,Lost Ball,7,Turnover,,,,10,10,
1,4,55,Tracy Abrams makes a layup shot.,110101,,true,false,false,Tracy,,Abrams,,Ill,,23,18,3,2,0,,,,,4,2,40,Layup Shot,3,Field Goal Made,0,0,0,72,72,
1,4,21,Damarcus Harrison misses a 3-point jump shot from 24 feet out.,110531,,true,false,false,Damarcus,,Harrison,,Clem,,23,18,3,2,0,,,,,0,3,45,Jump Shot,4,Field Goal Missed,24,-4,23.9,10,10,
1,4,21,Jon Ekey with a defensive rebound.,88748,,true,false,false,Jon,,Ekey,,Ill,,23,18,3,2,0,,,,,0,,,,6,Defensive Rebound,,,,72,72,
1,4,02,Tracy Abrams misses a layup shot.,110101,,true,false,false,Tracy,,Abrams,,Ill,,23,18,3,2,0,,,,,4,2,40,Layup Shot,4,Field Goal Missed,0,0,0,72,72,
1,4,02,Landry Nnoko with a defensive rebound.,116772,,true,false,false,Landry,,Nnoko,,Clem,,23,18,3,2,1,,,,,5,,,,6,Defensive Rebound,,,,10,10,
1,3,45,Rod Hall misses a jump shot from 8 feet out.,110088,,true,false,false,Rod,,Hall,,Clem,,23,18,3,2,0,,,,,0,2,45,Jump Shot,4,Field Goal Missed,8,-3,8,10,10,
1,3,45,Jon Ekey with a defensive rebound.,88748,,true,false,false,Jon,,Ekey,,Ill,,23,18,3,2,0,,,,,0,,,,6,Defensive Rebound,,,,72,72,
1,3,44,Joseph Bertrand with a traveling turnover: Traveling,88685,,true,false,false,Joseph,,Bertrand,,Ill,,23,18,3,2,1,,,,,2,,4,Traveling,7,Turnover,,,,72,72,
1,3,44,Official TV timeout.,,,false,false,false,,,,,,,23,18,3,2,0,,,,,0,,3,Official TV,11,Timeout,,,,10,10,
1,3,28,Rod Hall misses a layup shot.,110088,,true,false,false,Rod,,Hall,,Clem,,23,18,3,2,0,,,,,0,2,40,Layup Shot,4,Field Goal Missed,0,0,0,10,10,
1,3,28,Tracy Abrams with a defensive rebound.,110101,,true,false,false,Tracy,,Abrams,,Ill,,23,18,3,2,0,,,,,4,,,,6,Defensive Rebound,,,,72,72,
1,3,18,Rayvonte Rice misses a 3-point jump shot from 23 feet out.,98259,,true,false,false,Rayvonte,,Rice,,Ill,,23,18,3,2,1,,,,,2,3,45,Jump Shot,4,Field Goal Missed,23,22.7,4.8,72,72,
1,3,18,Damarcus Harrison with a defensive rebound.,110531,,true,false,false,Damarcus,,Harrison,,Clem,,23,18,3,2,0,,,,,0,,,,6,Defensive Rebound,,,,10,10,
1,2,56,Austin Ajukwa misses a 3-point jump shot from 24 feet out.,120591,,true,false,false,Austin,,Ajukwa,,Clem,,23,18,3,2,0,,,,,0,3,45,Jump Shot,4,Field Goal Missed,24,17.9,16.4,10,10,
1,2,56,Nnanna Egwu with a defensive rebound.,110106,,true,false,false,Nnanna,,Egwu,,Ill,,23,18,3,2,1,,,,,6,,,,6,Defensive Rebound,,,,72,72,
1,2,45,Jon Ekey misses a 3-point jump shot from 24 feet out.,88748,,true,false,false,Jon,,Ekey,,Ill,,23,18,3,2,0,,,,,0,3,45,Jump Shot,4,Field Goal Missed,24,21,12.2,72,72,
1,2,45,Rod Hall with a defensive rebound.,110088,,true,false,false,Rod,,Hall,,Clem,,23,18,3,2,0,,,,,0,,,,6,Defensive Rebound,,,,10,10,
1,2,26,Personal foul committed by Nnanna Egwu.,110106,,true,false,false,Nnanna,,Egwu,,Ill,,23,18,4,2,2,,,,,6,,1,Personal,8,Foul,,,,72,72,
1,2,12,Rod Hall makes a layup shot.,110088,,true,false,false,Rod,,Hall,,Clem,,25,18,4,2,0,,,,,2,2,40,Layup Shot,3,Field Goal Made,0,0,0,10,10,
1,1,50,Jon Ekey misses a 3-point jump shot from 24 feet out.,88748,,true,false,false,Jon,,Ekey,,Ill,,25,18,4,2,0,,,,,0,3,45,Jump Shot,4,Field Goal Missed,24,-18.8,14.7,72,72,
1,1,50,Austin Ajukwa with a defensive rebound.,120591,,true,false,false,Austin,,Ajukwa,,Clem,,25,18,4,2,0,,,,,0,,,,6,Defensive Rebound,,,,10,10,
1,1,26,Landry Nnoko with a lost ball turnover: Lost Ball,116772,,true,false,false,Landry,,Nnoko,,Clem,,25,18,4,2,1,,,,,5,,2,Lost Ball,7,Turnover,,,,10,10,
1,1,23,Offensive foul committed by Rayvonte Rice.,98259,,true,false,false,Rayvonte,,Rice,,Ill,,25,18,5,2,2,,,,,2,,4,Offensive,8,Foul,,,,72,72,
1,1,23,Rayvonte Rice with a  turnover:,98259,,true,false,false,Rayvonte,,Rice,,Ill,,25,18,5,2,2,,,,,2,,,,7,Turnover,,,,72,72,
1,1,04,K.J. McDaniels with a lost ball turnover: Lost Ball,110089,,true,false,false,K.J.,,McDaniels,,Clem,,25,18,5,2,0,,,,,4,,2,Lost Ball,7,Turnover,,,,10,10,
1,0,43.9,Shooting foul committed by Landry Nnoko.,116772,,true,false,false,Landry,,Nnoko,,Clem,,25,18,5,3,2,,,,,5,,2,Shooting,8,Foul,,,,10,10,
1,0,43.9,Malcolm Hill misses free throw 1 of 2.,120650,,true,false,false,Malcolm,,Hill,,Ill,,25,18,5,3,0,,,,,2,1,11,Free Throw 1 of 2,2,Free Throw Missed,,,,72,72,
1,0,43.9,Ill with an offensive rebound.,,,false,false,false,,,,,,,25,18,5,3,0,,,,,0,,,,5,Offensive Rebound,,,,72,72,
1,0,43.9,Malcolm Hill makes free throw 2 of 2.,120650,,true,false,false,Malcolm,,Hill,,Ill,,25,19,5,3,0,,,,,3,1,12,Free Throw 2 of 2,1,Free Throw Made,,,,72,72,
1,0,19.1,Austin Ajukwa makes a 3-point jump shot from 23 feet out. Damarcus Harrison with the assist.,120591,110531,true,true,false,Austin,Damarcus,Ajukwa,Harrison,Clem,Clem,28,19,5,3,0,,,,,3,3,45,Jump Shot,3,Field Goal Made,23,-22.5,1.6,10,10,
1,0,00,Tracy Abrams misses a layup shot.,110101,,true,false,false,Tracy,,Abrams,,Ill,,28,19,5,3,0,,,,,4,2,40,Layup Shot,4,Field Goal Missed,0,0,0,72,72,
1,0,00,Damarcus Harrison with a defensive rebound.,110531,,true,false,false,Damarcus,,Harrison,,Clem,,28,19,5,3,0,,,,,0,,,,6,Defensive Rebound,,,,10,10,
1,0,00,End of the 1st Half,,,false,false,false,,,,,,,28,19,5,3,0,,,,,0,,,,15,End Period,,,,10,10,
2,20,00,Start of the 2nd Half,,,false,false,false,,,,,,,28,19,0,0,0,,,,,0,,,,14,Start Period,,,,10,10,
2,19,44,Landry Nnoko misses a layup shot.,116772,,true,false,false,Landry,,Nnoko,,Clem,,28,19,0,0,2,,,,,5,2,40,Layup Shot,4,Field Goal Missed,0,0,0,10,10,
2,19,44,Landry Nnoko with an offensive rebound.,116772,,true,false,false,Landry,,Nnoko,,Clem,,28,19,0,0,2,,,,,5,,,,5,Offensive Rebound,,,,10,10,
2,19,37,Landry Nnoko misses a layup shot.,116772,,true,false,false,Landry,,Nnoko,,Clem,,28,19,0,0,2,,,,,5,2,40,Layup Shot,4,Field Goal Missed,0,0,0,10,10,
2,19,37,Landry Nnoko with an offensive rebound.,116772,,true,false,false,Landry,,Nnoko,,Clem,,28,19,0,0,2,,,,,5,,,,5,Offensive Rebound,,,,10,10,
2,19,34,Damarcus Harrison misses a 3-point jump shot from 25 feet out.,110531,,true,false,false,Damarcus,,Harrison,,Clem,,28,19,0,0,0,,,,,0,3,45,Jump Shot,4,Field Goal Missed,25,17.8,17.9,10,10,
2,19,34,Rayvonte Rice with a defensive rebound.,98259,,true,false,false,Rayvonte,,Rice,,Ill,,28,19,0,0,2,,,,,2,,,,6,Defensive Rebound,,,,72,72,
2,19,06,Rayvonte Rice makes a jump shot from 18 feet out.,98259,,true,false,false,Rayvonte,,Rice,,Ill,,28,21,0,0,2,,,,,4,2,45,Jump Shot,3,Field Goal Made,18,11.6,13.3,72,72,
2,18,36,Personal foul committed by Tracy Abrams.,110101,,true,false,false,Tracy,,Abrams,,Ill,,28,21,1,0,1,,,,,4,,1,Personal,8,Foul,,,,72,72,
2,18,14,Rod Hall with a lost ball turnover: Lost Ball,110088,,true,false,false,Rod,,Hall,,Clem,,28,21,1,0,0,,,,,2,,2,Lost Ball,7,Turnover,,,,10,10,
2,18,05,Rayvonte Rice misses a layup shot.,98259,,true,false,false,Rayvonte,,Rice,,Ill,,28,21,1,0,2,,,,,4,2,40,Layup Shot,4,Field Goal Missed,0,0,0,72,72,
2,18,05,Tracy Abrams with an offensive rebound.,110101,,true,false,false,Tracy,,Abrams,,Ill,,28,21,1,0,1,,,,,4,,,,5,Offensive Rebound,,,,72,72,
2,18,00,Nnanna Egwu misses a jump shot from 17 feet out.,110106,,true,false,false,Nnanna,,Egwu,,Ill,,28,21,1,0,2,,,,,6,2,45,Jump Shot,4,Field Goal Missed,17,-10.5,12.8,72,72,
2,18,00,Landry Nnoko with a defensive rebound.,116772,,true,false,false,Landry,,Nnoko,,Clem,,28,21,1,0,2,,,,,5,,,,6,Defensive Rebound,,,,10,10,
2,17,35,Landry Nnoko makes a jump shot from 8 feet out. Jordan Roper with the assist.,116772,116773,true,true,false,Landry,Jordan,Nnoko,Roper,Clem,Clem,30,21,1,0,2,,,,,7,2,45,Jump Shot,3,Field Goal Made,8,4.2,6.5,10,10,
2,17,06,Tracy Abrams misses a jump shot from 12 feet out.,110101,,true,false,false,Tracy,,Abrams,,Ill,,30,21,1,0,1,,,,,4,2,45,Jump Shot,4,Field Goal Missed,12,-4.5,11.5,72,72,
2,17,06,Nnanna Egwu with an offensive rebound.,110106,,true,false,false,Nnanna,,Egwu,,Ill,,30,21,1,0,2,,,,,6,,,,5,Offensive Rebound,,,,72,72,
2,16,53,Rayvonte Rice misses a 3-point jump shot from 24 feet out.,98259,,true,false,false,Rayvonte,,Rice,,Ill,,30,21,1,0,2,,,,,4,3,45,Jump Shot,4,Field Goal Missed,24,-13.2,19.6,72,72,
2,16,53,K.J. McDaniels with a defensive rebound.,110089,,true,false,false,K.J.,,McDaniels,,Clem,,30,21,1,0,0,,,,,4,,,,6,Defensive Rebound,,,,10,10,
2,16,37,Personal foul committed by Nnanna Egwu.,110106,,true,false,false,Nnanna,,Egwu,,Ill,,30,21,2,0,3,,,,,6,,1,Personal,8,Foul,,,,72,72,
2,16,30,Jordan Roper misses a 3-point jump shot from 24 feet out.,116773,,true,false,false,Jordan,,Roper,,Clem,,30,21,2,0,0,,,,,10,3,45,Jump Shot,4,Field Goal Missed,24,20.8,11.5,10,10,
2,16,30,Rayvonte Rice with a defensive rebound.,98259,,true,false,false,Rayvonte,,Rice,,Ill,,30,21,2,0,2,,,,,4,,,,6,Defensive Rebound,,,,72,72,
2,15,56,Rayvonte Rice makes a layup shot.,98259,,true,false,false,Rayvonte,,Rice,,Ill,,30,23,2,0,2,,,,,6,2,40,Layup Shot,3,Field Goal Made,0,0,0,72,72,
2,15,25,Offensive foul committed by Rod Hall.,110088,,true,false,false,Rod,,Hall,,Clem,,30,23,2,1,1,,,,,2,,4,Offensive,8,Foul,,,,10,10,
2,15,25,Rod Hall with a  turnover:,110088,,true,false,false,Rod,,Hall,,Clem,,30,23,2,1,1,,,,,2,,,,7,Turnover,,,,10,10,
2,15,25,Official TV timeout.,,,false,false,false,,,,,,,30,23,2,1,0,,,,,0,,3,Official TV,11,Timeout,,,,10,10,
2,15,11,Jon Ekey misses a 3-point jump shot from 24 feet out.,88748,,true,false,false,Jon,,Ekey,,Ill,,30,23,2,1,0,,,,,0,3,45,Jump Shot,4,Field Goal Missed,24,-18.8,15,72,72,
2,15,11,Rod Hall with a defensive rebound.,110088,,true,false,false,Rod,,Hall,,Clem,,30,23,2,1,1,,,,,2,,,,6,Defensive Rebound,,,,10,10,
2,14,54,Landry Nnoko makes a layup shot. Jordan Roper with the assist.,116772,116773,true,true,false,Landry,Jordan,Nnoko,Roper,Clem,Clem,32,23,2,1,2,,,,,9,2,40,Layup Shot,3,Field Goal Made,0,0,0,10,10,
2,14,33,Joseph Bertrand misses a jump shot from 20 feet out.,88685,,true,false,false,Joseph,,Bertrand,,Ill,,32,23,2,1,1,,,,,2,2,45,Jump Shot,4,Field Goal Missed,20,-15.9,12.7,72,72,
2,14,33,K.J. McDaniels with a defensive rebound.,110089,,true,false,false,K.J.,,McDaniels,,Clem,,32,23,2,1,0,,,,,4,,,,6,Defensive Rebound,,,,10,10,
2,14,15,K.J. McDaniels with a bad pass turnover: Bad Pass,110089,,true,false,false,K.J.,,McDaniels,,Clem,,32,23,2,1,0,,,,,4,,1,Bad Pass,7,Turnover,,,,10,10,
2,14,00,Jon Ekey makes a 3-point jump shot from 25 feet out. Tracy Abrams with the assist.,88748,110101,true,true,false,Jon,Tracy,Ekey,Abrams,Ill,Ill,32,26,2,1,0,,,,,3,3,45,Jump Shot,3,Field Goal Made,25,-18.1,17.4,72,72,
2,13,47,Rod Hall with a lost ball turnover: Lost Ball,110088,,true,false,false,Rod,,Hall,,Clem,,32,26,2,1,1,,,,,2,,2,Lost Ball,7,Turnover,,,,10,10,
2,13,43,Rayvonte Rice makes a layup shot.,98259,,true,false,false,Rayvonte,,Rice,,Ill,,32,28,2,1,2,,,,,8,2,40,Layup Shot,3,Field Goal Made,0,0,0,72,72,
2,13,20,Damarcus Harrison makes a jump shot from 11 feet out. Jordan Roper with the assist.,110531,116773,true,true,false,Damarcus,Jordan,Harrison,Roper,Clem,Clem,34,28,2,1,0,,,,,2,2,45,Jump Shot,3,Field Goal Made,11,.1,11.5,10,10,
2,13,08,Tracy Abrams misses a layup shot.,110101,,true,false,false,Tracy,,Abrams,,Ill,,34,28,2,1,1,,,,,4,2,40,Layup Shot,4,Field Goal Missed,0,0,0,72,72,
2,13,08,Damarcus Harrison with a defensive rebound.,110531,,true,false,false,Damarcus,,Harrison,,Clem,,34,28,2,1,0,,,,,2,,,,6,Defensive Rebound,,,,10,10,
2,13,04,Shooting foul committed by Joseph Bertrand.,88685,,true,false,false,Joseph,,Bertrand,,Ill,,34,28,3,1,2,,,,,2,,2,Shooting,8,Foul,,,,72,72,
2,13,04,Damarcus Harrison misses free throw 1 of 2.,110531,,true,false,false,Damarcus,,Harrison,,Clem,,34,28,3,1,0,,,,,2,1,11,Free Throw 1 of 2,2,Free Throw Missed,,,,10,10,
2,13,04,Clem with an offensive rebound.,,,false,false,false,,,,,,,34,28,3,1,0,,,,,0,,,,5,Offensive Rebound,,,,10,10,
2,13,04,Damarcus Harrison makes free throw 2 of 2.,110531,,true,false,false,Damarcus,,Harrison,,Clem,,35,28,3,1,0,,,,,3,1,12,Free Throw 2 of 2,1,Free Throw Made,,,,10,10,
2,12,42,Malcolm Hill misses a 3-point jump shot from 24 feet out.,120650,,true,false,false,Malcolm,,Hill,,Ill,,35,28,3,1,0,,,,,3,3,45,Jump Shot,4,Field Goal Missed,24,4.5,23.7,72,72,
2,12,42,Ibrahim Djambo with a defensive rebound.,120592,,true,false,false,Ibrahim,,Djambo,,Clem,,35,28,3,1,0,,,,,0,,,,6,Defensive Rebound,,,,10,10,
2,12,11,K.J. McDaniels misses a jump shot from 20 feet out.,110089,,true,false,false,K.J.,,McDaniels,,Clem,,35,28,3,1,0,,,,,4,2,45,Jump Shot,4,Field Goal Missed,20,13,14.7,10,10,
2,12,11,Kendrick Nunn with a defensive rebound.,120652,,true,false,false,Kendrick,,Nunn,,Ill,,35,28,3,1,0,,,,,2,,,,6,Defensive Rebound,,,,72,72,
2,11,59,Personal foul committed by Ibrahim Djambo.,120592,,true,false,false,Ibrahim,,Djambo,,Clem,,35,28,3,2,1,,,,,0,,1,Personal,8,Foul,,,,10,10,
2,11,59,Official TV timeout.,,,false,false,false,,,,,,,35,28,3,2,0,,,,,0,,3,Official TV,11,Timeout,,,,10,10,
2,11,52,Kendrick Nunn makes a layup shot.,120652,,true,false,false,Kendrick,,Nunn,,Ill,,35,30,3,2,0,,,,,4,2,40,Layup Shot,3,Field Goal Made,0,0,0,72,72,
2,11,29,Jordan Roper misses a layup shot.,116773,,true,false,false,Jordan,,Roper,,Clem,,35,30,3,2,0,,,,,10,2,40,Layup Shot,4,Field Goal Missed,0,0,0,10,10,
2,11,29,Nnanna Egwu with a defensive rebound.,110106,,true,false,false,Nnanna,,Egwu,,Ill,,35,30,3,2,3,,,,,6,,,,6,Defensive Rebound,,,,72,72,
2,11,20,Tracy Abrams misses a layup shot.,110101,,true,false,false,Tracy,,Abrams,,Ill,,35,30,3,2,1,,,,,4,2,40,Layup Shot,4,Field Goal Missed,0,0,0,72,72,
2,11,20,Ill with an offensive rebound.,,,false,false,false,,,,,,,35,30,3,2,0,,,,,0,,,,5,Offensive Rebound,,,,72,72,
2,11,17,Personal foul committed by Adonis Filer.,116771,,true,false,false,Adonis,,Filer,,Clem,,35,30,3,3,2,,,,,2,,1,Personal,8,Foul,,,,10,10,
2,11,08,Rayvonte Rice makes a layup shot.,98259,,true,false,false,Rayvonte,,Rice,,Ill,,35,32,3,3,2,,,,,10,2,40,Layup Shot,3,Field Goal Made,0,0,0,72,72,
2,10,42,Sidy Djitte misses a layup shot.,120593,,true,false,false,Sidy,,Djitte,,Clem,,35,32,3,3,0,,,,,2,2,40,Layup Shot,4,Field Goal Missed,0,0,0,10,10,
2,10,42,Rayvonte Rice with a defensive rebound.,98259,,true,false,false,Rayvonte,,Rice,,Ill,,35,32,3,3,2,,,,,10,,,,6,Defensive Rebound,,,,72,72,
2,10,34,Rayvonte Rice makes a layup shot.,98259,,true,false,false,Rayvonte,,Rice,,Ill,,35,34,3,3,2,,,,,12,2,40,Layup Shot,3,Field Goal Made,0,0,0,72,72,
2,10,34,Shooting foul committed by K.J. McDaniels.,110089,,true,false,false,K.J.,,McDaniels,,Clem,,35,34,3,4,1,,,,,4,,2,Shooting,8,Foul,,,,10,10,
2,10,34,Clem take a 20-second timeout.,,,false,false,false,,,,,,,35,34,3,4,0,,,,,0,,2,Short,11,Timeout,,,,10,10,
2,10,34,Rayvonte Rice makes free throw 1 of 1.,98259,,true,false,false,Rayvonte,,Rice,,Ill,,35,35,3,4,2,,,,,13,1,10,Free Throw 1 of 1,1,Free Throw Made,,,,72,72,
2,10,12,Personal foul committed by Jaylon Tate.,120649,,true,false,false,Jaylon,,Tate,,Ill,,35,35,4,4,1,,,,,0,,1,Personal,8,Foul,,,,72,72,
2,9,52,Damarcus Harrison makes a dunk shot. Landry Nnoko with the assist.,110531,116772,true,true,false,Damarcus,Landry,Harrison,Nnoko,Clem,Clem,37,35,4,4,0,,,,,5,2,48,Dunk Shot,3,Field Goal Made,0,0,0,10,10,
2,9,17,Rayvonte Rice misses a 3-point jump shot from 24 feet out.,98259,,true,false,false,Rayvonte,,Rice,,Ill,,37,35,4,4,2,,,,,13,3,45,Jump Shot,4,Field Goal Missed,24,-16.4,17.8,72,72,
2,9,17,Damarcus Harrison with a defensive rebound.,110531,,true,false,false,Damarcus,,Harrison,,Clem,,37,35,4,4,0,,,,,5,,,,6,Defensive Rebound,,,,10,10,
2,9,11,K.J. McDaniels makes a dunk shot. Damarcus Harrison with the assist.,110089,110531,true,true,false,K.J.,Damarcus,McDaniels,Harrison,Clem,Clem,39,35,4,4,1,,,,,6,2,48,Dunk Shot,3,Field Goal Made,0,0,0,10,10,
2,9,06,Ill take a 20-second timeout.,,,false,false,false,,,,,,,39,35,4,4,0,,,,,0,,2,Short,11,Timeout,,,,72,72,
2,9,02,Tracy Abrams misses a layup shot.,110101,,true,false,false,Tracy,,Abrams,,Ill,,39,35,4,4,1,,,,,4,2,40,Layup Shot,4,Field Goal Missed,0,0,0,72,72,
2,9,02,Rod Hall with a defensive rebound.,110088,,true,false,false,Rod,,Hall,,Clem,,39,35,4,4,1,,,,,2,,,,6,Defensive Rebound,,,,10,10,
2,8,51,Shooting foul committed by Tracy Abrams.,110101,,true,false,false,Tracy,,Abrams,,Ill,,39,35,5,4,2,,,,,4,,2,Shooting,8,Foul,,,,72,72,
2,8,51,Rod Hall makes free throw 1 of 2.,110088,,true,false,false,Rod,,Hall,,Clem,,40,35,5,4,1,,,,,3,1,11,Free Throw 1 of 2,1,Free Throw Made,,,,10,10,
2,8,51,Rod Hall misses free throw 2 of 2.,110088,,true,false,false,Rod,,Hall,,Clem,,40,35,5,4,1,,,,,3,1,12,Free Throw 2 of 2,2,Free Throw Missed,,,,10,10,
2,8,51,Jon Ekey with a defensive rebound.,88748,,true,false,false,Jon,,Ekey,,Ill,,40,35,5,4,0,,,,,3,,,,6,Defensive Rebound,,,,72,72,
2,8,14,Tracy Abrams makes a layup shot.,110101,,true,false,false,Tracy,,Abrams,,Ill,,40,37,5,4,2,,,,,6,2,40,Layup Shot,3,Field Goal Made,0,0,0,72,72,
2,7,51,Landry Nnoko makes a hook shot from 10 feet out. Damarcus Harrison with the assist.,116772,110531,true,true,false,Landry,Damarcus,Nnoko,Harrison,Clem,Clem,42,37,5,4,2,,,,,11,2,55,Hook Shot,3,Field Goal Made,10,.9,10.4,10,10,
2,7,38,Jon Ekey makes a layup shot. Joseph Bertrand with the assist.,88748,88685,true,true,false,Jon,Joseph,Ekey,Bertrand,Ill,Ill,42,39,5,4,0,,,,,5,2,40,Layup Shot,3,Field Goal Made,0,0,0,72,72,
2,7,19,K.J. McDaniels makes a dunk shot. Rod Hall with the assist.,110089,110088,true,true,false,K.J.,Rod,McDaniels,Hall,Clem,Clem,44,39,5,4,1,,,,,8,2,48,Dunk Shot,3,Field Goal Made,0,0,0,10,10,
2,7,19,Official TV timeout.,,,false,false,false,,,,,,,44,39,5,4,0,,,,,0,,3,Official TV,11,Timeout,,,,10,10,
2,7,01,Jon Ekey misses a 3-point jump shot from 25 feet out.,88748,,true,false,false,Jon,,Ekey,,Ill,,44,39,5,4,0,,,,,5,3,45,Jump Shot,4,Field Goal Missed,25,-20.7,13.9,72,72,
2,7,01,K.J. McDaniels with a defensive rebound.,110089,,true,false,false,K.J.,,McDaniels,,Clem,,44,39,5,4,1,,,,,8,,,,6,Defensive Rebound,,,,10,10,
2,6,50,Rod Hall with a bad pass turnover: Bad Pass,110088,,true,false,false,Rod,,Hall,,Clem,,44,39,5,4,1,,,,,3,,1,Bad Pass,7,Turnover,,,,10,10,
2,6,50,Official TV timeout.,,,false,false,false,,,,,,,44,39,5,4,0,,,,,0,,3,Official TV,11,Timeout,,,,10,10,
2,6,40,Rayvonte Rice makes a layup shot.,98259,,true,false,false,Rayvonte,,Rice,,Ill,,44,41,5,4,2,,,,,15,2,40,Layup Shot,3,Field Goal Made,0,0,0,72,72,
2,6,14,Damarcus Harrison misses a jump shot from 14 feet out.,110531,,true,false,false,Damarcus,,Harrison,,Clem,,44,41,5,4,0,,,,,5,2,45,Jump Shot,4,Field Goal Missed,14,-13.4,5.2,10,10,
2,6,14,Joseph Bertrand with a defensive rebound.,88685,,true,false,false,Joseph,,Bertrand,,Ill,,44,41,5,4,2,,,,,2,,,,6,Defensive Rebound,,,,72,72,
2,5,58,Joseph Bertrand makes a layup shot.,88685,,true,false,false,Joseph,,Bertrand,,Ill,,44,43,5,4,2,,,,,4,2,40,Layup Shot,3,Field Goal Made,0,0,0,72,72,
2,5,28,K.J. McDaniels makes a dunk shot. Rod Hall with the assist.,110089,110088,true,true,false,K.J.,Rod,McDaniels,Hall,Clem,Clem,46,43,5,4,1,,,,,10,2,48,Dunk Shot,3,Field Goal Made,0,0,0,10,10,
2,5,04,Rayvonte Rice misses a 3-point jump shot from 24 feet out.,98259,,true,false,false,Rayvonte,,Rice,,Ill,,46,43,5,4,2,,,,,15,3,45,Jump Shot,4,Field Goal Missed,24,1.4,23.7,72,72,
2,5,04,Austin Ajukwa with a defensive rebound.,120591,,true,false,false,Austin,,Ajukwa,,Clem,,46,43,5,4,0,,,,,3,,,,6,Defensive Rebound,,,,10,10,
2,4,30,Rod Hall misses a jump shot from 15 feet out.,110088,,true,false,false,Rod,,Hall,,Clem,,46,43,5,4,1,,,,,3,2,45,Jump Shot,4,Field Goal Missed,15,11.1,10.4,10,10,
2,4,30,Ill with a defensive rebound.,,,false,false,false,,,,,,,46,43,5,4,0,,,,,0,,,,6,Defensive Rebound,,,,72,72,
2,4,30,Ill take a 20-second timeout.,,,false,false,false,,,,,,,46,43,5,4,0,,,,,0,,2,Short,11,Timeout,,,,72,72,
2,4,18,Tracy Abrams misses a 3-point jump shot from 26 feet out.,110101,,true,false,false,Tracy,,Abrams,,Ill,,46,43,5,4,2,,,,,6,3,45,Jump Shot,4,Field Goal Missed,26,-20.5,15.2,72,72,
2,4,18,Austin Ajukwa with a defensive rebound.,120591,,true,false,false,Austin,,Ajukwa,,Clem,,46,43,5,4,0,,,,,3,,,,6,Defensive Rebound,,,,10,10,
2,4,10,K.J. McDaniels misses a 3-point jump shot from 24 feet out.,110089,,true,false,false,K.J.,,McDaniels,,Clem,,46,43,5,4,1,,,,,10,3,45,Jump Shot,4,Field Goal Missed,24,11.8,21.3,10,10,
2,4,10,Ill with a defensive rebound.,,,false,false,false,,,,,,,46,43,5,4,0,,,,,0,,,,6,Defensive Rebound,,,,72,72,
2,3,56,Rayvonte Rice misses a layup shot.,98259,,true,false,false,Rayvonte,,Rice,,Ill,,46,43,5,4,2,,,,,15,2,40,Layup Shot,4,Field Goal Missed,0,0,0,72,72,
2,3,56,Ill with an offensive rebound.,,,false,false,false,,,,,,,46,43,5,4,0,,,,,0,,,,5,Offensive Rebound,,,,72,72,
2,3,56,Official TV timeout.,,,false,false,false,,,,,,,46,43,5,4,0,,,,,0,,3,Official TV,11,Timeout,,,,10,10,
2,3,50,Jon Ekey makes a 3-point jump shot from 23 feet out. Tracy Abrams with the assist.,88748,110101,true,true,false,Jon,Tracy,Ekey,Abrams,Ill,Ill,46,46,5,4,0,,,,,8,3,45,Jump Shot,3,Field Goal Made,23,-20.5,10.4,72,72,
2,3,22,Personal foul committed by Joseph Bertrand.,88685,,true,false,false,Joseph,,Bertrand,,Ill,,46,46,6,4,3,,,,,4,,1,Personal,8,Foul,,,,72,72,
2,3,09,Shooting foul committed by Rayvonte Rice.,98259,,true,false,false,Rayvonte,,Rice,,Ill,,46,46,7,4,3,,,,,15,,2,Shooting,8,Foul,,,,72,72,
2,3,09,K.J. McDaniels makes free throw 1 of 2.,110089,,true,false,false,K.J.,,McDaniels,,Clem,,47,46,7,4,1,,,,,11,1,11,Free Throw 1 of 2,1,Free Throw Made,,,,10,10,
2,3,09,K.J. McDaniels makes free throw 2 of 2.,110089,,true,false,false,K.J.,,McDaniels,,Clem,,48,46,7,4,1,,,,,12,1,12,Free Throw 2 of 2,1,Free Throw Made,,,,10,10,
2,2,51,Personal foul committed by Austin Ajukwa.,120591,,true,false,false,Austin,,Ajukwa,,Clem,,48,46,7,5,1,,,,,3,,1,Personal,8,Foul,,,,10,10,
2,2,43,Tracy Abrams misses a 3-point jump shot from 25 feet out.,110101,,true,false,false,Tracy,,Abrams,,Ill,,48,46,7,5,2,,,,,6,3,45,Jump Shot,4,Field Goal Missed,25,-17.8,17.4,72,72,
2,2,43,K.J. McDaniels with a defensive rebound.,110089,,true,false,false,K.J.,,McDaniels,,Clem,,48,46,7,5,1,,,,,12,,,,6,Defensive Rebound,,,,10,10,
2,2,25,Rod Hall misses a jump shot from 16 feet out.,110088,,true,false,false,Rod,,Hall,,Clem,,48,46,7,5,1,,,,,3,2,45,Jump Shot,4,Field Goal Missed,16,10.5,12.2,10,10,
2,2,25,Nnanna Egwu with a defensive rebound.,110106,,true,false,false,Nnanna,,Egwu,,Ill,,48,46,7,5,3,,,,,6,,,,6,Defensive Rebound,,,,72,72,
2,2,05,Jon Ekey makes a 3-point jump shot from 26 feet out. Tracy Abrams with the assist.,88748,110101,true,true,false,Jon,Tracy,Ekey,Abrams,Ill,Ill,48,49,7,5,0,,,,,11,3,45,Jump Shot,3,Field Goal Made,26,-21.9,13.2,72,72,
2,1,34,K.J. McDaniels with a traveling turnover: Traveling,110089,,true,false,false,K.J.,,McDaniels,,Clem,,48,49,7,5,1,,,,,12,,4,Traveling,7,Turnover,,,,10,10,
2,1,32,Ill take a 20-second timeout.,,,false,false,false,,,,,,,48,49,7,5,0,,,,,0,,2,Short,11,Timeout,,,,72,72,
2,1,06,Tracy Abrams misses a jump shot from 18 feet out.,110101,,true,false,false,Tracy,,Abrams,,Ill,,48,49,7,5,2,,,,,6,2,45,Jump Shot,4,Field Goal Missed,18,-17.8,-.4,72,72,
2,1,06,Landry Nnoko with a defensive rebound.,116772,,true,false,false,Landry,,Nnoko,,Clem,,48,49,7,5,2,,,,,11,,,,6,Defensive Rebound,,,,10,10,
2,0,50.6,Austin Ajukwa misses a 3-point jump shot from 24 feet out.,120591,,true,false,false,Austin,,Ajukwa,,Clem,,48,49,7,5,1,,,,,3,3,45,Jump Shot,4,Field Goal Missed,24,16.9,16.9,10,10,
2,0,50.6,Nnanna Egwu with a defensive rebound.,110106,,true,false,false,Nnanna,,Egwu,,Ill,,48,49,7,5,3,,,,,6,,,,6,Defensive Rebound,,,,72,72,
2,0,24.3,Ill take a full timeout.,,,false,false,false,,,,,,,48,49,7,5,0,,,,,0,,1,Regular,11,Timeout,,,,72,72,
2,0,16.8,Rayvonte Rice misses a layup shot.,98259,,true,false,false,Rayvonte,,Rice,,Ill,,48,49,7,5,3,,,,,15,2,40,Layup Shot,4,Field Goal Missed,0,0,0,72,72,
2,0,16.8,Landry Nnoko with a defensive rebound.,116772,,true,false,false,Landry,,Nnoko,,Clem,,48,49,7,5,2,,,,,11,,,,6,Defensive Rebound,,,,10,10,
2,0,09.3,Rod Hall makes a layup shot.,110088,,true,false,false,Rod,,Hall,,Clem,,50,49,7,5,1,,,,,5,2,40,Layup Shot,3,Field Goal Made,0,0,0,10,10,
2,0,09.3,Clem take a 20-second timeout.,,,false,false,false,,,,,,,50,49,7,5,0,,,,,0,,2,Short,11,Timeout,,,,10,10,
2,0,01.8,Tracy Abrams misses a 3-point jump shot from 26 feet out.,110101,,true,false,false,Tracy,,Abrams,,Ill,,50,49,7,5,2,,,,,6,3,45,Jump Shot,4,Field Goal Missed,26,4.2,25.8,72,72,
2,0,01.8,Clem with a defensive rebound.,,,false,false,false,,,,,,,50,49,7,5,0,,,,,0,,,,6,Defensive Rebound,,,,10,10,
2,0,00,End of the 2nd Half,,,false,false,false,,,,,,,50,49,7,5,0,,,,,0,,,,15,End Period,,,,10,10,
2,0,00,End of the Game,,,false,false,false,,,,,,,50,49,7,5,0,,,,,0,,,,19,Game Over,,,,10,10,
