half,time-minutes,time-seconds,details,player1-id,player2-id,player1-linkable,player2-linkable,player3-linkable,player-first-name-1,player-first-name-2,player-last-name-1,player-last-name-2,player-team-alias-1,player-team-alias-2,home-score,visitor-score,visitor-fouls,home-fouls,player-fouls,fastbreak,in-paint,second-chance,off-turnover,player-score,points-type,detail-id,detail-desc,event-id,event-desc,distance,x-coord,y-coord,team-id-1,team-id-2,team-id-3
1,20,00,Start of the 1st Half,,,false,false,false,,,,,,,0,0,0,0,0,,,,,0,,,,14,Start Period,,,,313,313,
1,19,29,Tim Douglas misses a 3-point jump shot.,97239,,true,false,false,Tim,,Douglas,,PorSt,,0,0,0,0,0,,,,,0,3,45,Jump Shot,4,Field Goal Missed,,,,61,61,
1,19,19,Marcus Hall makes a layup shot.,88413,,true,false,false,Marcus,,Hall,,PorSt,,0,2,0,0,0,,,,,2,2,40,Layup Shot,3,Field Goal Made,,,,61,61,
1,18,57,Kyle Richardson misses a jump shot.,88839,,true,false,false,Kyle,,Richardson,,PorSt,,0,2,0,0,0,,,,,0,2,45,Jump Shot,4,Field Goal Missed,,,,61,61,
1,18,33,Marcus Hall misses a layup shot.,88413,,true,false,false,Marcus,,Hall,,PorSt,,0,2,0,0,0,,,,,2,2,40,Layup Shot,4,Field Goal Missed,,,,61,61,
1,18,31,Tim Douglas misses a jump shot.,97239,,true,false,false,Tim,,Douglas,,PorSt,,0,2,0,0,0,,,,,0,2,45,Jump Shot,4,Field Goal Missed,,,,61,61,
1,18,12,Christopher Anderson misses a layup shot.,110051,,true,false,false,Christopher,,Anderson,,SD,,0,2,0,0,0,,,,,0,2,40,Layup Shot,4,Field Goal Missed,,,,313,313,
1,18,06,Jito Kok makes a jump shot.,116980,,true,false,false,Jito,,Kok,,SD,,2,2,0,0,0,,,,,2,2,45,Jump Shot,3,Field Goal Made,,,,313,313,
1,18,00,Gary Winston misses a jump shot.,98309,,true,false,false,Gary,,Winston,,PorSt,,2,2,0,0,0,,,,,0,2,45,Jump Shot,4,Field Goal Missed,,,,61,61,
1,17,56,Brett Bailey makes a jump shot.,120946,,true,false,false,Brett,,Bailey,,SD,,4,2,0,0,0,,,,,2,2,45,Jump Shot,3,Field Goal Made,,,,313,313,
1,17,56,Shooting foul committed by Gary Winston.,98309,,true,false,false,Gary,,Winston,,PorSt,,4,2,1,0,1,,,,,0,,2,Shooting,8,Foul,,,,61,61,
1,17,56,Brett Bailey misses free throw 1 of 1.,120946,,true,false,false,Brett,,Bailey,,SD,,4,2,1,0,0,,,,,2,1,10,Free Throw 1 of 1,2,Free Throw Missed,,,,313,313,
1,17,48,Gary Winston makes a jump shot.,98309,,true,false,false,Gary,,Winston,,PorSt,,4,4,1,0,1,,,,,2,2,45,Jump Shot,3,Field Goal Made,,,,61,61,
1,17,39,Jito Kok makes a layup shot.,116980,,true,false,false,Jito,,Kok,,SD,,6,4,1,0,0,,,,,4,2,40,Layup Shot,3,Field Goal Made,,,,313,313,
1,17,39,Shooting foul committed by Marcus Hall.,88413,,true,false,false,Marcus,,Hall,,PorSt,,6,4,2,0,1,,,,,2,,2,Shooting,8,Foul,,,,61,61,
1,17,39,Jito Kok misses free throw 1 of 1.,116980,,true,false,false,Jito,,Kok,,SD,,6,4,2,0,0,,,,,4,1,10,Free Throw 1 of 1,2,Free Throw Missed,,,,313,313,
1,17,30,Gary Winston misses a 3-point jump shot.,98309,,true,false,false,Gary,,Winston,,PorSt,,6,4,2,0,1,,,,,2,3,45,Jump Shot,4,Field Goal Missed,,,,61,61,
1,17,12,Jito Kok misses a jump shot.,116980,,true,false,false,Jito,,Kok,,SD,,6,4,2,0,0,,,,,4,2,45,Jump Shot,4,Field Goal Missed,,,,313,313,
1,17,02,Marcus Hall misses a jump shot.,88413,,true,false,false,Marcus,,Hall,,PorSt,,6,4,2,0,1,,,,,2,2,45,Jump Shot,4,Field Goal Missed,,,,61,61,
1,16,55,Kyle Richardson makes a tip shot.,88839,,true,false,false,Kyle,,Richardson,,PorSt,,6,6,2,0,0,,,,,2,2,53,Tip Shot,3,Field Goal Made,,,,61,61,
1,16,44,Dennis Kramer makes a jump shot.,97261,,true,false,false,Dennis,,Kramer,,SD,,8,6,2,0,0,,,,,2,2,45,Jump Shot,3,Field Goal Made,,,,313,313,
1,16,29,Christopher Anderson makes a layup shot.,110051,,true,false,false,Christopher,,Anderson,,SD,,10,6,2,0,0,,,,,2,2,40,Layup Shot,3,Field Goal Made,,,,313,313,
1,16,02,Marcus Hall misses a 3-point jump shot.,88413,,true,false,false,Marcus,,Hall,,PorSt,,10,6,2,0,1,,,,,2,3,45,Jump Shot,4,Field Goal Missed,,,,61,61,
1,15,48,Christopher Anderson misses a 3-point jump shot.,110051,,true,false,false,Christopher,,Anderson,,SD,,10,6,2,0,0,,,,,2,3,45,Jump Shot,4,Field Goal Missed,,,,313,313,
1,15,42,Brett Bailey makes a jump shot.,120946,,true,false,false,Brett,,Bailey,,SD,,12,6,2,0,0,,,,,4,2,45,Jump Shot,3,Field Goal Made,,,,313,313,
1,15,16,Gary Winston misses a 3-point jump shot.,98309,,true,false,false,Gary,,Winston,,PorSt,,12,6,2,0,1,,,,,2,3,45,Jump Shot,4,Field Goal Missed,,,,61,61,
1,15,12,Johnny Dee misses a layup shot.,110052,,true,false,false,Johnny,,Dee,,SD,,12,6,2,0,0,,,,,0,2,40,Layup Shot,4,Field Goal Missed,,,,313,313,
1,15,03,Johnny Dee makes a jump shot.,110052,,true,false,false,Johnny,,Dee,,SD,,14,6,2,0,0,,,,,2,2,45,Jump Shot,3,Field Goal Made,,,,313,313,
1,14,39,Brett Bailey misses a jump shot.,120946,,true,false,false,Brett,,Bailey,,SD,,14,6,2,0,0,,,,,4,2,45,Jump Shot,4,Field Goal Missed,,,,313,313,
1,14,31,Jito Kok misses a hook shot.,116980,,true,false,false,Jito,,Kok,,SD,,14,6,2,0,0,,,,,4,2,55,Hook Shot,4,Field Goal Missed,,,,313,313,
1,14,19,Personal foul committed by Dennis Kramer.,97261,,true,false,false,Dennis,,Kramer,,SD,,14,6,2,1,1,,,,,2,,1,Personal,8,Foul,,,,313,313,
1,14,19,Official TV timeout.,,,false,false,false,,,,,,,14,6,2,1,0,,,,,0,,3,Official TV,11,Timeout,,,,313,313,
1,14,10,Gary Winston makes a jump shot.,98309,,true,false,false,Gary,,Winston,,PorSt,,14,8,2,1,1,,,,,4,2,45,Jump Shot,3,Field Goal Made,,,,61,61,
1,13,46,Simi Fajemisin misses a layup shot.,97259,,true,false,false,Simi,,Fajemisin,,SD,,14,8,2,1,0,,,,,0,2,40,Layup Shot,4,Field Goal Missed,,,,313,313,
1,13,22,Personal foul committed by Simi Fajemisin.,97259,,true,false,false,Simi,,Fajemisin,,SD,,14,8,2,2,1,,,,,0,,1,Personal,8,Foul,,,,313,313,
1,13,16,Tim Douglas misses a 3-point jump shot.,97239,,true,false,false,Tim,,Douglas,,PorSt,,14,8,2,2,0,,,,,0,3,45,Jump Shot,4,Field Goal Missed,,,,61,61,
1,12,56,Chris Sarbaugh misses a layup shot.,110270,,true,false,false,Chris,,Sarbaugh,,SD,,14,8,2,2,0,,,,,0,2,40,Layup Shot,4,Field Goal Missed,,,,313,313,
1,12,54,Chris Sarbaugh misses a layup shot.,110270,,true,false,false,Chris,,Sarbaugh,,SD,,14,8,2,2,0,,,,,0,2,40,Layup Shot,4,Field Goal Missed,,,,313,313,
1,12,47,Personal foul committed by Johnny Dee.,110052,,true,false,false,Johnny,,Dee,,SD,,14,8,2,3,1,,,,,2,,1,Personal,8,Foul,,,,313,313,
1,12,45,DaShaun Wiggins misses a jump shot.,121021,,true,false,false,DaShaun,,Wiggins,,PorSt,,14,8,2,3,0,,,,,0,2,45,Jump Shot,4,Field Goal Missed,,,,61,61,
1,12,36,Personal foul committed by Thomas Jacobs.,98145,,true,false,false,Thomas,,Jacobs,,SD,,14,8,2,4,1,,,,,0,,1,Personal,8,Foul,,,,313,313,
1,12,34,"Andre Winston, Jr. misses a jump shot.",97530,,true,false,false,Andre,,"Winston, Jr.",,PorSt,,14,8,2,4,0,,,,,0,2,45,Jump Shot,4,Field Goal Missed,,,,61,61,
1,12,27,Kyle Richardson misses a jump shot.,88839,,true,false,false,Kyle,,Richardson,,PorSt,,14,8,2,4,0,,,,,2,2,45,Jump Shot,4,Field Goal Missed,,,,61,61,
1,12,15,Simi Fajemisin makes a layup shot.,97259,,true,false,false,Simi,,Fajemisin,,SD,,16,8,2,4,1,,,,,2,2,40,Layup Shot,3,Field Goal Made,,,,313,313,
1,11,51,Kyle Richardson misses a hook shot.,88839,,true,false,false,Kyle,,Richardson,,PorSt,,16,8,2,4,0,,,,,2,2,55,Hook Shot,4,Field Goal Missed,,,,61,61,
1,11,48,Official TV timeout.,,,false,false,false,,,,,,,16,8,2,4,0,,,,,0,,3,Official TV,11,Timeout,,,,313,313,
1,11,14,Personal foul committed by Thomas Jacobs.,98145,,true,false,false,Thomas,,Jacobs,,SD,,16,8,2,5,2,,,,,0,,1,Personal,8,Foul,,,,313,313,
1,10,54,DaShaun Wiggins makes a jump shot.,121021,,true,false,false,DaShaun,,Wiggins,,PorSt,,16,10,2,5,0,,,,,2,2,45,Jump Shot,3,Field Goal Made,,,,61,61,
1,10,38,Personal foul committed by Alyx Foster.,117699,,true,false,false,Alyx,,Foster,,PorSt,,16,10,3,5,1,,,,,0,,1,Personal,8,Foul,,,,61,61,
1,10,25,Dennis Kramer misses a jump shot.,97261,,true,false,false,Dennis,,Kramer,,SD,,16,10,3,5,1,,,,,2,2,45,Jump Shot,4,Field Goal Missed,,,,313,313,
1,10,17,Shooting foul committed by Kyle Richardson.,88839,,true,false,false,Kyle,,Richardson,,PorSt,,16,10,4,5,1,,,,,2,,2,Shooting,8,Foul,,,,61,61,
1,10,17,Dennis Kramer makes free throw 1 of 1.,97261,,true,false,false,Dennis,,Kramer,,SD,,17,10,4,5,1,,,,,3,1,10,Free Throw 1 of 1,1,Free Throw Made,,,,313,313,
1,10,17,Dennis Kramer misses free throw 2 of 2.,97261,,true,false,false,Dennis,,Kramer,,SD,,17,10,4,5,1,,,,,3,1,12,Free Throw 2 of 2,2,Free Throw Missed,,,,313,313,
1,10,05,Offensive foul committed by Zach Gengler.,121019,,true,false,false,Zach,,Gengler,,PorSt,,17,10,5,5,1,,,,,0,,4,Offensive,8,Foul,,,,61,61,
1,9,50,Dennis Kramer misses a hook shot.,97261,,true,false,false,Dennis,,Kramer,,SD,,17,10,5,5,1,,,,,3,2,55,Hook Shot,4,Field Goal Missed,,,,313,313,
1,9,40,Gary Winston misses a layup shot.,98309,,true,false,false,Gary,,Winston,,PorSt,,17,10,5,5,1,,,,,4,2,40,Layup Shot,4,Field Goal Missed,,,,61,61,
1,9,19,Zach Gengler makes a jump shot.,121019,,true,false,false,Zach,,Gengler,,PorSt,,17,12,5,5,1,,,,,2,2,45,Jump Shot,3,Field Goal Made,,,,61,61,
1,9,05,Dennis Kramer misses a hook shot.,97261,,true,false,false,Dennis,,Kramer,,SD,,17,12,5,5,1,,,,,3,2,55,Hook Shot,4,Field Goal Missed,,,,313,313,
1,8,59,Brandon Cataldo misses a layup shot.,97244,,true,false,false,Brandon,,Cataldo,,PorSt,,17,12,5,5,0,,,,,0,2,40,Layup Shot,4,Field Goal Missed,,,,61,61,
1,8,52,Nick Kerr misses a 3-point jump shot.,110053,,true,false,false,Nick,,Kerr,,SD,,17,12,5,5,0,,,,,0,3,45,Jump Shot,4,Field Goal Missed,,,,313,313,
1,8,25,Marcus Hall misses a 3-point jump shot.,88413,,true,false,false,Marcus,,Hall,,PorSt,,17,12,5,5,1,,,,,2,3,45,Jump Shot,4,Field Goal Missed,,,,61,61,
1,7,59,Zach Gengler misses a layup shot.,121019,,true,false,false,Zach,,Gengler,,PorSt,,17,12,5,5,1,,,,,2,2,40,Layup Shot,4,Field Goal Missed,,,,61,61,
1,7,58,Official TV timeout.,,,false,false,false,,,,,,,17,12,5,5,0,,,,,0,,3,Official TV,11,Timeout,,,,313,313,
1,7,51,Shooting foul committed by Michael Marconi.,122576,,true,false,false,Michael,,Marconi,,SD,,17,12,5,6,1,,,,,0,,2,Shooting,8,Foul,,,,313,313,
1,7,51,DaShaun Wiggins makes free throw 1 of 2.,121021,,true,false,false,DaShaun,,Wiggins,,PorSt,,17,13,5,6,0,,,,,3,1,11,Free Throw 1 of 2,1,Free Throw Made,,,,61,61,
1,7,51,DaShaun Wiggins makes free throw 2 of 2.,121021,,true,false,false,DaShaun,,Wiggins,,PorSt,,17,14,5,6,0,,,,,4,1,12,Free Throw 2 of 2,1,Free Throw Made,,,,61,61,
1,7,24,Johnny Dee misses a jump shot.,110052,,true,false,false,Johnny,,Dee,,SD,,17,14,5,6,1,,,,,2,2,45,Jump Shot,4,Field Goal Missed,,,,313,313,
1,7,10,DaShaun Wiggins makes a layup shot.,121021,,true,false,false,DaShaun,,Wiggins,,PorSt,,17,16,5,6,0,,,,,6,2,40,Layup Shot,3,Field Goal Made,,,,61,61,
1,6,47,Christopher Anderson makes a layup shot.,110051,,true,false,false,Christopher,,Anderson,,SD,,19,16,5,6,0,,,,,4,2,40,Layup Shot,3,Field Goal Made,,,,313,313,
1,6,47,Shooting foul committed by Tim Douglas.,97239,,true,false,false,Tim,,Douglas,,PorSt,,19,16,6,6,1,,,,,0,,2,Shooting,8,Foul,,,,61,61,
1,6,47,Christopher Anderson makes free throw 1 of 1.,110051,,true,false,false,Christopher,,Anderson,,SD,,20,16,6,6,0,,,,,5,1,10,Free Throw 1 of 1,1,Free Throw Made,,,,313,313,
1,6,35,Zach Gengler misses a layup shot.,121019,,true,false,false,Zach,,Gengler,,PorSt,,20,16,6,6,1,,,,,2,2,40,Layup Shot,4,Field Goal Missed,,,,61,61,
1,5,44,Johnny Dee makes a 3-point jump shot.,110052,,true,false,false,Johnny,,Dee,,SD,,23,16,6,6,1,,,,,5,3,45,Jump Shot,3,Field Goal Made,,,,313,313,
1,5,31,Personal foul committed by Brett Bailey.,120946,,true,false,false,Brett,,Bailey,,SD,,23,16,6,7,1,,,,,4,,1,Personal,8,Foul,,,,313,313,
1,5,31,DaShaun Wiggins makes free throw 1st of 1-and-1.,121021,,true,false,false,DaShaun,,Wiggins,,PorSt,,23,17,6,7,0,,,,,7,1,8,Free Throw 1st of 1-and-1,1,Free Throw Made,,,,61,61,
1,5,31,DaShaun Wiggins makes free throw 2nd of 1-and-1.,121021,,true,false,false,DaShaun,,Wiggins,,PorSt,,23,18,6,7,0,,,,,8,1,9,Free Throw 2nd of 1-and-1,1,Free Throw Made,,,,61,61,
1,5,09,Johnny Dee makes a layup shot.,110052,,true,false,false,Johnny,,Dee,,SD,,25,18,6,7,1,,,,,7,2,40,Layup Shot,3,Field Goal Made,,,,313,313,
1,4,39,"Andre Winston, Jr. makes a 3-point jump shot.",97530,,true,false,false,Andre,,"Winston, Jr.",,PorSt,,25,21,6,7,0,,,,,3,3,45,Jump Shot,3,Field Goal Made,,,,61,61,
1,4,27,Personal foul committed by Tim Douglas.,97239,,true,false,false,Tim,,Douglas,,PorSt,,25,21,7,7,2,,,,,0,,1,Personal,8,Foul,,,,61,61,
1,4,27,Christopher Anderson misses free throw 1st of 1-and-1.,110051,,true,false,false,Christopher,,Anderson,,SD,,25,21,7,7,0,,,,,5,1,8,Free Throw 1st of 1-and-1,2,Free Throw Missed,,,,313,313,
1,4,18,Shooting foul committed by Simi Fajemisin.,97259,,true,false,false,Simi,,Fajemisin,,SD,,25,21,7,8,2,,,,,2,,2,Shooting,8,Foul,,,,313,313,
1,4,18,Tim Douglas makes free throw 1 of 2.,97239,,true,false,false,Tim,,Douglas,,PorSt,,25,22,7,8,2,,,,,1,1,11,Free Throw 1 of 2,1,Free Throw Made,,,,61,61,
1,4,18,Tim Douglas makes free throw 2 of 2.,97239,,true,false,false,Tim,,Douglas,,PorSt,,25,23,7,8,2,,,,,2,1,12,Free Throw 2 of 2,1,Free Throw Made,,,,61,61,
1,3,48,Chris Sarbaugh makes a jump shot.,110270,,true,false,false,Chris,,Sarbaugh,,SD,,27,23,7,8,0,,,,,2,2,45,Jump Shot,3,Field Goal Made,,,,313,313,
1,3,15,Kyle Richardson makes a layup shot.,88839,,true,false,false,Kyle,,Richardson,,PorSt,,27,25,7,8,1,,,,,4,2,40,Layup Shot,3,Field Goal Made,,,,61,61,
1,2,59,Johnny Dee misses a jump shot.,110052,,true,false,false,Johnny,,Dee,,SD,,27,25,7,8,1,,,,,7,2,45,Jump Shot,4,Field Goal Missed,,,,313,313,
1,2,52,Official TV timeout.,,,false,false,false,,,,,,,27,25,7,8,0,,,,,0,,3,Official TV,11,Timeout,,,,313,313,
1,2,42,Personal foul committed by DaShaun Wiggins.,121021,,true,false,false,DaShaun,,Wiggins,,PorSt,,27,25,8,8,1,,,,,8,,1,Personal,8,Foul,,,,61,61,
1,2,42,Christopher Anderson makes free throw 1st of 1-and-1.,110051,,true,false,false,Christopher,,Anderson,,SD,,28,25,8,8,0,,,,,6,1,8,Free Throw 1st of 1-and-1,1,Free Throw Made,,,,313,313,
1,2,42,Christopher Anderson makes free throw 2nd of 1-and-1.,110051,,true,false,false,Christopher,,Anderson,,SD,,29,25,8,8,0,,,,,7,1,9,Free Throw 2nd of 1-and-1,1,Free Throw Made,,,,313,313,
1,2,33,Personal foul committed by Chris Sarbaugh.,110270,,true,false,false,Chris,,Sarbaugh,,SD,,29,25,8,9,1,,,,,2,,1,Personal,8,Foul,,,,313,313,
1,2,33,DaShaun Wiggins misses free throw 1st of 1-and-1.,121021,,true,false,false,DaShaun,,Wiggins,,PorSt,,29,25,8,9,1,,,,,8,1,8,Free Throw 1st of 1-and-1,2,Free Throw Missed,,,,61,61,
1,2,08,Brett Bailey makes a 3-point jump shot.,120946,,true,false,false,Brett,,Bailey,,SD,,32,25,8,9,1,,,,,7,3,45,Jump Shot,3,Field Goal Made,,,,313,313,
1,1,21,Brett Bailey makes a jump shot.,120946,,true,false,false,Brett,,Bailey,,SD,,34,25,8,9,1,,,,,9,2,45,Jump Shot,3,Field Goal Made,,,,313,313,
1,1,19,PorSt take a 20-second timeout.,,,false,false,false,,,,,,,34,25,8,9,0,,,,,0,,2,Short,11,Timeout,,,,61,61,
1,1,01,DaShaun Wiggins misses a layup shot.,121021,,true,false,false,DaShaun,,Wiggins,,PorSt,,34,25,8,9,1,,,,,8,2,40,Layup Shot,4,Field Goal Missed,,,,61,61,
1,0,56.8,Brett Bailey misses a layup shot.,120946,,true,false,false,Brett,,Bailey,,SD,,34,25,8,9,1,,,,,9,2,40,Layup Shot,4,Field Goal Missed,,,,313,313,
1,0,26.8,Shooting foul committed by Jito Kok.,116980,,true,false,false,Jito,,Kok,,SD,,34,25,8,10,1,,,,,4,,2,Shooting,8,Foul,,,,313,313,
1,0,26.8,Gary Winston makes free throw 1 of 2.,98309,,true,false,false,Gary,,Winston,,PorSt,,34,26,8,10,1,,,,,5,1,11,Free Throw 1 of 2,1,Free Throw Made,,,,61,61,
1,0,26.8,Gary Winston makes free throw 2 of 2.,98309,,true,false,false,Gary,,Winston,,PorSt,,34,27,8,10,1,,,,,6,1,12,Free Throw 2 of 2,1,Free Throw Made,,,,61,61,
1,0,26.8,SD take a 20-second timeout.,,,false,false,false,,,,,,,34,27,8,10,0,,,,,0,,2,Short,11,Timeout,,,,313,313,
1,0,03.6,Jito Kok makes a dunk shot.,116980,,true,false,false,Jito,,Kok,,SD,,36,27,8,10,1,,,,,6,2,48,Dunk Shot,3,Field Goal Made,,,,313,313,
1,0,00,End of the 1st Half,,,false,false,false,,,,,,,36,27,8,10,0,,,,,0,,,,15,End Period,,,,313,313,
2,20,00,Start of the 2nd Half,,,false,false,false,,,,,,,36,27,0,0,0,,,,,0,,,,14,Start Period,,,,313,313,
2,19,49,Shooting foul committed by Kyle Richardson.,88839,,true,false,false,Kyle,,Richardson,,PorSt,,36,27,1,0,2,,,,,4,,2,Shooting,8,Foul,,,,61,61,
2,19,49,Jito Kok misses free throw 1 of 2.,116980,,true,false,false,Jito,,Kok,,SD,,36,27,1,0,1,,,,,6,1,11,Free Throw 1 of 2,2,Free Throw Missed,,,,313,313,
2,19,49,Jito Kok makes free throw 2 of 2.,116980,,true,false,false,Jito,,Kok,,SD,,37,27,1,0,1,,,,,7,1,12,Free Throw 2 of 2,1,Free Throw Made,,,,313,313,
2,19,36,Tim Douglas misses a 3-point jump shot.,97239,,true,false,false,Tim,,Douglas,,PorSt,,37,27,1,0,2,,,,,2,3,45,Jump Shot,4,Field Goal Missed,,,,61,61,
2,19,22,Personal foul committed by Kyle Richardson.,88839,,true,false,false,Kyle,,Richardson,,PorSt,,37,27,2,0,3,,,,,4,,1,Personal,8,Foul,,,,61,61,
2,19,15,Dennis Kramer makes a dunk shot.,97261,,true,false,false,Dennis,,Kramer,,SD,,39,27,2,0,1,,,,,5,2,48,Dunk Shot,3,Field Goal Made,,,,313,313,
2,19,01,Gary Winston misses a jump shot.,98309,,true,false,false,Gary,,Winston,,PorSt,,39,27,2,0,1,,,,,6,2,45,Jump Shot,4,Field Goal Missed,,,,61,61,
2,18,56,Brandon Cataldo makes a layup shot.,97244,,true,false,false,Brandon,,Cataldo,,PorSt,,39,29,2,0,0,,,,,2,2,40,Layup Shot,3,Field Goal Made,,,,61,61,
2,18,47,Offensive foul committed by Johnny Dee.,110052,,true,false,false,Johnny,,Dee,,SD,,39,29,2,1,2,,,,,7,,4,Offensive,8,Foul,,,,313,313,
2,18,30,"Andre Winston, Jr. makes a 3-point jump shot.",97530,,true,false,false,Andre,,"Winston, Jr.",,PorSt,,39,32,2,1,0,,,,,6,3,45,Jump Shot,3,Field Goal Made,,,,61,61,
2,18,06,Dennis Kramer misses a 3-point jump shot.,97261,,true,false,false,Dennis,,Kramer,,SD,,39,32,2,1,1,,,,,5,3,45,Jump Shot,4,Field Goal Missed,,,,313,313,
2,17,43,Marcus Hall makes a 3-point jump shot.,88413,,true,false,false,Marcus,,Hall,,PorSt,,39,35,2,1,1,,,,,5,3,45,Jump Shot,3,Field Goal Made,,,,61,61,
2,17,27,Shooting foul committed by Brandon Cataldo.,97244,,true,false,false,Brandon,,Cataldo,,PorSt,,39,35,3,1,1,,,,,2,,2,Shooting,8,Foul,,,,61,61,
2,17,27,Brett Bailey makes free throw 1 of 2.,120946,,true,false,false,Brett,,Bailey,,SD,,40,35,3,1,1,,,,,10,1,11,Free Throw 1 of 2,1,Free Throw Made,,,,313,313,
2,17,27,Brett Bailey makes free throw 2 of 2.,120946,,true,false,false,Brett,,Bailey,,SD,,41,35,3,1,1,,,,,11,1,12,Free Throw 2 of 2,1,Free Throw Made,,,,313,313,
2,17,12,Christopher Anderson misses a layup shot.,110051,,true,false,false,Christopher,,Anderson,,SD,,41,35,3,1,0,,,,,7,2,40,Layup Shot,4,Field Goal Missed,,,,313,313,
2,17,07,Johnny Dee makes a jump shot.,110052,,true,false,false,Johnny,,Dee,,SD,,43,35,3,1,2,,,,,9,2,45,Jump Shot,3,Field Goal Made,,,,313,313,
2,16,50,Gary Winston misses a 3-point jump shot.,98309,,true,false,false,Gary,,Winston,,PorSt,,43,35,3,1,1,,,,,6,3,45,Jump Shot,4,Field Goal Missed,,,,61,61,
2,16,34,Johnny Dee makes a 3-point jump shot.,110052,,true,false,false,Johnny,,Dee,,SD,,46,35,3,1,2,,,,,12,3,45,Jump Shot,3,Field Goal Made,,,,313,313,
2,16,25,Tim Douglas misses a layup shot.,97239,,true,false,false,Tim,,Douglas,,PorSt,,46,35,3,1,2,,,,,2,2,40,Layup Shot,4,Field Goal Missed,,,,61,61,
2,16,08,Shooting foul committed by Dennis Kramer.,97261,,true,false,false,Dennis,,Kramer,,SD,,46,35,3,2,2,,,,,5,,2,Shooting,8,Foul,,,,313,313,
2,16,08,Tim Douglas makes free throw 1 of 2.,97239,,true,false,false,Tim,,Douglas,,PorSt,,46,36,3,2,2,,,,,3,1,11,Free Throw 1 of 2,1,Free Throw Made,,,,61,61,
2,16,08,Tim Douglas makes free throw 2 of 2.,97239,,true,false,false,Tim,,Douglas,,PorSt,,46,37,3,2,2,,,,,4,1,12,Free Throw 2 of 2,1,Free Throw Made,,,,61,61,
2,15,47,Johnny Dee misses a 3-point jump shot.,110052,,true,false,false,Johnny,,Dee,,SD,,46,37,3,2,2,,,,,12,3,45,Jump Shot,4,Field Goal Missed,,,,313,313,
2,15,26,"Andre Winston, Jr. misses a 3-point jump shot.",97530,,true,false,false,Andre,,"Winston, Jr.",,PorSt,,46,37,3,2,0,,,,,6,3,45,Jump Shot,4,Field Goal Missed,,,,61,61,
2,15,22,Brandon Cataldo makes a jump shot.,97244,,true,false,false,Brandon,,Cataldo,,PorSt,,46,39,3,2,1,,,,,4,2,45,Jump Shot,3,Field Goal Made,,,,61,61,
2,15,02,Brett Bailey misses a 3-point jump shot.,120946,,true,false,false,Brett,,Bailey,,SD,,46,39,3,2,1,,,,,11,3,45,Jump Shot,4,Field Goal Missed,,,,313,313,
2,14,56,Tim Douglas makes a layup shot.,97239,,true,false,false,Tim,,Douglas,,PorSt,,46,41,3,2,2,,,,,6,2,40,Layup Shot,3,Field Goal Made,,,,61,61,
2,14,38,Jito Kok makes a dunk shot.,116980,,true,false,false,Jito,,Kok,,SD,,48,41,3,2,1,,,,,9,2,48,Dunk Shot,3,Field Goal Made,,,,313,313,
2,14,17,Gary Winston misses a layup shot.,98309,,true,false,false,Gary,,Winston,,PorSt,,48,41,3,2,1,,,,,6,2,40,Layup Shot,4,Field Goal Missed,,,,61,61,
2,14,11,Johnny Dee makes a 3-point jump shot.,110052,,true,false,false,Johnny,,Dee,,SD,,51,41,3,2,2,,,,,15,3,45,Jump Shot,3,Field Goal Made,,,,313,313,
2,13,44,Tim Douglas misses a jump shot.,97239,,true,false,false,Tim,,Douglas,,PorSt,,51,41,3,2,2,,,,,6,2,45,Jump Shot,4,Field Goal Missed,,,,61,61,
2,13,36,Johnny Dee misses a 3-point jump shot.,110052,,true,false,false,Johnny,,Dee,,SD,,51,41,3,2,2,,,,,15,3,45,Jump Shot,4,Field Goal Missed,,,,313,313,
2,13,11,Shooting foul committed by Brandon Cataldo.,97244,,true,false,false,Brandon,,Cataldo,,PorSt,,51,41,4,2,2,,,,,4,,2,Shooting,8,Foul,,,,61,61,
2,13,11,Official TV timeout.,,,false,false,false,,,,,,,51,41,4,2,0,,,,,0,,3,Official TV,11,Timeout,,,,313,313,
2,13,11,Jito Kok makes free throw 1 of 2.,116980,,true,false,false,Jito,,Kok,,SD,,52,41,4,2,1,,,,,10,1,11,Free Throw 1 of 2,1,Free Throw Made,,,,313,313,
2,13,11,Jito Kok makes free throw 2 of 2.,116980,,true,false,false,Jito,,Kok,,SD,,53,41,4,2,1,,,,,11,1,12,Free Throw 2 of 2,1,Free Throw Made,,,,313,313,
2,12,57,Shooting foul committed by Simi Fajemisin.,97259,,true,false,false,Simi,,Fajemisin,,SD,,53,41,4,3,3,,,,,2,,2,Shooting,8,Foul,,,,313,313,
2,12,57,Kyle Richardson misses free throw 1 of 2.,88839,,true,false,false,Kyle,,Richardson,,PorSt,,53,41,4,3,3,,,,,4,1,11,Free Throw 1 of 2,2,Free Throw Missed,,,,61,61,
2,12,57,Kyle Richardson makes free throw 2 of 2.,88839,,true,false,false,Kyle,,Richardson,,PorSt,,53,42,4,3,3,,,,,5,1,12,Free Throw 2 of 2,1,Free Throw Made,,,,61,61,
2,12,38,Shooting foul committed by Kyle Richardson.,88839,,true,false,false,Kyle,,Richardson,,PorSt,,53,42,5,3,4,,,,,5,,2,Shooting,8,Foul,,,,61,61,
2,12,38,Thomas Jacobs misses free throw 1 of 2.,98145,,true,false,false,Thomas,,Jacobs,,SD,,53,42,5,3,2,,,,,0,1,11,Free Throw 1 of 2,2,Free Throw Missed,,,,313,313,
2,12,38,Thomas Jacobs makes free throw 2 of 2.,98145,,true,false,false,Thomas,,Jacobs,,SD,,54,42,5,3,2,,,,,1,1,12,Free Throw 2 of 2,1,Free Throw Made,,,,313,313,
2,12,23,Gary Winston misses a 3-point jump shot.,98309,,true,false,false,Gary,,Winston,,PorSt,,54,42,5,3,1,,,,,6,3,45,Jump Shot,4,Field Goal Missed,,,,61,61,
2,11,59,Christopher Anderson misses a 3-point jump shot.,110051,,true,false,false,Christopher,,Anderson,,SD,,54,42,5,3,0,,,,,7,3,45,Jump Shot,4,Field Goal Missed,,,,313,313,
2,11,51,Personal foul committed by Christopher Anderson.,110051,,true,false,false,Christopher,,Anderson,,SD,,54,42,5,4,1,,,,,7,,1,Personal,8,Foul,,,,313,313,
2,11,51,Official TV timeout.,,,false,false,false,,,,,,,54,42,5,4,0,,,,,0,,3,Official TV,11,Timeout,,,,313,313,
2,11,46,Gary Winston misses a 3-point jump shot.,98309,,true,false,false,Gary,,Winston,,PorSt,,54,42,5,4,1,,,,,6,3,45,Jump Shot,4,Field Goal Missed,,,,61,61,
2,11,32,Nick Kerr makes a 3-point jump shot.,110053,,true,false,false,Nick,,Kerr,,SD,,57,42,5,4,0,,,,,3,3,45,Jump Shot,3,Field Goal Made,,,,313,313,
2,10,45,Chris Sarbaugh makes a jump shot.,110270,,true,false,false,Chris,,Sarbaugh,,SD,,59,42,5,4,1,,,,,4,2,45,Jump Shot,3,Field Goal Made,,,,313,313,
2,10,28,Brandon Cataldo misses a jump shot.,97244,,true,false,false,Brandon,,Cataldo,,PorSt,,59,42,5,4,2,,,,,4,2,45,Jump Shot,4,Field Goal Missed,,,,61,61,
2,9,59,Thomas Jacobs makes a layup shot.,98145,,true,false,false,Thomas,,Jacobs,,SD,,61,42,5,4,2,,,,,3,2,40,Layup Shot,3,Field Goal Made,,,,313,313,
2,9,53,Official TV timeout.,,,false,false,false,,,,,,,61,42,5,4,0,,,,,0,,3,Official TV,11,Timeout,,,,313,313,
2,9,45,Tim Douglas makes a hook shot.,97239,,true,false,false,Tim,,Douglas,,PorSt,,61,44,5,4,2,,,,,8,2,55,Hook Shot,3,Field Goal Made,,,,61,61,
2,8,47,Personal foul committed by Brett Bailey.,120946,,true,false,false,Brett,,Bailey,,SD,,61,44,5,5,2,,,,,11,,1,Personal,8,Foul,,,,313,313,
2,8,32,Zach Gengler makes a jump shot.,121019,,true,false,false,Zach,,Gengler,,PorSt,,61,46,5,5,1,,,,,4,2,45,Jump Shot,3,Field Goal Made,,,,61,61,
2,8,13,Shooting foul committed by Brandon Cataldo.,97244,,true,false,false,Brandon,,Cataldo,,PorSt,,61,46,6,5,3,,,,,4,,2,Shooting,8,Foul,,,,61,61,
2,8,13,Jito Kok makes free throw 1 of 2.,116980,,true,false,false,Jito,,Kok,,SD,,62,46,6,5,1,,,,,12,1,11,Free Throw 1 of 2,1,Free Throw Made,,,,313,313,
2,8,13,Jito Kok misses free throw 2 of 2.,116980,,true,false,false,Jito,,Kok,,SD,,62,46,6,5,1,,,,,12,1,12,Free Throw 2 of 2,2,Free Throw Missed,,,,313,313,
2,7,51,DaShaun Wiggins makes a 3-point jump shot.,121021,,true,false,false,DaShaun,,Wiggins,,PorSt,,62,49,6,5,1,,,,,11,3,45,Jump Shot,3,Field Goal Made,,,,61,61,
2,7,33,Dennis Kramer makes a hook shot.,97261,,true,false,false,Dennis,,Kramer,,SD,,64,49,6,5,2,,,,,7,2,55,Hook Shot,3,Field Goal Made,,,,313,313,
2,7,25,Zach Gengler makes a 3-point jump shot.,121019,,true,false,false,Zach,,Gengler,,PorSt,,64,52,6,5,1,,,,,7,3,45,Jump Shot,3,Field Goal Made,,,,61,61,
2,7,19,SD take a 20-second timeout.,,,false,false,false,,,,,,,64,52,6,5,0,,,,,0,,2,Short,11,Timeout,,,,313,313,
2,7,08,Johnny Dee makes a 3-point jump shot.,110052,,true,false,false,Johnny,,Dee,,SD,,67,52,6,5,2,,,,,18,3,45,Jump Shot,3,Field Goal Made,,,,313,313,
2,6,46,Shooting foul committed by Chris Sarbaugh.,110270,,true,false,false,Chris,,Sarbaugh,,SD,,67,52,6,6,2,,,,,4,,2,Shooting,8,Foul,,,,313,313,
2,6,46,Official TV timeout.,,,false,false,false,,,,,,,67,52,6,6,0,,,,,0,,3,Official TV,11,Timeout,,,,313,313,
2,6,46,DaShaun Wiggins makes free throw 1 of 2.,121021,,true,false,false,DaShaun,,Wiggins,,PorSt,,67,53,6,6,1,,,,,12,1,11,Free Throw 1 of 2,1,Free Throw Made,,,,61,61,
2,6,46,DaShaun Wiggins makes free throw 2 of 2.,121021,,true,false,false,DaShaun,,Wiggins,,PorSt,,67,54,6,6,1,,,,,13,1,12,Free Throw 2 of 2,1,Free Throw Made,,,,61,61,
2,6,38,Personal foul committed by Zach Gengler.,121019,,true,false,false,Zach,,Gengler,,PorSt,,67,54,7,6,2,,,,,7,,1,Personal,8,Foul,,,,61,61,
2,6,38,Christopher Anderson makes free throw 1st of 1-and-1.,110051,,true,false,false,Christopher,,Anderson,,SD,,68,54,7,6,1,,,,,8,1,8,Free Throw 1st of 1-and-1,1,Free Throw Made,,,,313,313,
2,6,38,Christopher Anderson misses free throw 2nd of 1-and-1.,110051,,true,false,false,Christopher,,Anderson,,SD,,68,54,7,6,1,,,,,8,1,9,Free Throw 2nd of 1-and-1,2,Free Throw Missed,,,,313,313,
2,6,25,Brandon Cataldo misses a hook shot.,97244,,true,false,false,Brandon,,Cataldo,,PorSt,,68,54,7,6,3,,,,,4,2,55,Hook Shot,4,Field Goal Missed,,,,61,61,
2,6,09,Jito Kok makes a jump shot.,116980,,true,false,false,Jito,,Kok,,SD,,70,54,7,6,1,,,,,14,2,45,Jump Shot,3,Field Goal Made,,,,313,313,
2,5,48,Brandon Cataldo misses a jump shot.,97244,,true,false,false,Brandon,,Cataldo,,PorSt,,70,54,7,6,3,,,,,4,2,45,Jump Shot,4,Field Goal Missed,,,,61,61,
2,5,32,Dennis Kramer misses a hook shot.,97261,,true,false,false,Dennis,,Kramer,,SD,,70,54,7,6,2,,,,,7,2,55,Hook Shot,4,Field Goal Missed,,,,313,313,
2,5,27,Dennis Kramer misses a tip shot.,97261,,true,false,false,Dennis,,Kramer,,SD,,70,54,7,6,2,,,,,7,2,53,Tip Shot,4,Field Goal Missed,,,,313,313,
2,5,22,Brett Bailey makes a layup shot.,120946,,true,false,false,Brett,,Bailey,,SD,,72,54,7,6,2,,,,,13,2,40,Layup Shot,3,Field Goal Made,,,,313,313,
2,5,03,Personal foul committed by Brett Bailey.,120946,,true,false,false,Brett,,Bailey,,SD,,72,54,7,7,3,,,,,13,,1,Personal,8,Foul,,,,313,313,
2,5,03,DaShaun Wiggins makes free throw 1st of 1-and-1.,121021,,true,false,false,DaShaun,,Wiggins,,PorSt,,72,55,7,7,1,,,,,14,1,8,Free Throw 1st of 1-and-1,1,Free Throw Made,,,,61,61,
2,5,03,DaShaun Wiggins misses free throw 2nd of 1-and-1.,121021,,true,false,false,DaShaun,,Wiggins,,PorSt,,72,55,7,7,1,,,,,14,1,9,Free Throw 2nd of 1-and-1,2,Free Throw Missed,,,,61,61,
2,5,01,Personal foul committed by DaShaun Wiggins.,121021,,true,false,false,DaShaun,,Wiggins,,PorSt,,72,55,8,7,2,,,,,14,,1,Personal,8,Foul,,,,61,61,
2,5,01,Jito Kok misses free throw 1st of 1-and-1.,116980,,true,false,false,Jito,,Kok,,SD,,72,55,8,7,1,,,,,14,1,8,Free Throw 1st of 1-and-1,2,Free Throw Missed,,,,313,313,
2,4,50,Tim Douglas makes a jump shot.,97239,,true,false,false,Tim,,Douglas,,PorSt,,72,57,8,7,2,,,,,10,2,45,Jump Shot,3,Field Goal Made,,,,61,61,
2,4,37,Personal foul committed by DaShaun Wiggins.,121021,,true,false,false,DaShaun,,Wiggins,,PorSt,,72,57,9,7,3,,,,,14,,1,Personal,8,Foul,,,,61,61,
2,4,37,Johnny Dee makes free throw 1 of 2.,110052,,true,false,false,Johnny,,Dee,,SD,,73,57,9,7,2,,,,,19,1,11,Free Throw 1 of 2,1,Free Throw Made,,,,313,313,
2,4,37,Johnny Dee makes free throw 2 of 2.,110052,,true,false,false,Johnny,,Dee,,SD,,74,57,9,7,2,,,,,20,1,12,Free Throw 2 of 2,1,Free Throw Made,,,,313,313,
2,4,24,Personal foul committed by Chris Sarbaugh.,110270,,true,false,false,Chris,,Sarbaugh,,SD,,74,57,9,8,3,,,,,4,,1,Personal,8,Foul,,,,313,313,
2,4,24,Kyle Richardson makes free throw 1st of 1-and-1.,88839,,true,false,false,Kyle,,Richardson,,PorSt,,74,58,9,8,4,,,,,6,1,8,Free Throw 1st of 1-and-1,1,Free Throw Made,,,,61,61,
2,4,24,Kyle Richardson misses free throw 2nd of 1-and-1.,88839,,true,false,false,Kyle,,Richardson,,PorSt,,74,58,9,8,4,,,,,6,1,9,Free Throw 2nd of 1-and-1,2,Free Throw Missed,,,,61,61,
2,4,07,Jito Kok misses a jump shot.,116980,,true,false,false,Jito,,Kok,,SD,,74,58,9,8,1,,,,,14,2,45,Jump Shot,4,Field Goal Missed,,,,313,313,
2,3,58,Marcus Hall makes a 3-point jump shot.,88413,,true,false,false,Marcus,,Hall,,PorSt,,74,61,9,8,1,,,,,8,3,45,Jump Shot,3,Field Goal Made,,,,61,61,
2,3,36,Dennis Kramer makes a hook shot.,97261,,true,false,false,Dennis,,Kramer,,SD,,76,61,9,8,2,,,,,9,2,55,Hook Shot,3,Field Goal Made,,,,313,313,
2,3,18,Christopher Anderson misses a layup shot.,110051,,true,false,false,Christopher,,Anderson,,SD,,76,61,9,8,1,,,,,8,2,40,Layup Shot,4,Field Goal Missed,,,,313,313,
2,3,01,Kyle Richardson misses a jump shot.,88839,,true,false,false,Kyle,,Richardson,,PorSt,,76,61,9,8,4,,,,,6,2,45,Jump Shot,4,Field Goal Missed,,,,61,61,
2,2,31,Christopher Anderson makes a 3-point jump shot.,110051,,true,false,false,Christopher,,Anderson,,SD,,79,61,9,8,1,,,,,11,3,45,Jump Shot,3,Field Goal Made,,,,313,313,
2,2,20,Personal foul committed by Chris Sarbaugh.,110270,,true,false,false,Chris,,Sarbaugh,,SD,,79,61,9,9,4,,,,,4,,1,Personal,8,Foul,,,,313,313,
2,2,20,Official TV timeout.,,,false,false,false,,,,,,,79,61,9,9,0,,,,,0,,3,Official TV,11,Timeout,,,,313,313,
2,2,20,Tim Douglas misses free throw 1st of 1-and-1.,97239,,true,false,false,Tim,,Douglas,,PorSt,,79,61,9,9,2,,,,,10,1,8,Free Throw 1st of 1-and-1,2,Free Throw Missed,,,,61,61,
2,1,53,Personal foul committed by Brandon Cataldo.,97244,,true,false,false,Brandon,,Cataldo,,PorSt,,79,61,10,9,4,,,,,4,,1,Personal,8,Foul,,,,61,61,
2,1,53,Johnny Dee makes free throw 1 of 2.,110052,,true,false,false,Johnny,,Dee,,SD,,80,61,10,9,2,,,,,21,1,11,Free Throw 1 of 2,1,Free Throw Made,,,,313,313,
2,1,53,Johnny Dee makes free throw 2 of 2.,110052,,true,false,false,Johnny,,Dee,,SD,,81,61,10,9,2,,,,,22,1,12,Free Throw 2 of 2,1,Free Throw Made,,,,313,313,
2,1,34,Alyx Foster makes a jump shot.,117699,,true,false,false,Alyx,,Foster,,PorSt,,81,63,10,9,1,,,,,2,2,45,Jump Shot,3,Field Goal Made,,,,61,61,
2,1,00,Dennis Kramer makes a 3-point jump shot.,97261,,true,false,false,Dennis,,Kramer,,SD,,84,63,10,9,2,,,,,12,3,45,Jump Shot,3,Field Goal Made,,,,313,313,
2,0,46.6,Personal foul committed by Thomas Jacobs.,98145,,true,false,false,Thomas,,Jacobs,,SD,,84,63,10,10,3,,,,,3,,1,Personal,8,Foul,,,,313,313,
2,0,46.6,Alyx Foster makes free throw 1 of 2.,117699,,true,false,false,Alyx,,Foster,,PorSt,,84,64,10,10,1,,,,,3,1,11,Free Throw 1 of 2,1,Free Throw Made,,,,61,61,
2,0,46.6,Alyx Foster makes free throw 2 of 2.,117699,,true,false,false,Alyx,,Foster,,PorSt,,84,65,10,10,1,,,,,4,1,12,Free Throw 2 of 2,1,Free Throw Made,,,,61,61,
2,0,32.5,Therone Tillett makes a 3-point jump shot.,114555,,true,false,false,Therone,,Tillett,,SD,,87,65,10,10,0,,,,,3,3,45,Jump Shot,3,Field Goal Made,,,,313,313,
2,0,26.3,Jacob Begin misses a 3-point jump shot.,122139,,true,false,false,Jacob,,Begin,,PorSt,,87,65,10,10,0,,,,,0,3,45,Jump Shot,4,Field Goal Missed,,,,61,61,
2,0,00,End of the 2nd Half,,,false,false,false,,,,,,,87,65,10,10,0,,,,,0,,,,15,End Period,,,,313,313,
2,0,00,End of the Game,,,false,false,false,,,,,,,87,65,10,10,0,,,,,0,,,,19,Game Over,,,,313,313,
