half,time-minutes,time-seconds,details,player1-id,player2-id,player1-linkable,player2-linkable,player3-linkable,player-first-name-1,player-first-name-2,player-last-name-1,player-last-name-2,player-team-alias-1,player-team-alias-2,home-score,visitor-score,visitor-fouls,home-fouls,player-fouls,fastbreak,in-paint,second-chance,off-turnover,player-score,points-type,detail-id,detail-desc,event-id,event-desc,distance,x-coord,y-coord,team-id-1,team-id-2,team-id-3
1,20,00,Start of the 1st Half,,,false,false,false,,,,,,,0,0,0,0,0,,,,,0,,,,14,Start Period,,,,324,324,
1,19,43,Johnny O'Bryant III misses a jump shot from 8 feet out.,109779,,true,false,false,Johnny,,O'Bryant III,,LSU,,0,0,0,0,0,,,,,0,2,45,Jump Shot,4,Field Goal Missed,8,-2,8,259,259,
1,19,43,Nick Russell with a defensive rebound.,88357,,true,false,false,Nick,,Russell,,SMU,,0,0,0,0,0,,,,,0,,,,6,Defensive Rebound,,,,324,324,
1,19,22,Markus Kennedy misses a layup shot.,109504,,true,false,false,Markus,,Kennedy,,SMU,,0,0,0,0,0,,,,,0,2,40,Layup Shot,4,Field Goal Missed,0,0,0,324,324,
1,19,22,Jarell Martin with a defensive rebound.,120724,,true,false,false,Jarell,,Martin,,LSU,,0,0,0,0,0,,,,,0,,,,6,Defensive Rebound,,,,259,259,
1,19,06,Jarell Martin makes a 3-point jump shot from 24 feet out. Shavon Coleman with the assist.,120724,116559,true,true,false,Jarell,Shavon,Martin,Coleman,LSU,LSU,0,3,0,0,0,,,,,3,3,45,Jump Shot,3,Field Goal Made,24,.4,24.1,259,259,
1,18,49,Sterling Brown misses a jump shot from 15 feet out.,120587,,true,false,false,Sterling,,Brown,,SMU,,0,3,0,0,0,,,,,0,2,45,Jump Shot,4,Field Goal Missed,15,-9,12,324,324,
1,18,49,Shavon Coleman with a defensive rebound.,116559,,true,false,false,Shavon,,Coleman,,LSU,,0,3,0,0,0,,,,,0,,,,6,Defensive Rebound,,,,259,259,
1,18,28,Johnny O'Bryant III makes a jump shot from 14 feet out. Anthony Hickey with the assist.,109779,109778,true,true,false,Johnny,Anthony,O'Bryant III,Hickey,LSU,LSU,0,5,0,0,0,,,,,2,2,45,Jump Shot,3,Field Goal Made,14,13,5,259,259,
1,18,07,Markus Kennedy makes a layup shot. Nic Moore with the assist.,109504,109830,true,true,false,Markus,Nic,Kennedy,Moore,SMU,SMU,2,5,0,0,0,,,,,2,2,40,Layup Shot,3,Field Goal Made,0,0,0,324,324,
1,17,53,Jordan Mickey with a bad pass turnover: Bad Pass,120727,,true,false,false,Jordan,,Mickey,,LSU,,2,5,0,0,0,,,,,0,,1,Bad Pass,7,Turnover,,,,259,259,
1,17,24,Sterling Brown makes a layup shot.,120587,,true,false,false,Sterling,,Brown,,SMU,,4,5,0,0,0,,,,,2,2,40,Layup Shot,3,Field Goal Made,0,0,0,324,324,
1,17,10,Shooting foul committed by Markus Kennedy.,109504,,true,false,false,Markus,,Kennedy,,SMU,,4,5,0,1,1,,,,,2,,2,Shooting,8,Foul,,,,324,324,
1,17,10,Johnny O'Bryant III makes free throw 1 of 2.,109779,,true,false,false,Johnny,,O'Bryant III,,LSU,,4,6,0,1,0,,,,,3,1,11,Free Throw 1 of 2,1,Free Throw Made,,,,259,259,
1,17,10,Johnny O'Bryant III misses free throw 2 of 2.,109779,,true,false,false,Johnny,,O'Bryant III,,LSU,,4,6,0,1,0,,,,,3,1,12,Free Throw 2 of 2,2,Free Throw Missed,,,,259,259,
1,17,10,Markus Kennedy with a defensive rebound.,109504,,true,false,false,Markus,,Kennedy,,SMU,,4,6,0,1,1,,,,,2,,,,6,Defensive Rebound,,,,324,324,
1,16,52,Markus Kennedy makes a layup shot. Nic Moore with the assist.,109504,109830,true,true,false,Markus,Nic,Kennedy,Moore,SMU,SMU,6,6,0,1,1,,,,,4,2,40,Layup Shot,3,Field Goal Made,0,0,0,324,324,
1,16,25,Anthony Hickey misses a 3-point jump shot from 24 feet out.,109778,,true,false,false,Anthony,,Hickey,,LSU,,6,6,0,1,0,,,,,0,3,45,Jump Shot,4,Field Goal Missed,24,13.7,19.5,259,259,
1,16,25,Shavon Coleman with an offensive rebound.,116559,,true,false,false,Shavon,,Coleman,,LSU,,6,6,0,1,0,,,,,0,,,,5,Offensive Rebound,,,,259,259,
1,16,19,Shavon Coleman makes a layup shot.,116559,,true,false,false,Shavon,,Coleman,,LSU,,6,8,0,1,0,,,,,2,2,40,Layup Shot,3,Field Goal Made,0,0,0,259,259,
1,16,02,Markus Kennedy misses a jump shot from 8 feet out.,109504,,true,false,false,Markus,,Kennedy,,SMU,,6,8,0,1,1,,,,,4,2,45,Jump Shot,4,Field Goal Missed,8,3.5,7.6,324,324,
1,16,02,Shavon Coleman with a defensive rebound.,116559,,true,false,false,Shavon,,Coleman,,LSU,,6,8,0,1,0,,,,,2,,,,6,Defensive Rebound,,,,259,259,
1,15,39,Johnny O'Bryant III with a lost ball turnover: Lost Ball,109779,,true,false,false,Johnny,,O'Bryant III,,LSU,,6,8,0,1,0,,,,,3,,2,Lost Ball,7,Turnover,,,,259,259,
1,15,33,Nick Russell with a lost ball turnover: Lost Ball,88357,,true,false,false,Nick,,Russell,,SMU,,6,8,0,1,0,,,,,0,,2,Lost Ball,7,Turnover,,,,324,324,
1,15,31,Offensive foul committed by Johnny O'Bryant III.,109779,,true,false,false,Johnny,,O'Bryant III,,LSU,,6,8,1,1,1,,,,,3,,4,Offensive,8,Foul,,,,259,259,
1,15,31,Johnny O'Bryant III with a  turnover:,109779,,true,false,false,Johnny,,O'Bryant III,,LSU,,6,8,1,1,1,,,,,3,,,,7,Turnover,,,,259,259,
1,15,31,Official TV timeout.,,,false,false,false,,,,,,,6,8,1,1,0,,,,,0,,3,Official TV,11,Timeout,,,,324,324,
1,15,10,Nic Moore misses a 3-point jump shot from 24 feet out.,109830,,true,false,false,Nic,,Moore,,SMU,,6,8,1,1,0,,,,,0,3,45,Jump Shot,4,Field Goal Missed,24,23.6,3.5,324,324,
1,15,10,Markus Kennedy with an offensive rebound.,109504,,true,false,false,Markus,,Kennedy,,SMU,,6,8,1,1,1,,,,,4,,,,5,Offensive Rebound,,,,324,324,
1,15,04,Markus Kennedy misses a layup shot.,109504,,true,false,false,Markus,,Kennedy,,SMU,,6,8,1,1,1,,,,,4,2,40,Layup Shot,4,Field Goal Missed,0,0,0,324,324,
1,15,04,Jarell Martin with a defensive rebound.,120724,,true,false,false,Jarell,,Martin,,LSU,,6,8,1,1,0,,,,,3,,,,6,Defensive Rebound,,,,259,259,
1,14,52,Jarell Martin with a lost ball turnover: Lost Ball,120724,,true,false,false,Jarell,,Martin,,LSU,,6,8,1,1,0,,,,,3,,2,Lost Ball,7,Turnover,,,,259,259,
1,14,29,Sterling Brown misses a 3-point jump shot from 23 feet out.,120587,,true,false,false,Sterling,,Brown,,SMU,,6,8,1,1,0,,,,,2,3,45,Jump Shot,4,Field Goal Missed,23,23,3,324,324,
1,14,29,Jordan Mickey with a defensive rebound.,120727,,true,false,false,Jordan,,Mickey,,LSU,,6,8,1,1,0,,,,,0,,,,6,Defensive Rebound,,,,259,259,
1,14,15,Jordan Mickey misses a layup shot.,120727,,true,false,false,Jordan,,Mickey,,LSU,,6,8,1,1,0,,,,,0,2,40,Layup Shot,4,Field Goal Missed,0,0,0,259,259,
1,14,15,Markus Kennedy with a defensive rebound.,109504,,true,false,false,Markus,,Kennedy,,SMU,,6,8,1,1,1,,,,,4,,,,6,Defensive Rebound,,,,324,324,
1,14,05,Markus Kennedy misses a layup shot.,109504,,true,false,false,Markus,,Kennedy,,SMU,,6,8,1,1,1,,,,,4,2,40,Layup Shot,4,Field Goal Missed,0,0,0,324,324,
1,14,05,Shawn Williams with an offensive rebound.,88913,,true,false,false,Shawn,,Williams,,SMU,,6,8,1,1,0,,,,,0,,,,5,Offensive Rebound,,,,324,324,
1,13,51,Nick Russell makes a jump shot from 17 feet out.,88357,,true,false,false,Nick,,Russell,,SMU,,8,8,1,1,0,,,,,2,2,45,Jump Shot,3,Field Goal Made,17,15.2,8.4,324,324,
1,13,29,Jarell Martin misses a jump shot from 18 feet out.,120724,,true,false,false,Jarell,,Martin,,LSU,,8,8,1,1,0,,,,,3,2,45,Jump Shot,4,Field Goal Missed,18,-17.3,3.5,259,259,
1,13,29,Nick Russell with a defensive rebound.,88357,,true,false,false,Nick,,Russell,,SMU,,8,8,1,1,0,,,,,2,,,,6,Defensive Rebound,,,,324,324,
1,13,13,Cannen Cunningham makes a dunk shot. Keith Frazier with the assist.,110193,120588,true,true,false,Cannen,Keith,Cunningham,Frazier,SMU,SMU,10,8,1,1,0,,,,,2,2,48,Dunk Shot,3,Field Goal Made,0,0,0,324,324,
1,12,47,Andre Stringer makes a 3-point jump shot from 26 feet out.,97045,,true,false,false,Andre,,Stringer,,LSU,,10,11,1,1,0,,,,,3,3,45,Jump Shot,3,Field Goal Made,26,16.2,20.8,259,259,
1,12,25,Cannen Cunningham misses a layup shot.,110193,,true,false,false,Cannen,,Cunningham,,SMU,,10,11,1,1,0,,,,,2,2,40,Layup Shot,4,Field Goal Missed,0,0,0,324,324,
1,12,25,Shavon Coleman with a defensive rebound.,116559,,true,false,false,Shavon,,Coleman,,LSU,,10,11,1,1,0,,,,,2,,,,6,Defensive Rebound,,,,259,259,
1,12,17,Andre Stringer makes a 3-point jump shot from 24 feet out. Anthony Hickey with the assist.,97045,109778,true,true,false,Andre,Anthony,Stringer,Hickey,LSU,LSU,10,14,1,1,0,,,,,6,3,45,Jump Shot,3,Field Goal Made,24,-13.4,19.8,259,259,
1,11,48,Keith Frazier makes a 3-point jump shot from 25 feet out. Ryan Manuel with the assist.,120588,110196,true,true,false,Keith,Ryan,Frazier,Manuel,SMU,SMU,13,14,1,1,0,,,,,3,3,45,Jump Shot,3,Field Goal Made,25,12,22,324,324,
1,11,16,Jordan Mickey misses a jump shot from 10 feet out.,120727,,true,false,false,Jordan,,Mickey,,LSU,,13,14,1,1,0,,,,,0,2,45,Jump Shot,4,Field Goal Missed,10,.3,10.3,259,259,
1,11,16,Johnny O'Bryant III with an offensive rebound.,109779,,true,false,false,Johnny,,O'Bryant III,,LSU,,13,14,1,1,1,,,,,3,,,,5,Offensive Rebound,,,,259,259,
1,11,16,Johnny O'Bryant III misses a layup shot.,109779,,true,false,false,Johnny,,O'Bryant III,,LSU,,13,14,1,1,1,,,,,3,2,40,Layup Shot,4,Field Goal Missed,0,0,0,259,259,
1,11,16,Jarell Martin with an offensive rebound.,120724,,true,false,false,Jarell,,Martin,,LSU,,13,14,1,1,0,,,,,3,,,,5,Offensive Rebound,,,,259,259,
1,11,09,Jarell Martin misses a layup shot.,120724,,true,false,false,Jarell,,Martin,,LSU,,13,14,1,1,0,,,,,3,2,40,Layup Shot,4,Field Goal Missed,0,0,0,259,259,
1,11,09,Johnny O'Bryant III with an offensive rebound.,109779,,true,false,false,Johnny,,O'Bryant III,,LSU,,13,14,1,1,1,,,,,3,,,,5,Offensive Rebound,,,,259,259,
1,11,01,Johnny O'Bryant III makes a layup shot.,109779,,true,false,false,Johnny,,O'Bryant III,,LSU,,13,16,1,1,1,,,,,5,2,40,Layup Shot,3,Field Goal Made,0,0,0,259,259,
1,11,00,Personal foul committed by Tim Quarterman.,120729,,true,false,false,Tim,,Quarterman,,LSU,,13,16,2,1,1,,,,,0,,1,Personal,8,Foul,,,,259,259,
1,11,00,Official TV timeout.,,,false,false,false,,,,,,,13,16,2,1,0,,,,,0,,3,Official TV,11,Timeout,,,,324,324,
1,10,25,Ben Moore misses a jump shot from 17 feet out.,120589,,true,false,false,Ben,,Moore,,SMU,,13,16,2,1,0,,,,,0,2,45,Jump Shot,4,Field Goal Missed,17,-3.5,16.2,324,324,
1,10,25,Nic Moore with an offensive rebound.,109830,,true,false,false,Nic,,Moore,,SMU,,13,16,2,1,0,,,,,0,,,,5,Offensive Rebound,,,,324,324,
1,10,13,Ryan Manuel misses a jump shot from 14 feet out.,110196,,true,false,false,Ryan,,Manuel,,SMU,,13,16,2,1,0,,,,,0,2,45,Jump Shot,4,Field Goal Missed,14,.9,14.4,324,324,
1,10,13,Jordan Mickey with a defensive rebound.,120727,,true,false,false,Jordan,,Mickey,,LSU,,13,16,2,1,0,,,,,0,,,,6,Defensive Rebound,,,,259,259,
1,10,03,Johnny O'Bryant III makes a layup shot. Shavon Coleman with the assist.,109779,116559,true,true,false,Johnny,Shavon,O'Bryant III,Coleman,LSU,LSU,13,18,2,1,1,,,,,7,2,40,Layup Shot,3,Field Goal Made,0,0,0,259,259,
1,9,42,Nic Moore makes a layup shot.,109830,,true,false,false,Nic,,Moore,,SMU,,15,18,2,1,0,,,,,2,2,40,Layup Shot,3,Field Goal Made,0,0,0,324,324,
1,9,31,Johnny O'Bryant III misses a jump shot from 13 feet out.,109779,,true,false,false,Johnny,,O'Bryant III,,LSU,,15,18,2,1,1,,,,,7,2,45,Jump Shot,4,Field Goal Missed,13,-12.7,2.6,259,259,
1,9,31,Ryan Manuel with a defensive rebound.,110196,,true,false,false,Ryan,,Manuel,,SMU,,15,18,2,1,0,,,,,0,,,,6,Defensive Rebound,,,,324,324,
1,9,22,Cannen Cunningham makes a jump shot from 14 feet out. Ryan Manuel with the assist.,110193,110196,true,true,false,Cannen,Ryan,Cunningham,Manuel,SMU,SMU,17,18,2,1,0,,,,,4,2,45,Jump Shot,3,Field Goal Made,14,14,3,324,324,
1,9,05,Jordan Mickey makes a dunk shot. Johnny O'Bryant III with the assist.,120727,109779,true,true,false,Jordan,Johnny,Mickey,O'Bryant III,LSU,LSU,17,20,2,1,0,,,,,2,2,48,Dunk Shot,3,Field Goal Made,0,0,0,259,259,
1,9,05,Shooting foul committed by Ryan Manuel.,110196,,true,false,false,Ryan,,Manuel,,SMU,,17,20,2,2,1,,,,,0,,2,Shooting,8,Foul,,,,324,324,
1,9,05,Jordan Mickey makes free throw 1 of 1.,120727,,true,false,false,Jordan,,Mickey,,LSU,,17,21,2,2,0,,,,,3,1,10,Free Throw 1 of 1,1,Free Throw Made,,,,259,259,
1,8,53,Ben Moore makes a layup shot.,120589,,true,false,false,Ben,,Moore,,SMU,,19,21,2,2,0,,,,,2,2,40,Layup Shot,3,Field Goal Made,0,0,0,324,324,
1,8,41,Shavon Coleman makes a 3-point jump shot from 24 feet out. Tim Quarterman with the assist.,116559,120729,true,true,false,Shavon,Tim,Coleman,Quarterman,LSU,LSU,19,24,2,2,0,,,,,5,3,45,Jump Shot,3,Field Goal Made,24,-16,18,259,259,
1,8,24,Nic Moore with a lost ball turnover: Lost Ball,109830,,true,false,false,Nic,,Moore,,SMU,,19,24,2,2,0,,,,,2,,2,Lost Ball,7,Turnover,,,,324,324,
1,8,19,Shavon Coleman misses a layup shot.,116559,,true,false,false,Shavon,,Coleman,,LSU,,19,24,2,2,0,,,,,5,2,40,Layup Shot,4,Field Goal Missed,0,0,0,259,259,
1,8,19,SMU with a defensive rebound.,,,false,false,false,,,,,,,19,24,2,2,0,,,,,0,,,,6,Defensive Rebound,,,,324,324,
1,8,03,Nick Russell makes a 3-point jump shot from 23 feet out. Nic Moore with the assist.,88357,109830,true,true,false,Nick,Nic,Russell,Moore,SMU,SMU,22,24,2,2,0,,,,,5,3,45,Jump Shot,3,Field Goal Made,23,-23,1.8,324,324,
1,7,43,Johnny O'Bryant III misses a layup shot.,109779,,true,false,false,Johnny,,O'Bryant III,,LSU,,22,24,2,2,1,,,,,7,2,40,Layup Shot,4,Field Goal Missed,0,0,0,259,259,
1,7,43,Ben Moore with a defensive rebound.,120589,,true,false,false,Ben,,Moore,,SMU,,22,24,2,2,0,,,,,2,,,,6,Defensive Rebound,,,,324,324,
1,7,39,Nick Russell misses a jump shot from 14 feet out.,88357,,true,false,false,Nick,,Russell,,SMU,,22,24,2,2,0,,,,,5,2,45,Jump Shot,4,Field Goal Missed,14,-7,12,324,324,
1,7,39,Shavon Coleman with a defensive rebound.,116559,,true,false,false,Shavon,,Coleman,,LSU,,22,24,2,2,0,,,,,5,,,,6,Defensive Rebound,,,,259,259,
1,7,37,Shooting foul committed by Nic Moore.,109830,,true,false,false,Nic,,Moore,,SMU,,22,24,2,3,1,,,,,2,,2,Shooting,8,Foul,,,,324,324,
1,7,37,Official TV timeout.,,,false,false,false,,,,,,,22,24,2,3,0,,,,,0,,3,Official TV,11,Timeout,,,,324,324,
1,7,37,Tim Quarterman makes free throw 1 of 2.,120729,,true,false,false,Tim,,Quarterman,,LSU,,22,25,2,3,1,,,,,1,1,11,Free Throw 1 of 2,1,Free Throw Made,,,,259,259,
1,7,37,Tim Quarterman makes free throw 2 of 2.,120729,,true,false,false,Tim,,Quarterman,,LSU,,22,26,2,3,1,,,,,2,1,12,Free Throw 2 of 2,1,Free Throw Made,,,,259,259,
1,7,30,Nic Moore with a lost ball turnover: Lost Ball,109830,,true,false,false,Nic,,Moore,,SMU,,22,26,2,3,1,,,,,2,,2,Lost Ball,7,Turnover,,,,324,324,
1,7,29,Shavon Coleman makes a jump shot from 7 feet out.,116559,,true,false,false,Shavon,,Coleman,,LSU,,22,28,2,3,0,,,,,7,2,45,Jump Shot,3,Field Goal Made,7,.9,6.7,259,259,
1,7,29,Shooting foul committed by Nic Moore.,109830,,true,false,false,Nic,,Moore,,SMU,,22,28,2,4,2,,,,,2,,2,Shooting,8,Foul,,,,324,324,
1,7,29,Shavon Coleman makes free throw 1 of 1.,116559,,true,false,false,Shavon,,Coleman,,LSU,,22,29,2,4,0,,,,,8,1,10,Free Throw 1 of 1,1,Free Throw Made,,,,259,259,
1,7,22,Markus Kennedy makes a dunk shot. Ben Moore with the assist.,109504,120589,true,true,false,Markus,Ben,Kennedy,Moore,SMU,SMU,24,29,2,4,1,,,,,6,2,48,Dunk Shot,3,Field Goal Made,0,0,0,324,324,
1,7,06,Jarell Martin makes a layup shot. Jordan Mickey with the assist.,120724,120727,true,true,false,Jarell,Jordan,Martin,Mickey,LSU,LSU,24,31,2,4,0,,,,,5,2,40,Layup Shot,3,Field Goal Made,0,0,0,259,259,
1,6,49,Markus Kennedy makes a dunk shot.,109504,,true,false,false,Markus,,Kennedy,,SMU,,26,31,2,4,1,,,,,8,2,48,Dunk Shot,3,Field Goal Made,0,0,0,324,324,
1,6,34,Anthony Hickey misses a layup shot.,109778,,true,false,false,Anthony,,Hickey,,LSU,,26,31,2,4,0,,,,,0,2,40,Layup Shot,4,Field Goal Missed,0,0,0,259,259,
1,6,34,LSU with an offensive rebound.,,,false,false,false,,,,,,,26,31,2,4,0,,,,,0,,,,5,Offensive Rebound,,,,259,259,
1,5,58,Shavon Coleman with a traveling turnover: Traveling,116559,,true,false,false,Shavon,,Coleman,,LSU,,26,31,2,4,0,,,,,8,,4,Traveling,7,Turnover,,,,259,259,
1,5,41,Keith Frazier misses a 3-point jump shot from 25 feet out.,120588,,true,false,false,Keith,,Frazier,,SMU,,26,31,2,4,0,,,,,3,3,45,Jump Shot,4,Field Goal Missed,25,2.5,24.6,324,324,
1,5,41,Shavon Coleman with a defensive rebound.,116559,,true,false,false,Shavon,,Coleman,,LSU,,26,31,2,4,0,,,,,8,,,,6,Defensive Rebound,,,,259,259,
1,5,32,Anthony Hickey misses a 3-point jump shot from 24 feet out.,109778,,true,false,false,Anthony,,Hickey,,LSU,,26,31,2,4,0,,,,,0,3,45,Jump Shot,4,Field Goal Missed,24,1.6,24.4,259,259,
1,5,32,Nick Russell with a defensive rebound.,88357,,true,false,false,Nick,,Russell,,SMU,,26,31,2,4,0,,,,,5,,,,6,Defensive Rebound,,,,324,324,
1,5,16,Shooting foul committed by Shavon Coleman.,116559,,true,false,false,Shavon,,Coleman,,LSU,,26,31,3,4,1,,,,,8,,2,Shooting,8,Foul,,,,259,259,
1,5,16,Ben Moore misses free throw 1 of 2.,120589,,true,false,false,Ben,,Moore,,SMU,,26,31,3,4,0,,,,,2,1,11,Free Throw 1 of 2,2,Free Throw Missed,,,,324,324,
1,5,16,SMU with an offensive rebound.,,,false,false,false,,,,,,,26,31,3,4,0,,,,,0,,,,5,Offensive Rebound,,,,324,324,
1,5,16,Ben Moore misses free throw 2 of 2.,120589,,true,false,false,Ben,,Moore,,SMU,,26,31,3,4,0,,,,,2,1,12,Free Throw 2 of 2,2,Free Throw Missed,,,,324,324,
1,5,16,Jordan Mickey with a defensive rebound.,120727,,true,false,false,Jordan,,Mickey,,LSU,,26,31,3,4,0,,,,,3,,,,6,Defensive Rebound,,,,259,259,
1,5,06,Andre Stringer makes a 3-point jump shot from 24 feet out. Jarell Martin with the assist.,97045,120724,true,true,false,Andre,Jarell,Stringer,Martin,LSU,LSU,26,34,3,4,0,,,,,9,3,45,Jump Shot,3,Field Goal Made,24,-12.3,20.7,259,259,
1,4,43,Ben Moore makes a hook shot from 8 feet out.,120589,,true,false,false,Ben,,Moore,,SMU,,28,34,3,4,0,,,,,4,2,55,Hook Shot,3,Field Goal Made,8,7.1,4.2,324,324,
1,4,29,Johnny O'Bryant III makes a jump shot from 11 feet out.,109779,,true,false,false,Johnny,,O'Bryant III,,LSU,,28,36,3,4,1,,,,,9,2,45,Jump Shot,3,Field Goal Made,11,10.6,4.3,259,259,
1,4,09,Markus Kennedy misses a hook shot from 8 feet out.,109504,,true,false,false,Markus,,Kennedy,,SMU,,28,36,3,4,1,,,,,8,2,55,Hook Shot,4,Field Goal Missed,8,-2.1,7.6,324,324,
1,4,09,Johnny O'Bryant III with a defensive rebound.,109779,,true,false,false,Johnny,,O'Bryant III,,LSU,,28,36,3,4,1,,,,,9,,,,6,Defensive Rebound,,,,259,259,
1,4,02,Andre Stringer misses a 3-point jump shot from 22 feet out.,97045,,true,false,false,Andre,,Stringer,,LSU,,28,36,3,4,0,,,,,9,3,45,Jump Shot,4,Field Goal Missed,22,22,4,259,259,
1,4,02,Yanick Moreira with a defensive rebound.,120590,,true,false,false,Yanick,,Moreira,,SMU,,28,36,3,4,0,,,,,0,,,,6,Defensive Rebound,,,,324,324,
1,3,45,Sterling Brown with a lost ball turnover: Lost Ball,120587,,true,false,false,Sterling,,Brown,,SMU,,28,36,3,4,0,,,,,2,,2,Lost Ball,7,Turnover,,,,324,324,
1,3,32,Jarell Martin makes a dunk shot. Anthony Hickey with the assist.,120724,109778,true,true,false,Jarell,Anthony,Martin,Hickey,LSU,LSU,28,38,3,4,0,,,,,7,2,48,Dunk Shot,3,Field Goal Made,0,0,0,259,259,
1,3,32,SMU take a full timeout.,,,false,false,false,,,,,,,28,38,3,4,0,,,,,0,,1,Regular,11,Timeout,,,,324,324,
1,3,09,Nick Russell makes a 3-point jump shot from 23 feet out. Ryan Manuel with the assist.,88357,110196,true,true,false,Nick,Ryan,Russell,Manuel,SMU,SMU,31,38,3,4,0,,,,,8,3,45,Jump Shot,3,Field Goal Made,23,18.3,14.2,324,324,
1,3,01,Andre Stringer misses a 3-point jump shot from 24 feet out.,97045,,true,false,false,Andre,,Stringer,,LSU,,31,38,3,4,0,,,,,9,3,45,Jump Shot,4,Field Goal Missed,24,8,23,259,259,
1,3,01,Nick Russell with a defensive rebound.,88357,,true,false,false,Nick,,Russell,,SMU,,31,38,3,4,0,,,,,8,,,,6,Defensive Rebound,,,,324,324,
1,2,42,Shooting foul committed by Johnny O'Bryant III.,109779,,true,false,false,Johnny,,O'Bryant III,,LSU,,31,38,4,4,2,,,,,9,,2,Shooting,8,Foul,,,,259,259,
1,2,42,Official TV timeout.,,,false,false,false,,,,,,,31,38,4,4,0,,,,,0,,3,Official TV,11,Timeout,,,,324,324,
1,2,42,Ryan Manuel makes free throw 1 of 2.,110196,,true,false,false,Ryan,,Manuel,,SMU,,32,38,4,4,1,,,,,1,1,11,Free Throw 1 of 2,1,Free Throw Made,,,,324,324,
1,2,42,Ryan Manuel misses free throw 2 of 2.,110196,,true,false,false,Ryan,,Manuel,,SMU,,32,38,4,4,1,,,,,1,1,12,Free Throw 2 of 2,2,Free Throw Missed,,,,324,324,
1,2,42,Shavon Coleman with a defensive rebound.,116559,,true,false,false,Shavon,,Coleman,,LSU,,32,38,4,4,1,,,,,8,,,,6,Defensive Rebound,,,,259,259,
1,2,23,Jordan Mickey with a lost ball turnover: Lost Ball,120727,,true,false,false,Jordan,,Mickey,,LSU,,32,38,4,4,0,,,,,3,,2,Lost Ball,7,Turnover,,,,259,259,
1,2,17,Nick Russell makes a 3-point jump shot from 23 feet out. Ryan Manuel with the assist.,88357,110196,true,true,false,Nick,Ryan,Russell,Manuel,SMU,SMU,35,38,4,4,0,,,,,11,3,45,Jump Shot,3,Field Goal Made,23,-22,6.7,324,324,
1,1,56,Jordan Mickey makes a layup shot.,120727,,true,false,false,Jordan,,Mickey,,LSU,,35,40,4,4,0,,,,,5,2,40,Layup Shot,3,Field Goal Made,0,0,0,259,259,
1,1,25,Yanick Moreira misses a layup shot.,120590,,true,false,false,Yanick,,Moreira,,SMU,,35,40,4,4,0,,,,,0,2,40,Layup Shot,4,Field Goal Missed,0,0,0,324,324,
1,1,25,Jarell Martin with a defensive rebound.,120724,,true,false,false,Jarell,,Martin,,LSU,,35,40,4,4,0,,,,,7,,,,6,Defensive Rebound,,,,259,259,
1,1,02,Andre Stringer with a lost ball turnover: Lost Ball,97045,,true,false,false,Andre,,Stringer,,LSU,,35,40,4,4,0,,,,,9,,2,Lost Ball,7,Turnover,,,,259,259,
1,0,39.4,Cannen Cunningham with a lost ball turnover: Lost Ball,110193,,true,false,false,Cannen,,Cunningham,,SMU,,35,40,4,4,0,,,,,4,,2,Lost Ball,7,Turnover,,,,324,324,
1,0,29.2,LSU take a 20-second timeout.,,,false,false,false,,,,,,,35,40,4,4,0,,,,,0,,2,Short,11,Timeout,,,,259,259,
1,0,06.6,Jarell Martin misses a jump shot from 11 feet out.,120724,,true,false,false,Jarell,,Martin,,LSU,,35,40,4,4,0,,,,,7,2,45,Jump Shot,4,Field Goal Missed,11,-6.2,8.9,259,259,
1,0,06.6,Nick Russell with a defensive rebound.,88357,,true,false,false,Nick,,Russell,,SMU,,35,40,4,4,0,,,,,11,,,,6,Defensive Rebound,,,,324,324,
1,0,01.9,Nick Russell with a out of bounds turnover: Out of Bounds,88357,,true,false,false,Nick,,Russell,,SMU,,35,40,4,4,0,,,,,11,,3,Out of Bounds,7,Turnover,,,,324,324,
1,0,00.4,Andre Stringer misses a 3-point jump shot from 25 feet out.,97045,,true,false,false,Andre,,Stringer,,LSU,,35,40,4,4,0,,,,,9,3,45,Jump Shot,4,Field Goal Missed,25,.3,25.2,259,259,
1,0,00.4,SMU with a defensive rebound.,,,false,false,false,,,,,,,35,40,4,4,0,,,,,0,,,,6,Defensive Rebound,,,,324,324,
1,0,00,End of the 1st Half,,,false,false,false,,,,,,,35,40,4,4,0,,,,,0,,,,15,End Period,,,,324,324,
2,20,00,Start of the 2nd Half,,,false,false,false,,,,,,,35,40,0,0,0,,,,,0,,,,14,Start Period,,,,324,324,
2,19,55,Markus Kennedy misses a jump shot from 19 feet out.,109504,,true,false,false,Markus,,Kennedy,,SMU,,35,40,0,0,1,,,,,8,2,45,Jump Shot,4,Field Goal Missed,19,-11,15,324,324,
2,19,55,Anthony Hickey with a defensive rebound.,109778,,true,false,false,Anthony,,Hickey,,LSU,,35,40,0,0,0,,,,,0,,,,6,Defensive Rebound,,,,259,259,
2,19,55,Shawn Williams with a lost ball turnover: Lost Ball,88913,,true,false,false,Shawn,,Williams,,SMU,,35,40,0,0,0,,,,,0,,2,Lost Ball,7,Turnover,,,,324,324,
2,19,38,Johnny O'Bryant III misses a jump shot from 14 feet out.,109779,,true,false,false,Johnny,,O'Bryant III,,LSU,,35,40,0,0,2,,,,,9,2,45,Jump Shot,4,Field Goal Missed,14,4,14,259,259,
2,19,38,Nick Russell with a defensive rebound.,88357,,true,false,false,Nick,,Russell,,SMU,,35,40,0,0,0,,,,,11,,,,6,Defensive Rebound,,,,324,324,
2,19,29,Nic Moore makes a 3-point jump shot from 23 feet out. Sterling Brown with the assist.,109830,120587,true,true,false,Nic,Sterling,Moore,Brown,SMU,SMU,38,40,0,0,2,,,,,5,3,45,Jump Shot,3,Field Goal Made,23,23,3,324,324,
2,19,03,Personal foul committed by Markus Kennedy.,109504,,true,false,false,Markus,,Kennedy,,SMU,,38,40,0,1,2,,,,,8,,1,Personal,8,Foul,,,,324,324,
2,19,00,Shooting foul committed by Shawn Williams.,88913,,true,false,false,Shawn,,Williams,,SMU,,38,40,0,2,1,,,,,0,,2,Shooting,8,Foul,,,,324,324,
2,19,00,Jordan Mickey makes free throw 1 of 2.,120727,,true,false,false,Jordan,,Mickey,,LSU,,38,41,0,2,0,,,,,6,1,11,Free Throw 1 of 2,1,Free Throw Made,,,,259,259,
2,19,00,Shavon Coleman with a lane violation turnover: Lane Violation,116559,,true,false,false,Shavon,,Coleman,,LSU,,38,41,0,2,1,,,,,8,,17,Lane Violation,7,Turnover,,,,259,259,
2,18,39,Nic Moore makes a layup shot. Shawn Williams with the assist.,109830,88913,true,true,false,Nic,Shawn,Moore,Williams,SMU,SMU,40,41,0,2,2,,,,,7,2,40,Layup Shot,3,Field Goal Made,0,0,0,324,324,
2,18,13,Jordan Mickey misses a layup shot.,120727,,true,false,false,Jordan,,Mickey,,LSU,,40,41,0,2,0,,,,,6,2,40,Layup Shot,4,Field Goal Missed,0,0,0,259,259,
2,18,13,Shawn Williams with a defensive rebound.,88913,,true,false,false,Shawn,,Williams,,SMU,,40,41,0,2,1,,,,,0,,,,6,Defensive Rebound,,,,324,324,
2,17,55,Nick Russell with a lost ball turnover: Lost Ball,88357,,true,false,false,Nick,,Russell,,SMU,,40,41,0,2,0,,,,,11,,2,Lost Ball,7,Turnover,,,,324,324,
2,17,45,Jarell Martin misses a 3-point jump shot from 24 feet out.,120724,,true,false,false,Jarell,,Martin,,LSU,,40,41,0,2,0,,,,,7,3,45,Jump Shot,4,Field Goal Missed,24,-18.6,15.4,259,259,
2,17,45,Nick Russell with a defensive rebound.,88357,,true,false,false,Nick,,Russell,,SMU,,40,41,0,2,0,,,,,11,,,,6,Defensive Rebound,,,,324,324,
2,17,36,Nic Moore makes a 3-point jump shot from 23 feet out. Sterling Brown with the assist.,109830,120587,true,true,false,Nic,Sterling,Moore,Brown,SMU,SMU,43,41,0,2,2,,,,,10,3,45,Jump Shot,3,Field Goal Made,23,-22,7,324,324,
2,17,26,LSU take a 20-second timeout.,,,false,false,false,,,,,,,43,41,0,2,0,,,,,0,,2,Short,11,Timeout,,,,259,259,
2,17,17,Anthony Hickey with a lost ball turnover: Lost Ball,109778,,true,false,false,Anthony,,Hickey,,LSU,,43,41,0,2,0,,,,,0,,2,Lost Ball,7,Turnover,,,,259,259,
2,17,13,Personal foul committed by Jordan Mickey.,120727,,true,false,false,Jordan,,Mickey,,LSU,,43,41,1,2,1,,,,,6,,1,Personal,8,Foul,,,,259,259,
2,17,07,Nic Moore misses a jump shot from 16 feet out.,109830,,true,false,false,Nic,,Moore,,SMU,,43,41,1,2,2,,,,,10,2,45,Jump Shot,4,Field Goal Missed,16,.3,15.7,324,324,
2,17,07,Jordan Mickey with a defensive rebound.,120727,,true,false,false,Jordan,,Mickey,,LSU,,43,41,1,2,1,,,,,6,,,,6,Defensive Rebound,,,,259,259,
2,16,51,Jordan Mickey makes a layup shot. Johnny O'Bryant III with the assist.,120727,109779,true,true,false,Jordan,Johnny,Mickey,O'Bryant III,LSU,LSU,43,43,1,2,1,,,,,8,2,40,Layup Shot,3,Field Goal Made,0,0,0,259,259,
2,16,34,Nic Moore misses a layup shot.,109830,,true,false,false,Nic,,Moore,,SMU,,43,43,1,2,2,,,,,10,2,40,Layup Shot,4,Field Goal Missed,0,0,0,324,324,
2,16,34,SMU with an offensive rebound.,,,false,false,false,,,,,,,43,43,1,2,0,,,,,0,,,,5,Offensive Rebound,,,,324,324,
2,16,29,Nic Moore makes a layup shot.,109830,,true,false,false,Nic,,Moore,,SMU,,45,43,1,2,2,,,,,12,2,40,Layup Shot,3,Field Goal Made,0,0,0,324,324,
2,16,29,Shooting foul committed by Jordan Mickey.,120727,,true,false,false,Jordan,,Mickey,,LSU,,45,43,2,2,2,,,,,8,,2,Shooting,8,Foul,,,,259,259,
2,16,29,Nic Moore makes free throw 1 of 1.,109830,,true,false,false,Nic,,Moore,,SMU,,46,43,2,2,2,,,,,13,1,10,Free Throw 1 of 1,1,Free Throw Made,,,,324,324,
2,16,02,Jarell Martin misses a layup shot.,120724,,true,false,false,Jarell,,Martin,,LSU,,46,43,2,2,0,,,,,7,2,40,Layup Shot,4,Field Goal Missed,0,0,0,259,259,
2,16,02,Markus Kennedy with a defensive rebound.,109504,,true,false,false,Markus,,Kennedy,,SMU,,46,43,2,2,2,,,,,8,,,,6,Defensive Rebound,,,,324,324,
2,15,52,Shawn Williams makes a layup shot. Sterling Brown with the assist.,88913,120587,true,true,false,Shawn,Sterling,Williams,Brown,SMU,SMU,48,43,2,2,1,,,,,2,2,40,Layup Shot,3,Field Goal Made,0,0,0,324,324,
2,15,41,Andre Stringer makes a 3-point jump shot from 24 feet out. Tim Quarterman with the assist.,97045,120729,true,true,false,Andre,Tim,Stringer,Quarterman,LSU,LSU,48,46,2,2,0,,,,,12,3,45,Jump Shot,3,Field Goal Made,24,15.7,18.3,259,259,
2,15,18,Markus Kennedy makes a layup shot. Nic Moore with the assist.,109504,109830,true,true,false,Markus,Nic,Kennedy,Moore,SMU,SMU,50,46,2,2,2,,,,,10,2,40,Layup Shot,3,Field Goal Made,0,0,0,324,324,
2,14,49,Shooting foul committed by Nic Moore.,109830,,true,false,false,Nic,,Moore,,SMU,,50,46,2,3,3,,,,,13,,2,Shooting,8,Foul,,,,324,324,
2,14,49,Official TV timeout.,,,false,false,false,,,,,,,50,46,2,3,0,,,,,0,,3,Official TV,11,Timeout,,,,324,324,
2,14,49,Johnny O'Bryant III makes free throw 1 of 2.,109779,,true,false,false,Johnny,,O'Bryant III,,LSU,,50,47,2,3,2,,,,,10,1,11,Free Throw 1 of 2,1,Free Throw Made,,,,259,259,
2,14,49,Johnny O'Bryant III misses free throw 2 of 2.,109779,,true,false,false,Johnny,,O'Bryant III,,LSU,,50,47,2,3,2,,,,,10,1,12,Free Throw 2 of 2,2,Free Throw Missed,,,,259,259,
2,14,49,Markus Kennedy with a defensive rebound.,109504,,true,false,false,Markus,,Kennedy,,SMU,,50,47,2,3,2,,,,,10,,,,6,Defensive Rebound,,,,324,324,
2,14,44,Shawn Williams misses a jump shot from 16 feet out.,88913,,true,false,false,Shawn,,Williams,,SMU,,50,47,2,3,1,,,,,2,2,45,Jump Shot,4,Field Goal Missed,16,-10,13,324,324,
2,14,44,Jarell Martin with a defensive rebound.,120724,,true,false,false,Jarell,,Martin,,LSU,,50,47,2,3,0,,,,,7,,,,6,Defensive Rebound,,,,259,259,
2,14,28,Personal foul committed by Sterling Brown.,120587,,true,false,false,Sterling,,Brown,,SMU,,50,47,2,4,1,,,,,2,,1,Personal,8,Foul,,,,324,324,
2,14,06,Jordan Mickey misses a jump shot from 15 feet out.,120727,,true,false,false,Jordan,,Mickey,,LSU,,50,47,2,4,2,,,,,8,2,45,Jump Shot,4,Field Goal Missed,15,-11.5,9.1,259,259,
2,14,06,Sterling Brown with a defensive rebound.,120587,,true,false,false,Sterling,,Brown,,SMU,,50,47,2,4,1,,,,,2,,,,6,Defensive Rebound,,,,324,324,
2,13,55,Nick Russell makes a 3-point jump shot from 25 feet out. Ryan Manuel with the assist.,88357,110196,true,true,false,Nick,Ryan,Russell,Manuel,SMU,SMU,53,47,2,4,0,,,,,14,3,45,Jump Shot,3,Field Goal Made,25,-17,18,324,324,
2,13,42,Johnny O'Bryant III with a lost ball turnover: Lost Ball,109779,,true,false,false,Johnny,,O'Bryant III,,LSU,,53,47,2,4,2,,,,,10,,2,Lost Ball,7,Turnover,,,,259,259,
2,13,38,Shawn Williams with a lost ball turnover: Lost Ball,88913,,true,false,false,Shawn,,Williams,,SMU,,53,47,2,4,1,,,,,2,,2,Lost Ball,7,Turnover,,,,324,324,
2,13,30,Tim Quarterman misses a layup shot.,120729,,true,false,false,Tim,,Quarterman,,LSU,,53,47,2,4,1,,,,,2,2,40,Layup Shot,4,Field Goal Missed,0,0,0,259,259,
2,13,30,Johnny O'Bryant III with an offensive rebound.,109779,,true,false,false,Johnny,,O'Bryant III,,LSU,,53,47,2,4,2,,,,,10,,,,5,Offensive Rebound,,,,259,259,
2,13,26,Johnny O'Bryant III makes a layup shot.,109779,,true,false,false,Johnny,,O'Bryant III,,LSU,,53,49,2,4,2,,,,,12,2,40,Layup Shot,3,Field Goal Made,0,0,0,259,259,
2,13,04,Markus Kennedy makes a layup shot. Nick Russell with the assist.,109504,88357,true,true,false,Markus,Nick,Kennedy,Russell,SMU,SMU,55,49,2,4,2,,,,,12,2,40,Layup Shot,3,Field Goal Made,0,0,0,324,324,
2,13,04,Shooting foul committed by Johnny O'Bryant III.,109779,,true,false,false,Johnny,,O'Bryant III,,LSU,,55,49,3,4,3,,,,,12,,2,Shooting,8,Foul,,,,259,259,
2,13,04,Markus Kennedy makes free throw 1 of 1.,109504,,true,false,false,Markus,,Kennedy,,SMU,,56,49,3,4,2,,,,,13,1,10,Free Throw 1 of 1,1,Free Throw Made,,,,324,324,
2,12,27,Anthony Hickey misses a 3-point jump shot from 24 feet out.,109778,,true,false,false,Anthony,,Hickey,,LSU,,56,49,3,4,0,,,,,0,3,45,Jump Shot,4,Field Goal Missed,24,20.5,12.7,259,259,
2,12,27,Ryan Manuel with a defensive rebound.,110196,,true,false,false,Ryan,,Manuel,,SMU,,56,49,3,4,1,,,,,1,,,,6,Defensive Rebound,,,,324,324,
2,12,15,Shawn Williams misses a layup shot.,88913,,true,false,false,Shawn,,Williams,,SMU,,56,49,3,4,1,,,,,2,2,40,Layup Shot,4,Field Goal Missed,0,0,0,324,324,
2,12,15,Shawn Williams with an offensive rebound.,88913,,true,false,false,Shawn,,Williams,,SMU,,56,49,3,4,1,,,,,2,,,,5,Offensive Rebound,,,,324,324,
2,12,11,Shawn Williams makes a layup shot.,88913,,true,false,false,Shawn,,Williams,,SMU,,58,49,3,4,1,,,,,4,2,40,Layup Shot,3,Field Goal Made,0,0,0,324,324,
2,12,03,Andre Stringer misses a 3-point jump shot from 26 feet out.,97045,,true,false,false,Andre,,Stringer,,LSU,,58,49,3,4,0,,,,,12,3,45,Jump Shot,4,Field Goal Missed,26,.6,25.6,259,259,
2,12,03,Shawn Williams with a defensive rebound.,88913,,true,false,false,Shawn,,Williams,,SMU,,58,49,3,4,1,,,,,4,,,,6,Defensive Rebound,,,,324,324,
2,11,42,Keith Frazier makes a 3-point jump shot from 22 feet out. Ryan Manuel with the assist.,120588,110196,true,true,false,Keith,Ryan,Frazier,Manuel,SMU,SMU,61,49,3,4,0,,,,,6,3,45,Jump Shot,3,Field Goal Made,22,22.4,2.3,324,324,
2,11,36,LSU take a full timeout.,,,false,false,false,,,,,,,61,49,3,4,0,,,,,0,,1,Regular,11,Timeout,,,,259,259,
2,11,28,Anthony Hickey with a lost ball turnover: Lost Ball,109778,,true,false,false,Anthony,,Hickey,,LSU,,61,49,3,4,0,,,,,0,,2,Lost Ball,7,Turnover,,,,259,259,
2,11,26,Personal foul committed by Andre Stringer.,97045,,true,false,false,Andre,,Stringer,,LSU,,61,49,4,4,1,,,,,12,,1,Personal,8,Foul,,,,259,259,
2,11,26,Official TV timeout.,,,false,false,false,,,,,,,61,49,4,4,0,,,,,0,,3,Official TV,11,Timeout,,,,324,324,
2,11,01,Nick Russell with a bad pass turnover: Bad Pass,88357,,true,false,false,Nick,,Russell,,SMU,,61,49,4,4,0,,,,,14,,1,Bad Pass,7,Turnover,,,,324,324,
2,10,48,Jordan Mickey makes a dunk shot. Jarell Martin with the assist.,120727,120724,true,true,false,Jordan,Jarell,Mickey,Martin,LSU,LSU,61,51,4,4,2,,,,,10,2,48,Dunk Shot,3,Field Goal Made,0,0,0,259,259,
2,10,32,SMU with a turnover: 10 Second Violation,,,false,false,false,,,,,,,61,51,4,4,0,,,,,0,,10,10 Second Violation,7,Turnover,,,,324,324,
2,10,21,Shavon Coleman misses a 3-point jump shot from 23 feet out.,116559,,true,false,false,Shavon,,Coleman,,LSU,,61,51,4,4,1,,,,,8,3,45,Jump Shot,4,Field Goal Missed,23,-18.6,12.7,259,259,
2,10,21,SMU with a defensive rebound.,,,false,false,false,,,,,,,61,51,4,4,0,,,,,0,,,,6,Defensive Rebound,,,,324,324,
2,9,54,Cannen Cunningham misses a jump shot from 13 feet out.,110193,,true,false,false,Cannen,,Cunningham,,SMU,,61,51,4,4,0,,,,,4,2,45,Jump Shot,4,Field Goal Missed,13,0,13,324,324,
2,9,54,Ben Moore with an offensive rebound.,120589,,true,false,false,Ben,,Moore,,SMU,,61,51,4,4,0,,,,,4,,,,5,Offensive Rebound,,,,324,324,
2,9,52,Personal foul committed by Tim Quarterman.,120729,,true,false,false,Tim,,Quarterman,,LSU,,61,51,5,4,2,,,,,2,,1,Personal,8,Foul,,,,259,259,
2,9,45,Nick Russell misses a 3-point jump shot from 23 feet out.,88357,,true,false,false,Nick,,Russell,,SMU,,61,51,5,4,0,,,,,14,3,45,Jump Shot,4,Field Goal Missed,23,23,3,324,324,
2,9,45,Ben Moore with an offensive rebound.,120589,,true,false,false,Ben,,Moore,,SMU,,61,51,5,4,0,,,,,4,,,,5,Offensive Rebound,,,,324,324,
2,9,39,Nick Russell with a lost ball turnover: Lost Ball,88357,,true,false,false,Nick,,Russell,,SMU,,61,51,5,4,0,,,,,14,,2,Lost Ball,7,Turnover,,,,324,324,
2,9,35,Personal foul committed by Cannen Cunningham.,110193,,true,false,false,Cannen,,Cunningham,,SMU,,61,51,5,5,1,,,,,4,,1,Personal,8,Foul,,,,324,324,
2,9,32,Anthony Hickey misses a 3-point jump shot from 23 feet out.,109778,,true,false,false,Anthony,,Hickey,,LSU,,61,51,5,5,0,,,,,0,3,45,Jump Shot,4,Field Goal Missed,23,19.5,12,259,259,
2,9,32,Jordan Mickey with an offensive rebound.,120727,,true,false,false,Jordan,,Mickey,,LSU,,61,51,5,5,2,,,,,10,,,,5,Offensive Rebound,,,,259,259,
2,9,25,Jordan Mickey makes a layup shot.,120727,,true,false,false,Jordan,,Mickey,,LSU,,61,53,5,5,2,,,,,12,2,40,Layup Shot,3,Field Goal Made,0,0,0,259,259,
2,8,58,Ben Moore misses a hook shot from 8 feet out.,120589,,true,false,false,Ben,,Moore,,SMU,,61,53,5,5,0,,,,,4,2,55,Hook Shot,4,Field Goal Missed,8,5.7,5.2,324,324,
2,8,58,Jordan Mickey with a defensive rebound.,120727,,true,false,false,Jordan,,Mickey,,LSU,,61,53,5,5,2,,,,,12,,,,6,Defensive Rebound,,,,259,259,
2,8,48,Personal foul committed by Ryan Manuel.,110196,,true,false,false,Ryan,,Manuel,,SMU,,61,53,5,6,2,,,,,1,,1,Personal,8,Foul,,,,324,324,
2,8,18,Jarell Martin misses a 3-point jump shot from 24 feet out.,120724,,true,false,false,Jarell,,Martin,,LSU,,61,53,5,6,0,,,,,7,3,45,Jump Shot,4,Field Goal Missed,24,1.8,23.5,259,259,
2,8,18,Nic Moore with a defensive rebound.,109830,,true,false,false,Nic,,Moore,,SMU,,61,53,5,6,3,,,,,13,,,,6,Defensive Rebound,,,,324,324,
2,8,00,Ben Moore makes a layup shot. Markus Kennedy with the assist.,120589,109504,true,true,false,Ben,Markus,Moore,Kennedy,SMU,SMU,63,53,5,6,0,,,,,6,2,40,Layup Shot,3,Field Goal Made,0,0,0,324,324,
2,7,38,Personal foul committed by Markus Kennedy.,109504,,true,false,false,Markus,,Kennedy,,SMU,,63,53,5,7,3,,,,,13,,1,Personal,8,Foul,,,,324,324,
2,7,38,Official TV timeout.,,,false,false,false,,,,,,,63,53,5,7,0,,,,,0,,3,Official TV,11,Timeout,,,,324,324,
2,7,38,Jordan Mickey misses free throw 1st of 1-and-1.,120727,,true,false,false,Jordan,,Mickey,,LSU,,63,53,5,7,2,,,,,12,1,8,Free Throw 1st of 1-and-1,2,Free Throw Missed,,,,259,259,
2,7,38,Jarell Martin with an offensive rebound.,120724,,true,false,false,Jarell,,Martin,,LSU,,63,53,5,7,0,,,,,7,,,,5,Offensive Rebound,,,,259,259,
2,7,36,Jarell Martin misses a layup shot.,120724,,true,false,false,Jarell,,Martin,,LSU,,63,53,5,7,0,,,,,7,2,40,Layup Shot,4,Field Goal Missed,0,0,0,259,259,
2,7,36,Ben Moore with a defensive rebound.,120589,,true,false,false,Ben,,Moore,,SMU,,63,53,5,7,0,,,,,6,,,,6,Defensive Rebound,,,,324,324,
2,7,28,Keith Frazier makes a dunk shot. Nic Moore with the assist.,120588,109830,true,true,false,Keith,Nic,Frazier,Moore,SMU,SMU,65,53,5,7,0,,,,,8,2,48,Dunk Shot,3,Field Goal Made,0,0,0,324,324,
2,7,05,Jordan Mickey misses a 3-point jump shot from 24 feet out.,120727,,true,false,false,Jordan,,Mickey,,LSU,,65,53,5,7,2,,,,,12,3,45,Jump Shot,4,Field Goal Missed,24,-24,3,259,259,
2,7,05,Nic Moore with a defensive rebound.,109830,,true,false,false,Nic,,Moore,,SMU,,65,53,5,7,3,,,,,13,,,,6,Defensive Rebound,,,,324,324,
2,6,57,Shooting foul committed by Jordan Mickey.,120727,,true,false,false,Jordan,,Mickey,,LSU,,65,53,6,7,3,,,,,12,,2,Shooting,8,Foul,,,,259,259,
2,6,57,Ryan Manuel misses free throw 1 of 2.,110196,,true,false,false,Ryan,,Manuel,,SMU,,65,53,6,7,2,,,,,1,1,11,Free Throw 1 of 2,2,Free Throw Missed,,,,324,324,
2,6,57,SMU with an offensive rebound.,,,false,false,false,,,,,,,65,53,6,7,0,,,,,0,,,,5,Offensive Rebound,,,,324,324,
2,6,57,Ryan Manuel misses free throw 2 of 2.,110196,,true,false,false,Ryan,,Manuel,,SMU,,65,53,6,7,2,,,,,1,1,12,Free Throw 2 of 2,2,Free Throw Missed,,,,324,324,
2,6,57,Jarell Martin with a defensive rebound.,120724,,true,false,false,Jarell,,Martin,,LSU,,65,53,6,7,0,,,,,7,,,,6,Defensive Rebound,,,,259,259,
2,6,36,Andre Stringer misses a 3-point jump shot from 23 feet out.,97045,,true,false,false,Andre,,Stringer,,LSU,,65,53,6,7,1,,,,,12,3,45,Jump Shot,4,Field Goal Missed,23,-23,2,259,259,
2,6,36,Johnny O'Bryant III with an offensive rebound.,109779,,true,false,false,Johnny,,O'Bryant III,,LSU,,65,53,6,7,3,,,,,12,,,,5,Offensive Rebound,,,,259,259,
2,6,34,Shooting foul committed by Markus Kennedy.,109504,,true,false,false,Markus,,Kennedy,,SMU,,65,53,6,8,4,,,,,13,,2,Shooting,8,Foul,,,,324,324,
2,6,34,Jarell Martin misses free throw 1 of 2.,120724,,true,false,false,Jarell,,Martin,,LSU,,65,53,6,8,0,,,,,7,1,11,Free Throw 1 of 2,2,Free Throw Missed,,,,259,259,
2,6,34,LSU with an offensive rebound.,,,false,false,false,,,,,,,65,53,6,8,0,,,,,0,,,,5,Offensive Rebound,,,,259,259,
2,6,34,Jarell Martin misses free throw 2 of 2.,120724,,true,false,false,Jarell,,Martin,,LSU,,65,53,6,8,0,,,,,7,1,12,Free Throw 2 of 2,2,Free Throw Missed,,,,259,259,
2,6,34,Markus Kennedy with a defensive rebound.,109504,,true,false,false,Markus,,Kennedy,,SMU,,65,53,6,8,4,,,,,13,,,,6,Defensive Rebound,,,,324,324,
2,6,03,Nic Moore makes a jump shot from 19 feet out.,109830,,true,false,false,Nic,,Moore,,SMU,,67,53,6,8,3,,,,,15,2,45,Jump Shot,3,Field Goal Made,19,7.7,16.9,324,324,
2,5,42,Johnny O'Bryant III makes a hook shot from 7 feet out.,109779,,true,false,false,Johnny,,O'Bryant III,,LSU,,67,55,6,8,3,,,,,14,2,55,Hook Shot,3,Field Goal Made,7,.6,6.7,259,259,
2,5,41,LSU take a 20-second timeout.,,,false,false,false,,,,,,,67,55,6,8,0,,,,,0,,2,Short,11,Timeout,,,,259,259,
2,5,33,Keith Frazier makes a 3-point jump shot from 23 feet out. Nick Russell with the assist.,120588,88357,true,true,false,Keith,Nick,Frazier,Russell,SMU,SMU,70,55,6,8,0,,,,,11,3,45,Jump Shot,3,Field Goal Made,23,21,9,324,324,
2,5,14,Jordan Mickey with a lost ball turnover: Lost Ball,120727,,true,false,false,Jordan,,Mickey,,LSU,,70,55,6,8,3,,,,,12,,2,Lost Ball,7,Turnover,,,,259,259,
2,5,08,Shawn Williams makes a jump shot from 5 feet out.,88913,,true,false,false,Shawn,,Williams,,SMU,,72,55,6,8,1,,,,,6,2,45,Jump Shot,3,Field Goal Made,5,-2,5,324,324,
2,4,43,Andre Stringer makes a 3-point jump shot from 25 feet out. Jordan Mickey with the assist.,97045,120727,true,true,false,Andre,Jordan,Stringer,Mickey,LSU,LSU,72,58,6,8,1,,,,,15,3,45,Jump Shot,3,Field Goal Made,25,-5.5,23.9,259,259,
2,4,06,Nick Russell makes a layup shot.,88357,,true,false,false,Nick,,Russell,,SMU,,74,58,6,8,0,,,,,16,2,40,Layup Shot,3,Field Goal Made,0,0,0,324,324,
2,3,53,Personal foul committed by Yanick Moreira.,120590,,true,false,false,Yanick,,Moreira,,SMU,,74,58,6,9,1,,,,,0,,1,Personal,8,Foul,,,,324,324,
2,3,53,Official TV timeout.,,,false,false,false,,,,,,,74,58,6,9,0,,,,,0,,3,Official TV,11,Timeout,,,,324,324,
2,3,53,Johnny O'Bryant III makes free throw 1 of 2.,109779,,true,false,false,Johnny,,O'Bryant III,,LSU,,74,59,6,9,3,,,,,15,1,11,Free Throw 1 of 2,1,Free Throw Made,,,,259,259,
2,3,53,Johnny O'Bryant III makes free throw 2 of 2.,109779,,true,false,false,Johnny,,O'Bryant III,,LSU,,74,60,6,9,3,,,,,16,1,12,Free Throw 2 of 2,1,Free Throw Made,,,,259,259,
2,3,45,Keith Frazier misses a layup shot.,120588,,true,false,false,Keith,,Frazier,,SMU,,74,60,6,9,0,,,,,11,2,40,Layup Shot,4,Field Goal Missed,0,0,0,324,324,
2,3,45,Johnny O'Bryant III with a defensive rebound.,109779,,true,false,false,Johnny,,O'Bryant III,,LSU,,74,60,6,9,3,,,,,16,,,,6,Defensive Rebound,,,,259,259,
2,3,34,Jordan Mickey makes a hook shot from 7 feet out. Jarell Martin with the assist.,120727,120724,true,true,false,Jordan,Jarell,Mickey,Martin,LSU,LSU,74,62,6,9,3,,,,,14,2,55,Hook Shot,3,Field Goal Made,7,-3,6,259,259,
2,3,18,Keith Frazier misses a 3-point jump shot from 23 feet out.,120588,,true,false,false,Keith,,Frazier,,SMU,,74,62,6,9,0,,,,,11,3,45,Jump Shot,4,Field Goal Missed,23,-18.8,13.7,324,324,
2,3,18,Anthony Hickey with a defensive rebound.,109778,,true,false,false,Anthony,,Hickey,,LSU,,74,62,6,9,0,,,,,0,,,,6,Defensive Rebound,,,,259,259,
2,3,06,Jarell Martin misses a 3-point jump shot from 23 feet out.,120724,,true,false,false,Jarell,,Martin,,LSU,,74,62,6,9,0,,,,,7,3,45,Jump Shot,4,Field Goal Missed,23,-19.5,12.7,259,259,
2,3,06,Keith Frazier with a defensive rebound.,120588,,true,false,false,Keith,,Frazier,,SMU,,74,62,6,9,0,,,,,11,,,,6,Defensive Rebound,,,,324,324,
2,2,31,Shawn Williams makes a layup shot. Nick Russell with the assist.,88913,88357,true,true,false,Shawn,Nick,Williams,Russell,SMU,SMU,76,62,6,9,1,,,,,8,2,40,Layup Shot,3,Field Goal Made,0,0,0,324,324,
2,2,18,Jarell Martin makes a 3-point jump shot from 24 feet out. Anthony Hickey with the assist.,120724,109778,true,true,false,Jarell,Anthony,Martin,Hickey,LSU,LSU,76,65,6,9,0,,,,,10,3,45,Jump Shot,3,Field Goal Made,24,-23,7,259,259,
2,2,02,Personal foul committed by Shavon Coleman.,116559,,true,false,false,Shavon,,Coleman,,LSU,,76,65,7,9,2,,,,,8,,1,Personal,8,Foul,,,,259,259,
2,2,02,Nic Moore makes free throw 1st of 1-and-1.,109830,,true,false,false,Nic,,Moore,,SMU,,77,65,7,9,3,,,,,16,1,8,Free Throw 1st of 1-and-1,1,Free Throw Made,,,,324,324,
2,2,02,Nic Moore misses free throw 2nd of 1-and-1.,109830,,true,false,false,Nic,,Moore,,SMU,,77,65,7,9,3,,,,,16,1,9,Free Throw 2nd of 1-and-1,2,Free Throw Missed,,,,324,324,
2,2,02,Jordan Mickey with a defensive rebound.,120727,,true,false,false,Jordan,,Mickey,,LSU,,77,65,7,9,3,,,,,14,,,,6,Defensive Rebound,,,,259,259,
2,1,53,Anthony Hickey makes a jump shot from 5 feet out.,109778,,true,false,false,Anthony,,Hickey,,LSU,,77,67,7,9,0,,,,,2,2,45,Jump Shot,3,Field Goal Made,5,2.1,4.7,259,259,
2,1,17,Personal foul committed by Tim Quarterman.,120729,,true,false,false,Tim,,Quarterman,,LSU,,77,67,8,9,3,,,,,2,,1,Personal,8,Foul,,,,259,259,
2,1,17,Nick Russell misses free throw 1st of 1-and-1.,88357,,true,false,false,Nick,,Russell,,SMU,,77,67,8,9,0,,,,,16,1,8,Free Throw 1st of 1-and-1,2,Free Throw Missed,,,,324,324,
2,1,17,Johnny O'Bryant III with a defensive rebound.,109779,,true,false,false,Johnny,,O'Bryant III,,LSU,,77,67,8,9,3,,,,,16,,,,6,Defensive Rebound,,,,259,259,
2,1,06,Andre Stringer with a lost ball turnover: Lost Ball,97045,,true,false,false,Andre,,Stringer,,LSU,,77,67,8,9,1,,,,,15,,2,Lost Ball,7,Turnover,,,,259,259,
2,0,32.3,Shawn Williams makes a layup shot. Nick Russell with the assist.,88913,88357,true,true,false,Shawn,Nick,Williams,Russell,SMU,SMU,79,67,8,9,1,,,,,10,2,40,Layup Shot,3,Field Goal Made,0,0,0,324,324,
2,0,32.3,Shooting foul committed by Anthony Hickey.,109778,,true,false,false,Anthony,,Hickey,,LSU,,79,67,9,9,1,,,,,2,,2,Shooting,8,Foul,,,,259,259,
2,0,32.3,Shawn Williams makes free throw 1 of 1.,88913,,true,false,false,Shawn,,Williams,,SMU,,80,67,9,9,1,,,,,11,1,10,Free Throw 1 of 1,1,Free Throw Made,,,,324,324,
2,0,25.4,Jarell Martin misses a 3-point jump shot from 22 feet out.,120724,,true,false,false,Jarell,,Martin,,LSU,,80,67,9,9,0,,,,,10,3,45,Jump Shot,4,Field Goal Missed,22,-21,7,259,259,
2,0,25.4,Sterling Brown with a defensive rebound.,120587,,true,false,false,Sterling,,Brown,,SMU,,80,67,9,9,1,,,,,2,,,,6,Defensive Rebound,,,,324,324,
2,0,00,End of the 2nd Half,,,false,false,false,,,,,,,80,67,9,9,0,,,,,0,,,,15,End Period,,,,324,324,
2,0,00,End of the Game,,,false,false,false,,,,,,,80,67,9,9,0,,,,,0,,,,19,Game Over,,,,324,324,
