half,time-minutes,time-seconds,details,player1-id,player2-id,player1-linkable,player2-linkable,player3-linkable,player-first-name-1,player-first-name-2,player-last-name-1,player-last-name-2,player-team-alias-1,player-team-alias-2,home-score,visitor-score,visitor-fouls,home-fouls,player-fouls,fastbreak,in-paint,second-chance,off-turnover,player-score,points-type,detail-id,detail-desc,event-id,event-desc,distance,x-coord,y-coord,team-id-1,team-id-2,team-id-3
1,20,00,Start of the 1st Half,,,false,false,false,,,,,,,0,0,0,0,0,,,,,0,,,,14,Start Period,,,,12,12,
1,19,36,Markel Starks makes a 3-point jump shot from 23 feet out. Mikael Hopkins with the assist.,97383,110378,true,true,false,Markel,Mikael,Starks,Hopkins,GTown,GTown,0,3,0,0,0,,,,,3,3,45,Jump Shot,3,Field Goal Made,23,18.5,14.5,44,44,
1,19,08,Shooting foul committed by Markel Starks.,97383,,true,false,false,Markel,,Starks,,GTown,,0,3,1,0,1,,,,,3,,2,Shooting,8,Foul,,,,44,44,
1,19,08,Devon Bookert makes free throw 1 of 2.,116526,,true,false,false,Devon,,Bookert,,FlaSt,,1,3,1,0,0,,,,,1,1,11,Free Throw 1 of 2,1,Free Throw Made,,,,12,12,
1,19,08,Devon Bookert makes free throw 2 of 2.,116526,,true,false,false,Devon,,Bookert,,FlaSt,,2,3,1,0,0,,,,,2,1,12,Free Throw 2 of 2,1,Free Throw Made,,,,12,12,
1,18,44,Markel Starks misses a 3-point jump shot from 23 feet out.,97383,,true,false,false,Markel,,Starks,,GTown,,2,3,1,0,1,,,,,3,3,45,Jump Shot,4,Field Goal Missed,23,-22.7,1.4,44,44,
1,18,44,Michael Ojo with a defensive rebound.,116530,,true,false,false,Michael,,Ojo,,FlaSt,,2,3,1,0,0,,,,,0,,,,6,Defensive Rebound,,,,12,12,
1,18,34,Aaron Thomas makes a jump shot from 15 feet out.,116531,,true,false,false,Aaron,,Thomas,,FlaSt,,4,3,1,0,0,,,,,2,2,45,Jump Shot,3,Field Goal Made,15,8.6,12.8,12,12,
1,18,34,Shooting foul committed by Jabril Trawick.,110380,,true,false,false,Jabril,,Trawick,,GTown,,4,3,2,0,1,,,,,0,,2,Shooting,8,Foul,,,,44,44,
1,18,34,Aaron Thomas makes free throw 1 of 1.,116531,,true,false,false,Aaron,,Thomas,,FlaSt,,5,3,2,0,0,,,,,3,1,10,Free Throw 1 of 1,1,Free Throw Made,,,,12,12,
1,18,21,Markel Starks makes a 3-point jump shot from 22 feet out. D'Vauntes Smith-Rivera with the assist.,97383,116788,true,true,false,Markel,D'Vauntes,Starks,Smith-Rivera,GTown,GTown,5,6,2,0,1,,,,,6,3,45,Jump Shot,3,Field Goal Made,22,23,0,44,44,
1,18,05,Michael Ojo with a palming turnover turnover: Palming Turnover,116530,,true,false,false,Michael,,Ojo,,FlaSt,,5,6,2,0,0,,,,,0,,21,Palming Turnover,7,Turnover,,,,12,12,
1,17,49,Nate Lubick makes a layup shot. Markel Starks with the assist.,97382,97383,true,true,false,Nate,Markel,Lubick,Starks,GTown,GTown,5,8,2,0,0,,,,,2,2,40,Layup Shot,3,Field Goal Made,0,0,0,44,44,
1,17,49,Shooting foul committed by Okaro White.,97445,,true,false,false,Okaro,,White,,FlaSt,,5,8,2,1,1,,,,,0,,2,Shooting,8,Foul,,,,12,12,
1,17,49,Nate Lubick misses free throw 1 of 1.,97382,,true,false,false,Nate,,Lubick,,GTown,,5,8,2,1,0,,,,,2,1,10,Free Throw 1 of 1,2,Free Throw Missed,,,,44,44,
1,17,49,Aaron Thomas with a defensive rebound.,116531,,true,false,false,Aaron,,Thomas,,FlaSt,,5,8,2,1,0,,,,,3,,,,6,Defensive Rebound,,,,12,12,
1,17,28,Devon Bookert with a lost ball turnover: Lost Ball,116526,,true,false,false,Devon,,Bookert,,FlaSt,,5,8,2,1,0,,,,,2,,2,Lost Ball,7,Turnover,,,,12,12,
1,17,11,D'Vauntes Smith-Rivera makes a 3-point jump shot from 24 feet out. Nate Lubick with the assist.,116788,97382,true,true,false,D'Vauntes,Nate,Smith-Rivera,Lubick,GTown,GTown,5,11,2,1,0,,,,,3,3,45,Jump Shot,3,Field Goal Made,24,17.8,15.9,44,44,
1,16,58,Aaron Thomas makes a layup shot.,116531,,true,false,false,Aaron,,Thomas,,FlaSt,,7,11,2,1,0,,,,,5,2,40,Layup Shot,3,Field Goal Made,0,0,0,12,12,
1,16,46,Nate Lubick with a lost ball turnover: Lost Ball,97382,,true,false,false,Nate,,Lubick,,GTown,,7,11,2,1,0,,,,,2,,2,Lost Ball,7,Turnover,,,,44,44,
1,16,43,Shooting foul committed by Mikael Hopkins.,110378,,true,false,false,Mikael,,Hopkins,,GTown,,7,11,3,1,1,,,,,0,,2,Shooting,8,Foul,,,,44,44,
1,16,43,Okaro White makes free throw 1 of 2.,97445,,true,false,false,Okaro,,White,,FlaSt,,8,11,3,1,1,,,,,1,1,11,Free Throw 1 of 2,1,Free Throw Made,,,,12,12,
1,16,43,Okaro White makes free throw 2 of 2.,97445,,true,false,false,Okaro,,White,,FlaSt,,9,11,3,1,1,,,,,2,1,12,Free Throw 2 of 2,1,Free Throw Made,,,,12,12,
1,16,14,Mikael Hopkins misses a layup shot.,110378,,true,false,false,Mikael,,Hopkins,,GTown,,9,11,3,1,1,,,,,0,2,40,Layup Shot,4,Field Goal Missed,0,0,0,44,44,
1,16,14,Okaro White with a defensive rebound.,97445,,true,false,false,Okaro,,White,,FlaSt,,9,11,3,1,1,,,,,2,,,,6,Defensive Rebound,,,,12,12,
1,15,56,Personal foul committed by Jabril Trawick.,110380,,true,false,false,Jabril,,Trawick,,GTown,,9,11,4,1,2,,,,,0,,1,Personal,8,Foul,,,,44,44,
1,15,56,Official TV timeout.,,,false,false,false,,,,,,,9,11,4,1,0,,,,,0,,3,Official TV,11,Timeout,,,,12,12,
1,15,40,Marquez White misses a 3-point jump shot from 24 feet out.,125924,,false,false,false,Marquez,,White,,FlaSt,,9,11,4,1,0,,,,,0,3,45,Jump Shot,4,Field Goal Missed,24,19.6,13.5,12,12,
1,15,40,GTown with a defensive rebound.,,,false,false,false,,,,,,,9,11,4,1,0,,,,,0,,,,6,Defensive Rebound,,,,44,44,
1,15,17,Aaron Bowen misses a 3-point jump shot from 24 feet out.,97381,,true,false,false,Aaron,,Bowen,,GTown,,9,11,4,1,0,,,,,0,3,45,Jump Shot,4,Field Goal Missed,24,14.4,18.6,44,44,
1,15,17,FlaSt with a defensive rebound.,,,false,false,false,,,,,,,9,11,4,1,0,,,,,0,,,,6,Defensive Rebound,,,,12,12,
1,15,15,Personal foul committed by Mikael Hopkins.,110378,,true,false,false,Mikael,,Hopkins,,GTown,,9,11,5,1,2,,,,,0,,1,Personal,8,Foul,,,,44,44,
1,15,05,Aaron Thomas with a lost ball turnover: Lost Ball,116531,,true,false,false,Aaron,,Thomas,,FlaSt,,9,11,5,1,0,,,,,5,,2,Lost Ball,7,Turnover,,,,12,12,
1,15,00,Aaron Bowen makes a dunk shot.,97381,,true,false,false,Aaron,,Bowen,,GTown,,9,13,5,1,0,,,,,2,2,48,Dunk Shot,3,Field Goal Made,0,0,0,44,44,
1,15,00,FlaSt take a 20-second timeout.,,,false,false,false,,,,,,,9,13,5,1,0,,,,,0,,2,Short,11,Timeout,,,,12,12,
1,14,42,Boris Bojanovsky makes a layup shot. Okaro White with the assist.,116525,97445,true,true,false,Boris,Okaro,Bojanovsky,White,FlaSt,FlaSt,11,13,5,1,0,,,,,2,2,40,Layup Shot,3,Field Goal Made,0,0,0,12,12,
1,14,42,Shooting foul committed by Mikael Hopkins.,110378,,true,false,false,Mikael,,Hopkins,,GTown,,11,13,6,1,3,,,,,0,,2,Shooting,8,Foul,,,,44,44,
1,14,42,Boris Bojanovsky makes free throw 1 of 1.,116525,,true,false,false,Boris,,Bojanovsky,,FlaSt,,12,13,6,1,0,,,,,3,1,10,Free Throw 1 of 1,1,Free Throw Made,,,,12,12,
1,14,15,GTown take a 20-second timeout.,,,false,false,false,,,,,,,12,13,6,1,0,,,,,0,,2,Short,11,Timeout,,,,44,44,
1,14,06,D'Vauntes Smith-Rivera misses a jump shot from 13 feet out.,116788,,true,false,false,D'Vauntes,,Smith-Rivera,,GTown,,12,13,6,1,0,,,,,3,2,45,Jump Shot,4,Field Goal Missed,13,8.4,9.3,44,44,
1,14,06,Devon Bookert with a defensive rebound.,116526,,true,false,false,Devon,,Bookert,,FlaSt,,12,13,6,1,0,,,,,2,,,,6,Defensive Rebound,,,,12,12,
1,13,59,Ian Miller misses a 3-point jump shot from 22 feet out.,97446,,true,false,false,Ian,,Miller,,FlaSt,,12,13,6,1,0,,,,,0,3,45,Jump Shot,4,Field Goal Missed,22,-18.8,12,12,12,
1,13,59,Nate Lubick with a defensive rebound.,97382,,true,false,false,Nate,,Lubick,,GTown,,12,13,6,1,0,,,,,2,,,,6,Defensive Rebound,,,,44,44,
1,13,50,Aaron Bowen misses a jump shot from 7 feet out.,97381,,true,false,false,Aaron,,Bowen,,GTown,,12,13,6,1,0,,,,,2,2,45,Jump Shot,4,Field Goal Missed,7,-4,6,44,44,
1,13,50,Ian Miller with a defensive rebound.,97446,,true,false,false,Ian,,Miller,,FlaSt,,12,13,6,1,0,,,,,0,,,,6,Defensive Rebound,,,,12,12,
1,13,30,Aaron Thomas makes a jump shot from 7 feet out.,116531,,true,false,false,Aaron,,Thomas,,FlaSt,,14,13,6,1,0,,,,,7,2,45,Jump Shot,3,Field Goal Made,7,4.3,5,12,12,
1,13,15,Markel Starks misses a 3-point jump shot from 23 feet out.,97383,,true,false,false,Markel,,Starks,,GTown,,14,13,6,1,1,,,,,6,3,45,Jump Shot,4,Field Goal Missed,23,-20,10.6,44,44,
1,13,15,FlaSt with a defensive rebound.,,,false,false,false,,,,,,,14,13,6,1,0,,,,,0,,,,6,Defensive Rebound,,,,12,12,
1,13,00,Personal foul committed by Moses Ayegba.,97380,,true,false,false,Moses,,Ayegba,,GTown,,14,13,7,1,1,,,,,0,,1,Personal,8,Foul,,,,44,44,
1,13,00,Aaron Thomas misses free throw 1st of 1-and-1.,116531,,true,false,false,Aaron,,Thomas,,FlaSt,,14,13,7,1,0,,,,,7,1,8,Free Throw 1st of 1-and-1,2,Free Throw Missed,,,,12,12,
1,13,00,Markel Starks with a defensive rebound.,97383,,true,false,false,Markel,,Starks,,GTown,,14,13,7,1,1,,,,,6,,,,6,Defensive Rebound,,,,44,44,
1,12,46,Markel Starks with a lost ball turnover: Lost Ball,97383,,true,false,false,Markel,,Starks,,GTown,,14,13,7,1,1,,,,,6,,2,Lost Ball,7,Turnover,,,,44,44,
1,12,36,Devon Bookert makes a 3-point jump shot from 24 feet out. Okaro White with the assist.,116526,97445,true,true,false,Devon,Okaro,Bookert,White,FlaSt,FlaSt,17,13,7,1,0,,,,,5,3,45,Jump Shot,3,Field Goal Made,24,.4,24.1,12,12,
1,12,28,Markel Starks with a lost ball turnover: Lost Ball,97383,,true,false,false,Markel,,Starks,,GTown,,17,13,7,1,1,,,,,6,,2,Lost Ball,7,Turnover,,,,44,44,
1,12,24,Devon Bookert with a lost ball turnover: Lost Ball,116526,,true,false,false,Devon,,Bookert,,FlaSt,,17,13,7,1,0,,,,,5,,2,Lost Ball,7,Turnover,,,,12,12,
1,12,15,Markel Starks misses a layup shot.,97383,,true,false,false,Markel,,Starks,,GTown,,17,13,7,1,1,,,,,6,2,40,Layup Shot,4,Field Goal Missed,0,0,0,44,44,
1,12,15,Moses Ayegba with an offensive rebound.,97380,,true,false,false,Moses,,Ayegba,,GTown,,17,13,7,1,1,,,,,0,,,,5,Offensive Rebound,,,,44,44,
1,11,51,Shooting foul committed by Boris Bojanovsky.,116525,,true,false,false,Boris,,Bojanovsky,,FlaSt,,17,13,7,2,1,,,,,3,,2,Shooting,8,Foul,,,,12,12,
1,11,51,Official TV timeout.,,,false,false,false,,,,,,,17,13,7,2,0,,,,,0,,3,Official TV,11,Timeout,,,,12,12,
1,11,51,Nate Lubick misses free throw 1 of 2.,97382,,true,false,false,Nate,,Lubick,,GTown,,17,13,7,2,0,,,,,2,1,11,Free Throw 1 of 2,2,Free Throw Missed,,,,44,44,
1,11,51,GTown with an offensive rebound.,,,false,false,false,,,,,,,17,13,7,2,0,,,,,0,,,,5,Offensive Rebound,,,,44,44,
1,11,51,Nate Lubick makes free throw 2 of 2.,97382,,true,false,false,Nate,,Lubick,,GTown,,17,14,7,2,0,,,,,3,1,12,Free Throw 2 of 2,1,Free Throw Made,,,,44,44,
1,11,29,Jarquez Smith misses a jump shot from 11 feet out.,120597,,true,false,false,Jarquez,,Smith,,FlaSt,,17,14,7,2,0,,,,,0,2,45,Jump Shot,4,Field Goal Missed,11,.9,10.6,12,12,
1,11,29,FlaSt with an offensive rebound.,,,false,false,false,,,,,,,17,14,7,2,0,,,,,0,,,,5,Offensive Rebound,,,,12,12,
1,11,18,Ian Miller misses a 3-point jump shot from 23 feet out.,97446,,true,false,false,Ian,,Miller,,FlaSt,,17,14,7,2,0,,,,,0,3,45,Jump Shot,4,Field Goal Missed,23,-4.8,22.7,12,12,
1,11,18,Montay Brandon with an offensive rebound.,116527,,true,false,false,Montay,,Brandon,,FlaSt,,17,14,7,2,0,,,,,0,,,,5,Offensive Rebound,,,,12,12,
1,11,12,Montay Brandon makes a layup shot. Michael Ojo with the assist.,116527,116530,true,true,false,Montay,Michael,Brandon,Ojo,FlaSt,FlaSt,19,14,7,2,0,,,,,2,2,40,Layup Shot,3,Field Goal Made,0,0,0,12,12,
1,10,47,D'Vauntes Smith-Rivera misses a 3-point jump shot from 25 feet out.,116788,,true,false,false,D'Vauntes,,Smith-Rivera,,GTown,,19,14,7,2,0,,,,,3,3,45,Jump Shot,4,Field Goal Missed,25,11.3,21.8,44,44,
1,10,47,Moses Ayegba with an offensive rebound.,97380,,true,false,false,Moses,,Ayegba,,GTown,,19,14,7,2,1,,,,,0,,,,5,Offensive Rebound,,,,44,44,
1,10,30,D'Vauntes Smith-Rivera makes a jump shot from 20 feet out.,116788,,true,false,false,D'Vauntes,,Smith-Rivera,,GTown,,19,16,7,2,0,,,,,5,2,45,Jump Shot,3,Field Goal Made,20,-12,16.6,44,44,
1,10,07,Jarquez Smith with a traveling turnover: Traveling,120597,,true,false,false,Jarquez,,Smith,,FlaSt,,19,16,7,2,0,,,,,0,,4,Traveling,7,Turnover,,,,12,12,
1,9,54,Reggie Cameron makes a 3-point jump shot from 24 feet out. Markel Starks with the assist.,121497,97383,true,true,false,Reggie,Markel,Cameron,Starks,GTown,GTown,19,19,7,2,0,,,,,3,3,45,Jump Shot,3,Field Goal Made,24,-18.6,14.5,44,44,
1,9,33,Personal foul committed by Moses Ayegba.,97380,,true,false,false,Moses,,Ayegba,,GTown,,19,19,8,2,2,,,,,0,,1,Personal,8,Foul,,,,44,44,
1,9,33,Michael Ojo misses free throw 1st of 1-and-1.,116530,,true,false,false,Michael,,Ojo,,FlaSt,,19,19,8,2,0,,,,,0,1,8,Free Throw 1st of 1-and-1,2,Free Throw Missed,,,,12,12,
1,9,33,Moses Ayegba with a defensive rebound.,97380,,true,false,false,Moses,,Ayegba,,GTown,,19,19,8,2,2,,,,,0,,,,6,Defensive Rebound,,,,44,44,
1,9,11,Personal foul committed by Michael Ojo.,116530,,true,false,false,Michael,,Ojo,,FlaSt,,19,19,8,3,1,,,,,0,,1,Personal,8,Foul,,,,12,12,
1,9,01,Bradley Hayes makes a hook shot from 4 feet out.,116787,,true,false,false,Bradley,,Hayes,,GTown,,19,21,8,3,0,,,,,2,2,55,Hook Shot,3,Field Goal Made,4,3.5,1.8,44,44,
1,8,46,Okaro White makes a 3-point jump shot from 23 feet out. Boris Bojanovsky with the assist.,97445,116525,true,true,false,Okaro,Boris,White,Bojanovsky,FlaSt,FlaSt,22,21,8,3,1,,,,,5,3,45,Jump Shot,3,Field Goal Made,23,19.1,13.3,12,12,
1,8,29,Jabril Trawick makes a layup shot.,110380,,true,false,false,Jabril,,Trawick,,GTown,,22,23,8,3,2,,,,,2,2,40,Layup Shot,3,Field Goal Made,0,0,0,44,44,
1,8,07,Devon Bookert makes a 3-point jump shot from 22 feet out. Aaron Thomas with the assist.,116526,116531,true,true,false,Devon,Aaron,Bookert,Thomas,FlaSt,FlaSt,25,23,8,3,0,,,,,8,3,45,Jump Shot,3,Field Goal Made,22,-9.8,19.8,12,12,
1,7,40,Jabril Trawick misses a layup shot.,110380,,true,false,false,Jabril,,Trawick,,GTown,,25,23,8,3,2,,,,,2,2,40,Layup Shot,4,Field Goal Missed,0,0,0,44,44,
1,7,40,Jabril Trawick with an offensive rebound.,110380,,true,false,false,Jabril,,Trawick,,GTown,,25,23,8,3,2,,,,,2,,,,5,Offensive Rebound,,,,44,44,
1,7,31,Markel Starks misses a 3-point jump shot from 22 feet out.,97383,,true,false,false,Markel,,Starks,,GTown,,25,23,8,3,1,,,,,6,3,45,Jump Shot,4,Field Goal Missed,22,-16.6,15.2,44,44,
1,7,31,Devon Bookert with a defensive rebound.,116526,,true,false,false,Devon,,Bookert,,FlaSt,,25,23,8,3,0,,,,,8,,,,6,Defensive Rebound,,,,12,12,
1,7,23,Aaron Thomas makes a 3-point jump shot from 22 feet out. Devon Bookert with the assist.,116531,116526,true,true,false,Aaron,Devon,Thomas,Bookert,FlaSt,FlaSt,28,23,8,3,0,,,,,10,3,45,Jump Shot,3,Field Goal Made,22,-16.4,15.2,12,12,
1,7,21,GTown take a 20-second timeout.,,,false,false,false,,,,,,,28,23,8,3,0,,,,,0,,2,Short,11,Timeout,,,,44,44,
1,7,02,Official TV timeout.,,,false,false,false,,,,,,,28,23,8,3,0,,,,,0,,3,Official TV,11,Timeout,,,,12,12,
1,6,46,D'Vauntes Smith-Rivera with a shot clock turnover turnover: Shot Clock Turnover,116788,,true,false,false,D'Vauntes,,Smith-Rivera,,GTown,,28,23,8,3,0,,,,,5,,11,Shot Clock Turnover,7,Turnover,,,,44,44,
1,6,35,Devon Bookert with a traveling turnover: Traveling,116526,,true,false,false,Devon,,Bookert,,FlaSt,,28,23,8,3,0,,,,,8,,4,Traveling,7,Turnover,,,,12,12,
1,6,20,Markel Starks makes a layup shot.,97383,,true,false,false,Markel,,Starks,,GTown,,28,25,8,3,1,,,,,8,2,40,Layup Shot,3,Field Goal Made,0,0,0,44,44,
1,5,58,Aaron Thomas misses a 3-point jump shot from 24 feet out.,116531,,true,false,false,Aaron,,Thomas,,FlaSt,,28,25,8,3,0,,,,,10,3,45,Jump Shot,4,Field Goal Missed,24,-17.6,15.9,12,12,
1,5,58,Bradley Hayes with a defensive rebound.,116787,,true,false,false,Bradley,,Hayes,,GTown,,28,25,8,3,0,,,,,2,,,,6,Defensive Rebound,,,,44,44,
1,5,44,Bradley Hayes misses a hook shot from 6 feet out.,116787,,true,false,false,Bradley,,Hayes,,GTown,,28,25,8,3,0,,,,,2,2,55,Hook Shot,4,Field Goal Missed,6,.9,5.5,44,44,
1,5,44,Okaro White with a defensive rebound.,97445,,true,false,false,Okaro,,White,,FlaSt,,28,25,8,3,1,,,,,5,,,,6,Defensive Rebound,,,,12,12,
1,5,34,Devon Bookert with a lost ball turnover: Lost Ball,116526,,true,false,false,Devon,,Bookert,,FlaSt,,28,25,8,3,0,,,,,8,,2,Lost Ball,7,Turnover,,,,12,12,
1,5,29,Shooting foul committed by Okaro White.,97445,,true,false,false,Okaro,,White,,FlaSt,,28,25,8,4,2,,,,,5,,2,Shooting,8,Foul,,,,12,12,
1,5,29,Bradley Hayes makes free throw 1 of 2.,116787,,true,false,false,Bradley,,Hayes,,GTown,,28,26,8,4,0,,,,,3,1,11,Free Throw 1 of 2,1,Free Throw Made,,,,44,44,
1,5,29,Bradley Hayes makes free throw 2 of 2.,116787,,true,false,false,Bradley,,Hayes,,GTown,,28,27,8,4,0,,,,,4,1,12,Free Throw 2 of 2,1,Free Throw Made,,,,44,44,
1,5,11,Devon Bookert makes a 3-point jump shot from 23 feet out. Aaron Thomas with the assist.,116526,116531,true,true,false,Devon,Aaron,Bookert,Thomas,FlaSt,FlaSt,31,27,8,4,0,,,,,11,3,45,Jump Shot,3,Field Goal Made,23,18.6,13.5,12,12,
1,5,04,D'Vauntes Smith-Rivera misses a 3-point jump shot from 24 feet out.,116788,,true,false,false,D'Vauntes,,Smith-Rivera,,GTown,,31,27,8,4,0,,,,,5,3,45,Jump Shot,4,Field Goal Missed,24,17.4,16.7,44,44,
1,5,04,Bradley Hayes with an offensive rebound.,116787,,true,false,false,Bradley,,Hayes,,GTown,,31,27,8,4,0,,,,,4,,,,5,Offensive Rebound,,,,44,44,
1,4,52,Reggie Cameron misses a jump shot from 14 feet out.,121497,,true,false,false,Reggie,,Cameron,,GTown,,31,27,8,4,0,,,,,3,2,45,Jump Shot,4,Field Goal Missed,14,7.1,12.2,44,44,
1,4,52,Ian Miller with a defensive rebound.,97446,,true,false,false,Ian,,Miller,,FlaSt,,31,27,8,4,0,,,,,0,,,,6,Defensive Rebound,,,,12,12,
1,4,48,Ian Miller with a bad pass turnover: Bad Pass,97446,,true,false,false,Ian,,Miller,,FlaSt,,31,27,8,4,0,,,,,0,,1,Bad Pass,7,Turnover,,,,12,12,
1,4,33,Markel Starks misses a jump shot from 20 feet out.,97383,,true,false,false,Markel,,Starks,,GTown,,31,27,8,4,1,,,,,8,2,45,Jump Shot,4,Field Goal Missed,20,-19.6,4.2,44,44,
1,4,33,Devon Bookert with a defensive rebound.,116526,,true,false,false,Devon,,Bookert,,FlaSt,,31,27,8,4,0,,,,,11,,,,6,Defensive Rebound,,,,12,12,
1,4,25,Devon Bookert makes a jump shot from 16 feet out.,116526,,true,false,false,Devon,,Bookert,,FlaSt,,33,27,8,4,0,,,,,13,2,45,Jump Shot,3,Field Goal Made,16,-4.7,14.9,12,12,
1,4,00,Personal foul committed by Devon Bookert.,116526,,true,false,false,Devon,,Bookert,,FlaSt,,33,27,8,5,1,,,,,13,,1,Personal,8,Foul,,,,12,12,
1,3,53,Shooting foul committed by Michael Ojo.,116530,,true,false,false,Michael,,Ojo,,FlaSt,,33,27,8,6,2,,,,,0,,2,Shooting,8,Foul,,,,12,12,
1,3,53,Official TV timeout.,,,false,false,false,,,,,,,33,27,8,6,0,,,,,0,,3,Official TV,11,Timeout,,,,12,12,
1,3,53,D'Vauntes Smith-Rivera misses free throw 1 of 2.,116788,,true,false,false,D'Vauntes,,Smith-Rivera,,GTown,,33,27,8,6,0,,,,,5,1,11,Free Throw 1 of 2,2,Free Throw Missed,,,,44,44,
1,3,53,GTown with an offensive rebound.,,,false,false,false,,,,,,,33,27,8,6,0,,,,,0,,,,5,Offensive Rebound,,,,44,44,
1,3,53,D'Vauntes Smith-Rivera makes free throw 2 of 2.,116788,,true,false,false,D'Vauntes,,Smith-Rivera,,GTown,,33,28,8,6,0,,,,,6,1,12,Free Throw 2 of 2,1,Free Throw Made,,,,44,44,
1,3,28,Joell Hopkins misses a jump shot from 7 feet out.,116529,,true,false,false,Joell,,Hopkins,,FlaSt,,33,28,8,6,0,,,,,0,2,45,Jump Shot,4,Field Goal Missed,7,-5,4.5,12,12,
1,3,28,Markel Starks with a defensive rebound.,97383,,true,false,false,Markel,,Starks,,GTown,,33,28,8,6,1,,,,,8,,,,6,Defensive Rebound,,,,44,44,
1,3,19,Personal foul committed by Ian Miller.,97446,,true,false,false,Ian,,Miller,,FlaSt,,33,28,8,7,1,,,,,0,,1,Personal,8,Foul,,,,12,12,
1,3,19,Moses Ayegba makes free throw 1 of 2.,97380,,true,false,false,Moses,,Ayegba,,GTown,,33,29,8,7,2,,,,,1,1,11,Free Throw 1 of 2,1,Free Throw Made,,,,44,44,
1,3,19,Moses Ayegba makes free throw 2 of 2.,97380,,true,false,false,Moses,,Ayegba,,GTown,,33,30,8,7,2,,,,,2,1,12,Free Throw 2 of 2,1,Free Throw Made,,,,44,44,
1,3,10,Shooting foul committed by Nate Lubick.,97382,,true,false,false,Nate,,Lubick,,GTown,,33,30,9,7,1,,,,,3,,2,Shooting,8,Foul,,,,44,44,
1,3,10,Devon Bookert misses free throw 1 of 2.,116526,,true,false,false,Devon,,Bookert,,FlaSt,,33,30,9,7,1,,,,,13,1,11,Free Throw 1 of 2,2,Free Throw Missed,,,,12,12,
1,3,10,FlaSt with an offensive rebound.,,,false,false,false,,,,,,,33,30,9,7,0,,,,,0,,,,5,Offensive Rebound,,,,12,12,
1,3,10,Devon Bookert makes free throw 2 of 2.,116526,,true,false,false,Devon,,Bookert,,FlaSt,,34,30,9,7,1,,,,,14,1,12,Free Throw 2 of 2,1,Free Throw Made,,,,12,12,
1,2,45,Markel Starks misses a layup shot.,97383,,true,false,false,Markel,,Starks,,GTown,,34,30,9,7,1,,,,,8,2,40,Layup Shot,4,Field Goal Missed,0,0,0,44,44,
1,2,45,Aaron Thomas with a defensive rebound.,116531,,true,false,false,Aaron,,Thomas,,FlaSt,,34,30,9,7,0,,,,,10,,,,6,Defensive Rebound,,,,12,12,
1,2,38,Aaron Thomas misses a layup shot.,116531,,true,false,false,Aaron,,Thomas,,FlaSt,,34,30,9,7,0,,,,,10,2,40,Layup Shot,4,Field Goal Missed,0,0,0,12,12,
1,2,38,Jarquez Smith with an offensive rebound.,120597,,true,false,false,Jarquez,,Smith,,FlaSt,,34,30,9,7,0,,,,,0,,,,5,Offensive Rebound,,,,12,12,
1,2,35,Jarquez Smith misses a layup shot.,120597,,true,false,false,Jarquez,,Smith,,FlaSt,,34,30,9,7,0,,,,,0,2,40,Layup Shot,4,Field Goal Missed,0,0,0,12,12,
1,2,35,Aaron Thomas with an offensive rebound.,116531,,true,false,false,Aaron,,Thomas,,FlaSt,,34,30,9,7,0,,,,,10,,,,5,Offensive Rebound,,,,12,12,
1,2,31,Aaron Thomas makes a tip shot from 2 feet out.,116531,,true,false,false,Aaron,,Thomas,,FlaSt,,36,30,9,7,0,,,,,12,2,53,Tip Shot,3,Field Goal Made,2,-1,2,12,12,
1,2,21,D'Vauntes Smith-Rivera makes a 3-point jump shot from 24 feet out.,116788,,true,false,false,D'Vauntes,,Smith-Rivera,,GTown,,36,33,9,7,0,,,,,9,3,45,Jump Shot,3,Field Goal Made,24,15.6,17.9,44,44,
1,2,21,Technical foul committed by Boris Bojanovsky.,116525,,true,false,false,Boris,,Bojanovsky,,FlaSt,,36,33,9,8,2,,,,,3,,11,Technical,8,Foul,,,,12,12,
1,2,21,Technical foul committed by Bradley Hayes.,116787,,true,false,false,Bradley,,Hayes,,GTown,,36,33,10,8,1,,,,,4,,11,Technical,8,Foul,,,,44,44,
1,1,57,Ian Miller makes a 3-point jump shot from 23 feet out. Devon Bookert with the assist.,97446,116526,true,true,false,Ian,Devon,Miller,Bookert,FlaSt,FlaSt,39,33,10,8,1,,,,,3,3,45,Jump Shot,3,Field Goal Made,23,-22,5.9,12,12,
1,1,46,D'Vauntes Smith-Rivera with a lost ball turnover: Lost Ball,116788,,true,false,false,D'Vauntes,,Smith-Rivera,,GTown,,39,33,10,8,0,,,,,9,,2,Lost Ball,7,Turnover,,,,44,44,
1,1,37,Ian Miller makes a 3-point jump shot from 23 feet out. Devon Bookert with the assist.,97446,116526,true,true,false,Ian,Devon,Miller,Bookert,FlaSt,FlaSt,42,33,10,8,1,,,,,6,3,45,Jump Shot,3,Field Goal Made,23,-3,23.2,12,12,
1,1,25,Reggie Cameron misses a jump shot from 19 feet out.,121497,,true,false,false,Reggie,,Cameron,,GTown,,42,33,10,8,0,,,,,3,2,45,Jump Shot,4,Field Goal Missed,19,9.4,16.1,44,44,
1,1,25,Aaron Thomas with a defensive rebound.,116531,,true,false,false,Aaron,,Thomas,,FlaSt,,42,33,10,8,0,,,,,12,,,,6,Defensive Rebound,,,,12,12,
1,1,13,Jarquez Smith makes a dunk shot. Devon Bookert with the assist.,120597,116526,true,true,false,Jarquez,Devon,Smith,Bookert,FlaSt,FlaSt,44,33,10,8,0,,,,,2,2,48,Dunk Shot,3,Field Goal Made,0,0,0,12,12,
1,1,13,GTown take a 20-second timeout.,,,false,false,false,,,,,,,44,33,10,8,0,,,,,0,,2,Short,11,Timeout,,,,44,44,
1,1,02,Shooting foul committed by Aaron Thomas.,116531,,true,false,false,Aaron,,Thomas,,FlaSt,,44,33,10,9,1,,,,,12,,2,Shooting,8,Foul,,,,12,12,
1,1,02,Markel Starks makes free throw 1 of 2.,97383,,true,false,false,Markel,,Starks,,GTown,,44,34,10,9,1,,,,,9,1,11,Free Throw 1 of 2,1,Free Throw Made,,,,44,44,
1,1,02,Markel Starks makes free throw 2 of 2.,97383,,true,false,false,Markel,,Starks,,GTown,,44,35,10,9,1,,,,,10,1,12,Free Throw 2 of 2,1,Free Throw Made,,,,44,44,
1,0,51.5,Aaron Thomas makes a 3-point jump shot from 23 feet out. Ian Miller with the assist.,116531,97446,true,true,false,Aaron,Ian,Thomas,Miller,FlaSt,FlaSt,47,35,10,9,1,,,,,15,3,45,Jump Shot,3,Field Goal Made,23,-9.9,20.3,12,12,
1,0,50.6,Shooting foul committed by Aaron Bowen.,97381,,true,false,false,Aaron,,Bowen,,GTown,,47,35,11,9,1,,,,,2,,2,Shooting,8,Foul,,,,44,44,
1,0,50.6,Aaron Thomas makes free throw 1 of 1.,116531,,true,false,false,Aaron,,Thomas,,FlaSt,,48,35,11,9,1,,,,,16,1,10,Free Throw 1 of 1,1,Free Throw Made,,,,12,12,
1,0,27.7,D'Vauntes Smith-Rivera misses a 3-point jump shot from 23 feet out.,116788,,true,false,false,D'Vauntes,,Smith-Rivera,,GTown,,48,35,11,9,0,,,,,9,3,45,Jump Shot,4,Field Goal Missed,23,-17.9,14.4,44,44,
1,0,27.7,FlaSt with a defensive rebound.,,,false,false,false,,,,,,,48,35,11,9,0,,,,,0,,,,6,Defensive Rebound,,,,12,12,
1,0,00.4,Robert Gilchrist misses a 3-point jump shot from 22 feet out.,116528,,true,false,false,Robert,,Gilchrist,,FlaSt,,48,35,11,9,0,,,,,0,3,45,Jump Shot,4,Field Goal Missed,22,22,1.6,12,12,
1,0,00.4,Moses Ayegba with a defensive rebound.,97380,,true,false,false,Moses,,Ayegba,,GTown,,48,35,11,9,2,,,,,2,,,,6,Defensive Rebound,,,,44,44,
1,0,00,End of the 1st Half,,,false,false,false,,,,,,,48,35,11,9,0,,,,,0,,,,15,End Period,,,,12,12,
2,20,00,Start of the 2nd Half,,,false,false,false,,,,,,,48,35,0,0,0,,,,,0,,,,14,Start Period,,,,12,12,
2,19,31,Michael Ojo makes a dunk shot. Devon Bookert with the assist.,116530,116526,true,true,false,Michael,Devon,Ojo,Bookert,FlaSt,FlaSt,50,35,0,0,2,,,,,2,2,48,Dunk Shot,3,Field Goal Made,0,0,0,12,12,
2,19,12,Jabril Trawick makes a layup shot.,110380,,true,false,false,Jabril,,Trawick,,GTown,,50,37,0,0,2,,,,,4,2,40,Layup Shot,3,Field Goal Made,0,0,0,44,44,
2,18,58,Personal foul committed by Mikael Hopkins.,110378,,true,false,false,Mikael,,Hopkins,,GTown,,50,37,1,0,4,,,,,0,,1,Personal,8,Foul,,,,44,44,
2,18,31,Montay Brandon misses a layup shot.,116527,,true,false,false,Montay,,Brandon,,FlaSt,,50,37,1,0,0,,,,,2,2,40,Layup Shot,4,Field Goal Missed,0,0,0,12,12,
2,18,31,Markel Starks with a defensive rebound.,97383,,true,false,false,Markel,,Starks,,GTown,,50,37,1,0,1,,,,,10,,,,6,Defensive Rebound,,,,44,44,
2,18,24,Markel Starks makes a jump shot from 7 feet out.,97383,,true,false,false,Markel,,Starks,,GTown,,50,39,1,0,1,,,,,12,2,45,Jump Shot,3,Field Goal Made,7,-4,6.2,44,44,
2,17,53,Michael Ojo with a lost ball turnover: Lost Ball,116530,,true,false,false,Michael,,Ojo,,FlaSt,,50,39,1,0,2,,,,,2,,2,Lost Ball,7,Turnover,,,,12,12,
2,17,47,D'Vauntes Smith-Rivera makes a 3-point jump shot from 23 feet out.,116788,,true,false,false,D'Vauntes,,Smith-Rivera,,GTown,,50,42,1,0,0,,,,,12,3,45,Jump Shot,3,Field Goal Made,23,18.1,13.9,44,44,
2,17,34,FlaSt take a 20-second timeout.,,,false,false,false,,,,,,,50,42,1,0,0,,,,,0,,2,Short,11,Timeout,,,,12,12,
2,17,08,Personal foul committed by Jabril Trawick.,110380,,true,false,false,Jabril,,Trawick,,GTown,,50,42,2,0,3,,,,,4,,1,Personal,8,Foul,,,,44,44,
2,17,04,Devon Bookert makes a 3-point jump shot from 22 feet out. Okaro White with the assist.,116526,97445,true,true,false,Devon,Okaro,Bookert,White,FlaSt,FlaSt,53,42,2,0,1,,,,,17,3,45,Jump Shot,3,Field Goal Made,22,22.2,-.8,12,12,
2,17,03,Offensive foul committed by Markel Starks.,97383,,true,false,false,Markel,,Starks,,GTown,,53,42,3,0,2,,,,,12,,4,Offensive,8,Foul,,,,44,44,
2,17,03,Markel Starks with a  turnover:,97383,,true,false,false,Markel,,Starks,,GTown,,53,42,3,0,2,,,,,12,,,,7,Turnover,,,,44,44,
2,16,55,Montay Brandon misses a layup shot.,116527,,true,false,false,Montay,,Brandon,,FlaSt,,53,42,3,0,0,,,,,2,2,40,Layup Shot,4,Field Goal Missed,0,0,0,12,12,
2,16,55,Bradley Hayes with a defensive rebound.,116787,,true,false,false,Bradley,,Hayes,,GTown,,53,42,3,0,1,,,,,4,,,,6,Defensive Rebound,,,,44,44,
2,16,46,Bradley Hayes with a lost ball turnover: Lost Ball,116787,,true,false,false,Bradley,,Hayes,,GTown,,53,42,3,0,1,,,,,4,,2,Lost Ball,7,Turnover,,,,44,44,
2,16,41,Okaro White makes a jump shot from 4 feet out. Devon Bookert with the assist.,97445,116526,true,true,false,Okaro,Devon,White,Bookert,FlaSt,FlaSt,55,42,3,0,2,,,,,7,2,45,Jump Shot,3,Field Goal Made,4,-1.6,3.8,12,12,
2,16,25,Shooting foul committed by Boris Bojanovsky.,116525,,true,false,false,Boris,,Bojanovsky,,FlaSt,,55,42,3,1,3,,,,,3,,2,Shooting,8,Foul,,,,12,12,
2,16,25,Jabril Trawick makes free throw 1 of 2.,110380,,true,false,false,Jabril,,Trawick,,GTown,,55,43,3,1,3,,,,,5,1,11,Free Throw 1 of 2,1,Free Throw Made,,,,44,44,
2,16,25,Jabril Trawick makes free throw 2 of 2.,110380,,true,false,false,Jabril,,Trawick,,GTown,,55,44,3,1,3,,,,,6,1,12,Free Throw 2 of 2,1,Free Throw Made,,,,44,44,
2,16,03,Personal foul committed by Bradley Hayes.,116787,,true,false,false,Bradley,,Hayes,,GTown,,55,44,4,1,2,,,,,4,,1,Personal,8,Foul,,,,44,44,
2,15,45,Personal foul committed by Bradley Hayes.,116787,,true,false,false,Bradley,,Hayes,,GTown,,55,44,5,1,3,,,,,4,,1,Personal,8,Foul,,,,44,44,
2,15,45,Official TV timeout.,,,false,false,false,,,,,,,55,44,5,1,0,,,,,0,,3,Official TV,11,Timeout,,,,12,12,
2,15,31,Offensive foul committed by Jarquez Smith.,120597,,true,false,false,Jarquez,,Smith,,FlaSt,,55,44,5,2,1,,,,,2,,4,Offensive,8,Foul,,,,12,12,
2,15,31,Jarquez Smith with a  turnover:,120597,,true,false,false,Jarquez,,Smith,,FlaSt,,55,44,5,2,1,,,,,2,,,,7,Turnover,,,,12,12,
2,15,14,D'Vauntes Smith-Rivera misses a 3-point jump shot from 22 feet out.,116788,,true,false,false,D'Vauntes,,Smith-Rivera,,GTown,,55,44,5,2,0,,,,,12,3,45,Jump Shot,4,Field Goal Missed,22,19,11.5,44,44,
2,15,14,Devon Bookert with a defensive rebound.,116526,,true,false,false,Devon,,Bookert,,FlaSt,,55,44,5,2,1,,,,,17,,,,6,Defensive Rebound,,,,12,12,
2,15,11,Shooting foul committed by Bradley Hayes.,116787,,true,false,false,Bradley,,Hayes,,GTown,,55,44,6,2,4,,,,,4,,2,Shooting,8,Foul,,,,44,44,
2,15,11,Montay Brandon makes free throw 1 of 2.,116527,,true,false,false,Montay,,Brandon,,FlaSt,,56,44,6,2,0,,,,,3,1,11,Free Throw 1 of 2,1,Free Throw Made,,,,12,12,
2,15,11,Montay Brandon misses free throw 2 of 2.,116527,,true,false,false,Montay,,Brandon,,FlaSt,,56,44,6,2,0,,,,,3,1,12,Free Throw 2 of 2,2,Free Throw Missed,,,,12,12,
2,15,11,Bradley Hayes with a defensive rebound.,116787,,true,false,false,Bradley,,Hayes,,GTown,,56,44,6,2,4,,,,,4,,,,6,Defensive Rebound,,,,44,44,
2,14,53,Bradley Hayes with a lost ball turnover: Lost Ball,116787,,true,false,false,Bradley,,Hayes,,GTown,,56,44,6,2,4,,,,,4,,2,Lost Ball,7,Turnover,,,,44,44,
2,14,36,Jarquez Smith makes a layup shot.,120597,,true,false,false,Jarquez,,Smith,,FlaSt,,58,44,6,2,1,,,,,4,2,40,Layup Shot,3,Field Goal Made,0,0,0,12,12,
2,14,24,Nate Lubick makes a layup shot.,97382,,true,false,false,Nate,,Lubick,,GTown,,58,46,6,2,1,,,,,5,2,40,Layup Shot,3,Field Goal Made,0,0,0,44,44,
2,14,24,Shooting foul committed by Jarquez Smith.,120597,,true,false,false,Jarquez,,Smith,,FlaSt,,58,46,6,3,2,,,,,4,,2,Shooting,8,Foul,,,,12,12,
2,14,24,Nate Lubick misses free throw 1 of 1.,97382,,true,false,false,Nate,,Lubick,,GTown,,58,46,6,3,1,,,,,5,1,10,Free Throw 1 of 1,2,Free Throw Missed,,,,44,44,
2,14,24,Okaro White with a defensive rebound.,97445,,true,false,false,Okaro,,White,,FlaSt,,58,46,6,3,2,,,,,7,,,,6,Defensive Rebound,,,,12,12,
2,13,59,Okaro White misses a layup shot.,97445,,true,false,false,Okaro,,White,,FlaSt,,58,46,6,3,2,,,,,7,2,40,Layup Shot,4,Field Goal Missed,0,0,0,12,12,
2,13,59,Moses Ayegba with a defensive rebound.,97380,,true,false,false,Moses,,Ayegba,,GTown,,58,46,6,3,2,,,,,2,,,,6,Defensive Rebound,,,,44,44,
2,13,39,D'Vauntes Smith-Rivera misses a 3-point jump shot from 23 feet out.,116788,,true,false,false,D'Vauntes,,Smith-Rivera,,GTown,,58,46,6,3,0,,,,,12,3,45,Jump Shot,4,Field Goal Missed,23,-21.7,7,44,44,
2,13,39,Aaron Bowen with an offensive rebound.,97381,,true,false,false,Aaron,,Bowen,,GTown,,58,46,6,3,1,,,,,2,,,,5,Offensive Rebound,,,,44,44,
2,13,30,Markel Starks with a lost ball turnover: Lost Ball,97383,,true,false,false,Markel,,Starks,,GTown,,58,46,6,3,2,,,,,12,,2,Lost Ball,7,Turnover,,,,44,44,
2,13,30,Technical foul committed by .,,,false,false,false,,,,,GTown,,58,46,7,3,1,,,,,0,,11,Technical,8,Foul,,,,44,44,
2,13,30,Aaron Thomas makes free throw technical.,116531,,true,false,false,Aaron,,Thomas,,FlaSt,,59,46,7,3,1,,,,,17,1,16,Free Throw Technical,1,Free Throw Made,,,,12,12,
2,13,30,Aaron Thomas makes free throw technical.,116531,,true,false,false,Aaron,,Thomas,,FlaSt,,60,46,7,3,1,,,,,18,1,16,Free Throw Technical,1,Free Throw Made,,,,12,12,
2,13,18,Devon Bookert misses a jump shot from 7 feet out.,116526,,true,false,false,Devon,,Bookert,,FlaSt,,60,46,7,3,1,,,,,17,2,45,Jump Shot,4,Field Goal Missed,7,5.5,3.6,12,12,
2,13,18,D'Vauntes Smith-Rivera with a defensive rebound.,116788,,true,false,false,D'Vauntes,,Smith-Rivera,,GTown,,60,46,7,3,0,,,,,12,,,,6,Defensive Rebound,,,,44,44,
2,13,10,Jabril Trawick makes a layup shot. D'Vauntes Smith-Rivera with the assist.,110380,116788,true,true,false,Jabril,D'Vauntes,Trawick,Smith-Rivera,GTown,GTown,60,48,7,3,3,,,,,8,2,40,Layup Shot,3,Field Goal Made,0,0,0,44,44,
2,12,58,Personal foul committed by D'Vauntes Smith-Rivera.,116788,,true,false,false,D'Vauntes,,Smith-Rivera,,GTown,,60,48,8,3,1,,,,,12,,1,Personal,8,Foul,,,,44,44,
2,12,58,Devon Bookert makes free throw 1st of 1-and-1.,116526,,true,false,false,Devon,,Bookert,,FlaSt,,61,48,8,3,1,,,,,18,1,8,Free Throw 1st of 1-and-1,1,Free Throw Made,,,,12,12,
2,12,58,Devon Bookert makes free throw 2nd of 1-and-1.,116526,,true,false,false,Devon,,Bookert,,FlaSt,,62,48,8,3,1,,,,,19,1,9,Free Throw 2nd of 1-and-1,1,Free Throw Made,,,,12,12,
2,12,50,Jabril Trawick makes a tip shot from 2 feet out.,110380,,true,false,false,Jabril,,Trawick,,GTown,,62,50,8,3,3,,,,,10,2,53,Tip Shot,3,Field Goal Made,2,-2,2,44,44,
2,12,50,Shooting foul committed by Jarquez Smith.,120597,,true,false,false,Jarquez,,Smith,,FlaSt,,62,50,8,4,3,,,,,4,,2,Shooting,8,Foul,,,,12,12,
2,12,50,Jabril Trawick misses free throw 1 of 1.,110380,,true,false,false,Jabril,,Trawick,,GTown,,62,50,8,4,3,,,,,10,1,10,Free Throw 1 of 1,2,Free Throw Missed,,,,44,44,
2,12,50,Jarquez Smith with a defensive rebound.,120597,,true,false,false,Jarquez,,Smith,,FlaSt,,62,50,8,4,3,,,,,4,,,,6,Defensive Rebound,,,,12,12,
2,12,49,Jarquez Smith with a lost ball turnover: Lost Ball,120597,,true,false,false,Jarquez,,Smith,,FlaSt,,62,50,8,4,3,,,,,4,,2,Lost Ball,7,Turnover,,,,12,12,
2,12,46,Shooting foul committed by Jarquez Smith.,120597,,true,false,false,Jarquez,,Smith,,FlaSt,,62,50,8,5,4,,,,,4,,2,Shooting,8,Foul,,,,12,12,
2,12,46,D'Vauntes Smith-Rivera misses free throw 1 of 2.,116788,,true,false,false,D'Vauntes,,Smith-Rivera,,GTown,,62,50,8,5,1,,,,,12,1,11,Free Throw 1 of 2,2,Free Throw Missed,,,,44,44,
2,12,46,GTown with an offensive rebound.,,,false,false,false,,,,,,,62,50,8,5,0,,,,,0,,,,5,Offensive Rebound,,,,44,44,
2,12,46,D'Vauntes Smith-Rivera makes free throw 2 of 2.,116788,,true,false,false,D'Vauntes,,Smith-Rivera,,GTown,,62,51,8,5,1,,,,,13,1,12,Free Throw 2 of 2,1,Free Throw Made,,,,44,44,
2,12,24,Okaro White makes a layup shot.,97445,,true,false,false,Okaro,,White,,FlaSt,,64,51,8,5,2,,,,,9,2,40,Layup Shot,3,Field Goal Made,0,0,0,12,12,
2,12,07,Markel Starks makes a jump shot from 5 feet out.,97383,,true,false,false,Markel,,Starks,,GTown,,64,53,8,5,2,,,,,14,2,45,Jump Shot,3,Field Goal Made,5,.3,4.8,44,44,
2,11,45,Ian Miller makes a 3-point jump shot from 22 feet out.,97446,,true,false,false,Ian,,Miller,,FlaSt,,67,53,8,5,1,,,,,9,3,45,Jump Shot,3,Field Goal Made,22,17.6,14,12,12,
2,11,31,Shooting foul committed by Devon Bookert.,116526,,true,false,false,Devon,,Bookert,,FlaSt,,67,53,8,6,2,,,,,19,,2,Shooting,8,Foul,,,,12,12,
2,11,31,Official TV timeout.,,,false,false,false,,,,,,,67,53,8,6,0,,,,,0,,3,Official TV,11,Timeout,,,,12,12,
2,11,31,Aaron Bowen makes free throw 1 of 2.,97381,,true,false,false,Aaron,,Bowen,,GTown,,67,54,8,6,1,,,,,3,1,11,Free Throw 1 of 2,1,Free Throw Made,,,,44,44,
2,11,31,Aaron Bowen misses free throw 2 of 2.,97381,,true,false,false,Aaron,,Bowen,,GTown,,67,54,8,6,1,,,,,3,1,12,Free Throw 2 of 2,2,Free Throw Missed,,,,44,44,
2,11,31,Boris Bojanovsky with a defensive rebound.,116525,,true,false,false,Boris,,Bojanovsky,,FlaSt,,67,54,8,6,3,,,,,3,,,,6,Defensive Rebound,,,,12,12,
2,11,26,Personal foul committed by Moses Ayegba.,97380,,true,false,false,Moses,,Ayegba,,GTown,,67,54,9,6,3,,,,,2,,1,Personal,8,Foul,,,,44,44,
2,11,26,Aaron Thomas misses free throw 1st of 1-and-1.,116531,,true,false,false,Aaron,,Thomas,,FlaSt,,67,54,9,6,1,,,,,18,1,8,Free Throw 1st of 1-and-1,2,Free Throw Missed,,,,12,12,
2,11,26,Moses Ayegba with a defensive rebound.,97380,,true,false,false,Moses,,Ayegba,,GTown,,67,54,9,6,3,,,,,2,,,,6,Defensive Rebound,,,,44,44,
2,11,06,D'Vauntes Smith-Rivera makes a jump shot from 6 feet out.,116788,,true,false,false,D'Vauntes,,Smith-Rivera,,GTown,,67,56,9,6,1,,,,,15,2,45,Jump Shot,3,Field Goal Made,6,-.1,5.7,44,44,
2,10,36,Okaro White makes a layup shot. Ian Miller with the assist.,97445,97446,true,true,false,Okaro,Ian,White,Miller,FlaSt,FlaSt,69,56,9,6,2,,,,,11,2,40,Layup Shot,3,Field Goal Made,0,0,0,12,12,
2,10,19,Moses Ayegba misses a hook shot from 4 feet out.,97380,,true,false,false,Moses,,Ayegba,,GTown,,69,56,9,6,3,,,,,2,2,55,Hook Shot,4,Field Goal Missed,4,-2.3,2.8,44,44,
2,10,19,Devon Bookert with a defensive rebound.,116526,,true,false,false,Devon,,Bookert,,FlaSt,,69,56,9,6,2,,,,,19,,,,6,Defensive Rebound,,,,12,12,
2,10,11,Ian Miller makes a 3-point jump shot from 23 feet out. Devon Bookert with the assist.,97446,116526,true,true,false,Ian,Devon,Miller,Bookert,FlaSt,FlaSt,72,56,9,6,1,,,,,12,3,45,Jump Shot,3,Field Goal Made,23,16.4,16.4,12,12,
2,9,48,Aaron Bowen misses a 3-point jump shot from 22 feet out.,97381,,true,false,false,Aaron,,Bowen,,GTown,,72,56,9,6,1,,,,,3,3,45,Jump Shot,4,Field Goal Missed,22,-22,4.5,44,44,
2,9,48,Jabril Trawick with an offensive rebound.,110380,,true,false,false,Jabril,,Trawick,,GTown,,72,56,9,6,3,,,,,10,,,,5,Offensive Rebound,,,,44,44,
2,9,48,Personal foul committed by Okaro White.,97445,,true,false,false,Okaro,,White,,FlaSt,,72,56,9,7,3,,,,,11,,1,Personal,8,Foul,,,,12,12,
2,9,48,Jabril Trawick makes free throw 1st of 1-and-1.,110380,,true,false,false,Jabril,,Trawick,,GTown,,72,57,9,7,3,,,,,11,1,8,Free Throw 1st of 1-and-1,1,Free Throw Made,,,,44,44,
2,9,48,Jabril Trawick makes free throw 2nd of 1-and-1.,110380,,true,false,false,Jabril,,Trawick,,GTown,,72,58,9,7,3,,,,,12,1,9,Free Throw 2nd of 1-and-1,1,Free Throw Made,,,,44,44,
2,9,37,Robert Gilchrist makes a dunk shot. Devon Bookert with the assist.,116528,116526,true,true,false,Robert,Devon,Gilchrist,Bookert,FlaSt,FlaSt,74,58,9,7,0,,,,,2,2,48,Dunk Shot,3,Field Goal Made,0,0,0,12,12,
2,9,27,D'Vauntes Smith-Rivera misses a jump shot from 19 feet out.,116788,,true,false,false,D'Vauntes,,Smith-Rivera,,GTown,,74,58,9,7,1,,,,,15,2,45,Jump Shot,4,Field Goal Missed,19,18.8,3.6,44,44,
2,9,27,Aaron Bowen with an offensive rebound.,97381,,true,false,false,Aaron,,Bowen,,GTown,,74,58,9,7,1,,,,,3,,,,5,Offensive Rebound,,,,44,44,
2,9,27,Personal foul committed by Aaron Thomas.,116531,,true,false,false,Aaron,,Thomas,,FlaSt,,74,58,9,8,2,,,,,18,,1,Personal,8,Foul,,,,12,12,
2,9,27,Aaron Bowen makes free throw 1st of 1-and-1.,97381,,true,false,false,Aaron,,Bowen,,GTown,,74,59,9,8,1,,,,,4,1,8,Free Throw 1st of 1-and-1,1,Free Throw Made,,,,44,44,
2,9,27,Aaron Bowen misses free throw 2nd of 1-and-1.,97381,,true,false,false,Aaron,,Bowen,,GTown,,74,59,9,8,1,,,,,4,1,9,Free Throw 2nd of 1-and-1,2,Free Throw Missed,,,,44,44,
2,9,27,Aaron Thomas with a defensive rebound.,116531,,true,false,false,Aaron,,Thomas,,FlaSt,,74,59,9,8,2,,,,,18,,,,6,Defensive Rebound,,,,12,12,
2,9,11,Personal foul committed by Aaron Bowen.,97381,,true,false,false,Aaron,,Bowen,,GTown,,74,59,10,8,2,,,,,4,,1,Personal,8,Foul,,,,44,44,
2,9,11,Ian Miller makes free throw 1st of 1-and-1.,97446,,true,false,false,Ian,,Miller,,FlaSt,,75,59,10,8,1,,,,,13,1,8,Free Throw 1st of 1-and-1,1,Free Throw Made,,,,12,12,
2,9,11,Ian Miller makes free throw 2nd of 1-and-1.,97446,,true,false,false,Ian,,Miller,,FlaSt,,76,59,10,8,1,,,,,14,1,9,Free Throw 2nd of 1-and-1,1,Free Throw Made,,,,12,12,
2,8,57,Markel Starks makes a jump shot from 8 feet out.,97383,,true,false,false,Markel,,Starks,,GTown,,76,61,10,8,2,,,,,16,2,45,Jump Shot,3,Field Goal Made,8,2,8.2,44,44,
2,8,31,Devon Bookert with a lost ball turnover: Lost Ball,116526,,true,false,false,Devon,,Bookert,,FlaSt,,76,61,10,8,2,,,,,19,,2,Lost Ball,7,Turnover,,,,12,12,
2,8,26,Jabril Trawick makes a dunk shot. Markel Starks with the assist.,110380,97383,true,true,false,Jabril,Markel,Trawick,Starks,GTown,GTown,76,63,10,8,3,,,,,14,2,48,Dunk Shot,3,Field Goal Made,0,0,0,44,44,
2,8,02,Aaron Thomas makes a jump shot from 5 feet out.,116531,,true,false,false,Aaron,,Thomas,,FlaSt,,78,63,10,8,2,,,,,20,2,45,Jump Shot,3,Field Goal Made,5,-.9,5,12,12,
2,7,54,Markel Starks misses a jump shot from 8 feet out.,97383,,true,false,false,Markel,,Starks,,GTown,,78,63,10,8,2,,,,,16,2,45,Jump Shot,4,Field Goal Missed,8,-.6,7.9,44,44,
2,7,54,Ian Miller with a defensive rebound.,97446,,true,false,false,Ian,,Miller,,FlaSt,,78,63,10,8,1,,,,,14,,,,6,Defensive Rebound,,,,12,12,
2,7,47,Shooting foul committed by Markel Starks.,97383,,true,false,false,Markel,,Starks,,GTown,,78,63,11,8,3,,,,,16,,2,Shooting,8,Foul,,,,44,44,
2,7,47,Official TV timeout.,,,false,false,false,,,,,,,78,63,11,8,0,,,,,0,,3,Official TV,11,Timeout,,,,12,12,
2,7,47,Devon Bookert makes free throw 1st of 1-and-1.,116526,,true,false,false,Devon,,Bookert,,FlaSt,,79,63,11,8,2,,,,,20,1,8,Free Throw 1st of 1-and-1,1,Free Throw Made,,,,12,12,
2,7,47,Devon Bookert makes free throw 2nd of 1-and-1.,116526,,true,false,false,Devon,,Bookert,,FlaSt,,80,63,11,8,2,,,,,21,1,9,Free Throw 2nd of 1-and-1,1,Free Throw Made,,,,12,12,
2,7,30,D'Vauntes Smith-Rivera makes a jump shot from 20 feet out.,116788,,true,false,false,D'Vauntes,,Smith-Rivera,,GTown,,80,65,11,8,1,,,,,17,2,45,Jump Shot,3,Field Goal Made,20,4.3,19.6,44,44,
2,7,15,Okaro White misses a jump shot from 18 feet out.,97445,,true,false,false,Okaro,,White,,FlaSt,,80,65,11,8,3,,,,,11,2,45,Jump Shot,4,Field Goal Missed,18,17.4,2.5,12,12,
2,7,15,Boris Bojanovsky with an offensive rebound.,116525,,true,false,false,Boris,,Bojanovsky,,FlaSt,,80,65,11,8,3,,,,,3,,,,5,Offensive Rebound,,,,12,12,
2,7,10,Boris Bojanovsky makes a tip shot from 2 feet out.,116525,,true,false,false,Boris,,Bojanovsky,,FlaSt,,82,65,11,8,3,,,,,5,2,53,Tip Shot,3,Field Goal Made,2,-1.3,2.1,12,12,
2,7,05,D'Vauntes Smith-Rivera misses a 3-point jump shot from 23 feet out.,116788,,true,false,false,D'Vauntes,,Smith-Rivera,,GTown,,82,65,11,8,1,,,,,17,3,45,Jump Shot,4,Field Goal Missed,23,12.7,19.5,44,44,
2,7,05,Aaron Bowen with an offensive rebound.,97381,,true,false,false,Aaron,,Bowen,,GTown,,82,65,11,8,2,,,,,4,,,,5,Offensive Rebound,,,,44,44,
2,7,00,Aaron Bowen makes a dunk shot.,97381,,true,false,false,Aaron,,Bowen,,GTown,,82,67,11,8,2,,,,,6,2,48,Dunk Shot,3,Field Goal Made,0,0,0,44,44,
2,6,32,Shooting foul committed by Aaron Bowen.,97381,,true,false,false,Aaron,,Bowen,,GTown,,82,67,12,8,3,,,,,6,,2,Shooting,8,Foul,,,,44,44,
2,6,32,Okaro White makes free throw 1 of 2.,97445,,true,false,false,Okaro,,White,,FlaSt,,83,67,12,8,3,,,,,12,1,11,Free Throw 1 of 2,1,Free Throw Made,,,,12,12,
2,6,32,Okaro White makes free throw 2 of 2.,97445,,true,false,false,Okaro,,White,,FlaSt,,84,67,12,8,3,,,,,13,1,12,Free Throw 2 of 2,1,Free Throw Made,,,,12,12,
2,6,16,Aaron Bowen makes a dunk shot.,97381,,true,false,false,Aaron,,Bowen,,GTown,,84,69,12,8,3,,,,,8,2,48,Dunk Shot,3,Field Goal Made,0,0,0,44,44,
2,5,49,Aaron Thomas makes a layup shot.,116531,,true,false,false,Aaron,,Thomas,,FlaSt,,86,69,12,8,2,,,,,22,2,40,Layup Shot,3,Field Goal Made,0,0,0,12,12,
2,5,35,D'Vauntes Smith-Rivera misses a layup shot.,116788,,true,false,false,D'Vauntes,,Smith-Rivera,,GTown,,86,69,12,8,1,,,,,17,2,40,Layup Shot,4,Field Goal Missed,0,0,0,44,44,
2,5,35,D'Vauntes Smith-Rivera with an offensive rebound.,116788,,true,false,false,D'Vauntes,,Smith-Rivera,,GTown,,86,69,12,8,1,,,,,17,,,,5,Offensive Rebound,,,,44,44,
2,5,33,Reggie Cameron makes a 3-point jump shot from 23 feet out. D'Vauntes Smith-Rivera with the assist.,121497,116788,true,true,false,Reggie,D'Vauntes,Cameron,Smith-Rivera,GTown,GTown,86,72,12,8,0,,,,,6,3,45,Jump Shot,3,Field Goal Made,23,-4,23,44,44,
2,5,33,GTown take a 20-second timeout.,,,false,false,false,,,,,,,86,72,12,8,0,,,,,0,,2,Short,11,Timeout,,,,44,44,
2,5,32,Ian Miller with a lost ball turnover: Lost Ball,97446,,true,false,false,Ian,,Miller,,FlaSt,,86,72,12,8,1,,,,,14,,2,Lost Ball,7,Turnover,,,,12,12,
2,5,27,Shooting foul committed by Aaron Thomas.,116531,,true,false,false,Aaron,,Thomas,,FlaSt,,86,72,12,9,3,,,,,22,,2,Shooting,8,Foul,,,,12,12,
2,5,27,D'Vauntes Smith-Rivera makes free throw 1 of 2.,116788,,true,false,false,D'Vauntes,,Smith-Rivera,,GTown,,86,73,12,9,1,,,,,18,1,11,Free Throw 1 of 2,1,Free Throw Made,,,,44,44,
2,5,27,D'Vauntes Smith-Rivera makes free throw 2 of 2.,116788,,true,false,false,D'Vauntes,,Smith-Rivera,,GTown,,86,74,12,9,1,,,,,19,1,12,Free Throw 2 of 2,1,Free Throw Made,,,,44,44,
2,5,17,Okaro White with a lost ball turnover: Lost Ball,97445,,true,false,false,Okaro,,White,,FlaSt,,86,74,12,9,3,,,,,13,,2,Lost Ball,7,Turnover,,,,12,12,
2,5,12,Jabril Trawick misses a layup shot.,110380,,true,false,false,Jabril,,Trawick,,GTown,,86,74,12,9,3,,,,,14,2,40,Layup Shot,4,Field Goal Missed,0,0,0,44,44,
2,5,12,Nate Lubick with an offensive rebound.,97382,,true,false,false,Nate,,Lubick,,GTown,,86,74,12,9,1,,,,,5,,,,5,Offensive Rebound,,,,44,44,
2,5,10,Nate Lubick misses a tip shot from 4 feet out.,97382,,true,false,false,Nate,,Lubick,,GTown,,86,74,12,9,1,,,,,5,2,53,Tip Shot,4,Field Goal Missed,4,-2.5,3.6,44,44,
2,5,10,Markel Starks with an offensive rebound.,97383,,true,false,false,Markel,,Starks,,GTown,,86,74,12,9,3,,,,,16,,,,5,Offensive Rebound,,,,44,44,
2,5,05,Offensive foul committed by Jabril Trawick.,110380,,true,false,false,Jabril,,Trawick,,GTown,,86,74,13,9,4,,,,,14,,4,Offensive,8,Foul,,,,44,44,
2,5,05,Jabril Trawick is charged with a turnover due to a foul.,110380,,true,false,false,Jabril,,Trawick,,GTown,,86,74,13,9,4,,,,,14,,5,Offensive Foul-Charge,7,Turnover,,,,44,44,
2,5,00,Shooting foul committed by D'Vauntes Smith-Rivera.,116788,,true,false,false,D'Vauntes,,Smith-Rivera,,GTown,,86,74,14,9,2,,,,,19,,2,Shooting,8,Foul,,,,44,44,
2,5,00,Aaron Thomas makes free throw 1 of 2.,116531,,true,false,false,Aaron,,Thomas,,FlaSt,,87,74,14,9,3,,,,,23,1,11,Free Throw 1 of 2,1,Free Throw Made,,,,12,12,
2,5,00,Aaron Thomas makes free throw 2 of 2.,116531,,true,false,false,Aaron,,Thomas,,FlaSt,,88,74,14,9,3,,,,,24,1,12,Free Throw 2 of 2,1,Free Throw Made,,,,12,12,
2,4,49,Jabril Trawick misses a 3-point jump shot from 23 feet out.,110380,,true,false,false,Jabril,,Trawick,,GTown,,88,74,14,9,4,,,,,14,3,45,Jump Shot,4,Field Goal Missed,23,-18.8,13,44,44,
2,4,49,Aaron Thomas with a defensive rebound.,116531,,true,false,false,Aaron,,Thomas,,FlaSt,,88,74,14,9,3,,,,,24,,,,6,Defensive Rebound,,,,12,12,
2,4,32,Personal foul committed by Nate Lubick.,97382,,true,false,false,Nate,,Lubick,,GTown,,88,74,15,9,2,,,,,5,,1,Personal,8,Foul,,,,44,44,
2,4,32,Devon Bookert misses free throw 1 of 2.,116526,,true,false,false,Devon,,Bookert,,FlaSt,,88,74,15,9,2,,,,,21,1,11,Free Throw 1 of 2,2,Free Throw Missed,,,,12,12,
2,4,32,FlaSt with an offensive rebound.,,,false,false,false,,,,,,,88,74,15,9,0,,,,,0,,,,5,Offensive Rebound,,,,12,12,
2,4,32,Devon Bookert makes free throw 2 of 2.,116526,,true,false,false,Devon,,Bookert,,FlaSt,,89,74,15,9,2,,,,,22,1,12,Free Throw 2 of 2,1,Free Throw Made,,,,12,12,
2,4,25,Markel Starks with a traveling turnover: Traveling,97383,,true,false,false,Markel,,Starks,,GTown,,89,74,15,9,3,,,,,16,,4,Traveling,7,Turnover,,,,44,44,
2,4,02,Aaron Thomas with a lost ball turnover: Lost Ball,116531,,true,false,false,Aaron,,Thomas,,FlaSt,,89,74,15,9,3,,,,,24,,2,Lost Ball,7,Turnover,,,,12,12,
2,3,55,Personal foul committed by Aaron Thomas.,116531,,true,false,false,Aaron,,Thomas,,FlaSt,,89,74,15,10,4,,,,,24,,1,Personal,8,Foul,,,,12,12,
2,3,55,Official TV timeout.,,,false,false,false,,,,,,,89,74,15,10,0,,,,,0,,3,Official TV,11,Timeout,,,,12,12,
2,3,55,Markel Starks makes free throw 1 of 2.,97383,,true,false,false,Markel,,Starks,,GTown,,89,75,15,10,3,,,,,17,1,11,Free Throw 1 of 2,1,Free Throw Made,,,,44,44,
2,3,55,Markel Starks makes free throw 2 of 2.,97383,,true,false,false,Markel,,Starks,,GTown,,89,76,15,10,3,,,,,18,1,12,Free Throw 2 of 2,1,Free Throw Made,,,,44,44,
2,3,47,FlaSt take a 20-second timeout.,,,false,false,false,,,,,,,89,76,15,10,0,,,,,0,,2,Short,11,Timeout,,,,12,12,
2,3,25,Ian Miller makes a jump shot from 15 feet out.,97446,,true,false,false,Ian,,Miller,,FlaSt,,91,76,15,10,1,,,,,16,2,45,Jump Shot,3,Field Goal Made,15,5.9,13.5,12,12,
2,3,10,Markel Starks makes a 3-point jump shot from 23 feet out. Jabril Trawick with the assist.,97383,110380,true,true,false,Markel,Jabril,Starks,Trawick,GTown,GTown,91,79,15,10,3,,,,,21,3,45,Jump Shot,3,Field Goal Made,23,19.1,13.3,44,44,
2,2,26,Shooting foul committed by Nate Lubick.,97382,,true,false,false,Nate,,Lubick,,GTown,,91,79,16,10,3,,,,,5,,2,Shooting,8,Foul,,,,44,44,
2,2,26,Ian Miller makes free throw 1 of 2.,97446,,true,false,false,Ian,,Miller,,FlaSt,,92,79,16,10,1,,,,,17,1,11,Free Throw 1 of 2,1,Free Throw Made,,,,12,12,
2,2,26,Ian Miller makes free throw 2 of 2.,97446,,true,false,false,Ian,,Miller,,FlaSt,,93,79,16,10,1,,,,,18,1,12,Free Throw 2 of 2,1,Free Throw Made,,,,12,12,
2,2,15,D'Vauntes Smith-Rivera misses a 3-point jump shot from 23 feet out.,116788,,true,false,false,D'Vauntes,,Smith-Rivera,,GTown,,93,79,16,10,2,,,,,19,3,45,Jump Shot,4,Field Goal Missed,23,16.6,15.7,44,44,
2,2,15,Okaro White with a defensive rebound.,97445,,true,false,false,Okaro,,White,,FlaSt,,93,79,16,10,3,,,,,13,,,,6,Defensive Rebound,,,,12,12,
2,2,01,Ian Miller with a bad pass turnover: Bad Pass,97446,,true,false,false,Ian,,Miller,,FlaSt,,93,79,16,10,1,,,,,18,,1,Bad Pass,7,Turnover,,,,12,12,
2,1,57,Aaron Bowen makes a dunk shot. Markel Starks with the assist.,97381,97383,true,true,false,Aaron,Markel,Bowen,Starks,GTown,GTown,93,81,16,10,3,,,,,10,2,48,Dunk Shot,3,Field Goal Made,0,0,0,44,44,
2,1,24,Personal foul committed by Aaron Bowen.,97381,,true,false,false,Aaron,,Bowen,,GTown,,93,81,17,10,4,,,,,10,,1,Personal,8,Foul,,,,44,44,
2,1,24,Technical foul committed by Ian Miller.,97446,,true,false,false,Ian,,Miller,,FlaSt,,93,81,17,11,2,,,,,18,,11,Technical,8,Foul,,,,12,12,
2,1,24,Devon Bookert makes free throw 1 of 2.,116526,,true,false,false,Devon,,Bookert,,FlaSt,,94,81,17,11,2,,,,,23,1,11,Free Throw 1 of 2,1,Free Throw Made,,,,12,12,
2,1,24,Devon Bookert makes free throw 2 of 2.,116526,,true,false,false,Devon,,Bookert,,FlaSt,,95,81,17,11,2,,,,,24,1,12,Free Throw 2 of 2,1,Free Throw Made,,,,12,12,
2,1,24,Markel Starks makes free throw technical.,97383,,true,false,false,Markel,,Starks,,GTown,,95,82,17,11,3,,,,,22,1,16,Free Throw Technical,1,Free Throw Made,,,,44,44,
2,1,24,Markel Starks makes free throw technical.,97383,,true,false,false,Markel,,Starks,,GTown,,95,83,17,11,3,,,,,23,1,16,Free Throw Technical,1,Free Throw Made,,,,44,44,
2,1,20,Personal foul committed by Devon Bookert.,116526,,true,false,false,Devon,,Bookert,,FlaSt,,95,83,17,12,3,,,,,24,,1,Personal,8,Foul,,,,12,12,
2,1,20,Markel Starks makes free throw 1 of 2.,97383,,true,false,false,Markel,,Starks,,GTown,,95,84,17,12,3,,,,,24,1,11,Free Throw 1 of 2,1,Free Throw Made,,,,44,44,
2,1,20,Markel Starks makes free throw 2 of 2.,97383,,true,false,false,Markel,,Starks,,GTown,,95,85,17,12,3,,,,,25,1,12,Free Throw 2 of 2,1,Free Throw Made,,,,44,44,
2,1,03,FlaSt take a 20-second timeout.,,,false,false,false,,,,,,,95,85,17,12,0,,,,,0,,2,Short,11,Timeout,,,,12,12,
2,0,57.2,Personal foul committed by Aaron Bowen.,97381,,true,false,false,Aaron,,Bowen,,GTown,,95,85,18,12,5,,,,,10,,1,Personal,8,Foul,,,,44,44,
2,0,57.2,Aaron Thomas makes free throw 1 of 2.,116531,,true,false,false,Aaron,,Thomas,,FlaSt,,96,85,18,12,4,,,,,25,1,11,Free Throw 1 of 2,1,Free Throw Made,,,,12,12,
2,0,57.2,Aaron Thomas makes free throw 2 of 2.,116531,,true,false,false,Aaron,,Thomas,,FlaSt,,97,85,18,12,4,,,,,26,1,12,Free Throw 2 of 2,1,Free Throw Made,,,,12,12,
2,0,51.0,D'Vauntes Smith-Rivera makes a 3-point jump shot from 24 feet out.,116788,,true,false,false,D'Vauntes,,Smith-Rivera,,GTown,,97,88,18,12,2,,,,,22,3,45,Jump Shot,3,Field Goal Made,24,1.8,23.9,44,44,
2,0,46.6,Personal foul committed by Nate Lubick.,97382,,true,false,false,Nate,,Lubick,,GTown,,97,88,19,12,4,,,,,5,,1,Personal,8,Foul,,,,44,44,
2,0,46.6,Montay Brandon misses free throw 1 of 2.,116527,,true,false,false,Montay,,Brandon,,FlaSt,,97,88,19,12,0,,,,,3,1,11,Free Throw 1 of 2,2,Free Throw Missed,,,,12,12,
2,0,46.6,FlaSt with an offensive rebound.,,,false,false,false,,,,,,,97,88,19,12,0,,,,,0,,,,5,Offensive Rebound,,,,12,12,
2,0,46.6,Montay Brandon makes free throw 2 of 2.,116527,,true,false,false,Montay,,Brandon,,FlaSt,,98,88,19,12,0,,,,,4,1,12,Free Throw 2 of 2,1,Free Throw Made,,,,12,12,
2,0,41.7,Markel Starks makes a layup shot.,97383,,true,false,false,Markel,,Starks,,GTown,,98,90,19,12,3,,,,,27,2,40,Layup Shot,3,Field Goal Made,0,0,0,44,44,
2,0,41.7,GTown take a 20-second timeout.,,,false,false,false,,,,,,,98,90,19,12,0,,,,,0,,2,Short,11,Timeout,,,,44,44,
2,0,39.3,Montay Brandon makes a dunk shot. Boris Bojanovsky with the assist.,116527,116525,true,true,false,Montay,Boris,Brandon,Bojanovsky,FlaSt,FlaSt,100,90,19,12,0,,,,,6,2,48,Dunk Shot,3,Field Goal Made,0,0,0,12,12,
2,0,37.3,Markel Starks misses a layup shot.,97383,,true,false,false,Markel,,Starks,,GTown,,100,90,19,12,3,,,,,27,2,40,Layup Shot,4,Field Goal Missed,0,0,0,44,44,
2,0,37.3,Jabril Trawick with an offensive rebound.,110380,,true,false,false,Jabril,,Trawick,,GTown,,100,90,19,12,4,,,,,14,,,,5,Offensive Rebound,,,,44,44,
2,0,37.3,Jabril Trawick misses a tip shot from 3 feet out.,110380,,true,false,false,Jabril,,Trawick,,GTown,,100,90,19,12,4,,,,,14,2,53,Tip Shot,4,Field Goal Missed,3,-1,2,44,44,
2,0,37.3,Boris Bojanovsky with a defensive rebound.,116525,,true,false,false,Boris,,Bojanovsky,,FlaSt,,100,90,19,12,3,,,,,5,,,,6,Defensive Rebound,,,,12,12,
2,0,32.3,Personal foul committed by John Caprio.,100383,,true,false,false,John,,Caprio,,GTown,,100,90,20,12,1,,,,,0,,1,Personal,8,Foul,,,,44,44,
2,0,32.3,Boris Bojanovsky makes free throw 1 of 2.,116525,,true,false,false,Boris,,Bojanovsky,,FlaSt,,101,90,20,12,3,,,,,6,1,11,Free Throw 1 of 2,1,Free Throw Made,,,,12,12,
2,0,32.3,Boris Bojanovsky misses free throw 2 of 2.,116525,,true,false,false,Boris,,Bojanovsky,,FlaSt,,101,90,20,12,3,,,,,6,1,12,Free Throw 2 of 2,2,Free Throw Missed,,,,12,12,
2,0,32.3,D'Vauntes Smith-Rivera with a defensive rebound.,116788,,true,false,false,D'Vauntes,,Smith-Rivera,,GTown,,101,90,20,12,2,,,,,22,,,,6,Defensive Rebound,,,,44,44,
2,0,26.9,D'Vauntes Smith-Rivera misses a 3-point jump shot from 23 feet out.,116788,,true,false,false,D'Vauntes,,Smith-Rivera,,GTown,,101,90,20,12,2,,,,,22,3,45,Jump Shot,4,Field Goal Missed,23,3.8,22.7,44,44,
2,0,26.9,Boris Bojanovsky with a defensive rebound.,116525,,true,false,false,Boris,,Bojanovsky,,FlaSt,,101,90,20,12,3,,,,,6,,,,6,Defensive Rebound,,,,12,12,
2,0,00,End of the 2nd Half,,,false,false,false,,,,,,,101,90,20,12,0,,,,,0,,,,15,End Period,,,,12,12,
2,0,00,End of the Game,,,false,false,false,,,,,,,101,90,20,12,0,,,,,0,,,,19,Game Over,,,,12,12,
