half,time-minutes,time-seconds,details,player1-id,player2-id,player1-linkable,player2-linkable,player3-linkable,player-first-name-1,player-first-name-2,player-last-name-1,player-last-name-2,player-team-alias-1,player-team-alias-2,home-score,visitor-score,visitor-fouls,home-fouls,player-fouls,fastbreak,in-paint,second-chance,off-turnover,player-score,points-type,detail-id,detail-desc,event-id,event-desc,distance,x-coord,y-coord,team-id-1,team-id-2,team-id-3
1,20,00,Start of the 1st Half,,,false,false,false,,,,,,,0,0,0,0,0,,,,,0,,,,14,Start Period,,,,43,43,
1,19,49,Langston Galloway makes a jump shot from 19 feet out.,97288,,true,false,false,Langston,,Galloway,,StJoes,,0,2,0,0,0,,,,,2,2,45,Jump Shot,3,Field Goal Made,19,15.9,10.4,39,39,
1,19,26,Shabazz Napier misses a 3-point jump shot from 25 feet out.,97562,,true,false,false,Shabazz,,Napier,,UConn,,0,2,0,0,0,,,,,0,3,45,Jump Shot,4,Field Goal Missed,25,.4,24.7,43,43,
1,19,26,Halil Kanacevic with a defensive rebound.,89163,,true,false,false,Halil,,Kanacevic,,StJoes,,0,2,0,0,0,,,,,0,,,,6,Defensive Rebound,,,,39,39,
1,19,10,"Ronald Roberts, Jr. with a lost ball turnover: Lost Ball",97290,,true,false,false,Ronald,,"Roberts, Jr.",,StJoes,,0,2,0,0,0,,,,,0,,2,Lost Ball,7,Turnover,,,,39,39,
1,19,02,Ryan Boatright makes a jump shot from 15 feet out.,110092,,true,false,false,Ryan,,Boatright,,UConn,,2,2,0,0,0,,,,,2,2,45,Jump Shot,3,Field Goal Made,15,-.9,15.4,43,43,
1,18,44,"Ronald Roberts, Jr. makes a layup shot. Halil Kanacevic with the assist.",97290,89163,true,true,false,Ronald,Halil,"Roberts, Jr.",Kanacevic,StJoes,StJoes,2,4,0,0,0,,,,,2,2,40,Layup Shot,3,Field Goal Made,0,0,0,39,39,
1,18,25,Phillip Nolan misses a hook shot from 6 feet out.,116513,,true,false,false,Phillip,,Nolan,,UConn,,2,4,0,0,0,,,,,0,2,55,Hook Shot,4,Field Goal Missed,6,-4.7,4.2,43,43,
1,18,25,Langston Galloway with a defensive rebound.,97288,,true,false,false,Langston,,Galloway,,StJoes,,2,4,0,0,0,,,,,2,,,,6,Defensive Rebound,,,,39,39,
1,18,17,Shooting foul committed by Niels Giffey.,100163,,true,false,false,Niels,,Giffey,,UConn,,2,4,0,1,1,,,,,0,,2,Shooting,8,Foul,,,,43,43,
1,18,17,DeAndre Bembry makes free throw 1 of 2.,122126,,true,false,false,DeAndre,,Bembry,,StJoes,,2,5,0,1,0,,,,,1,1,11,Free Throw 1 of 2,1,Free Throw Made,,,,39,39,
1,18,17,DeAndre Bembry makes free throw 2 of 2.,122126,,true,false,false,DeAndre,,Bembry,,StJoes,,2,6,0,1,0,,,,,2,1,12,Free Throw 2 of 2,1,Free Throw Made,,,,39,39,
1,18,03,Shabazz Napier misses a jump shot from 18 feet out.,97562,,true,false,false,Shabazz,,Napier,,UConn,,2,6,0,1,0,,,,,0,2,45,Jump Shot,4,Field Goal Missed,18,-15.1,9.3,43,43,
1,18,03,Halil Kanacevic with a defensive rebound.,89163,,true,false,false,Halil,,Kanacevic,,StJoes,,2,6,0,1,0,,,,,0,,,,6,Defensive Rebound,,,,39,39,
1,17,53,Personal foul committed by DeAndre Daniels.,110093,,true,false,false,DeAndre,,Daniels,,UConn,,2,6,0,2,1,,,,,0,,1,Personal,8,Foul,,,,43,43,
1,17,53,Langston Galloway misses a 3-point jump shot from 23 feet out.,97288,,true,false,false,Langston,,Galloway,,StJoes,,2,6,0,2,0,,,,,2,3,45,Jump Shot,4,Field Goal Missed,23,22.7,4.3,39,39,
1,17,53,Amida Brimah with a defensive rebound.,121150,,true,false,false,Amida,,Brimah,,UConn,,2,6,0,2,0,,,,,0,,,,6,Defensive Rebound,,,,43,43,
1,17,43,Niels Giffey misses a jump shot from 6 feet out.,100163,,true,false,false,Niels,,Giffey,,UConn,,2,6,0,2,1,,,,,0,2,45,Jump Shot,4,Field Goal Missed,6,-2.5,5.7,43,43,
1,17,43,Amida Brimah with an offensive rebound.,121150,,true,false,false,Amida,,Brimah,,UConn,,2,6,0,2,0,,,,,0,,,,5,Offensive Rebound,,,,43,43,
1,17,40,Amida Brimah makes a layup shot.,121150,,true,false,false,Amida,,Brimah,,UConn,,4,6,0,2,0,,,,,2,2,40,Layup Shot,3,Field Goal Made,0,0,0,43,43,
1,17,20,"Ronald Roberts, Jr. makes a dunk shot. Halil Kanacevic with the assist.",97290,89163,true,true,false,Ronald,Halil,"Roberts, Jr.",Kanacevic,StJoes,StJoes,4,8,0,2,0,,,,,4,2,48,Dunk Shot,3,Field Goal Made,0,0,0,39,39,
1,16,49,Ryan Boatright makes a 3-point jump shot from 23 feet out. Shabazz Napier with the assist.,110092,97562,true,true,false,Ryan,Shabazz,Boatright,Napier,UConn,UConn,7,8,0,2,0,,,,,5,3,45,Jump Shot,3,Field Goal Made,23,-22.2,6,43,43,
1,16,33,Chris Wilson misses a layup shot.,110201,,true,false,false,Chris,,Wilson,,StJoes,,7,8,0,2,0,,,,,0,2,40,Layup Shot,4,Field Goal Missed,0,0,0,39,39,
1,16,33,Shabazz Napier with a defensive rebound.,97562,,true,false,false,Shabazz,,Napier,,UConn,,7,8,0,2,0,,,,,0,,,,6,Defensive Rebound,,,,43,43,
1,16,29,Ryan Boatright misses a layup shot.,110092,,true,false,false,Ryan,,Boatright,,UConn,,7,8,0,2,0,,,,,5,2,40,Layup Shot,4,Field Goal Missed,0,0,0,43,43,
1,16,29,Niels Giffey with an offensive rebound.,100163,,true,false,false,Niels,,Giffey,,UConn,,7,8,0,2,1,,,,,0,,,,5,Offensive Rebound,,,,43,43,
1,16,26,Niels Giffey makes a layup shot.,100163,,true,false,false,Niels,,Giffey,,UConn,,9,8,0,2,1,,,,,2,2,40,Layup Shot,3,Field Goal Made,0,0,0,43,43,
1,16,03,DeAndre Bembry makes a jump shot from 8 feet out.,122126,,true,false,false,DeAndre,,Bembry,,StJoes,,9,10,0,2,0,,,,,4,2,45,Jump Shot,3,Field Goal Made,8,7.6,2.8,39,39,
1,15,46,DeAndre Daniels misses a 3-point jump shot from 24 feet out.,110093,,true,false,false,DeAndre,,Daniels,,UConn,,9,10,0,2,1,,,,,0,3,45,Jump Shot,4,Field Goal Missed,24,-15.4,17.9,43,43,
1,15,46,StJoes with a defensive rebound.,,,false,false,false,,,,,,,9,10,0,2,0,,,,,0,,,,6,Defensive Rebound,,,,39,39,
1,15,44,Personal foul committed by Amida Brimah.,121150,,true,false,false,Amida,,Brimah,,UConn,,9,10,0,3,1,,,,,2,,1,Personal,8,Foul,,,,43,43,
1,15,44,Official TV timeout.,,,false,false,false,,,,,,,9,10,0,3,0,,,,,0,,3,Official TV,11,Timeout,,,,43,43,
1,15,11,Halil Kanacevic misses a 3-point jump shot from 24 feet out.,89163,,true,false,false,Halil,,Kanacevic,,StJoes,,9,10,0,3,0,,,,,0,3,45,Jump Shot,4,Field Goal Missed,24,7.6,23.2,39,39,
1,15,11,Shabazz Napier with a defensive rebound.,97562,,true,false,false,Shabazz,,Napier,,UConn,,9,10,0,3,0,,,,,0,,,,6,Defensive Rebound,,,,43,43,
1,14,48,Ryan Boatright with a bad pass turnover: Bad Pass,110092,,true,false,false,Ryan,,Boatright,,UConn,,9,10,0,3,0,,,,,5,,1,Bad Pass,7,Turnover,,,,43,43,
1,14,38,DeAndre Bembry with a lost ball turnover: Lost Ball,122126,,true,false,false,DeAndre,,Bembry,,StJoes,,9,10,0,3,0,,,,,4,,2,Lost Ball,7,Turnover,,,,39,39,
1,14,32,Lasan Kromah makes a layup shot.,88818,,true,false,false,Lasan,,Kromah,,UConn,,11,10,0,3,0,,,,,2,2,40,Layup Shot,3,Field Goal Made,0,0,0,43,43,
1,14,16,"Ronald Roberts, Jr. misses a jump shot from 5 feet out.",97290,,true,false,false,Ronald,,"Roberts, Jr.",,StJoes,,11,10,0,3,0,,,,,4,2,45,Jump Shot,4,Field Goal Missed,5,1.4,5,39,39,
1,14,16,"Ronald Roberts, Jr. with an offensive rebound.",97290,,true,false,false,Ronald,,"Roberts, Jr.",,StJoes,,11,10,0,3,0,,,,,4,,,,5,Offensive Rebound,,,,39,39,
1,14,10,"Ronald Roberts, Jr. makes a dunk shot.",97290,,true,false,false,Ronald,,"Roberts, Jr.",,StJoes,,11,12,0,3,0,,,,,6,2,48,Dunk Shot,3,Field Goal Made,0,0,0,39,39,
1,13,47,Personal foul committed by Langston Galloway.,97288,,true,false,false,Langston,,Galloway,,StJoes,,11,12,1,3,1,,,,,2,,1,Personal,8,Foul,,,,39,39,
1,13,46,Shabazz Napier makes a 3-point jump shot from 24 feet out. Lasan Kromah with the assist.,97562,88818,true,true,false,Shabazz,Lasan,Napier,Kromah,UConn,UConn,14,12,1,3,0,,,,,3,3,45,Jump Shot,3,Field Goal Made,24,-21.7,9.1,43,43,
1,13,30,Chris Wilson misses a jump shot from 19 feet out.,110201,,true,false,false,Chris,,Wilson,,StJoes,,14,12,1,3,0,,,,,0,2,45,Jump Shot,4,Field Goal Missed,19,-4.8,18.3,39,39,
1,13,30,Niels Giffey with a defensive rebound.,100163,,true,false,false,Niels,,Giffey,,UConn,,14,12,1,3,1,,,,,2,,,,6,Defensive Rebound,,,,43,43,
1,13,10,Ryan Boatright misses a jump shot from 15 feet out.,110092,,true,false,false,Ryan,,Boatright,,UConn,,14,12,1,3,0,,,,,5,2,45,Jump Shot,4,Field Goal Missed,15,.6,15.4,43,43,
1,13,10,Halil Kanacevic with a defensive rebound.,89163,,true,false,false,Halil,,Kanacevic,,StJoes,,14,12,1,3,0,,,,,0,,,,6,Defensive Rebound,,,,39,39,
1,12,59,Langston Galloway makes a 3-point jump shot from 23 feet out. Halil Kanacevic with the assist.,97288,89163,true,true,false,Langston,Halil,Galloway,Kanacevic,StJoes,StJoes,14,15,1,3,1,,,,,5,3,45,Jump Shot,3,Field Goal Made,23,-22.7,2.3,39,39,
1,12,42,Niels Giffey misses a 3-point jump shot from 24 feet out.,100163,,true,false,false,Niels,,Giffey,,UConn,,14,15,1,3,1,,,,,2,3,45,Jump Shot,4,Field Goal Missed,24,-20.8,11.1,43,43,
1,12,42,DeAndre Bembry with a defensive rebound.,122126,,true,false,false,DeAndre,,Bembry,,StJoes,,14,15,1,3,0,,,,,4,,,,6,Defensive Rebound,,,,39,39,
1,12,28,Langston Galloway with a lost ball turnover: Lost Ball,97288,,true,false,false,Langston,,Galloway,,StJoes,,14,15,1,3,1,,,,,5,,2,Lost Ball,7,Turnover,,,,39,39,
1,12,23,Niels Giffey makes a layup shot. Amida Brimah with the assist.,100163,121150,true,true,false,Niels,Amida,Giffey,Brimah,UConn,UConn,16,15,1,3,1,,,,,4,2,40,Layup Shot,3,Field Goal Made,0,0,0,43,43,
1,12,05,Halil Kanacevic with a traveling turnover: Traveling,89163,,true,false,false,Halil,,Kanacevic,,StJoes,,16,15,1,3,0,,,,,0,,4,Traveling,7,Turnover,,,,39,39,
1,11,51,Shabazz Napier misses a jump shot from 16 feet out.,97562,,true,false,false,Shabazz,,Napier,,UConn,,16,15,1,3,0,,,,,3,2,45,Jump Shot,4,Field Goal Missed,16,1.6,16.2,43,43,
1,11,51,Chris Wilson with a defensive rebound.,110201,,true,false,false,Chris,,Wilson,,StJoes,,16,15,1,3,0,,,,,0,,,,6,Defensive Rebound,,,,39,39,
1,11,38,Langston Galloway makes a 3-point jump shot from 25 feet out. Chris Wilson with the assist.,97288,110201,true,true,false,Langston,Chris,Galloway,Wilson,StJoes,StJoes,16,18,1,3,1,,,,,8,3,45,Jump Shot,3,Field Goal Made,25,22,11.1,39,39,
1,11,06,Omar Calhoun with a lost ball turnover: Lost Ball,116512,,true,false,false,Omar,,Calhoun,,UConn,,16,18,1,3,0,,,,,0,,2,Lost Ball,7,Turnover,,,,43,43,
1,10,56,Personal foul committed by Omar Calhoun.,116512,,true,false,false,Omar,,Calhoun,,UConn,,16,18,1,4,1,,,,,0,,1,Personal,8,Foul,,,,43,43,
1,10,56,Official TV timeout.,,,false,false,false,,,,,,,16,18,1,4,0,,,,,0,,3,Official TV,11,Timeout,,,,43,43,
1,10,40,"Ronald Roberts, Jr. makes a dunk shot. DeAndre Bembry with the assist.",97290,122126,true,true,false,Ronald,DeAndre,"Roberts, Jr.",Bembry,StJoes,StJoes,16,20,1,4,0,,,,,8,2,48,Dunk Shot,3,Field Goal Made,0,0,0,39,39,
1,10,09,Shabazz Napier misses a jump shot from 14 feet out.,97562,,true,false,false,Shabazz,,Napier,,UConn,,16,20,1,4,0,,,,,3,2,45,Jump Shot,4,Field Goal Missed,14,9.6,9.9,43,43,
1,10,09,Chris Wilson with a defensive rebound.,110201,,true,false,false,Chris,,Wilson,,StJoes,,16,20,1,4,0,,,,,0,,,,6,Defensive Rebound,,,,39,39,
1,9,50,DeAndre Bembry misses a 3-point jump shot from 26 feet out.,122126,,true,false,false,DeAndre,,Bembry,,StJoes,,16,20,1,4,0,,,,,4,3,45,Jump Shot,4,Field Goal Missed,26,-21.7,13.7,39,39,
1,9,50,Terrence Samuel with a defensive rebound.,121152,,true,false,false,Terrence,,Samuel,,UConn,,16,20,1,4,0,,,,,0,,,,6,Defensive Rebound,,,,43,43,
1,9,33,Personal foul committed by Halil Kanacevic.,89163,,true,false,false,Halil,,Kanacevic,,StJoes,,16,20,2,4,1,,,,,0,,1,Personal,8,Foul,,,,39,39,
1,9,22,Phillip Nolan makes a layup shot. Niels Giffey with the assist.,116513,100163,true,true,false,Phillip,Niels,Nolan,Giffey,UConn,UConn,18,20,2,4,0,,,,,2,2,40,Layup Shot,3,Field Goal Made,0,0,0,43,43,
1,8,47,Langston Galloway makes a jump shot from 20 feet out.,97288,,true,false,false,Langston,,Galloway,,StJoes,,18,22,2,4,1,,,,,10,2,45,Jump Shot,3,Field Goal Made,20,10.6,16.4,39,39,
1,8,25,Phillip Nolan misses a hook shot from 6 feet out.,116513,,true,false,false,Phillip,,Nolan,,UConn,,18,22,2,4,0,,,,,2,2,55,Hook Shot,4,Field Goal Missed,6,-.8,5.5,43,43,
1,8,25,Langston Galloway with a defensive rebound.,97288,,true,false,false,Langston,,Galloway,,StJoes,,18,22,2,4,1,,,,,10,,,,6,Defensive Rebound,,,,39,39,
1,8,16,DeAndre Bembry makes a layup shot. Langston Galloway with the assist.,122126,97288,true,true,false,DeAndre,Langston,Bembry,Galloway,StJoes,StJoes,18,24,2,4,0,,,,,6,2,40,Layup Shot,3,Field Goal Made,0,0,0,39,39,
1,8,15,Shooting foul committed by Terrence Samuel.,121152,,true,false,false,Terrence,,Samuel,,UConn,,18,24,2,5,1,,,,,0,,2,Shooting,8,Foul,,,,43,43,
1,8,15,DeAndre Bembry makes free throw 1 of 1.,122126,,true,false,false,DeAndre,,Bembry,,StJoes,,18,25,2,5,0,,,,,7,1,10,Free Throw 1 of 1,1,Free Throw Made,,,,39,39,
1,8,04,Shabazz Napier with a lost ball turnover: Lost Ball,97562,,true,false,false,Shabazz,,Napier,,UConn,,18,25,2,5,0,,,,,3,,2,Lost Ball,7,Turnover,,,,43,43,
1,7,42,Offensive foul committed by DeAndre Bembry.,122126,,true,false,false,DeAndre,,Bembry,,StJoes,,18,25,3,5,1,,,,,7,,4,Offensive,8,Foul,,,,39,39,
1,7,42,DeAndre Bembry with a  turnover:,122126,,true,false,false,DeAndre,,Bembry,,StJoes,,18,25,3,5,1,,,,,7,,,,7,Turnover,,,,39,39,
1,7,42,Official TV timeout.,,,false,false,false,,,,,,,18,25,3,5,0,,,,,0,,3,Official TV,11,Timeout,,,,43,43,
1,7,31,Shabazz Napier makes a layup shot.,97562,,true,false,false,Shabazz,,Napier,,UConn,,20,25,3,5,0,,,,,5,2,40,Layup Shot,3,Field Goal Made,0,0,0,43,43,
1,7,19,Langston Galloway makes a dunk shot. Halil Kanacevic with the assist.,97288,89163,true,true,false,Langston,Halil,Galloway,Kanacevic,StJoes,StJoes,20,27,3,5,1,,,,,12,2,48,Dunk Shot,3,Field Goal Made,0,0,0,39,39,
1,6,50,DeAndre Daniels makes a 3-point jump shot from 23 feet out. Ryan Boatright with the assist.,110093,110092,true,true,false,DeAndre,Ryan,Daniels,Boatright,UConn,UConn,23,27,3,5,1,,,,,3,3,45,Jump Shot,3,Field Goal Made,23,22.5,6.4,43,43,
1,6,30,Chris Wilson makes a 3-point jump shot from 25 feet out. Papa Ndao with the assist.,110201,110202,true,true,false,Chris,Papa,Wilson,Ndao,StJoes,StJoes,23,30,3,5,0,,,,,3,3,45,Jump Shot,3,Field Goal Made,25,16.8,17.9,39,39,
1,6,09,Amida Brimah misses a hook shot from 5 feet out.,121150,,true,false,false,Amida,,Brimah,,UConn,,23,30,3,5,1,,,,,2,2,55,Hook Shot,4,Field Goal Missed,5,.9,4.7,43,43,
1,6,09,Chris Wilson with a defensive rebound.,110201,,true,false,false,Chris,,Wilson,,StJoes,,23,30,3,5,0,,,,,3,,,,6,Defensive Rebound,,,,39,39,
1,5,58,Papa Ndao misses a 3-point jump shot from 25 feet out.,110202,,true,false,false,Papa,,Ndao,,StJoes,,23,30,3,5,0,,,,,0,3,45,Jump Shot,4,Field Goal Missed,25,11.5,22.4,39,39,
1,5,58,DeAndre Daniels with a defensive rebound.,110093,,true,false,false,DeAndre,,Daniels,,UConn,,23,30,3,5,1,,,,,3,,,,6,Defensive Rebound,,,,43,43,
1,5,39,DeAndre Daniels makes a 3-point jump shot from 24 feet out. Shabazz Napier with the assist.,110093,97562,true,true,false,DeAndre,Shabazz,Daniels,Napier,UConn,UConn,26,30,3,5,1,,,,,6,3,45,Jump Shot,3,Field Goal Made,24,-11,21.7,43,43,
1,5,28,Halil Kanacevic makes a 3-point jump shot from 23 feet out.,89163,,true,false,false,Halil,,Kanacevic,,StJoes,,26,33,3,5,1,,,,,3,3,45,Jump Shot,3,Field Goal Made,23,9.9,21,39,39,
1,5,11,Personal foul committed by Papa Ndao.,110202,,true,false,false,Papa,,Ndao,,StJoes,,26,33,4,5,1,,,,,0,,1,Personal,8,Foul,,,,39,39,
1,5,03,"Personal foul committed by Ronald Roberts, Jr..",97290,,true,false,false,Ronald,,"Roberts, Jr.",,StJoes,,26,33,5,5,1,,,,,8,,1,Personal,8,Foul,,,,39,39,
1,5,03,Shabazz Napier misses a 3-point jump shot from 24 feet out.,97562,,true,false,false,Shabazz,,Napier,,UConn,,26,33,5,5,0,,,,,5,3,45,Jump Shot,4,Field Goal Missed,24,23.6,1.3,43,43,
1,5,03,StJoes with a defensive rebound.,,,false,false,false,,,,,,,26,33,5,5,0,,,,,0,,,,6,Defensive Rebound,,,,39,39,
1,4,33,"Ronald Roberts, Jr. misses a layup shot.",97290,,true,false,false,Ronald,,"Roberts, Jr.",,StJoes,,26,33,5,5,1,,,,,8,2,40,Layup Shot,4,Field Goal Missed,0,0,0,39,39,
1,4,33,"Ronald Roberts, Jr. with an offensive rebound.",97290,,true,false,false,Ronald,,"Roberts, Jr.",,StJoes,,26,33,5,5,1,,,,,8,,,,5,Offensive Rebound,,,,39,39,
1,4,31,Shooting foul committed by Niels Giffey.,100163,,true,false,false,Niels,,Giffey,,UConn,,26,33,5,6,2,,,,,4,,2,Shooting,8,Foul,,,,43,43,
1,4,31,"Ronald Roberts, Jr. makes free throw 1 of 2.",97290,,true,false,false,Ronald,,"Roberts, Jr.",,StJoes,,26,34,5,6,1,,,,,9,1,11,Free Throw 1 of 2,1,Free Throw Made,,,,39,39,
1,4,31,"Ronald Roberts, Jr. makes free throw 2 of 2.",97290,,true,false,false,Ronald,,"Roberts, Jr.",,StJoes,,26,35,5,6,1,,,,,10,1,12,Free Throw 2 of 2,1,Free Throw Made,,,,39,39,
1,4,16,Shabazz Napier misses a layup shot.,97562,,true,false,false,Shabazz,,Napier,,UConn,,26,35,5,6,0,,,,,5,2,40,Layup Shot,4,Field Goal Missed,0,0,0,43,43,
1,4,16,Shabazz Napier with an offensive rebound.,97562,,true,false,false,Shabazz,,Napier,,UConn,,26,35,5,6,0,,,,,5,,,,5,Offensive Rebound,,,,43,43,
1,4,00,Niels Giffey misses a jump shot from 9 feet out.,100163,,true,false,false,Niels,,Giffey,,UConn,,26,35,5,6,2,,,,,4,2,45,Jump Shot,4,Field Goal Missed,9,8.8,2.8,43,43,
1,4,00,"Ronald Roberts, Jr. with a defensive rebound.",97290,,true,false,false,Ronald,,"Roberts, Jr.",,StJoes,,26,35,5,6,1,,,,,10,,,,6,Defensive Rebound,,,,39,39,
1,3,55,Personal foul committed by Amida Brimah.,121150,,true,false,false,Amida,,Brimah,,UConn,,26,35,5,7,2,,,,,2,,1,Personal,8,Foul,,,,43,43,
1,3,55,Official TV timeout.,,,false,false,false,,,,,,,26,35,5,7,0,,,,,0,,3,Official TV,11,Timeout,,,,43,43,
1,3,55,"Ronald Roberts, Jr. misses free throw 1 of 1.",97290,,true,false,false,Ronald,,"Roberts, Jr.",,StJoes,,26,35,5,7,1,,,,,10,1,10,Free Throw 1 of 1,2,Free Throw Missed,,,,39,39,
1,3,55,Phillip Nolan with a defensive rebound.,116513,,true,false,false,Phillip,,Nolan,,UConn,,26,35,5,7,0,,,,,2,,,,6,Defensive Rebound,,,,43,43,
1,3,43,Shooting foul committed by Daryus Quarles.,97289,,true,false,false,Daryus,,Quarles,,StJoes,,26,35,6,7,1,,,,,0,,2,Shooting,8,Foul,,,,39,39,
1,3,43,Phillip Nolan makes free throw 1 of 2.,116513,,true,false,false,Phillip,,Nolan,,UConn,,27,35,6,7,0,,,,,3,1,11,Free Throw 1 of 2,1,Free Throw Made,,,,43,43,
1,3,43,Phillip Nolan misses free throw 2 of 2.,116513,,true,false,false,Phillip,,Nolan,,UConn,,27,35,6,7,0,,,,,3,1,12,Free Throw 2 of 2,2,Free Throw Missed,,,,43,43,
1,3,43,Daryus Quarles with a defensive rebound.,97289,,true,false,false,Daryus,,Quarles,,StJoes,,27,35,6,7,1,,,,,0,,,,6,Defensive Rebound,,,,39,39,
1,3,16,DeAndre Bembry makes a layup shot. Langston Galloway with the assist.,122126,97288,true,true,false,DeAndre,Langston,Bembry,Galloway,StJoes,StJoes,27,37,6,7,1,,,,,9,2,40,Layup Shot,3,Field Goal Made,0,0,0,39,39,
1,2,43,Niels Giffey makes a 3-point jump shot from 23 feet out. Shabazz Napier with the assist.,100163,97562,true,true,false,Niels,Shabazz,Giffey,Napier,UConn,UConn,30,37,6,7,2,,,,,7,3,45,Jump Shot,3,Field Goal Made,23,-22.4,5.3,43,43,
1,2,19,Shooting foul committed by Phillip Nolan.,116513,,true,false,false,Phillip,,Nolan,,UConn,,30,37,6,8,1,,,,,3,,2,Shooting,8,Foul,,,,43,43,
1,2,19,DeAndre Bembry makes free throw 1 of 2.,122126,,true,false,false,DeAndre,,Bembry,,StJoes,,30,38,6,8,1,,,,,10,1,11,Free Throw 1 of 2,1,Free Throw Made,,,,39,39,
1,2,19,DeAndre Bembry makes free throw 2 of 2.,122126,,true,false,false,DeAndre,,Bembry,,StJoes,,30,39,6,8,1,,,,,11,1,12,Free Throw 2 of 2,1,Free Throw Made,,,,39,39,
1,2,07,DeAndre Daniels misses a hook shot from 4 feet out.,110093,,true,false,false,DeAndre,,Daniels,,UConn,,30,39,6,8,1,,,,,6,2,55,Hook Shot,4,Field Goal Missed,4,2.8,2.1,43,43,
1,2,07,Halil Kanacevic with a defensive rebound.,89163,,true,false,false,Halil,,Kanacevic,,StJoes,,30,39,6,8,1,,,,,3,,,,6,Defensive Rebound,,,,39,39,
1,1,53,DeAndre Bembry misses a jump shot from 10 feet out.,122126,,true,false,false,DeAndre,,Bembry,,StJoes,,30,39,6,8,1,,,,,11,2,45,Jump Shot,4,Field Goal Missed,10,-9.9,.2,39,39,
1,1,53,Phillip Nolan with a defensive rebound.,116513,,true,false,false,Phillip,,Nolan,,UConn,,30,39,6,8,1,,,,,3,,,,6,Defensive Rebound,,,,43,43,
1,1,45,Ryan Boatright misses a 3-point jump shot from 24 feet out.,110092,,true,false,false,Ryan,,Boatright,,UConn,,30,39,6,8,0,,,,,5,3,45,Jump Shot,4,Field Goal Missed,24,-11.3,21.2,43,43,
1,1,45,"Ronald Roberts, Jr. with a defensive rebound.",97290,,true,false,false,Ronald,,"Roberts, Jr.",,StJoes,,30,39,6,8,1,,,,,10,,,,6,Defensive Rebound,,,,39,39,
1,1,21,Halil Kanacevic misses a 3-point jump shot from 25 feet out.,89163,,true,false,false,Halil,,Kanacevic,,StJoes,,30,39,6,8,1,,,,,3,3,45,Jump Shot,4,Field Goal Missed,25,-15.1,19.6,39,39,
1,1,21,Shabazz Napier with a defensive rebound.,97562,,true,false,false,Shabazz,,Napier,,UConn,,30,39,6,8,0,,,,,5,,,,6,Defensive Rebound,,,,43,43,
1,1,08,Phillip Nolan makes a jump shot from 6 feet out.,116513,,true,false,false,Phillip,,Nolan,,UConn,,32,39,6,8,1,,,,,5,2,45,Jump Shot,3,Field Goal Made,6,5.5,2.1,43,43,
1,0,37.8,Personal foul committed by Niels Giffey.,100163,,true,false,false,Niels,,Giffey,,UConn,,32,39,6,9,3,,,,,7,,1,Personal,8,Foul,,,,43,43,
1,0,37.8,Chris Wilson makes free throw 1st of 1-and-1.,110201,,true,false,false,Chris,,Wilson,,StJoes,,32,40,6,9,0,,,,,4,1,8,Free Throw 1st of 1-and-1,1,Free Throw Made,,,,39,39,
1,0,37.8,Chris Wilson misses free throw 2nd of 1-and-1.,110201,,true,false,false,Chris,,Wilson,,StJoes,,32,40,6,9,0,,,,,4,1,9,Free Throw 2nd of 1-and-1,2,Free Throw Missed,,,,39,39,
1,0,37.8,Phillip Nolan with a defensive rebound.,116513,,true,false,false,Phillip,,Nolan,,UConn,,32,40,6,9,1,,,,,5,,,,6,Defensive Rebound,,,,43,43,
1,0,32.5,UConn take a 20-second timeout.,,,false,false,false,,,,,,,32,40,6,9,0,,,,,0,,2,Short,11,Timeout,,,,43,43,
1,0,12.8,Ryan Boatright makes a 3-point jump shot from 23 feet out. Shabazz Napier with the assist.,110092,97562,true,true,false,Ryan,Shabazz,Boatright,Napier,UConn,UConn,35,40,6,9,0,,,,,8,3,45,Jump Shot,3,Field Goal Made,23,-22.7,1.8,43,43,
1,0,07.6,StJoes take a 20-second timeout.,,,false,false,false,,,,,,,35,40,6,9,0,,,,,0,,2,Short,11,Timeout,,,,39,39,
1,0,02.7,DeAndre Bembry misses a 3-point jump shot from 27 feet out.,122126,,true,false,false,DeAndre,,Bembry,,StJoes,,35,40,6,9,1,,,,,11,3,45,Jump Shot,4,Field Goal Missed,27,-22.7,15.2,39,39,
1,0,02.7,UConn with a defensive rebound.,,,false,false,false,,,,,,,35,40,6,9,0,,,,,0,,,,6,Defensive Rebound,,,,43,43,
1,0,00,End of the 1st Half,,,false,false,false,,,,,,,35,40,6,9,0,,,,,0,,,,15,End Period,,,,43,43,
2,20,00,Start of the 2nd Half,,,false,false,false,,,,,,,35,40,0,0,0,,,,,0,,,,14,Start Period,,,,43,43,
2,19,48,DeAndre Daniels makes a jump shot from 6 feet out.,110093,,true,false,false,DeAndre,,Daniels,,UConn,,37,40,0,0,1,,,,,8,2,45,Jump Shot,3,Field Goal Made,6,-.3,5.7,43,43,
2,19,28,Halil Kanacevic with a lost ball turnover: Lost Ball,89163,,true,false,false,Halil,,Kanacevic,,StJoes,,37,40,0,0,1,,,,,3,,2,Lost Ball,7,Turnover,,,,39,39,
2,19,04,Phillip Nolan makes a dunk shot. Shabazz Napier with the assist.,116513,97562,true,true,false,Phillip,Shabazz,Nolan,Napier,UConn,UConn,39,40,0,0,1,,,,,7,2,48,Dunk Shot,3,Field Goal Made,0,0,0,43,43,
2,18,28,Langston Galloway misses a 3-point jump shot from 26 feet out.,97288,,true,false,false,Langston,,Galloway,,StJoes,,39,40,0,0,1,,,,,12,3,45,Jump Shot,4,Field Goal Missed,26,-15.9,20.5,39,39,
2,18,28,"Ronald Roberts, Jr. with an offensive rebound.",97290,,true,false,false,Ronald,,"Roberts, Jr.",,StJoes,,39,40,0,0,1,,,,,10,,,,5,Offensive Rebound,,,,39,39,
2,18,21,"Ronald Roberts, Jr. with a traveling turnover: Traveling",97290,,true,false,false,Ronald,,"Roberts, Jr.",,StJoes,,39,40,0,0,1,,,,,10,,4,Traveling,7,Turnover,,,,39,39,
2,18,05,Offensive foul committed by Phillip Nolan.,116513,,true,false,false,Phillip,,Nolan,,UConn,,39,40,0,1,2,,,,,7,,4,Offensive,8,Foul,,,,43,43,
2,18,05,Phillip Nolan with a  turnover:,116513,,true,false,false,Phillip,,Nolan,,UConn,,39,40,0,1,2,,,,,7,,,,7,Turnover,,,,43,43,
2,17,44,Shooting foul committed by Phillip Nolan.,116513,,true,false,false,Phillip,,Nolan,,UConn,,39,40,0,2,3,,,,,7,,2,Shooting,8,Foul,,,,43,43,
2,17,44,Langston Galloway makes free throw 1 of 2.,97288,,true,false,false,Langston,,Galloway,,StJoes,,39,41,0,2,1,,,,,13,1,11,Free Throw 1 of 2,1,Free Throw Made,,,,39,39,
2,17,44,Langston Galloway makes free throw 2 of 2.,97288,,true,false,false,Langston,,Galloway,,StJoes,,39,42,0,2,1,,,,,14,1,12,Free Throw 2 of 2,1,Free Throw Made,,,,39,39,
2,17,30,Shabazz Napier misses a 3-point jump shot from 25 feet out.,97562,,true,false,false,Shabazz,,Napier,,UConn,,39,42,0,2,0,,,,,5,3,45,Jump Shot,4,Field Goal Missed,25,16.9,18.8,43,43,
2,17,30,"Ronald Roberts, Jr. with a defensive rebound.",97290,,true,false,false,Ronald,,"Roberts, Jr.",,StJoes,,39,42,0,2,1,,,,,10,,,,6,Defensive Rebound,,,,39,39,
2,17,06,Langston Galloway makes a 3-point jump shot from 25 feet out.,97288,,true,false,false,Langston,,Galloway,,StJoes,,39,45,0,2,1,,,,,17,3,45,Jump Shot,3,Field Goal Made,25,14.4,20.5,39,39,
2,16,48,DeAndre Daniels misses a jump shot from 7 feet out.,110093,,true,false,false,DeAndre,,Daniels,,UConn,,39,45,0,2,1,,,,,8,2,45,Jump Shot,4,Field Goal Missed,7,-.9,7.4,43,43,
2,16,48,"Ronald Roberts, Jr. with a defensive rebound.",97290,,true,false,false,Ronald,,"Roberts, Jr.",,StJoes,,39,45,0,2,1,,,,,10,,,,6,Defensive Rebound,,,,39,39,
2,16,34,DeAndre Bembry with a lost ball turnover: Lost Ball,122126,,true,false,false,DeAndre,,Bembry,,StJoes,,39,45,0,2,1,,,,,11,,2,Lost Ball,7,Turnover,,,,39,39,
2,16,17,Amida Brimah with a double dribble turnover: Double Dribble,121150,,true,false,false,Amida,,Brimah,,UConn,,39,45,0,2,2,,,,,2,,6,Double Dribble,7,Turnover,,,,43,43,
2,16,03,Shooting foul committed by DeAndre Daniels.,110093,,true,false,false,DeAndre,,Daniels,,UConn,,39,45,0,3,2,,,,,8,,2,Shooting,8,Foul,,,,43,43,
2,16,03,Halil Kanacevic makes free throw 1 of 2.,89163,,true,false,false,Halil,,Kanacevic,,StJoes,,39,46,0,3,1,,,,,4,1,11,Free Throw 1 of 2,1,Free Throw Made,,,,39,39,
2,16,03,Halil Kanacevic misses free throw 2 of 2.,89163,,true,false,false,Halil,,Kanacevic,,StJoes,,39,46,0,3,1,,,,,4,1,12,Free Throw 2 of 2,2,Free Throw Missed,,,,39,39,
2,16,03,Langston Galloway with an offensive rebound.,97288,,true,false,false,Langston,,Galloway,,StJoes,,39,46,0,3,1,,,,,17,,,,5,Offensive Rebound,,,,39,39,
2,15,53,Chris Wilson with a out of bounds turnover: Out of Bounds,110201,,true,false,false,Chris,,Wilson,,StJoes,,39,46,0,3,0,,,,,4,,3,Out of Bounds,7,Turnover,,,,39,39,
2,15,53,Official TV timeout.,,,false,false,false,,,,,,,39,46,0,3,0,,,,,0,,3,Official TV,11,Timeout,,,,43,43,
2,15,39,DeAndre Daniels misses a 3-point jump shot from 25 feet out.,110093,,true,false,false,DeAndre,,Daniels,,UConn,,39,46,0,3,2,,,,,8,3,45,Jump Shot,4,Field Goal Missed,25,15.7,19,43,43,
2,15,39,Amida Brimah with an offensive rebound.,121150,,true,false,false,Amida,,Brimah,,UConn,,39,46,0,3,2,,,,,2,,,,5,Offensive Rebound,,,,43,43,
2,15,34,Personal foul committed by Halil Kanacevic.,89163,,true,false,false,Halil,,Kanacevic,,StJoes,,39,46,1,3,2,,,,,4,,1,Personal,8,Foul,,,,39,39,
2,15,25,Niels Giffey makes a 3-point jump shot from 23 feet out. Ryan Boatright with the assist.,100163,110092,true,true,false,Niels,Ryan,Giffey,Boatright,UConn,UConn,42,46,1,3,3,,,,,10,3,45,Jump Shot,3,Field Goal Made,23,-23.2,-.6,43,43,
2,15,09,Halil Kanacevic misses a layup shot.,89163,,true,false,false,Halil,,Kanacevic,,StJoes,,42,46,1,3,2,,,,,4,2,40,Layup Shot,4,Field Goal Missed,0,0,0,39,39,
2,15,09,Ryan Boatright with a defensive rebound.,110092,,true,false,false,Ryan,,Boatright,,UConn,,42,46,1,3,0,,,,,8,,,,6,Defensive Rebound,,,,43,43,
2,14,56,Shabazz Napier makes a 3-point jump shot from 24 feet out.,97562,,true,false,false,Shabazz,,Napier,,UConn,,45,46,1,3,0,,,,,8,3,45,Jump Shot,3,Field Goal Made,24,-17.8,15.7,43,43,
2,14,20,"Ronald Roberts, Jr. makes a layup shot. Halil Kanacevic with the assist.",97290,89163,true,true,false,Ronald,Halil,"Roberts, Jr.",Kanacevic,StJoes,StJoes,45,48,1,3,1,,,,,12,2,40,Layup Shot,3,Field Goal Made,0,0,0,39,39,
2,14,20,Shooting foul committed by Amida Brimah.,121150,,true,false,false,Amida,,Brimah,,UConn,,45,48,1,4,3,,,,,2,,2,Shooting,8,Foul,,,,43,43,
2,14,20,"Ronald Roberts, Jr. makes free throw 1 of 1.",97290,,true,false,false,Ronald,,"Roberts, Jr.",,StJoes,,45,49,1,4,1,,,,,13,1,10,Free Throw 1 of 1,1,Free Throw Made,,,,39,39,
2,13,56,Shabazz Napier with a lost ball turnover: Lost Ball,97562,,true,false,false,Shabazz,,Napier,,UConn,,45,49,1,4,0,,,,,8,,2,Lost Ball,7,Turnover,,,,43,43,
2,13,48,Chris Wilson misses a 3-point jump shot from 24 feet out.,110201,,true,false,false,Chris,,Wilson,,StJoes,,45,49,1,4,0,,,,,4,3,45,Jump Shot,4,Field Goal Missed,24,-23.2,6.5,39,39,
2,13,48,Amida Brimah with a defensive rebound.,121150,,true,false,false,Amida,,Brimah,,UConn,,45,49,1,4,3,,,,,2,,,,6,Defensive Rebound,,,,43,43,
2,13,37,Niels Giffey misses a layup shot.,100163,,true,false,false,Niels,,Giffey,,UConn,,45,49,1,4,3,,,,,10,2,40,Layup Shot,4,Field Goal Missed,0,0,0,43,43,
2,13,37,UConn with an offensive rebound.,,,false,false,false,,,,,,,45,49,1,4,0,,,,,0,,,,5,Offensive Rebound,,,,43,43,
2,13,34,UConn with a turnover: 5 Second Violation,,,false,false,false,,,,,,,45,49,1,4,0,,,,,0,,9,5 Second Violation,7,Turnover,,,,43,43,
2,13,08,Halil Kanacevic makes a hook shot from 5 feet out.,89163,,true,false,false,Halil,,Kanacevic,,StJoes,,45,51,1,4,2,,,,,6,2,55,Hook Shot,3,Field Goal Made,5,-1.6,4.5,39,39,
2,12,54,Shabazz Napier makes a layup shot.,97562,,true,false,false,Shabazz,,Napier,,UConn,,47,51,1,4,0,,,,,10,2,40,Layup Shot,3,Field Goal Made,0,0,0,43,43,
2,12,29,DeAndre Bembry misses a 3-point jump shot from 26 feet out.,122126,,true,false,false,DeAndre,,Bembry,,StJoes,,47,51,1,4,1,,,,,11,3,45,Jump Shot,4,Field Goal Missed,26,-18.1,18.3,39,39,
2,12,29,Niels Giffey with a defensive rebound.,100163,,true,false,false,Niels,,Giffey,,UConn,,47,51,1,4,3,,,,,10,,,,6,Defensive Rebound,,,,43,43,
2,12,20,Shabazz Napier misses a jump shot from 8 feet out.,97562,,true,false,false,Shabazz,,Napier,,UConn,,47,51,1,4,0,,,,,10,2,45,Jump Shot,4,Field Goal Missed,8,-7.6,-.8,43,43,
2,12,20,UConn with an offensive rebound.,,,false,false,false,,,,,,,47,51,1,4,0,,,,,0,,,,5,Offensive Rebound,,,,43,43,
2,12,04,Personal foul committed by Chris Wilson.,110201,,true,false,false,Chris,,Wilson,,StJoes,,47,51,2,4,1,,,,,4,,1,Personal,8,Foul,,,,39,39,
2,12,02,Niels Giffey misses a 3-point jump shot from 23 feet out.,100163,,true,false,false,Niels,,Giffey,,UConn,,47,51,2,4,3,,,,,10,3,45,Jump Shot,4,Field Goal Missed,23,23.2,-.3,43,43,
2,12,02,Niels Giffey with an offensive rebound.,100163,,true,false,false,Niels,,Giffey,,UConn,,47,51,2,4,3,,,,,10,,,,5,Offensive Rebound,,,,43,43,
2,11,52,Shabazz Napier misses a layup shot.,97562,,true,false,false,Shabazz,,Napier,,UConn,,47,51,2,4,0,,,,,10,2,40,Layup Shot,4,Field Goal Missed,0,0,0,43,43,
2,11,52,Chris Wilson with a defensive rebound.,110201,,true,false,false,Chris,,Wilson,,StJoes,,47,51,2,4,1,,,,,4,,,,6,Defensive Rebound,,,,39,39,
2,11,29,Langston Galloway misses a 3-point jump shot from 26 feet out.,97288,,true,false,false,Langston,,Galloway,,StJoes,,47,51,2,4,1,,,,,17,3,45,Jump Shot,4,Field Goal Missed,26,-20.3,16.9,39,39,
2,11,29,Shabazz Napier with a defensive rebound.,97562,,true,false,false,Shabazz,,Napier,,UConn,,47,51,2,4,0,,,,,10,,,,6,Defensive Rebound,,,,43,43,
2,11,18,Amida Brimah makes a dunk shot. Ryan Boatright with the assist.,121150,110092,true,true,false,Amida,Ryan,Brimah,Boatright,UConn,UConn,49,51,2,4,3,,,,,4,2,48,Dunk Shot,3,Field Goal Made,0,0,0,43,43,
2,10,56,DeAndre Bembry with a traveling turnover: Traveling,122126,,true,false,false,DeAndre,,Bembry,,StJoes,,49,51,2,4,1,,,,,11,,4,Traveling,7,Turnover,,,,39,39,
2,10,56,Official TV timeout.,,,false,false,false,,,,,,,49,51,2,4,0,,,,,0,,3,Official TV,11,Timeout,,,,43,43,
2,10,47,Personal foul committed by Langston Galloway.,97288,,true,false,false,Langston,,Galloway,,StJoes,,49,51,3,4,2,,,,,17,,1,Personal,8,Foul,,,,39,39,
2,10,31,Terrence Samuel misses a layup shot.,121152,,true,false,false,Terrence,,Samuel,,UConn,,49,51,3,4,1,,,,,0,2,40,Layup Shot,4,Field Goal Missed,0,0,0,43,43,
2,10,31,Terrence Samuel with an offensive rebound.,121152,,true,false,false,Terrence,,Samuel,,UConn,,49,51,3,4,1,,,,,0,,,,5,Offensive Rebound,,,,43,43,
2,10,27,Terrence Samuel misses a layup shot.,121152,,true,false,false,Terrence,,Samuel,,UConn,,49,51,3,4,1,,,,,0,2,40,Layup Shot,4,Field Goal Missed,0,0,0,43,43,
2,10,27,"Ronald Roberts, Jr. with a defensive rebound.",97290,,true,false,false,Ronald,,"Roberts, Jr.",,StJoes,,49,51,3,4,1,,,,,13,,,,6,Defensive Rebound,,,,39,39,
2,9,55,DeAndre Bembry misses a tip shot from 3 feet out.,122126,,true,false,false,DeAndre,,Bembry,,StJoes,,49,51,3,4,1,,,,,11,2,53,Tip Shot,4,Field Goal Missed,3,1.3,2.3,39,39,
2,9,55,"Ronald Roberts, Jr. with an offensive rebound.",97290,,true,false,false,Ronald,,"Roberts, Jr.",,StJoes,,49,51,3,4,1,,,,,13,,,,5,Offensive Rebound,,,,39,39,
2,9,50,"Ronald Roberts, Jr. makes a layup shot.",97290,,true,false,false,Ronald,,"Roberts, Jr.",,StJoes,,49,53,3,4,1,,,,,15,2,40,Layup Shot,3,Field Goal Made,0,0,0,39,39,
2,9,33,Ryan Boatright makes a 3-point jump shot from 23 feet out.,110092,,true,false,false,Ryan,,Boatright,,UConn,,52,53,3,4,0,,,,,11,3,45,Jump Shot,3,Field Goal Made,23,-18.6,13.7,43,43,
2,9,22,Chris Wilson with a backcourt turnover turnover: Backcourt Turnover,110201,,true,false,false,Chris,,Wilson,,StJoes,,52,53,3,4,1,,,,,4,,13,Backcourt Turnover,7,Turnover,,,,39,39,
2,9,14,Shabazz Napier makes a layup shot.,97562,,true,false,false,Shabazz,,Napier,,UConn,,54,53,3,4,0,,,,,12,2,40,Layup Shot,3,Field Goal Made,0,0,0,43,43,
2,9,14,Shooting foul committed by DeAndre Bembry.,122126,,true,false,false,DeAndre,,Bembry,,StJoes,,54,53,4,4,2,,,,,11,,2,Shooting,8,Foul,,,,39,39,
2,9,14,Shabazz Napier makes free throw 1 of 1.,97562,,true,false,false,Shabazz,,Napier,,UConn,,55,53,4,4,0,,,,,13,1,10,Free Throw 1 of 1,1,Free Throw Made,,,,43,43,
2,9,02,"Ronald Roberts, Jr. misses a layup shot.",97290,,true,false,false,Ronald,,"Roberts, Jr.",,StJoes,,55,53,4,4,1,,,,,15,2,40,Layup Shot,4,Field Goal Missed,0,0,0,39,39,
2,9,02,DeAndre Bembry with an offensive rebound.,122126,,true,false,false,DeAndre,,Bembry,,StJoes,,55,53,4,4,2,,,,,11,,,,5,Offensive Rebound,,,,39,39,
2,8,57,DeAndre Bembry makes a layup shot.,122126,,true,false,false,DeAndre,,Bembry,,StJoes,,55,55,4,4,2,,,,,13,2,40,Layup Shot,3,Field Goal Made,0,0,0,39,39,
2,8,37,Lasan Kromah makes a layup shot.,88818,,true,false,false,Lasan,,Kromah,,UConn,,57,55,4,4,0,,,,,4,2,40,Layup Shot,3,Field Goal Made,0,0,0,43,43,
2,8,13,Shooting foul committed by Phillip Nolan.,116513,,true,false,false,Phillip,,Nolan,,UConn,,57,55,4,5,4,,,,,7,,2,Shooting,8,Foul,,,,43,43,
2,8,13,DeAndre Bembry misses free throw 1 of 2.,122126,,true,false,false,DeAndre,,Bembry,,StJoes,,57,55,4,5,2,,,,,13,1,11,Free Throw 1 of 2,2,Free Throw Missed,,,,39,39,
2,8,13,StJoes with an offensive rebound.,,,false,false,false,,,,,,,57,55,4,5,0,,,,,0,,,,5,Offensive Rebound,,,,39,39,
2,8,13,DeAndre Bembry makes free throw 2 of 2.,122126,,true,false,false,DeAndre,,Bembry,,StJoes,,57,56,4,5,2,,,,,14,1,12,Free Throw 2 of 2,1,Free Throw Made,,,,39,39,
2,7,51,Ryan Boatright misses a jump shot from 13 feet out.,110092,,true,false,false,Ryan,,Boatright,,UConn,,57,56,4,5,0,,,,,11,2,45,Jump Shot,4,Field Goal Missed,13,6.4,11.6,43,43,
2,7,51,Halil Kanacevic with a defensive rebound.,89163,,true,false,false,Halil,,Kanacevic,,StJoes,,57,56,4,5,2,,,,,6,,,,6,Defensive Rebound,,,,39,39,
2,7,43,Halil Kanacevic misses a layup shot.,89163,,true,false,false,Halil,,Kanacevic,,StJoes,,57,56,4,5,2,,,,,6,2,40,Layup Shot,4,Field Goal Missed,0,0,0,39,39,
2,7,43,"Ronald Roberts, Jr. with an offensive rebound.",97290,,true,false,false,Ronald,,"Roberts, Jr.",,StJoes,,57,56,4,5,1,,,,,15,,,,5,Offensive Rebound,,,,39,39,
2,7,38,Personal foul committed by Amida Brimah.,121150,,true,false,false,Amida,,Brimah,,UConn,,57,56,4,6,4,,,,,4,,1,Personal,8,Foul,,,,43,43,
2,7,38,Official TV timeout.,,,false,false,false,,,,,,,57,56,4,6,0,,,,,0,,3,Official TV,11,Timeout,,,,43,43,
2,7,24,Halil Kanacevic makes a dunk shot. DeAndre Bembry with the assist.,89163,122126,true,true,false,Halil,DeAndre,Kanacevic,Bembry,StJoes,StJoes,57,58,4,6,2,,,,,8,2,48,Dunk Shot,3,Field Goal Made,0,0,0,39,39,
2,7,09,Shabazz Napier misses a layup shot.,97562,,true,false,false,Shabazz,,Napier,,UConn,,57,58,4,6,0,,,,,13,2,40,Layup Shot,4,Field Goal Missed,0,0,0,43,43,
2,7,09,StJoes with a defensive rebound.,,,false,false,false,,,,,,,57,58,4,6,0,,,,,0,,,,6,Defensive Rebound,,,,39,39,
2,6,45,Personal foul committed by Niels Giffey.,100163,,true,false,false,Niels,,Giffey,,UConn,,57,58,4,7,4,,,,,10,,1,Personal,8,Foul,,,,43,43,
2,6,45,Halil Kanacevic makes free throw 1st of 1-and-1.,89163,,true,false,false,Halil,,Kanacevic,,StJoes,,57,59,4,7,2,,,,,9,1,8,Free Throw 1st of 1-and-1,1,Free Throw Made,,,,39,39,
2,6,45,Halil Kanacevic makes free throw 2nd of 1-and-1.,89163,,true,false,false,Halil,,Kanacevic,,StJoes,,57,60,4,7,2,,,,,10,1,9,Free Throw 2nd of 1-and-1,1,Free Throw Made,,,,39,39,
2,6,32,Ryan Boatright misses a 3-point jump shot from 23 feet out.,110092,,true,false,false,Ryan,,Boatright,,UConn,,57,60,4,7,0,,,,,11,3,45,Jump Shot,4,Field Goal Missed,23,-18.1,13.5,43,43,
2,6,32,DeAndre Bembry with a defensive rebound.,122126,,true,false,false,DeAndre,,Bembry,,StJoes,,57,60,4,7,2,,,,,14,,,,6,Defensive Rebound,,,,39,39,
2,6,11,Halil Kanacevic makes a layup shot.,89163,,true,false,false,Halil,,Kanacevic,,StJoes,,57,62,4,7,2,,,,,12,2,40,Layup Shot,3,Field Goal Made,0,0,0,39,39,
2,5,50,DeAndre Daniels makes a layup shot.,110093,,true,false,false,DeAndre,,Daniels,,UConn,,59,62,4,7,2,,,,,10,2,40,Layup Shot,3,Field Goal Made,0,0,0,43,43,
2,5,27,Langston Galloway makes a jump shot from 14 feet out.,97288,,true,false,false,Langston,,Galloway,,StJoes,,59,64,4,7,2,,,,,19,2,45,Jump Shot,3,Field Goal Made,14,-13.7,-1.5,39,39,
2,5,11,UConn take a full timeout.,,,false,false,false,,,,,,,59,64,4,7,0,,,,,0,,1,Regular,11,Timeout,,,,43,43,
2,4,55,Shabazz Napier misses a 3-point jump shot from 23 feet out.,97562,,true,false,false,Shabazz,,Napier,,UConn,,59,64,4,7,0,,,,,13,3,45,Jump Shot,4,Field Goal Missed,23,21.7,7,43,43,
2,4,55,Amida Brimah with an offensive rebound.,121150,,true,false,false,Amida,,Brimah,,UConn,,59,64,4,7,4,,,,,4,,,,5,Offensive Rebound,,,,43,43,
2,4,37,Personal foul committed by DeAndre Bembry.,122126,,true,false,false,DeAndre,,Bembry,,StJoes,,59,64,5,7,3,,,,,14,,1,Personal,8,Foul,,,,39,39,
2,4,34,Ryan Boatright makes a 3-point jump shot from 24 feet out. Lasan Kromah with the assist.,110092,88818,true,true,false,Ryan,Lasan,Boatright,Kromah,UConn,UConn,62,64,5,7,0,,,,,14,3,45,Jump Shot,3,Field Goal Made,24,-22,9.3,43,43,
2,4,03,Halil Kanacevic misses a 3-point jump shot from 24 feet out.,89163,,true,false,false,Halil,,Kanacevic,,StJoes,,62,64,5,7,2,,,,,12,3,45,Jump Shot,4,Field Goal Missed,24,-13,20,39,39,
2,4,03,DeAndre Bembry with an offensive rebound.,122126,,true,false,false,DeAndre,,Bembry,,StJoes,,62,64,5,7,3,,,,,14,,,,5,Offensive Rebound,,,,39,39,
2,4,00,DeAndre Bembry makes a layup shot.,122126,,true,false,false,DeAndre,,Bembry,,StJoes,,62,66,5,7,3,,,,,16,2,40,Layup Shot,3,Field Goal Made,0,0,0,39,39,
2,3,50,Personal foul committed by Halil Kanacevic.,89163,,true,false,false,Halil,,Kanacevic,,StJoes,,62,66,6,7,3,,,,,12,,1,Personal,8,Foul,,,,39,39,
2,3,50,Official TV timeout.,,,false,false,false,,,,,,,62,66,6,7,0,,,,,0,,3,Official TV,11,Timeout,,,,43,43,
2,3,48,Lasan Kromah misses a layup shot.,88818,,true,false,false,Lasan,,Kromah,,UConn,,62,66,6,7,0,,,,,4,2,40,Layup Shot,4,Field Goal Missed,0,0,0,43,43,
2,3,48,Lasan Kromah with an offensive rebound.,88818,,true,false,false,Lasan,,Kromah,,UConn,,62,66,6,7,0,,,,,4,,,,5,Offensive Rebound,,,,43,43,
2,3,37,Shabazz Napier misses a 3-point jump shot from 26 feet out.,97562,,true,false,false,Shabazz,,Napier,,UConn,,62,66,6,7,0,,,,,13,3,45,Jump Shot,4,Field Goal Missed,26,12.8,23,43,43,
2,3,37,Halil Kanacevic with a defensive rebound.,89163,,true,false,false,Halil,,Kanacevic,,StJoes,,62,66,6,7,3,,,,,12,,,,6,Defensive Rebound,,,,39,39,
2,3,08,Langston Galloway misses a jump shot from 15 feet out.,97288,,true,false,false,Langston,,Galloway,,StJoes,,62,66,6,7,2,,,,,19,2,45,Jump Shot,4,Field Goal Missed,15,14.5,.2,39,39,
2,3,08,Shabazz Napier with a defensive rebound.,97562,,true,false,false,Shabazz,,Napier,,UConn,,62,66,6,7,0,,,,,13,,,,6,Defensive Rebound,,,,43,43,
2,3,01,Shabazz Napier makes a layup shot.,97562,,true,false,false,Shabazz,,Napier,,UConn,,64,66,6,7,0,,,,,15,2,40,Layup Shot,3,Field Goal Made,0,0,0,43,43,
2,2,30,Halil Kanacevic misses a jump shot from 7 feet out.,89163,,true,false,false,Halil,,Kanacevic,,StJoes,,64,66,6,7,3,,,,,12,2,45,Jump Shot,4,Field Goal Missed,7,-5.7,3.6,39,39,
2,2,30,Halil Kanacevic with an offensive rebound.,89163,,true,false,false,Halil,,Kanacevic,,StJoes,,64,66,6,7,3,,,,,12,,,,5,Offensive Rebound,,,,39,39,
2,2,27,Langston Galloway with a out of bounds turnover: Out of Bounds,97288,,true,false,false,Langston,,Galloway,,StJoes,,64,66,6,7,2,,,,,19,,3,Out of Bounds,7,Turnover,,,,39,39,
2,2,12,DeAndre Daniels makes a 3-point jump shot from 25 feet out. Shabazz Napier with the assist.,110093,97562,true,true,false,DeAndre,Shabazz,Daniels,Napier,UConn,UConn,67,66,6,7,2,,,,,13,3,45,Jump Shot,3,Field Goal Made,25,-18.8,16.1,43,43,
2,2,00,StJoes take a 20-second timeout.,,,false,false,false,,,,,,,67,66,6,7,0,,,,,0,,2,Short,11,Timeout,,,,39,39,
2,1,42,Chris Wilson makes a jump shot from 12 feet out.,110201,,true,false,false,Chris,,Wilson,,StJoes,,67,68,6,7,1,,,,,6,2,45,Jump Shot,3,Field Goal Made,12,8.2,8.2,39,39,
2,1,13,Shabazz Napier with a lost ball turnover: Lost Ball,97562,,true,false,false,Shabazz,,Napier,,UConn,,67,68,6,7,0,,,,,15,,2,Lost Ball,7,Turnover,,,,43,43,
2,0,49.0,Shooting foul committed by DeAndre Daniels.,110093,,true,false,false,DeAndre,,Daniels,,UConn,,67,68,6,8,3,,,,,13,,2,Shooting,8,Foul,,,,43,43,
2,0,49.0,Chris Wilson makes free throw 1 of 2.,110201,,true,false,false,Chris,,Wilson,,StJoes,,67,69,6,8,1,,,,,7,1,11,Free Throw 1 of 2,1,Free Throw Made,,,,39,39,
2,0,49.0,Chris Wilson makes free throw 2 of 2.,110201,,true,false,false,Chris,,Wilson,,StJoes,,67,70,6,8,1,,,,,8,1,12,Free Throw 2 of 2,1,Free Throw Made,,,,39,39,
2,0,49.0,UConn take a 20-second timeout.,,,false,false,false,,,,,,,67,70,6,8,0,,,,,0,,2,Short,11,Timeout,,,,43,43,
2,0,45.9,Shabazz Napier misses a jump shot from 5 feet out.,97562,,true,false,false,Shabazz,,Napier,,UConn,,67,70,6,8,0,,,,,15,2,45,Jump Shot,4,Field Goal Missed,5,2.1,4.3,43,43,
2,0,45.9,Amida Brimah with an offensive rebound.,121150,,true,false,false,Amida,,Brimah,,UConn,,67,70,6,8,4,,,,,4,,,,5,Offensive Rebound,,,,43,43,
2,0,39.8,Amida Brimah makes a layup shot.,121150,,true,false,false,Amida,,Brimah,,UConn,,69,70,6,8,4,,,,,6,2,40,Layup Shot,3,Field Goal Made,0,0,0,43,43,
2,0,39.8,Shooting foul committed by Halil Kanacevic.,89163,,true,false,false,Halil,,Kanacevic,,StJoes,,69,70,7,8,4,,,,,12,,2,Shooting,8,Foul,,,,39,39,
2,0,39.8,Amida Brimah makes free throw 1 of 1.,121150,,true,false,false,Amida,,Brimah,,UConn,,70,70,7,8,4,,,,,7,1,10,Free Throw 1 of 1,1,Free Throw Made,,,,43,43,
2,0,30.0,StJoes take a 20-second timeout.,,,false,false,false,,,,,,,70,70,7,8,0,,,,,0,,2,Short,11,Timeout,,,,39,39,
2,0,03.6,Langston Galloway misses a jump shot from 10 feet out.,97288,,true,false,false,Langston,,Galloway,,StJoes,,70,70,7,8,2,,,,,19,2,45,Jump Shot,4,Field Goal Missed,10,10,1,39,39,
2,0,03.6,StJoes with an offensive rebound.,,,false,false,false,,,,,,,70,70,7,8,0,,,,,0,,,,5,Offensive Rebound,,,,39,39,
2,0,03.6,StJoes with a turnover: Shot Clock Turnover,,,false,false,false,,,,,,,70,70,7,8,0,,,,,0,,11,Shot Clock Turnover,7,Turnover,,,,39,39,
2,0,03.6,Official's timeout.,,,false,false,false,,,,,,,70,70,7,8,0,,,,,0,,4,Official,11,Timeout,,,,43,43,
2,0,02.6,UConn take a 20-second timeout.,,,false,false,false,,,,,,,70,70,7,8,0,,,,,0,,2,Short,11,Timeout,,,,43,43,
2,0,01.0,Shabazz Napier misses a 3-point jump shot from 26 feet out.,97562,,true,false,false,Shabazz,,Napier,,UConn,,70,70,7,8,0,,,,,15,3,45,Jump Shot,4,Field Goal Missed,26,16.1,20.1,43,43,
2,0,01.0,StJoes with a defensive rebound.,,,false,false,false,,,,,,,70,70,7,8,0,,,,,0,,,,6,Defensive Rebound,,,,39,39,
2,0,00,End of the 2nd Half,,,false,false,false,,,,,,,70,70,7,8,0,,,,,0,,,,15,End Period,,,,43,43,
3,5,00,Start of the Overtime,,,false,false,false,,,,,,,70,70,7,8,0,,,,,0,,,,14,Start Period,,,,43,43,
3,4,46,Shabazz Napier misses a jump shot from 20 feet out.,97562,,true,false,false,Shabazz,,Napier,,UConn,,70,70,7,8,0,,,,,15,2,45,Jump Shot,4,Field Goal Missed,20,1.3,19.5,43,43,
3,4,46,Chris Wilson with a defensive rebound.,110201,,true,false,false,Chris,,Wilson,,StJoes,,70,70,7,8,1,,,,,8,,,,6,Defensive Rebound,,,,39,39,
3,4,12,Chris Wilson misses a 3-point jump shot from 23 feet out.,110201,,true,false,false,Chris,,Wilson,,StJoes,,70,70,7,8,1,,,,,8,3,45,Jump Shot,4,Field Goal Missed,23,23.2,-.4,39,39,
3,4,12,DeAndre Daniels with a defensive rebound.,110093,,true,false,false,DeAndre,,Daniels,,UConn,,70,70,7,8,3,,,,,13,,,,6,Defensive Rebound,,,,43,43,
3,3,47,DeAndre Daniels makes a layup shot.,110093,,true,false,false,DeAndre,,Daniels,,UConn,,72,70,7,8,3,,,,,15,2,40,Layup Shot,3,Field Goal Made,0,0,0,43,43,
3,3,47,Shooting foul committed by Halil Kanacevic.,89163,,true,false,false,Halil,,Kanacevic,,StJoes,,72,70,8,8,5,,,,,12,,2,Shooting,8,Foul,,,,39,39,
3,3,47,DeAndre Daniels makes free throw 1 of 1.,110093,,true,false,false,DeAndre,,Daniels,,UConn,,73,70,8,8,3,,,,,16,1,10,Free Throw 1 of 1,1,Free Throw Made,,,,43,43,
3,3,33,StJoes take a 20-second timeout.,,,false,false,false,,,,,,,73,70,8,8,0,,,,,0,,2,Short,11,Timeout,,,,39,39,
3,3,28,Langston Galloway makes a 3-point jump shot from 26 feet out.,97288,,true,false,false,Langston,,Galloway,,StJoes,,73,73,8,8,2,,,,,22,3,45,Jump Shot,3,Field Goal Made,26,21.2,15.9,39,39,
3,3,15,DeAndre Daniels misses a 3-point jump shot from 23 feet out.,110093,,true,false,false,DeAndre,,Daniels,,UConn,,73,73,8,8,3,,,,,16,3,45,Jump Shot,4,Field Goal Missed,23,3.1,22.9,43,43,
3,3,15,UConn with an offensive rebound.,,,false,false,false,,,,,,,73,73,8,8,0,,,,,0,,,,5,Offensive Rebound,,,,43,43,
3,3,10,Personal foul committed by Papa Ndao.,110202,,true,false,false,Papa,,Ndao,,StJoes,,73,73,9,8,2,,,,,0,,1,Personal,8,Foul,,,,39,39,
3,3,10,Amida Brimah makes free throw 1st of 1-and-1.,121150,,true,false,false,Amida,,Brimah,,UConn,,74,73,9,8,4,,,,,8,1,8,Free Throw 1st of 1-and-1,1,Free Throw Made,,,,43,43,
3,3,10,Amida Brimah makes free throw 2nd of 1-and-1.,121150,,true,false,false,Amida,,Brimah,,UConn,,75,73,9,8,4,,,,,9,1,9,Free Throw 2nd of 1-and-1,1,Free Throw Made,,,,43,43,
3,2,39,Personal foul committed by Shabazz Napier.,97562,,true,false,false,Shabazz,,Napier,,UConn,,75,73,9,9,1,,,,,15,,1,Personal,8,Foul,,,,43,43,
3,2,39,DeAndre Bembry misses free throw 1st of 1-and-1.,122126,,true,false,false,DeAndre,,Bembry,,StJoes,,75,73,9,9,3,,,,,16,1,8,Free Throw 1st of 1-and-1,2,Free Throw Missed,,,,39,39,
3,2,39,UConn with a defensive rebound.,,,false,false,false,,,,,,,75,73,9,9,0,,,,,0,,,,6,Defensive Rebound,,,,43,43,
3,2,12,Personal foul committed by Chris Wilson.,110201,,true,false,false,Chris,,Wilson,,StJoes,,75,73,10,9,2,,,,,8,,1,Personal,8,Foul,,,,39,39,
3,2,12,Shabazz Napier makes free throw 1 of 2.,97562,,true,false,false,Shabazz,,Napier,,UConn,,76,73,10,9,1,,,,,16,1,11,Free Throw 1 of 2,1,Free Throw Made,,,,43,43,
3,2,12,Shabazz Napier makes free throw 2 of 2.,97562,,true,false,false,Shabazz,,Napier,,UConn,,77,73,10,9,1,,,,,17,1,12,Free Throw 2 of 2,1,Free Throw Made,,,,43,43,
3,1,52,Papa Ndao misses a 3-point jump shot from 23 feet out.,110202,,true,false,false,Papa,,Ndao,,StJoes,,77,73,10,9,2,,,,,0,3,45,Jump Shot,4,Field Goal Missed,23,23,.6,39,39,
3,1,52,Shabazz Napier with a defensive rebound.,97562,,true,false,false,Shabazz,,Napier,,UConn,,77,73,10,9,1,,,,,17,,,,6,Defensive Rebound,,,,43,43,
3,1,23,Shabazz Napier makes a layup shot.,97562,,true,false,false,Shabazz,,Napier,,UConn,,79,73,10,9,1,,,,,19,2,40,Layup Shot,3,Field Goal Made,0,0,0,43,43,
3,1,20,Shooting foul committed by Papa Ndao.,110202,,true,false,false,Papa,,Ndao,,StJoes,,79,73,11,9,3,,,,,0,,2,Shooting,8,Foul,,,,39,39,
3,1,20,Shabazz Napier makes free throw 1 of 1.,97562,,true,false,false,Shabazz,,Napier,,UConn,,80,73,11,9,1,,,,,20,1,10,Free Throw 1 of 1,1,Free Throw Made,,,,43,43,
3,1,01,Shooting foul committed by DeAndre Daniels.,110093,,true,false,false,DeAndre,,Daniels,,UConn,,80,73,11,10,4,,,,,16,,2,Shooting,8,Foul,,,,43,43,
3,1,01,Langston Galloway makes free throw 1 of 2.,97288,,true,false,false,Langston,,Galloway,,StJoes,,80,74,11,10,2,,,,,23,1,11,Free Throw 1 of 2,1,Free Throw Made,,,,39,39,
3,1,01,Langston Galloway misses free throw 2 of 2.,97288,,true,false,false,Langston,,Galloway,,StJoes,,80,74,11,10,2,,,,,23,1,12,Free Throw 2 of 2,2,Free Throw Missed,,,,39,39,
3,1,01,DeAndre Daniels with a defensive rebound.,110093,,true,false,false,DeAndre,,Daniels,,UConn,,80,74,11,10,4,,,,,16,,,,6,Defensive Rebound,,,,43,43,
3,0,55.4,Personal foul committed by Chris Wilson.,110201,,true,false,false,Chris,,Wilson,,StJoes,,80,74,12,10,3,,,,,8,,1,Personal,8,Foul,,,,39,39,
3,0,55.4,Shabazz Napier makes free throw 1 of 2.,97562,,true,false,false,Shabazz,,Napier,,UConn,,81,74,12,10,1,,,,,21,1,11,Free Throw 1 of 2,1,Free Throw Made,,,,43,43,
3,0,55.4,Shabazz Napier makes free throw 2 of 2.,97562,,true,false,false,Shabazz,,Napier,,UConn,,82,74,12,10,1,,,,,22,1,12,Free Throw 2 of 2,1,Free Throw Made,,,,43,43,
3,0,50.4,Chris Wilson makes a 3-point jump shot from 26 feet out. Langston Galloway with the assist.,110201,97288,true,true,false,Chris,Langston,Wilson,Galloway,StJoes,StJoes,82,77,12,10,3,,,,,11,3,45,Jump Shot,3,Field Goal Made,26,-16.1,20.3,39,39,
3,0,47.4,StJoes take a 20-second timeout.,,,false,false,false,,,,,,,82,77,12,10,0,,,,,0,,2,Short,11,Timeout,,,,39,39,
3,0,47.4,Personal foul committed by Papa Ndao.,110202,,true,false,false,Papa,,Ndao,,StJoes,,82,77,13,10,4,,,,,0,,1,Personal,8,Foul,,,,39,39,
3,0,47.4,DeAndre Daniels makes free throw 1 of 2.,110093,,true,false,false,DeAndre,,Daniels,,UConn,,83,77,13,10,4,,,,,17,1,11,Free Throw 1 of 2,1,Free Throw Made,,,,43,43,
3,0,47.4,DeAndre Daniels makes free throw 2 of 2.,110093,,true,false,false,DeAndre,,Daniels,,UConn,,84,77,13,10,4,,,,,18,1,12,Free Throw 2 of 2,1,Free Throw Made,,,,43,43,
3,0,37.2,Shooting foul committed by Lasan Kromah.,88818,,true,false,false,Lasan,,Kromah,,UConn,,84,77,13,11,1,,,,,4,,2,Shooting,8,Foul,,,,43,43,
3,0,37.2,Langston Galloway makes free throw 1 of 2.,97288,,true,false,false,Langston,,Galloway,,StJoes,,84,78,13,11,2,,,,,24,1,11,Free Throw 1 of 2,1,Free Throw Made,,,,39,39,
3,0,37.2,Langston Galloway makes free throw 2 of 2.,97288,,true,false,false,Langston,,Galloway,,StJoes,,84,79,13,11,2,,,,,25,1,12,Free Throw 2 of 2,1,Free Throw Made,,,,39,39,
3,0,36.2,Personal foul committed by Langston Galloway.,97288,,true,false,false,Langston,,Galloway,,StJoes,,84,79,14,11,3,,,,,25,,1,Personal,8,Foul,,,,39,39,
3,0,36.2,Shabazz Napier makes free throw 1 of 2.,97562,,true,false,false,Shabazz,,Napier,,UConn,,85,79,14,11,1,,,,,23,1,11,Free Throw 1 of 2,1,Free Throw Made,,,,43,43,
3,0,36.2,Shabazz Napier makes free throw 2 of 2.,97562,,true,false,false,Shabazz,,Napier,,UConn,,86,79,14,11,1,,,,,24,1,12,Free Throw 2 of 2,1,Free Throw Made,,,,43,43,
3,0,30.3,Chris Wilson makes a layup shot.,110201,,true,false,false,Chris,,Wilson,,StJoes,,86,81,14,11,3,,,,,13,2,40,Layup Shot,3,Field Goal Made,0,0,0,39,39,
3,0,30.3,Shooting foul committed by Ryan Boatright.,110092,,true,false,false,Ryan,,Boatright,,UConn,,86,81,14,12,1,,,,,14,,2,Shooting,8,Foul,,,,43,43,
3,0,30.3,Chris Wilson misses free throw 1 of 1.,110201,,true,false,false,Chris,,Wilson,,StJoes,,86,81,14,12,3,,,,,13,1,10,Free Throw 1 of 1,2,Free Throw Missed,,,,39,39,
3,0,30.3,Shabazz Napier with a defensive rebound.,97562,,true,false,false,Shabazz,,Napier,,UConn,,86,81,14,12,1,,,,,24,,,,6,Defensive Rebound,,,,43,43,
3,0,27.7,Shabazz Napier with a lost ball turnover: Lost Ball,97562,,true,false,false,Shabazz,,Napier,,UConn,,86,81,14,12,1,,,,,24,,2,Lost Ball,7,Turnover,,,,43,43,
3,0,25.7,Daryus Quarles with a lost ball turnover: Lost Ball,97289,,true,false,false,Daryus,,Quarles,,StJoes,,86,81,14,12,1,,,,,0,,2,Lost Ball,7,Turnover,,,,39,39,
3,0,25.7,Official's timeout.,,,false,false,false,,,,,,,86,81,14,12,0,,,,,0,,4,Official,11,Timeout,,,,43,43,
3,0,15.7,Personal foul committed by Chris Wilson.,110201,,true,false,false,Chris,,Wilson,,StJoes,,86,81,15,12,4,,,,,13,,1,Personal,8,Foul,,,,39,39,
3,0,15.7,Ryan Boatright makes free throw 1 of 2.,110092,,true,false,false,Ryan,,Boatright,,UConn,,87,81,15,12,1,,,,,15,1,11,Free Throw 1 of 2,1,Free Throw Made,,,,43,43,
3,0,15.7,Ryan Boatright makes free throw 2 of 2.,110092,,true,false,false,Ryan,,Boatright,,UConn,,88,81,15,12,1,,,,,16,1,12,Free Throw 2 of 2,1,Free Throw Made,,,,43,43,
3,0,11.2,Chris Wilson misses a 3-point jump shot from 26 feet out.,110201,,true,false,false,Chris,,Wilson,,StJoes,,88,81,15,12,4,,,,,13,3,45,Jump Shot,4,Field Goal Missed,26,5.5,25.6,39,39,
3,0,11.2,UConn with a defensive rebound.,,,false,false,false,,,,,,,88,81,15,12,0,,,,,0,,,,6,Defensive Rebound,,,,43,43,
3,0,08.2,Personal foul committed by Chris Wilson.,110201,,true,false,false,Chris,,Wilson,,StJoes,,88,81,16,12,5,,,,,13,,1,Personal,8,Foul,,,,39,39,
3,0,08.2,Ryan Boatright misses free throw 1 of 2.,110092,,true,false,false,Ryan,,Boatright,,UConn,,88,81,16,12,1,,,,,16,1,11,Free Throw 1 of 2,2,Free Throw Missed,,,,43,43,
3,0,08.2,UConn with an offensive rebound.,,,false,false,false,,,,,,,88,81,16,12,0,,,,,0,,,,5,Offensive Rebound,,,,43,43,
3,0,08.2,Ryan Boatright makes free throw 2 of 2.,110092,,true,false,false,Ryan,,Boatright,,UConn,,89,81,16,12,1,,,,,17,1,12,Free Throw 2 of 2,1,Free Throw Made,,,,43,43,
3,0,01.5,DeAndre Bembry misses a jump shot from 7 feet out.,122126,,true,false,false,DeAndre,,Bembry,,StJoes,,89,81,16,12,3,,,,,16,2,45,Jump Shot,4,Field Goal Missed,7,-.6,6.7,39,39,
3,0,01.5,DeAndre Daniels with a defensive rebound.,110093,,true,false,false,DeAndre,,Daniels,,UConn,,89,81,16,12,4,,,,,18,,,,6,Defensive Rebound,,,,43,43,
3,0,00,End of the Overtime,,,false,false,false,,,,,,,89,81,16,12,0,,,,,0,,,,15,End Period,,,,43,43,
3,0,00,End of the Game,,,false,false,false,,,,,,,89,81,16,12,0,,,,,0,,,,19,Game Over,,,,43,43,
