half,time-minutes,time-seconds,details,player1-id,player2-id,player1-linkable,player2-linkable,player3-linkable,player-first-name-1,player-first-name-2,player-last-name-1,player-last-name-2,player-team-alias-1,player-team-alias-2,home-score,visitor-score,visitor-fouls,home-fouls,player-fouls,fastbreak,in-paint,second-chance,off-turnover,player-score,points-type,detail-id,detail-desc,event-id,event-desc,distance,x-coord,y-coord,team-id-1,team-id-2,team-id-3
1,20,00,Start of the 1st Half,,,false,false,false,,,,,,,0,0,0,0,0,,,,,0,,,,14,Start Period,,,,92,92,
1,19,45,Cameron Ridley makes a jump shot from 3 feet out. Isaiah Taylor with the assist.,116649,122133,true,true,false,Cameron,Isaiah,Ridley,Taylor,Tex,Tex,2,0,0,0,0,,,,,2,2,45,Jump Shot,3,Field Goal Made,3,1,3,92,92,
1,19,21,Jordan Bachynski with a lost ball turnover: Lost Ball,97125,,true,false,false,Jordan,,Bachynski,,AriSt,,2,0,0,0,0,,,,,0,,2,Lost Ball,7,Turnover,,,,236,236,
1,19,17,Demarcus Holland makes a layup shot.,116644,,true,false,false,Demarcus,,Holland,,Tex,,4,0,0,0,0,,,,,2,2,40,Layup Shot,3,Field Goal Made,0,0,0,92,92,
1,18,57,Jermaine Marshall makes a 3-point jump shot from 23 feet out. Eric Jacobsen with the assist.,88907,116488,true,true,false,Jermaine,Eric,Marshall,Jacobsen,AriSt,AriSt,4,3,0,0,0,,,,,3,3,45,Jump Shot,3,Field Goal Made,23,6.7,22,236,236,
1,18,31,Javan Felix makes a jump shot from 16 feet out. Isaiah Taylor with the assist.,116643,122133,true,true,false,Javan,Isaiah,Felix,Taylor,Tex,Tex,6,3,0,0,0,,,,,2,2,45,Jump Shot,3,Field Goal Made,16,7,14,92,92,
1,18,12,Jahii Carson makes a jump shot from 19 feet out.,109674,,true,false,false,Jahii,,Carson,,AriSt,,6,5,0,0,0,,,,,2,2,45,Jump Shot,3,Field Goal Made,19,2.5,19.1,236,236,
1,18,03,Cameron Ridley makes a layup shot. Jonathan Holmes with the assist.,116649,110935,true,true,false,Cameron,Jonathan,Ridley,Holmes,Tex,Tex,8,5,0,0,0,,,,,4,2,40,Layup Shot,3,Field Goal Made,0,0,0,92,92,
1,18,03,Shooting foul committed by Jordan Bachynski.,97125,,true,false,false,Jordan,,Bachynski,,AriSt,,8,5,1,0,1,,,,,0,,2,Shooting,8,Foul,,,,236,236,
1,18,03,Cameron Ridley misses free throw 1 of 1.,116649,,true,false,false,Cameron,,Ridley,,Tex,,8,5,1,0,0,,,,,4,1,10,Free Throw 1 of 1,2,Free Throw Missed,,,,92,92,
1,18,03,Jordan Bachynski with a defensive rebound.,97125,,true,false,false,Jordan,,Bachynski,,AriSt,,8,5,1,0,1,,,,,0,,,,6,Defensive Rebound,,,,236,236,
1,17,55,Jahii Carson misses a jump shot from 7 feet out.,109674,,true,false,false,Jahii,,Carson,,AriSt,,8,5,1,0,0,,,,,2,2,45,Jump Shot,4,Field Goal Missed,7,5.9,4.3,236,236,
1,17,55,AriSt with an offensive rebound.,,,false,false,false,,,,,,,8,5,1,0,0,,,,,0,,,,5,Offensive Rebound,,,,236,236,
1,17,40,Jermaine Marshall misses a 3-point jump shot from 23 feet out.,88907,,true,false,false,Jermaine,,Marshall,,AriSt,,8,5,1,0,0,,,,,3,3,45,Jump Shot,4,Field Goal Missed,23,-17.4,14.7,236,236,
1,17,40,Isaiah Taylor with a defensive rebound.,122133,,true,false,false,Isaiah,,Taylor,,Tex,,8,5,1,0,0,,,,,0,,,,6,Defensive Rebound,,,,92,92,
1,17,34,Isaiah Taylor makes a layup shot.,122133,,true,false,false,Isaiah,,Taylor,,Tex,,10,5,1,0,0,,,,,2,2,40,Layup Shot,3,Field Goal Made,0,0,0,92,92,
1,17,22,Jordan Bachynski makes a hook shot from 6 feet out. Shaquielle McKissic with the assist.,97125,120796,true,true,false,Jordan,Shaquielle,Bachynski,McKissic,AriSt,AriSt,10,7,1,0,1,,,,,2,2,55,Hook Shot,3,Field Goal Made,6,-.6,5.5,236,236,
1,17,15,Javan Felix makes a 3-point jump shot from 23 feet out. Isaiah Taylor with the assist.,116643,122133,true,true,false,Javan,Isaiah,Felix,Taylor,Tex,Tex,13,7,1,0,0,,,,,5,3,45,Jump Shot,3,Field Goal Made,23,18.3,14.5,92,92,
1,16,55,Shaquielle McKissic misses a layup shot.,120796,,true,false,false,Shaquielle,,McKissic,,AriSt,,13,7,1,0,0,,,,,0,2,40,Layup Shot,4,Field Goal Missed,0,0,0,236,236,
1,16,55,Shaquielle McKissic with an offensive rebound.,120796,,true,false,false,Shaquielle,,McKissic,,AriSt,,13,7,1,0,0,,,,,0,,,,5,Offensive Rebound,,,,236,236,
1,16,51,Shaquielle McKissic makes a tip shot from 3 feet out.,120796,,true,false,false,Shaquielle,,McKissic,,AriSt,,13,9,1,0,0,,,,,2,2,53,Tip Shot,3,Field Goal Made,3,3,1.4,236,236,
1,16,45,Demarcus Holland with a bad pass turnover: Bad Pass,116644,,true,false,false,Demarcus,,Holland,,Tex,,13,9,1,0,0,,,,,2,,1,Bad Pass,7,Turnover,,,,92,92,
1,16,38,Personal foul committed by Javan Felix.,116643,,true,false,false,Javan,,Felix,,Tex,,13,9,1,1,1,,,,,5,,1,Personal,8,Foul,,,,92,92,
1,16,06,Jermaine Marshall makes a 3-point jump shot from 24 feet out. Jahii Carson with the assist.,88907,109674,true,true,false,Jermaine,Jahii,Marshall,Carson,AriSt,AriSt,13,12,1,1,0,,,,,6,3,45,Jump Shot,3,Field Goal Made,24,-1.1,23.9,236,236,
1,15,53,Cameron Ridley misses a jump shot from 10 feet out.,116649,,true,false,false,Cameron,,Ridley,,Tex,,13,12,1,1,0,,,,,4,2,45,Jump Shot,4,Field Goal Missed,10,7.2,7.2,92,92,
1,15,53,Shaquielle McKissic with a defensive rebound.,120796,,true,false,false,Shaquielle,,McKissic,,AriSt,,13,12,1,1,0,,,,,2,,,,6,Defensive Rebound,,,,236,236,
1,15,37,Shaquielle McKissic misses a jump shot from 7 feet out.,120796,,true,false,false,Shaquielle,,McKissic,,AriSt,,13,12,1,1,0,,,,,2,2,45,Jump Shot,4,Field Goal Missed,7,-.6,6.5,236,236,
1,15,37,Shaquielle McKissic with an offensive rebound.,120796,,true,false,false,Shaquielle,,McKissic,,AriSt,,13,12,1,1,0,,,,,2,,,,5,Offensive Rebound,,,,236,236,
1,15,34,Jermaine Marshall misses a 3-point jump shot from 22 feet out.,88907,,true,false,false,Jermaine,,Marshall,,AriSt,,13,12,1,1,0,,,,,6,3,45,Jump Shot,4,Field Goal Missed,22,8.9,20.7,236,236,
1,15,34,Connor Lammert with a defensive rebound.,116646,,true,false,false,Connor,,Lammert,,Tex,,13,12,1,1,0,,,,,0,,,,6,Defensive Rebound,,,,92,92,
1,15,18,Isaiah Taylor misses a jump shot from 19 feet out.,122133,,true,false,false,Isaiah,,Taylor,,Tex,,13,12,1,1,0,,,,,2,2,45,Jump Shot,4,Field Goal Missed,19,-13.5,12.8,92,92,
1,15,18,Shaquielle McKissic with a defensive rebound.,120796,,true,false,false,Shaquielle,,McKissic,,AriSt,,13,12,1,1,0,,,,,2,,,,6,Defensive Rebound,,,,236,236,
1,15,11,Shaquielle McKissic makes a jump shot from 6 feet out.,120796,,true,false,false,Shaquielle,,McKissic,,AriSt,,13,14,1,1,0,,,,,4,2,45,Jump Shot,3,Field Goal Made,6,-5.4,3.6,236,236,
1,14,58,Javan Felix misses a 3-point jump shot from 23 feet out.,116643,,true,false,false,Javan,,Felix,,Tex,,13,14,1,1,1,,,,,5,3,45,Jump Shot,4,Field Goal Missed,23,6.7,22.4,92,92,
1,14,58,AriSt with a defensive rebound.,,,false,false,false,,,,,,,13,14,1,1,0,,,,,0,,,,6,Defensive Rebound,,,,236,236,
1,14,58,Personal foul committed by Connor Lammert.,116646,,true,false,false,Connor,,Lammert,,Tex,,13,14,1,2,1,,,,,0,,1,Personal,8,Foul,,,,92,92,
1,14,58,Official's timeout.,,,false,false,false,,,,,,,13,14,1,2,0,,,,,0,,4,Official,11,Timeout,,,,92,92,
1,14,52,Personal foul committed by Javan Felix.,116643,,true,false,false,Javan,,Felix,,Tex,,13,14,1,3,2,,,,,5,,1,Personal,8,Foul,,,,92,92,
1,14,33,Jonathan Gilling misses a jump shot from 13 feet out.,109681,,true,false,false,Jonathan,,Gilling,,AriSt,,13,14,1,3,0,,,,,0,2,45,Jump Shot,4,Field Goal Missed,13,1.4,13.3,236,236,
1,14,33,Prince Ibeh with a defensive rebound.,116645,,true,false,false,Prince,,Ibeh,,Tex,,13,14,1,3,0,,,,,0,,,,6,Defensive Rebound,,,,92,92,
1,14,16,Isaiah Taylor makes a jump shot from 18 feet out. Martez Walker with the assist.,122133,122134,true,true,false,Isaiah,Martez,Taylor,Walker,Tex,Tex,15,14,1,3,0,,,,,4,2,45,Jump Shot,3,Field Goal Made,18,-12.2,13.2,92,92,
1,13,50,Jordan Bachynski makes a layup shot. Jahii Carson with the assist.,97125,109674,true,true,false,Jordan,Jahii,Bachynski,Carson,AriSt,AriSt,15,16,1,3,1,,,,,4,2,40,Layup Shot,3,Field Goal Made,0,0,0,236,236,
1,13,08,Isaiah Taylor makes a 3-point jump shot from 24 feet out.,122133,,true,false,false,Isaiah,,Taylor,,Tex,,18,16,1,3,0,,,,,7,3,45,Jump Shot,3,Field Goal Made,24,12.8,20,92,92,
1,12,57,Jonathan Gilling makes a 3-point jump shot from 24 feet out. Jahii Carson with the assist.,109681,109674,true,true,false,Jonathan,Jahii,Gilling,Carson,AriSt,AriSt,18,19,1,3,0,,,,,3,3,45,Jump Shot,3,Field Goal Made,24,10.6,21,236,236,
1,12,43,Connor Lammert makes a 3-point jump shot from 23 feet out. Isaiah Taylor with the assist.,116646,122133,true,true,false,Connor,Isaiah,Lammert,Taylor,Tex,Tex,21,19,1,3,1,,,,,3,3,45,Jump Shot,3,Field Goal Made,23,1,23,92,92,
1,12,30,Jordan Bachynski makes a jump shot from 7 feet out. Jonathan Gilling with the assist.,97125,109681,true,true,false,Jordan,Jonathan,Bachynski,Gilling,AriSt,AriSt,21,21,1,3,1,,,,,6,2,45,Jump Shot,3,Field Goal Made,7,-6.5,3.1,236,236,
1,12,04,Shooting foul committed by Jermaine Marshall.,88907,,true,false,false,Jermaine,,Marshall,,AriSt,,21,21,2,3,1,,,,,6,,2,Shooting,8,Foul,,,,236,236,
1,12,04,Martez Walker makes free throw 1 of 2.,122134,,true,false,false,Martez,,Walker,,Tex,,22,21,2,3,0,,,,,1,1,11,Free Throw 1 of 2,1,Free Throw Made,,,,92,92,
1,12,04,Martez Walker makes free throw 2 of 2.,122134,,true,false,false,Martez,,Walker,,Tex,,23,21,2,3,0,,,,,2,1,12,Free Throw 2 of 2,1,Free Throw Made,,,,92,92,
1,11,50,Jahii Carson misses a jump shot from 18 feet out.,109674,,true,false,false,Jahii,,Carson,,AriSt,,23,21,2,3,0,,,,,2,2,45,Jump Shot,4,Field Goal Missed,18,-5,17.4,236,236,
1,11,50,AriSt with an offensive rebound.,,,false,false,false,,,,,,,23,21,2,3,0,,,,,0,,,,5,Offensive Rebound,,,,236,236,
1,11,46,Official's timeout.,,,false,false,false,,,,,,,23,21,2,3,0,,,,,0,,4,Official,11,Timeout,,,,92,92,
1,11,24,Jordan Bachynski misses a hook shot from 4 feet out.,97125,,true,false,false,Jordan,,Bachynski,,AriSt,,23,21,2,3,1,,,,,6,2,55,Hook Shot,4,Field Goal Missed,4,2.8,3.5,236,236,
1,11,24,Connor Lammert with a defensive rebound.,116646,,true,false,false,Connor,,Lammert,,Tex,,23,21,2,3,1,,,,,3,,,,6,Defensive Rebound,,,,92,92,
1,11,20,Jonathan Holmes misses a 3-point jump shot from 23 feet out.,110935,,true,false,false,Jonathan,,Holmes,,Tex,,23,21,2,3,0,,,,,0,3,45,Jump Shot,4,Field Goal Missed,23,21,8.7,92,92,
1,11,20,Martez Walker with an offensive rebound.,122134,,true,false,false,Martez,,Walker,,Tex,,23,21,2,3,0,,,,,2,,,,5,Offensive Rebound,,,,92,92,
1,11,04,Jonathan Holmes makes a layup shot. Connor Lammert with the assist.,110935,116646,true,true,false,Jonathan,Connor,Holmes,Lammert,Tex,Tex,25,21,2,3,0,,,,,2,2,40,Layup Shot,3,Field Goal Made,0,0,0,92,92,
1,10,51,Jahii Carson with a lost ball turnover: Lost Ball,109674,,true,false,false,Jahii,,Carson,,AriSt,,25,21,2,3,0,,,,,2,,2,Lost Ball,7,Turnover,,,,236,236,
1,10,45,Demarcus Holland makes a dunk shot.,116644,,true,false,false,Demarcus,,Holland,,Tex,,27,21,2,3,0,,,,,4,2,48,Dunk Shot,3,Field Goal Made,0,0,0,92,92,
1,10,41,AriSt take a 20-second timeout.,,,false,false,false,,,,,,,27,21,2,3,0,,,,,0,,2,Short,11,Timeout,,,,236,236,
1,10,34,Jordan Bachynski misses a layup shot.,97125,,true,false,false,Jordan,,Bachynski,,AriSt,,27,21,2,3,1,,,,,6,2,40,Layup Shot,4,Field Goal Missed,0,0,0,236,236,
1,10,34,Connor Lammert with a defensive rebound.,116646,,true,false,false,Connor,,Lammert,,Tex,,27,21,2,3,1,,,,,3,,,,6,Defensive Rebound,,,,92,92,
1,10,15,Martez Walker makes a 3-point jump shot from 23 feet out. Jonathan Holmes with the assist.,122134,110935,true,true,false,Martez,Jonathan,Walker,Holmes,Tex,Tex,30,21,2,3,0,,,,,5,3,45,Jump Shot,3,Field Goal Made,23,-9.1,21.3,92,92,
1,9,59,Shooting foul committed by Prince Ibeh.,116645,,true,false,false,Prince,,Ibeh,,Tex,,30,21,2,4,1,,,,,0,,2,Shooting,8,Foul,,,,92,92,
1,9,59,Shaquielle McKissic misses free throw 1 of 2.,120796,,true,false,false,Shaquielle,,McKissic,,AriSt,,30,21,2,4,0,,,,,4,1,11,Free Throw 1 of 2,2,Free Throw Missed,,,,236,236,
1,9,59,AriSt with an offensive rebound.,,,false,false,false,,,,,,,30,21,2,4,0,,,,,0,,,,5,Offensive Rebound,,,,236,236,
1,9,59,Shaquielle McKissic makes free throw 2 of 2.,120796,,true,false,false,Shaquielle,,McKissic,,AriSt,,30,22,2,4,0,,,,,5,1,12,Free Throw 2 of 2,1,Free Throw Made,,,,236,236,
1,9,41,Jonathan Holmes misses a 3-point jump shot from 24 feet out.,110935,,true,false,false,Jonathan,,Holmes,,Tex,,30,22,2,4,0,,,,,2,3,45,Jump Shot,4,Field Goal Missed,24,20,13.7,92,92,
1,9,41,Jordan Bachynski with a defensive rebound.,97125,,true,false,false,Jordan,,Bachynski,,AriSt,,30,22,2,4,1,,,,,6,,,,6,Defensive Rebound,,,,236,236,
1,9,27,Jahii Carson with a lost ball turnover: Lost Ball,109674,,true,false,false,Jahii,,Carson,,AriSt,,30,22,2,4,0,,,,,2,,2,Lost Ball,7,Turnover,,,,236,236,
1,9,21,Demarcus Holland with a lost ball turnover: Lost Ball,116644,,true,false,false,Demarcus,,Holland,,Tex,,30,22,2,4,0,,,,,4,,2,Lost Ball,7,Turnover,,,,92,92,
1,9,00,Jordan Bachynski makes a jump shot from 5 feet out. Jermaine Marshall with the assist.,97125,88907,true,true,false,Jordan,Jermaine,Bachynski,Marshall,AriSt,AriSt,30,24,2,4,1,,,,,8,2,45,Jump Shot,3,Field Goal Made,5,3.3,4.3,236,236,
1,8,34,Jonathan Holmes misses a jump shot from 15 feet out.,110935,,true,false,false,Jonathan,,Holmes,,Tex,,30,24,2,4,0,,,,,2,2,45,Jump Shot,4,Field Goal Missed,15,4.8,14,92,92,
1,8,34,AriSt with a defensive rebound.,,,false,false,false,,,,,,,30,24,2,4,0,,,,,0,,,,6,Defensive Rebound,,,,236,236,
1,8,24,Jahii Carson makes a jump shot from 19 feet out.,109674,,true,false,false,Jahii,,Carson,,AriSt,,30,26,2,4,0,,,,,4,2,45,Jump Shot,3,Field Goal Made,19,-7.6,16.9,236,236,
1,7,57,Shooting foul committed by Jahii Carson.,109674,,true,false,false,Jahii,,Carson,,AriSt,,30,26,3,4,1,,,,,4,,2,Shooting,8,Foul,,,,236,236,
1,7,57,Official's timeout.,,,false,false,false,,,,,,,30,26,3,4,0,,,,,0,,4,Official,11,Timeout,,,,92,92,
1,7,57,Isaiah Taylor misses free throw 1 of 2.,122133,,true,false,false,Isaiah,,Taylor,,Tex,,30,26,3,4,0,,,,,7,1,11,Free Throw 1 of 2,2,Free Throw Missed,,,,92,92,
1,7,57,Tex with an offensive rebound.,,,false,false,false,,,,,,,30,26,3,4,0,,,,,0,,,,5,Offensive Rebound,,,,92,92,
1,7,57,Isaiah Taylor misses free throw 2 of 2.,122133,,true,false,false,Isaiah,,Taylor,,Tex,,30,26,3,4,0,,,,,7,1,12,Free Throw 2 of 2,2,Free Throw Missed,,,,92,92,
1,7,57,Jermaine Marshall with a defensive rebound.,88907,,true,false,false,Jermaine,,Marshall,,AriSt,,30,26,3,4,1,,,,,6,,,,6,Defensive Rebound,,,,236,236,
1,7,54,Jahii Carson misses a jump shot from 8 feet out.,109674,,true,false,false,Jahii,,Carson,,AriSt,,30,26,3,4,1,,,,,4,2,45,Jump Shot,4,Field Goal Missed,8,2.3,7.7,236,236,
1,7,54,Cameron Ridley with a defensive rebound.,116649,,true,false,false,Cameron,,Ridley,,Tex,,30,26,3,4,0,,,,,4,,,,6,Defensive Rebound,,,,92,92,
1,7,18,Isaiah Taylor misses a jump shot from 17 feet out.,122133,,true,false,false,Isaiah,,Taylor,,Tex,,30,26,3,4,0,,,,,7,2,45,Jump Shot,4,Field Goal Missed,17,16.8,4.7,92,92,
1,7,18,Jermaine Marshall with a defensive rebound.,88907,,true,false,false,Jermaine,,Marshall,,AriSt,,30,26,3,4,1,,,,,6,,,,6,Defensive Rebound,,,,236,236,
1,6,38,AriSt take a 20-second timeout.,,,false,false,false,,,,,,,30,26,3,4,0,,,,,0,,2,Short,11,Timeout,,,,236,236,
1,6,10,Jordan Bachynski misses a jump shot from 10 feet out.,97125,,true,false,false,Jordan,,Bachynski,,AriSt,,30,26,3,4,1,,,,,8,2,45,Jump Shot,4,Field Goal Missed,10,7.6,7,236,236,
1,6,10,Cameron Ridley with a defensive rebound.,116649,,true,false,false,Cameron,,Ridley,,Tex,,30,26,3,4,0,,,,,4,,,,6,Defensive Rebound,,,,92,92,
1,5,58,Isaiah Taylor misses a jump shot from 16 feet out.,122133,,true,false,false,Isaiah,,Taylor,,Tex,,30,26,3,4,0,,,,,7,2,45,Jump Shot,4,Field Goal Missed,16,.8,15.7,92,92,
1,5,58,Shaquielle McKissic with a defensive rebound.,120796,,true,false,false,Shaquielle,,McKissic,,AriSt,,30,26,3,4,0,,,,,5,,,,6,Defensive Rebound,,,,236,236,
1,5,52,Jahii Carson misses a jump shot from 17 feet out.,109674,,true,false,false,Jahii,,Carson,,AriSt,,30,26,3,4,1,,,,,4,2,45,Jump Shot,4,Field Goal Missed,17,-16.1,4.8,236,236,
1,5,52,Connor Lammert with a defensive rebound.,116646,,true,false,false,Connor,,Lammert,,Tex,,30,26,3,4,1,,,,,3,,,,6,Defensive Rebound,,,,92,92,
1,5,10,Cameron Ridley misses a jump shot from 15 feet out.,116649,,true,false,false,Cameron,,Ridley,,Tex,,30,26,3,4,0,,,,,4,2,45,Jump Shot,4,Field Goal Missed,15,-8.6,12.3,92,92,
1,5,10,Jahii Carson with a defensive rebound.,109674,,true,false,false,Jahii,,Carson,,AriSt,,30,26,3,4,1,,,,,4,,,,6,Defensive Rebound,,,,236,236,
1,5,06,Shaquielle McKissic makes a layup shot. Jahii Carson with the assist.,120796,109674,true,true,false,Shaquielle,Jahii,McKissic,Carson,AriSt,AriSt,30,28,3,4,0,,,,,7,2,40,Layup Shot,3,Field Goal Made,0,0,0,236,236,
1,5,06,Tex take a 20-second timeout.,,,false,false,false,,,,,,,30,28,3,4,0,,,,,0,,2,Short,11,Timeout,,,,92,92,
1,4,55,Shooting foul committed by Jordan Bachynski.,97125,,true,false,false,Jordan,,Bachynski,,AriSt,,30,28,4,4,2,,,,,8,,2,Shooting,8,Foul,,,,236,236,
1,4,55,Martez Walker misses free throw 1 of 2.,122134,,true,false,false,Martez,,Walker,,Tex,,30,28,4,4,0,,,,,5,1,11,Free Throw 1 of 2,2,Free Throw Missed,,,,92,92,
1,4,55,Tex with an offensive rebound.,,,false,false,false,,,,,,,30,28,4,4,0,,,,,0,,,,5,Offensive Rebound,,,,92,92,
1,4,55,Martez Walker makes free throw 2 of 2.,122134,,true,false,false,Martez,,Walker,,Tex,,31,28,4,4,0,,,,,6,1,12,Free Throw 2 of 2,1,Free Throw Made,,,,92,92,
1,4,31,Shaquielle McKissic misses a layup shot.,120796,,true,false,false,Shaquielle,,McKissic,,AriSt,,31,28,4,4,0,,,,,7,2,40,Layup Shot,4,Field Goal Missed,0,0,0,236,236,
1,4,31,Martez Walker with a defensive rebound.,122134,,true,false,false,Martez,,Walker,,Tex,,31,28,4,4,0,,,,,6,,,,6,Defensive Rebound,,,,92,92,
1,4,04,Isaiah Taylor makes a jump shot from 8 feet out.,122133,,true,false,false,Isaiah,,Taylor,,Tex,,33,28,4,4,0,,,,,9,2,45,Jump Shot,3,Field Goal Made,8,-.1,8.2,92,92,
1,3,47,Shooting foul committed by Prince Ibeh.,116645,,true,false,false,Prince,,Ibeh,,Tex,,33,28,4,5,2,,,,,0,,2,Shooting,8,Foul,,,,92,92,
1,3,47,Official's timeout.,,,false,false,false,,,,,,,33,28,4,5,0,,,,,0,,4,Official,11,Timeout,,,,92,92,
1,3,47,Shaquielle McKissic misses free throw 1 of 2.,120796,,true,false,false,Shaquielle,,McKissic,,AriSt,,33,28,4,5,0,,,,,7,1,11,Free Throw 1 of 2,2,Free Throw Missed,,,,236,236,
1,3,47,AriSt with an offensive rebound.,,,false,false,false,,,,,,,33,28,4,5,0,,,,,0,,,,5,Offensive Rebound,,,,236,236,
1,3,47,Shaquielle McKissic makes free throw 2 of 2.,120796,,true,false,false,Shaquielle,,McKissic,,AriSt,,33,29,4,5,0,,,,,8,1,12,Free Throw 2 of 2,1,Free Throw Made,,,,236,236,
1,3,23,Kendal Yancy makes a layup shot.,122135,,true,false,false,Kendal,,Yancy,,Tex,,35,29,4,5,0,,,,,2,2,40,Layup Shot,3,Field Goal Made,0,0,0,92,92,
1,3,13,Jahii Carson with a discontinue dribble turnover: Discontinue Dribble,109674,,true,false,false,Jahii,,Carson,,AriSt,,35,29,4,5,1,,,,,4,,7,Discontinue Dribble,7,Turnover,,,,236,236,
1,3,04,Kendal Yancy makes a layup shot. Jonathan Holmes with the assist.,122135,110935,true,true,false,Kendal,Jonathan,Yancy,Holmes,Tex,Tex,37,29,4,5,0,,,,,4,2,40,Layup Shot,3,Field Goal Made,0,0,0,92,92,
1,2,36,Jermaine Marshall makes a 3-point jump shot from 24 feet out. Shaquielle McKissic with the assist.,88907,120796,true,true,false,Jermaine,Shaquielle,Marshall,McKissic,AriSt,AriSt,37,32,4,5,1,,,,,9,3,45,Jump Shot,3,Field Goal Made,24,-4.5,23.5,236,236,
1,2,15,Jonathan Holmes with a lost ball turnover: Lost Ball,110935,,true,false,false,Jonathan,,Holmes,,Tex,,37,32,4,5,0,,,,,2,,2,Lost Ball,7,Turnover,,,,92,92,
1,2,12,Shooting foul committed by Demarcus Holland.,116644,,true,false,false,Demarcus,,Holland,,Tex,,37,32,4,6,1,,,,,4,,2,Shooting,8,Foul,,,,92,92,
1,2,12,Shaquielle McKissic misses free throw 1 of 2.,120796,,true,false,false,Shaquielle,,McKissic,,AriSt,,37,32,4,6,0,,,,,8,1,11,Free Throw 1 of 2,2,Free Throw Missed,,,,236,236,
1,2,12,AriSt with an offensive rebound.,,,false,false,false,,,,,,,37,32,4,6,0,,,,,0,,,,5,Offensive Rebound,,,,236,236,
1,2,12,Shaquielle McKissic makes free throw 2 of 2.,120796,,true,false,false,Shaquielle,,McKissic,,AriSt,,37,33,4,6,0,,,,,9,1,12,Free Throw 2 of 2,1,Free Throw Made,,,,236,236,
1,1,50,Shooting foul committed by Eric Jacobsen.,116488,,true,false,false,Eric,,Jacobsen,,AriSt,,37,33,5,6,1,,,,,0,,2,Shooting,8,Foul,,,,236,236,
1,1,50,Martez Walker makes free throw 1 of 2.,122134,,true,false,false,Martez,,Walker,,Tex,,38,33,5,6,0,,,,,7,1,11,Free Throw 1 of 2,1,Free Throw Made,,,,92,92,
1,1,50,Martez Walker makes free throw 2 of 2.,122134,,true,false,false,Martez,,Walker,,Tex,,39,33,5,6,0,,,,,8,1,12,Free Throw 2 of 2,1,Free Throw Made,,,,92,92,
1,1,45,Shooting foul committed by Isaiah Taylor.,122133,,true,false,false,Isaiah,,Taylor,,Tex,,39,33,5,7,1,,,,,9,,2,Shooting,8,Foul,,,,92,92,
1,1,45,Jahii Carson makes free throw 1 of 2.,109674,,true,false,false,Jahii,,Carson,,AriSt,,39,34,5,7,1,,,,,5,1,11,Free Throw 1 of 2,1,Free Throw Made,,,,236,236,
1,1,45,Jahii Carson misses free throw 2 of 2.,109674,,true,false,false,Jahii,,Carson,,AriSt,,39,34,5,7,1,,,,,5,1,12,Free Throw 2 of 2,2,Free Throw Missed,,,,236,236,
1,1,45,Connor Lammert with a defensive rebound.,116646,,true,false,false,Connor,,Lammert,,Tex,,39,34,5,7,1,,,,,3,,,,6,Defensive Rebound,,,,92,92,
1,1,34,Connor Lammert misses a 3-point jump shot from 23 feet out.,116646,,true,false,false,Connor,,Lammert,,Tex,,39,34,5,7,1,,,,,3,3,45,Jump Shot,4,Field Goal Missed,23,14.5,18.4,92,92,
1,1,34,Jermaine Marshall with a defensive rebound.,88907,,true,false,false,Jermaine,,Marshall,,AriSt,,39,34,5,7,1,,,,,9,,,,6,Defensive Rebound,,,,236,236,
1,1,17,Jahii Carson makes a layup shot.,109674,,true,false,false,Jahii,,Carson,,AriSt,,39,36,5,7,1,,,,,7,2,40,Layup Shot,3,Field Goal Made,0,0,0,236,236,
1,0,43.9,Jonathan Holmes misses a hook shot from 5 feet out.,110935,,true,false,false,Jonathan,,Holmes,,Tex,,39,36,5,7,0,,,,,2,2,55,Hook Shot,4,Field Goal Missed,5,.8,5.3,92,92,
1,0,43.9,Jonathan Gilling with a defensive rebound.,109681,,true,false,false,Jonathan,,Gilling,,AriSt,,39,36,5,7,0,,,,,3,,,,6,Defensive Rebound,,,,236,236,
1,0,37.0,Jahii Carson with a lost ball turnover: Lost Ball,109674,,true,false,false,Jahii,,Carson,,AriSt,,39,36,5,7,1,,,,,7,,2,Lost Ball,7,Turnover,,,,236,236,
1,0,32.2,Martez Walker makes a layup shot. Isaiah Taylor with the assist.,122134,122133,true,true,false,Martez,Isaiah,Walker,Taylor,Tex,Tex,41,36,5,7,0,,,,,10,2,40,Layup Shot,3,Field Goal Made,0,0,0,92,92,
1,0,02.7,Jahii Carson with a lost ball turnover: Lost Ball,109674,,true,false,false,Jahii,,Carson,,AriSt,,41,36,5,7,1,,,,,7,,2,Lost Ball,7,Turnover,,,,236,236,
1,0,00,End of the 1st Half,,,false,false,false,,,,,,,41,36,5,7,0,,,,,0,,,,15,End Period,,,,92,92,
2,20,00,Start of the 2nd Half,,,false,false,false,,,,,,,41,36,0,0,0,,,,,0,,,,14,Start Period,,,,92,92,
2,19,38,Shooting foul committed by Shaquielle McKissic.,120796,,true,false,false,Shaquielle,,McKissic,,AriSt,,41,36,1,0,1,,,,,9,,2,Shooting,8,Foul,,,,236,236,
2,19,38,Cameron Ridley makes free throw 1 of 2.,116649,,true,false,false,Cameron,,Ridley,,Tex,,42,36,1,0,0,,,,,5,1,11,Free Throw 1 of 2,1,Free Throw Made,,,,92,92,
2,19,38,Cameron Ridley makes free throw 2 of 2.,116649,,true,false,false,Cameron,,Ridley,,Tex,,43,36,1,0,0,,,,,6,1,12,Free Throw 2 of 2,1,Free Throw Made,,,,92,92,
2,19,23,Jordan Bachynski makes a layup shot.,97125,,true,false,false,Jordan,,Bachynski,,AriSt,,43,38,1,0,2,,,,,10,2,40,Layup Shot,3,Field Goal Made,0,0,0,236,236,
2,19,05,Cameron Ridley misses a layup shot.,116649,,true,false,false,Cameron,,Ridley,,Tex,,43,38,1,0,0,,,,,6,2,40,Layup Shot,4,Field Goal Missed,0,0,0,92,92,
2,19,05,Jonathan Holmes with an offensive rebound.,110935,,true,false,false,Jonathan,,Holmes,,Tex,,43,38,1,0,0,,,,,2,,,,5,Offensive Rebound,,,,92,92,
2,18,45,Jonathan Holmes misses a jump shot from 11 feet out.,110935,,true,false,false,Jonathan,,Holmes,,Tex,,43,38,1,0,0,,,,,2,2,45,Jump Shot,4,Field Goal Missed,11,-9.1,5.3,92,92,
2,18,45,Cameron Ridley with an offensive rebound.,116649,,true,false,false,Cameron,,Ridley,,Tex,,43,38,1,0,0,,,,,6,,,,5,Offensive Rebound,,,,92,92,
2,18,39,Cameron Ridley misses a layup shot.,116649,,true,false,false,Cameron,,Ridley,,Tex,,43,38,1,0,0,,,,,6,2,40,Layup Shot,4,Field Goal Missed,0,0,0,92,92,
2,18,39,Cameron Ridley with an offensive rebound.,116649,,true,false,false,Cameron,,Ridley,,Tex,,43,38,1,0,0,,,,,6,,,,5,Offensive Rebound,,,,92,92,
2,18,33,Cameron Ridley misses a dunk shot.,116649,,true,false,false,Cameron,,Ridley,,Tex,,43,38,1,0,0,,,,,6,2,48,Dunk Shot,4,Field Goal Missed,0,0,0,92,92,
2,18,33,Jermaine Marshall with a defensive rebound.,88907,,true,false,false,Jermaine,,Marshall,,AriSt,,43,38,1,0,1,,,,,9,,,,6,Defensive Rebound,,,,236,236,
2,18,25,Shaquielle McKissic misses a 3-point jump shot from 23 feet out.,120796,,true,false,false,Shaquielle,,McKissic,,AriSt,,43,38,1,0,1,,,,,9,3,45,Jump Shot,4,Field Goal Missed,23,13.5,18.1,236,236,
2,18,25,Cameron Ridley with a defensive rebound.,116649,,true,false,false,Cameron,,Ridley,,Tex,,43,38,1,0,0,,,,,6,,,,6,Defensive Rebound,,,,92,92,
2,18,16,Isaiah Taylor makes a jump shot from 17 feet out. Cameron Ridley with the assist.,122133,116649,true,true,false,Isaiah,Cameron,Taylor,Ridley,Tex,Tex,45,38,1,0,1,,,,,11,2,45,Jump Shot,3,Field Goal Made,17,1.3,16.7,92,92,
2,17,55,Jonathan Gilling misses a 3-point jump shot from 23 feet out.,109681,,true,false,false,Jonathan,,Gilling,,AriSt,,45,38,1,0,0,,,,,3,3,45,Jump Shot,4,Field Goal Missed,23,-8.6,21.3,236,236,
2,17,55,Cameron Ridley with a defensive rebound.,116649,,true,false,false,Cameron,,Ridley,,Tex,,45,38,1,0,0,,,,,6,,,,6,Defensive Rebound,,,,92,92,
2,17,25,Martez Walker misses a jump shot from 10 feet out.,122134,,true,false,false,Martez,,Walker,,Tex,,45,38,1,0,0,,,,,10,2,45,Jump Shot,4,Field Goal Missed,10,-4.3,8.7,92,92,
2,17,25,Martez Walker with an offensive rebound.,122134,,true,false,false,Martez,,Walker,,Tex,,45,38,1,0,0,,,,,10,,,,5,Offensive Rebound,,,,92,92,
2,17,17,Martez Walker makes a layup shot.,122134,,true,false,false,Martez,,Walker,,Tex,,47,38,1,0,0,,,,,12,2,40,Layup Shot,3,Field Goal Made,0,0,0,92,92,
2,17,12,Jahii Carson misses a jump shot from 13 feet out.,109674,,true,false,false,Jahii,,Carson,,AriSt,,47,38,1,0,1,,,,,7,2,45,Jump Shot,4,Field Goal Missed,13,3.7,12.5,236,236,
2,17,12,Isaiah Taylor with a defensive rebound.,122133,,true,false,false,Isaiah,,Taylor,,Tex,,47,38,1,0,1,,,,,11,,,,6,Defensive Rebound,,,,92,92,
2,17,08,Shooting foul committed by Jermaine Marshall.,88907,,true,false,false,Jermaine,,Marshall,,AriSt,,47,38,2,0,2,,,,,9,,2,Shooting,8,Foul,,,,236,236,
2,17,08,AriSt take a 20-second timeout.,,,false,false,false,,,,,,,47,38,2,0,0,,,,,0,,2,Short,11,Timeout,,,,236,236,
2,17,08,Demarcus Holland makes free throw 1 of 2.,116644,,true,false,false,Demarcus,,Holland,,Tex,,48,38,2,0,1,,,,,5,1,11,Free Throw 1 of 2,1,Free Throw Made,,,,92,92,
2,17,08,Demarcus Holland makes free throw 2 of 2.,116644,,true,false,false,Demarcus,,Holland,,Tex,,49,38,2,0,1,,,,,6,1,12,Free Throw 2 of 2,1,Free Throw Made,,,,92,92,
2,17,01,Jordan Bachynski makes a jump shot from 3 feet out. Jahii Carson with the assist.,97125,109674,true,true,false,Jordan,Jahii,Bachynski,Carson,AriSt,AriSt,49,40,2,0,2,,,,,12,2,45,Jump Shot,3,Field Goal Made,3,1,3,236,236,
2,16,30,Demarcus Holland makes a jump shot from 9 feet out. Kendal Yancy with the assist.,116644,122135,true,true,false,Demarcus,Kendal,Holland,Yancy,Tex,Tex,51,40,2,0,1,,,,,8,2,45,Jump Shot,3,Field Goal Made,9,3.7,8.7,92,92,
2,16,13,Personal foul committed by Prince Ibeh.,116645,,true,false,false,Prince,,Ibeh,,Tex,,51,40,2,1,3,,,,,0,,1,Personal,8,Foul,,,,92,92,
2,16,13,AriSt with a turnover: 5 Second Violation,,,false,false,false,,,,,,,51,40,2,1,0,,,,,0,,9,5 Second Violation,7,Turnover,,,,236,236,
2,16,00,Personal foul committed by Jahii Carson.,109674,,true,false,false,Jahii,,Carson,,AriSt,,51,40,3,1,2,,,,,7,,1,Personal,8,Foul,,,,236,236,
2,15,39,Kendal Yancy misses a 3-point jump shot from 24 feet out.,122135,,true,false,false,Kendal,,Yancy,,Tex,,51,40,3,1,0,,,,,4,3,45,Jump Shot,4,Field Goal Missed,24,9.6,21.8,92,92,
2,15,39,Jahii Carson with a defensive rebound.,109674,,true,false,false,Jahii,,Carson,,AriSt,,51,40,3,1,2,,,,,7,,,,6,Defensive Rebound,,,,236,236,
2,15,34,Jahii Carson makes a jump shot from 10 feet out.,109674,,true,false,false,Jahii,,Carson,,AriSt,,51,42,3,1,2,,,,,9,2,45,Jump Shot,3,Field Goal Made,10,-2.1,9.6,236,236,
2,15,34,Shooting foul committed by Javan Felix.,116643,,true,false,false,Javan,,Felix,,Tex,,51,42,3,2,3,,,,,5,,2,Shooting,8,Foul,,,,92,92,
2,15,34,Official's timeout.,,,false,false,false,,,,,,,51,42,3,2,0,,,,,0,,4,Official,11,Timeout,,,,92,92,
2,15,34,Jahii Carson makes free throw 1 of 1.,109674,,true,false,false,Jahii,,Carson,,AriSt,,51,43,3,2,2,,,,,10,1,10,Free Throw 1 of 1,1,Free Throw Made,,,,236,236,
2,15,05,Demarcus Holland makes a layup shot. Cameron Ridley with the assist.,116644,116649,true,true,false,Demarcus,Cameron,Holland,Ridley,Tex,Tex,53,43,3,2,1,,,,,10,2,40,Layup Shot,3,Field Goal Made,0,0,0,92,92,
2,14,48,Shooting foul committed by Demarcus Holland.,116644,,true,false,false,Demarcus,,Holland,,Tex,,53,43,3,3,2,,,,,10,,2,Shooting,8,Foul,,,,92,92,
2,14,48,Jordan Bachynski misses free throw 1 of 2.,97125,,true,false,false,Jordan,,Bachynski,,AriSt,,53,43,3,3,2,,,,,12,1,11,Free Throw 1 of 2,2,Free Throw Missed,,,,236,236,
2,14,48,AriSt with an offensive rebound.,,,false,false,false,,,,,,,53,43,3,3,0,,,,,0,,,,5,Offensive Rebound,,,,236,236,
2,14,48,Jordan Bachynski makes free throw 2 of 2.,97125,,true,false,false,Jordan,,Bachynski,,AriSt,,53,44,3,3,2,,,,,13,1,12,Free Throw 2 of 2,1,Free Throw Made,,,,236,236,
2,14,42,Offensive foul committed by Isaiah Taylor.,122133,,true,false,false,Isaiah,,Taylor,,Tex,,53,44,3,4,2,,,,,11,,4,Offensive,8,Foul,,,,92,92,
2,14,42,Isaiah Taylor with a  turnover:,122133,,true,false,false,Isaiah,,Taylor,,Tex,,53,44,3,4,2,,,,,11,,,,7,Turnover,,,,92,92,
2,14,36,Jahii Carson makes a jump shot from 15 feet out.,109674,,true,false,false,Jahii,,Carson,,AriSt,,53,46,3,4,2,,,,,12,2,45,Jump Shot,3,Field Goal Made,15,14.2,5.3,236,236,
2,14,21,Cameron Ridley makes a layup shot. Connor Lammert with the assist.,116649,116646,true,true,false,Cameron,Connor,Ridley,Lammert,Tex,Tex,55,46,3,4,0,,,,,8,2,40,Layup Shot,3,Field Goal Made,0,0,0,92,92,
2,14,08,Jordan Bachynski misses a jump shot from 5 feet out.,97125,,true,false,false,Jordan,,Bachynski,,AriSt,,55,46,3,4,2,,,,,13,2,45,Jump Shot,4,Field Goal Missed,5,4.3,2.1,236,236,
2,14,08,Cameron Ridley with a defensive rebound.,116649,,true,false,false,Cameron,,Ridley,,Tex,,55,46,3,4,0,,,,,8,,,,6,Defensive Rebound,,,,92,92,
2,13,48,Isaiah Taylor misses a jump shot from 6 feet out.,122133,,true,false,false,Isaiah,,Taylor,,Tex,,55,46,3,4,2,,,,,11,2,45,Jump Shot,4,Field Goal Missed,6,2.1,5.2,92,92,
2,13,48,Bo Barnes with a defensive rebound.,98297,,true,false,false,Bo,,Barnes,,AriSt,,55,46,3,4,0,,,,,0,,,,6,Defensive Rebound,,,,236,236,
2,13,40,Jahii Carson misses a jump shot from 16 feet out.,109674,,true,false,false,Jahii,,Carson,,AriSt,,55,46,3,4,2,,,,,12,2,45,Jump Shot,4,Field Goal Missed,16,.9,16.2,236,236,
2,13,40,Cameron Ridley with a defensive rebound.,116649,,true,false,false,Cameron,,Ridley,,Tex,,55,46,3,4,0,,,,,8,,,,6,Defensive Rebound,,,,92,92,
2,13,31,Personal foul committed by Bo Barnes.,98297,,true,false,false,Bo,,Barnes,,AriSt,,55,46,4,4,1,,,,,0,,1,Personal,8,Foul,,,,236,236,
2,13,19,Personal foul committed by Eric Jacobsen.,116488,,true,false,false,Eric,,Jacobsen,,AriSt,,55,46,5,4,2,,,,,0,,1,Personal,8,Foul,,,,236,236,
2,13,18,Shooting foul committed by Shaquielle McKissic.,120796,,true,false,false,Shaquielle,,McKissic,,AriSt,,55,46,6,4,2,,,,,9,,2,Shooting,8,Foul,,,,236,236,
2,13,18,Martez Walker makes free throw 1 of 2.,122134,,true,false,false,Martez,,Walker,,Tex,,56,46,6,4,0,,,,,13,1,11,Free Throw 1 of 2,1,Free Throw Made,,,,92,92,
2,13,18,Martez Walker makes free throw 2 of 2.,122134,,true,false,false,Martez,,Walker,,Tex,,57,46,6,4,0,,,,,14,1,12,Free Throw 2 of 2,1,Free Throw Made,,,,92,92,
2,12,56,Eric Jacobsen misses a layup shot.,116488,,true,false,false,Eric,,Jacobsen,,AriSt,,57,46,6,4,2,,,,,0,2,40,Layup Shot,4,Field Goal Missed,0,0,0,236,236,
2,12,56,Isaiah Taylor with a defensive rebound.,122133,,true,false,false,Isaiah,,Taylor,,Tex,,57,46,6,4,2,,,,,11,,,,6,Defensive Rebound,,,,92,92,
2,12,52,Shooting foul committed by Shaquielle McKissic.,120796,,true,false,false,Shaquielle,,McKissic,,AriSt,,57,46,7,4,3,,,,,9,,2,Shooting,8,Foul,,,,236,236,
2,12,52,Martez Walker makes free throw 1 of 2.,122134,,true,false,false,Martez,,Walker,,Tex,,58,46,7,4,0,,,,,15,1,11,Free Throw 1 of 2,1,Free Throw Made,,,,92,92,
2,12,51,Martez Walker makes free throw 2 of 2.,122134,,true,false,false,Martez,,Walker,,Tex,,59,46,7,4,0,,,,,16,1,12,Free Throw 2 of 2,1,Free Throw Made,,,,92,92,
2,12,39,Shooting foul committed by Prince Ibeh.,116645,,true,false,false,Prince,,Ibeh,,Tex,,59,46,7,5,4,,,,,0,,2,Shooting,8,Foul,,,,92,92,
2,12,39,Jordan Bachynski misses free throw 1 of 2.,97125,,true,false,false,Jordan,,Bachynski,,AriSt,,59,46,7,5,2,,,,,13,1,11,Free Throw 1 of 2,2,Free Throw Missed,,,,236,236,
2,12,39,AriSt with an offensive rebound.,,,false,false,false,,,,,,,59,46,7,5,0,,,,,0,,,,5,Offensive Rebound,,,,236,236,
2,12,39,Jordan Bachynski makes free throw 2 of 2.,97125,,true,false,false,Jordan,,Bachynski,,AriSt,,59,47,7,5,2,,,,,14,1,12,Free Throw 2 of 2,1,Free Throw Made,,,,236,236,
2,12,35,Personal foul committed by Jonathan Gilling.,109681,,true,false,false,Jonathan,,Gilling,,AriSt,,59,47,8,5,1,,,,,3,,1,Personal,8,Foul,,,,236,236,
2,12,35,Isaiah Taylor misses free throw 1st of 1-and-1.,122133,,true,false,false,Isaiah,,Taylor,,Tex,,59,47,8,5,2,,,,,11,1,8,Free Throw 1st of 1-and-1,2,Free Throw Missed,,,,92,92,
2,12,35,Jermaine Marshall with a defensive rebound.,88907,,true,false,false,Jermaine,,Marshall,,AriSt,,59,47,8,5,2,,,,,9,,,,6,Defensive Rebound,,,,236,236,
2,12,14,Jordan Bachynski with a lost ball turnover: Lost Ball,97125,,true,false,false,Jordan,,Bachynski,,AriSt,,59,47,8,5,2,,,,,14,,2,Lost Ball,7,Turnover,,,,236,236,
2,12,11,Personal foul committed by Jonathan Gilling.,109681,,true,false,false,Jonathan,,Gilling,,AriSt,,59,47,9,5,2,,,,,3,,1,Personal,8,Foul,,,,236,236,
2,12,11,Jonathan Holmes makes free throw 1st of 1-and-1.,110935,,true,false,false,Jonathan,,Holmes,,Tex,,60,47,9,5,0,,,,,3,1,8,Free Throw 1st of 1-and-1,1,Free Throw Made,,,,92,92,
2,12,11,Jonathan Holmes makes free throw 2nd of 1-and-1.,110935,,true,false,false,Jonathan,,Holmes,,Tex,,61,47,9,5,0,,,,,4,1,9,Free Throw 2nd of 1-and-1,1,Free Throw Made,,,,92,92,
2,12,01,Shooting foul committed by Cameron Ridley.,116649,,true,false,false,Cameron,,Ridley,,Tex,,61,47,9,6,1,,,,,8,,2,Shooting,8,Foul,,,,92,92,
2,12,01,Jordan Bachynski makes free throw 1 of 2.,97125,,true,false,false,Jordan,,Bachynski,,AriSt,,61,48,9,6,2,,,,,15,1,11,Free Throw 1 of 2,1,Free Throw Made,,,,236,236,
2,12,01,Jordan Bachynski makes free throw 2 of 2.,97125,,true,false,false,Jordan,,Bachynski,,AriSt,,61,49,9,6,2,,,,,16,1,12,Free Throw 2 of 2,1,Free Throw Made,,,,236,236,
2,11,42,Martez Walker with a bad pass turnover: Bad Pass,122134,,true,false,false,Martez,,Walker,,Tex,,61,49,9,6,0,,,,,16,,1,Bad Pass,7,Turnover,,,,92,92,
2,11,42,Official's timeout.,,,false,false,false,,,,,,,61,49,9,6,0,,,,,0,,4,Official,11,Timeout,,,,92,92,
2,11,29,Jermaine Marshall makes a layup shot. Jonathan Gilling with the assist.,88907,109681,true,true,false,Jermaine,Jonathan,Marshall,Gilling,AriSt,AriSt,61,51,9,6,2,,,,,11,2,40,Layup Shot,3,Field Goal Made,0,0,0,236,236,
2,11,29,Shooting foul committed by Martez Walker.,122134,,true,false,false,Martez,,Walker,,Tex,,61,51,9,7,1,,,,,16,,2,Shooting,8,Foul,,,,92,92,
2,11,29,Jermaine Marshall misses free throw 1 of 1.,88907,,true,false,false,Jermaine,,Marshall,,AriSt,,61,51,9,7,2,,,,,11,1,10,Free Throw 1 of 1,2,Free Throw Missed,,,,236,236,
2,11,29,Connor Lammert with a defensive rebound.,116646,,true,false,false,Connor,,Lammert,,Tex,,61,51,9,7,1,,,,,3,,,,6,Defensive Rebound,,,,92,92,
2,11,16,Connor Lammert with a bad pass turnover: Bad Pass,116646,,true,false,false,Connor,,Lammert,,Tex,,61,51,9,7,1,,,,,3,,1,Bad Pass,7,Turnover,,,,92,92,
2,11,07,Jordan Bachynski with a offensive goaltending turnover: Offensive Goaltending,97125,,true,false,false,Jordan,,Bachynski,,AriSt,,61,51,9,7,2,,,,,16,,15,Offensive Goaltending,7,Turnover,,,,236,236,
2,10,44,Isaiah Taylor misses a jump shot from 16 feet out.,122133,,true,false,false,Isaiah,,Taylor,,Tex,,61,51,9,7,2,,,,,11,2,45,Jump Shot,4,Field Goal Missed,16,-15.2,5.5,92,92,
2,10,44,Shaquielle McKissic with a defensive rebound.,120796,,true,false,false,Shaquielle,,McKissic,,AriSt,,61,51,9,7,3,,,,,9,,,,6,Defensive Rebound,,,,236,236,
2,10,36,Jermaine Marshall misses a 3-point jump shot from 23 feet out.,88907,,true,false,false,Jermaine,,Marshall,,AriSt,,61,51,9,7,2,,,,,11,3,45,Jump Shot,4,Field Goal Missed,23,-9.3,21.2,236,236,
2,10,36,Connor Lammert with a defensive rebound.,116646,,true,false,false,Connor,,Lammert,,Tex,,61,51,9,7,1,,,,,3,,,,6,Defensive Rebound,,,,92,92,
2,10,17,Connor Lammert with a bad pass turnover: Bad Pass,116646,,true,false,false,Connor,,Lammert,,Tex,,61,51,9,7,1,,,,,3,,1,Bad Pass,7,Turnover,,,,92,92,
2,10,03,Jermaine Marshall makes a layup shot. Jahii Carson with the assist.,88907,109674,true,true,false,Jermaine,Jahii,Marshall,Carson,AriSt,AriSt,61,53,9,7,2,,,,,13,2,40,Layup Shot,3,Field Goal Made,0,0,0,236,236,
2,10,03,Shooting foul committed by Jonathan Holmes.,110935,,true,false,false,Jonathan,,Holmes,,Tex,,61,53,9,8,1,,,,,4,,2,Shooting,8,Foul,,,,92,92,
2,10,03,Jermaine Marshall makes free throw 1 of 1.,88907,,true,false,false,Jermaine,,Marshall,,AriSt,,61,54,9,8,2,,,,,14,1,10,Free Throw 1 of 1,1,Free Throw Made,,,,236,236,
2,9,44,Isaiah Taylor misses a jump shot from 10 feet out.,122133,,true,false,false,Isaiah,,Taylor,,Tex,,61,54,9,8,2,,,,,11,2,45,Jump Shot,4,Field Goal Missed,10,7.4,7,92,92,
2,9,44,Jordan Bachynski with a defensive rebound.,97125,,true,false,false,Jordan,,Bachynski,,AriSt,,61,54,9,8,2,,,,,16,,,,6,Defensive Rebound,,,,236,236,
2,9,44,Personal foul committed by Cameron Ridley.,116649,,true,false,false,Cameron,,Ridley,,Tex,,61,54,9,9,2,,,,,8,,1,Personal,8,Foul,,,,92,92,
2,9,44,Jordan Bachynski makes free throw 1st of 1-and-1.,97125,,true,false,false,Jordan,,Bachynski,,AriSt,,61,55,9,9,2,,,,,17,1,8,Free Throw 1st of 1-and-1,1,Free Throw Made,,,,236,236,
2,9,44,Jordan Bachynski makes free throw 2nd of 1-and-1.,97125,,true,false,false,Jordan,,Bachynski,,AriSt,,61,56,9,9,2,,,,,18,1,9,Free Throw 2nd of 1-and-1,1,Free Throw Made,,,,236,236,
2,9,25,Personal foul committed by Jordan Bachynski.,97125,,true,false,false,Jordan,,Bachynski,,AriSt,,61,56,10,9,3,,,,,18,,1,Personal,8,Foul,,,,236,236,
2,9,25,Cameron Ridley makes free throw 1 of 2.,116649,,true,false,false,Cameron,,Ridley,,Tex,,62,56,10,9,2,,,,,9,1,11,Free Throw 1 of 2,1,Free Throw Made,,,,92,92,
2,9,25,Cameron Ridley misses free throw 2 of 2.,116649,,true,false,false,Cameron,,Ridley,,Tex,,62,56,10,9,2,,,,,9,1,12,Free Throw 2 of 2,2,Free Throw Missed,,,,92,92,
2,9,25,Jahii Carson with a defensive rebound.,109674,,true,false,false,Jahii,,Carson,,AriSt,,62,56,10,9,2,,,,,12,,,,6,Defensive Rebound,,,,236,236,
2,9,18,Jonathan Gilling makes a 3-point jump shot from 23 feet out. Jahii Carson with the assist.,109681,109674,true,true,false,Jonathan,Jahii,Gilling,Carson,AriSt,AriSt,62,59,10,9,2,,,,,6,3,45,Jump Shot,3,Field Goal Made,23,-8.6,21.2,236,236,
2,9,02,Jonathan Holmes makes a jump shot from 12 feet out. Demarcus Holland with the assist.,110935,116644,true,true,false,Jonathan,Demarcus,Holmes,Holland,Tex,Tex,64,59,10,9,1,,,,,6,2,45,Jump Shot,3,Field Goal Made,12,11,4,92,92,
2,8,47,Jahii Carson misses a layup shot.,109674,,true,false,false,Jahii,,Carson,,AriSt,,64,59,10,9,2,,,,,12,2,40,Layup Shot,4,Field Goal Missed,0,0,0,236,236,
2,8,47,Jordan Bachynski with an offensive rebound.,97125,,true,false,false,Jordan,,Bachynski,,AriSt,,64,59,10,9,3,,,,,18,,,,5,Offensive Rebound,,,,236,236,
2,8,43,Jordan Bachynski makes a jump shot from 2 feet out.,97125,,true,false,false,Jordan,,Bachynski,,AriSt,,64,61,10,9,3,,,,,20,2,45,Jump Shot,3,Field Goal Made,2,-1.8,1.3,236,236,
2,8,38,Demarcus Holland makes a layup shot.,116644,,true,false,false,Demarcus,,Holland,,Tex,,66,61,10,9,2,,,,,12,2,40,Layup Shot,3,Field Goal Made,0,0,0,92,92,
2,8,22,Jahii Carson misses a layup shot.,109674,,true,false,false,Jahii,,Carson,,AriSt,,66,61,10,9,2,,,,,12,2,40,Layup Shot,4,Field Goal Missed,0,0,0,236,236,
2,8,22,Jordan Bachynski with an offensive rebound.,97125,,true,false,false,Jordan,,Bachynski,,AriSt,,66,61,10,9,3,,,,,20,,,,5,Offensive Rebound,,,,236,236,
2,8,17,Jordan Bachynski misses a dunk shot.,97125,,true,false,false,Jordan,,Bachynski,,AriSt,,66,61,10,9,3,,,,,20,2,48,Dunk Shot,4,Field Goal Missed,0,0,0,236,236,
2,8,17,Jermaine Marshall with an offensive rebound.,88907,,true,false,false,Jermaine,,Marshall,,AriSt,,66,61,10,9,2,,,,,14,,,,5,Offensive Rebound,,,,236,236,
2,8,12,Jonathan Gilling makes a 3-point jump shot from 23 feet out. Jermaine Marshall with the assist.,109681,88907,true,true,false,Jonathan,Jermaine,Gilling,Marshall,AriSt,AriSt,66,64,10,9,2,,,,,9,3,45,Jump Shot,3,Field Goal Made,23,-15.4,16.9,236,236,
2,7,55,Cameron Ridley makes a jump shot from 9 feet out.,116649,,true,false,false,Cameron,,Ridley,,Tex,,68,64,10,9,2,,,,,11,2,45,Jump Shot,3,Field Goal Made,9,2.8,8.4,92,92,
2,7,55,Personal foul committed by Jonathan Holmes.,110935,,true,false,false,Jonathan,,Holmes,,Tex,,68,64,10,10,2,,,,,6,,1,Personal,8,Foul,,,,92,92,
2,7,55,Official's timeout.,,,false,false,false,,,,,,,68,64,10,10,0,,,,,0,,4,Official,11,Timeout,,,,92,92,
2,7,55,Jonathan Gilling misses free throw 1 of 2.,109681,,true,false,false,Jonathan,,Gilling,,AriSt,,68,64,10,10,2,,,,,9,1,11,Free Throw 1 of 2,2,Free Throw Missed,,,,236,236,
2,7,55,AriSt with an offensive rebound.,,,false,false,false,,,,,,,68,64,10,10,0,,,,,0,,,,5,Offensive Rebound,,,,236,236,
2,7,55,Jonathan Gilling makes free throw 2 of 2.,109681,,true,false,false,Jonathan,,Gilling,,AriSt,,68,65,10,10,2,,,,,10,1,12,Free Throw 2 of 2,1,Free Throw Made,,,,236,236,
2,7,40,Personal foul committed by Shaquielle McKissic.,120796,,true,false,false,Shaquielle,,McKissic,,AriSt,,68,65,11,10,4,,,,,9,,1,Personal,8,Foul,,,,236,236,
2,7,40,Javan Felix makes free throw 1 of 2.,116643,,true,false,false,Javan,,Felix,,Tex,,69,65,11,10,3,,,,,6,1,11,Free Throw 1 of 2,1,Free Throw Made,,,,92,92,
2,7,40,Javan Felix misses free throw 2 of 2.,116643,,true,false,false,Javan,,Felix,,Tex,,69,65,11,10,3,,,,,6,1,12,Free Throw 2 of 2,2,Free Throw Missed,,,,92,92,
2,7,40,Jordan Bachynski with a defensive rebound.,97125,,true,false,false,Jordan,,Bachynski,,AriSt,,69,65,11,10,3,,,,,20,,,,6,Defensive Rebound,,,,236,236,
2,7,22,Jermaine Marshall misses a jump shot from 7 feet out.,88907,,true,false,false,Jermaine,,Marshall,,AriSt,,69,65,11,10,2,,,,,14,2,45,Jump Shot,4,Field Goal Missed,7,2.5,6.2,236,236,
2,7,22,AriSt with an offensive rebound.,,,false,false,false,,,,,,,69,65,11,10,0,,,,,0,,,,5,Offensive Rebound,,,,236,236,
2,7,07,Jordan Bachynski misses a jump shot from 9 feet out.,97125,,true,false,false,Jordan,,Bachynski,,AriSt,,69,65,11,10,3,,,,,20,2,45,Jump Shot,4,Field Goal Missed,9,8.2,4.2,236,236,
2,7,07,Javan Felix with a defensive rebound.,116643,,true,false,false,Javan,,Felix,,Tex,,69,65,11,10,3,,,,,6,,,,6,Defensive Rebound,,,,92,92,
2,6,59,Javan Felix makes a layup shot.,116643,,true,false,false,Javan,,Felix,,Tex,,71,65,11,10,3,,,,,8,2,40,Layup Shot,3,Field Goal Made,0,0,0,92,92,
2,6,54,Jahii Carson makes a jump shot from 9 feet out.,109674,,true,false,false,Jahii,,Carson,,AriSt,,71,67,11,10,2,,,,,14,2,45,Jump Shot,3,Field Goal Made,9,5.9,6.4,236,236,
2,6,36,Javan Felix misses a jump shot from 19 feet out.,116643,,true,false,false,Javan,,Felix,,Tex,,71,67,11,10,3,,,,,8,2,45,Jump Shot,4,Field Goal Missed,19,-7.4,17.1,92,92,
2,6,36,Cameron Ridley with an offensive rebound.,116649,,true,false,false,Cameron,,Ridley,,Tex,,71,67,11,10,2,,,,,11,,,,5,Offensive Rebound,,,,92,92,
2,6,32,Personal foul committed by Jermaine Marshall.,88907,,true,false,false,Jermaine,,Marshall,,AriSt,,71,67,12,10,3,,,,,14,,1,Personal,8,Foul,,,,236,236,
2,6,32,Cameron Ridley makes free throw 1 of 2.,116649,,true,false,false,Cameron,,Ridley,,Tex,,72,67,12,10,2,,,,,12,1,11,Free Throw 1 of 2,1,Free Throw Made,,,,92,92,
2,6,32,Cameron Ridley makes free throw 2 of 2.,116649,,true,false,false,Cameron,,Ridley,,Tex,,73,67,12,10,2,,,,,13,1,12,Free Throw 2 of 2,1,Free Throw Made,,,,92,92,
2,6,28,Jonathan Gilling makes a 3-point jump shot from 23 feet out. Jahii Carson with the assist.,109681,109674,true,true,false,Jonathan,Jahii,Gilling,Carson,AriSt,AriSt,73,70,12,10,2,,,,,13,3,45,Jump Shot,3,Field Goal Made,23,1.8,23.2,236,236,
2,5,59,Javan Felix with a lost ball turnover: Lost Ball,116643,,true,false,false,Javan,,Felix,,Tex,,73,70,12,10,3,,,,,8,,2,Lost Ball,7,Turnover,,,,92,92,
2,5,54,Personal foul committed by Demarcus Holland.,116644,,true,false,false,Demarcus,,Holland,,Tex,,73,70,12,11,3,,,,,12,,1,Personal,8,Foul,,,,92,92,
2,5,54,Tex take a 20-second timeout.,,,false,false,false,,,,,,,73,70,12,11,0,,,,,0,,2,Short,11,Timeout,,,,92,92,
2,5,54,Jahii Carson makes free throw 1 of 2.,109674,,true,false,false,Jahii,,Carson,,AriSt,,73,71,12,11,2,,,,,15,1,11,Free Throw 1 of 2,1,Free Throw Made,,,,236,236,
2,5,54,Jahii Carson makes free throw 2 of 2.,109674,,true,false,false,Jahii,,Carson,,AriSt,,73,72,12,11,2,,,,,16,1,12,Free Throw 2 of 2,1,Free Throw Made,,,,236,236,
2,5,39,Javan Felix misses a jump shot from 19 feet out.,116643,,true,false,false,Javan,,Felix,,Tex,,73,72,12,11,3,,,,,8,2,45,Jump Shot,4,Field Goal Missed,19,5.4,18.4,92,92,
2,5,39,Jermaine Marshall with a defensive rebound.,88907,,true,false,false,Jermaine,,Marshall,,AriSt,,73,72,12,11,3,,,,,14,,,,6,Defensive Rebound,,,,236,236,
2,5,30,Jahii Carson with a lost ball turnover: Lost Ball,109674,,true,false,false,Jahii,,Carson,,AriSt,,73,72,12,11,2,,,,,16,,2,Lost Ball,7,Turnover,,,,236,236,
2,4,56,Javan Felix makes a 3-point jump shot from 23 feet out. Demarcus Holland with the assist.,116643,116644,true,true,false,Javan,Demarcus,Felix,Holland,Tex,Tex,76,72,12,11,3,,,,,11,3,45,Jump Shot,3,Field Goal Made,23,10.6,20,92,92,
2,4,40,Personal foul committed by Cameron Ridley.,116649,,true,false,false,Cameron,,Ridley,,Tex,,76,72,12,12,3,,,,,13,,1,Personal,8,Foul,,,,92,92,
2,4,40,Jordan Bachynski makes free throw 1 of 2.,97125,,true,false,false,Jordan,,Bachynski,,AriSt,,76,73,12,12,3,,,,,21,1,11,Free Throw 1 of 2,1,Free Throw Made,,,,236,236,
2,4,40,Jordan Bachynski makes free throw 2 of 2.,97125,,true,false,false,Jordan,,Bachynski,,AriSt,,76,74,12,12,3,,,,,22,1,12,Free Throw 2 of 2,1,Free Throw Made,,,,236,236,
2,4,17,Demarcus Holland makes a dunk shot. Isaiah Taylor with the assist.,116644,122133,true,true,false,Demarcus,Isaiah,Holland,Taylor,Tex,Tex,78,74,12,12,3,,,,,14,2,48,Dunk Shot,3,Field Goal Made,0,0,0,92,92,
2,4,07,Shooting foul committed by Isaiah Taylor.,122133,,true,false,false,Isaiah,,Taylor,,Tex,,78,74,12,13,3,,,,,11,,2,Shooting,8,Foul,,,,92,92,
2,4,07,Jahii Carson makes free throw 1 of 2.,109674,,true,false,false,Jahii,,Carson,,AriSt,,78,75,12,13,2,,,,,17,1,11,Free Throw 1 of 2,1,Free Throw Made,,,,236,236,
2,4,07,Jahii Carson makes free throw 2 of 2.,109674,,true,false,false,Jahii,,Carson,,AriSt,,78,76,12,13,2,,,,,18,1,12,Free Throw 2 of 2,1,Free Throw Made,,,,236,236,
2,3,35,Javan Felix misses a jump shot from 18 feet out.,116643,,true,false,false,Javan,,Felix,,Tex,,78,76,12,13,3,,,,,11,2,45,Jump Shot,4,Field Goal Missed,18,-2.8,18.1,92,92,
2,3,35,Jonathan Holmes with an offensive rebound.,110935,,true,false,false,Jonathan,,Holmes,,Tex,,78,76,12,13,2,,,,,6,,,,5,Offensive Rebound,,,,92,92,
2,3,30,Jonathan Holmes makes a tip shot from 4 feet out.,110935,,true,false,false,Jonathan,,Holmes,,Tex,,80,76,12,13,2,,,,,8,2,53,Tip Shot,3,Field Goal Made,4,.3,3.8,92,92,
2,3,29,Personal foul committed by Isaiah Taylor.,122133,,true,false,false,Isaiah,,Taylor,,Tex,,80,76,12,14,4,,,,,11,,1,Personal,8,Foul,,,,92,92,
2,3,29,Official's timeout.,,,false,false,false,,,,,,,80,76,12,14,0,,,,,0,,4,Official,11,Timeout,,,,92,92,
2,3,29,Jahii Carson makes free throw 1 of 2.,109674,,true,false,false,Jahii,,Carson,,AriSt,,80,77,12,14,2,,,,,19,1,11,Free Throw 1 of 2,1,Free Throw Made,,,,236,236,
2,3,29,Jahii Carson misses free throw 2 of 2.,109674,,true,false,false,Jahii,,Carson,,AriSt,,80,77,12,14,2,,,,,19,1,12,Free Throw 2 of 2,2,Free Throw Missed,,,,236,236,
2,3,29,Jordan Bachynski with an offensive rebound.,97125,,true,false,false,Jordan,,Bachynski,,AriSt,,80,77,12,14,3,,,,,22,,,,5,Offensive Rebound,,,,236,236,
2,3,19,Jermaine Marshall makes a 3-point jump shot from 23 feet out. Shaquielle McKissic with the assist.,88907,120796,true,true,false,Jermaine,Shaquielle,Marshall,McKissic,AriSt,AriSt,80,80,12,14,3,,,,,17,3,45,Jump Shot,3,Field Goal Made,23,17.9,14.7,236,236,
2,2,56,Tex take a 20-second timeout.,,,false,false,false,,,,,,,80,80,12,14,0,,,,,0,,2,Short,11,Timeout,,,,92,92,
2,2,46,Offensive foul committed by Javan Felix.,116643,,true,false,false,Javan,,Felix,,Tex,,80,80,12,15,4,,,,,11,,4,Offensive,8,Foul,,,,92,92,
2,2,46,Javan Felix with a  turnover:,116643,,true,false,false,Javan,,Felix,,Tex,,80,80,12,15,4,,,,,11,,,,7,Turnover,,,,92,92,
2,2,20,Shooting foul committed by Cameron Ridley.,116649,,true,false,false,Cameron,,Ridley,,Tex,,80,80,12,16,4,,,,,13,,2,Shooting,8,Foul,,,,92,92,
2,2,20,Cameron Ridley misses free throw 1 of 2.,116649,,true,false,false,Cameron,,Ridley,,Tex,,80,80,12,16,4,,,,,13,1,11,Free Throw 1 of 2,2,Free Throw Missed,,,,92,92,
2,2,20,AriSt with a defensive rebound.,,,false,false,false,,,,,,,80,80,12,16,0,,,,,0,,,,6,Defensive Rebound,,,,236,236,
2,2,20,Jordan Bachynski makes free throw 2 of 2.,97125,,true,false,false,Jordan,,Bachynski,,AriSt,,80,81,12,16,3,,,,,23,1,12,Free Throw 2 of 2,1,Free Throw Made,,,,236,236,
2,1,59,Cameron Ridley misses a layup shot.,116649,,true,false,false,Cameron,,Ridley,,Tex,,80,81,12,16,4,,,,,13,2,40,Layup Shot,4,Field Goal Missed,0,0,0,92,92,
2,1,59,Cameron Ridley with an offensive rebound.,116649,,true,false,false,Cameron,,Ridley,,Tex,,80,81,12,16,4,,,,,13,,,,5,Offensive Rebound,,,,92,92,
2,1,56,Cameron Ridley makes a layup shot.,116649,,true,false,false,Cameron,,Ridley,,Tex,,82,81,12,16,4,,,,,15,2,40,Layup Shot,3,Field Goal Made,0,0,0,92,92,
2,1,46,Jonathan Gilling misses a 3-point jump shot from 23 feet out.,109681,,true,false,false,Jonathan,,Gilling,,AriSt,,82,81,12,16,2,,,,,13,3,45,Jump Shot,4,Field Goal Missed,23,12.8,19.3,236,236,
2,1,46,Cameron Ridley with a defensive rebound.,116649,,true,false,false,Cameron,,Ridley,,Tex,,82,81,12,16,4,,,,,15,,,,6,Defensive Rebound,,,,92,92,
2,1,40,Tex take a full timeout.,,,false,false,false,,,,,,,82,81,12,16,0,,,,,0,,1,Regular,11,Timeout,,,,92,92,
2,1,16,Isaiah Taylor misses a jump shot from 11 feet out.,122133,,true,false,false,Isaiah,,Taylor,,Tex,,82,81,12,16,4,,,,,11,2,45,Jump Shot,4,Field Goal Missed,11,6.4,9.4,92,92,
2,1,16,Jahii Carson with a defensive rebound.,109674,,true,false,false,Jahii,,Carson,,AriSt,,82,81,12,16,2,,,,,19,,,,6,Defensive Rebound,,,,236,236,
2,0,46.7,Jordan Bachynski makes a dunk shot. Jahii Carson with the assist.,97125,109674,true,true,false,Jordan,Jahii,Bachynski,Carson,AriSt,AriSt,82,83,12,16,3,,,,,25,2,48,Dunk Shot,3,Field Goal Made,0,0,0,236,236,
2,0,32.5,Javan Felix misses a 3-point jump shot from 22 feet out.,116643,,true,false,false,Javan,,Felix,,Tex,,82,83,12,16,4,,,,,11,3,45,Jump Shot,4,Field Goal Missed,22,-21.9,3.1,92,92,
2,0,32.5,Jonathan Holmes with an offensive rebound.,110935,,true,false,false,Jonathan,,Holmes,,Tex,,82,83,12,16,2,,,,,8,,,,5,Offensive Rebound,,,,92,92,
2,0,32.5,Jonathan Holmes makes a layup shot.,110935,,true,false,false,Jonathan,,Holmes,,Tex,,84,83,12,16,2,,,,,10,2,40,Layup Shot,3,Field Goal Made,0,0,0,92,92,
2,0,32.5,Shooting foul committed by Jonathan Gilling.,109681,,true,false,false,Jonathan,,Gilling,,AriSt,,84,83,13,16,3,,,,,13,,2,Shooting,8,Foul,,,,236,236,
2,0,32.5,AriSt take a 20-second timeout.,,,false,false,false,,,,,,,84,83,13,16,0,,,,,0,,2,Short,11,Timeout,,,,236,236,
2,0,32.5,Jonathan Holmes makes free throw 1 of 1.,110935,,true,false,false,Jonathan,,Holmes,,Tex,,85,83,13,16,2,,,,,11,1,10,Free Throw 1 of 1,1,Free Throw Made,,,,92,92,
2,0,25.3,Jahii Carson misses a jump shot from 9 feet out.,109674,,true,false,false,Jahii,,Carson,,AriSt,,85,83,13,16,2,,,,,19,2,45,Jump Shot,4,Field Goal Missed,9,6.9,6.2,236,236,
2,0,25.3,AriSt with an offensive rebound.,,,false,false,false,,,,,,,85,83,13,16,0,,,,,0,,,,5,Offensive Rebound,,,,236,236,
2,0,17.2,Jermaine Marshall misses a 3-point jump shot from 23 feet out.,88907,,true,false,false,Jermaine,,Marshall,,AriSt,,85,83,13,16,3,,,,,17,3,45,Jump Shot,4,Field Goal Missed,23,21,8.4,236,236,
2,0,17.2,Jonathan Gilling with an offensive rebound.,109681,,true,false,false,Jonathan,,Gilling,,AriSt,,85,83,13,16,3,,,,,13,,,,5,Offensive Rebound,,,,236,236,
2,0,16.2,Personal foul committed by Jonathan Holmes.,110935,,true,false,false,Jonathan,,Holmes,,Tex,,85,83,13,17,3,,,,,11,,1,Personal,8,Foul,,,,92,92,
2,0,16.2,Jonathan Gilling makes free throw 1 of 2.,109681,,true,false,false,Jonathan,,Gilling,,AriSt,,85,84,13,17,3,,,,,14,1,11,Free Throw 1 of 2,1,Free Throw Made,,,,236,236,
2,0,16.2,Jonathan Gilling makes free throw 2 of 2.,109681,,true,false,false,Jonathan,,Gilling,,AriSt,,85,85,13,17,3,,,,,15,1,12,Free Throw 2 of 2,1,Free Throw Made,,,,236,236,
2,0,00,Jonathan Holmes misses a 3-point jump shot from 26 feet out.,110935,,true,false,false,Jonathan,,Holmes,,Tex,,85,85,13,17,3,,,,,11,3,45,Jump Shot,4,Field Goal Missed,26,-13,22.9,92,92,
2,0,00,Cameron Ridley with an offensive rebound.,116649,,true,false,false,Cameron,,Ridley,,Tex,,85,85,13,17,4,,,,,15,,,,5,Offensive Rebound,,,,92,92,
2,0,00,Cameron Ridley makes a jump shot from 8 feet out.,116649,,true,false,false,Cameron,,Ridley,,Tex,,87,85,13,17,4,,,,,17,2,45,Jump Shot,3,Field Goal Made,8,-5.4,6.5,92,92,
2,0,00,End of the 2nd Half,,,false,false,false,,,,,,,87,85,13,17,0,,,,,0,,,,15,End Period,,,,92,92,
2,0,00,End of the Game,,,false,false,false,,,,,,,87,85,13,17,0,,,,,0,,,,19,Game Over,,,,92,92,
