half,time-minutes,time-seconds,details,player1-id,player2-id,player1-linkable,player2-linkable,player3-linkable,player-first-name-1,player-first-name-2,player-last-name-1,player-last-name-2,player-team-alias-1,player-team-alias-2,home-score,visitor-score,visitor-fouls,home-fouls,player-fouls,fastbreak,in-paint,second-chance,off-turnover,player-score,points-type,detail-id,detail-desc,event-id,event-desc,distance,x-coord,y-coord,team-id-1,team-id-2,team-id-3
1,20,00,Start of the 1st Half,,,false,false,false,,,,,,,0,0,0,0,0,,,,,0,,,,14,Start Period,,,,209,209,
1,19,37,Shooting foul committed by Alex Kirk.,97225,,true,false,false,Alex,,Kirk,,NM,,0,0,0,1,1,,,,,0,,2,Shooting,8,Foul,,,,209,209,
1,19,37,Dwight Powell misses free throw 1 of 2.,97471,,true,false,false,Dwight,,Powell,,Stan,,0,0,0,1,0,,,,,0,1,11,Free Throw 1 of 2,2,Free Throw Missed,,,,240,240,
1,19,37,Stan with an offensive rebound.,,,false,false,false,,,,,,,0,0,0,1,0,,,,,0,,,,5,Offensive Rebound,,,,240,240,
1,19,37,Dwight Powell makes free throw 2 of 2.,97471,,true,false,false,Dwight,,Powell,,Stan,,0,1,0,1,0,,,,,1,1,12,Free Throw 2 of 2,1,Free Throw Made,,,,240,240,
1,19,22,Cameron Bairstow makes a jump shot from 12 feet out.,97224,,true,false,false,Cameron,,Bairstow,,NM,,2,1,0,1,0,,,,,2,2,45,Jump Shot,3,Field Goal Made,12,4.8,10.4,209,209,
1,19,12,Stefan Nastic makes a layup shot. Dwight Powell with the assist.,97470,97471,true,true,false,Stefan,Dwight,Nastic,Powell,Stan,Stan,2,3,0,1,0,,,,,2,2,40,Layup Shot,3,Field Goal Made,0,0,0,240,240,
1,18,58,Personal foul committed by Josh Huestis.,97469,,true,false,false,Josh,,Huestis,,Stan,,2,3,1,1,1,,,,,0,,1,Personal,8,Foul,,,,240,240,
1,18,51,Cameron Bairstow makes a jump shot from 14 feet out. Kendall Williams with the assist.,97224,97222,true,true,false,Cameron,Kendall,Bairstow,Williams,NM,NM,4,3,1,1,0,,,,,4,2,45,Jump Shot,3,Field Goal Made,14,-13.5,.6,209,209,
1,18,39,Stefan Nastic makes a layup shot. Chasson Randle with the assist.,97470,109889,true,true,false,Stefan,Chasson,Nastic,Randle,Stan,Stan,4,5,1,1,0,,,,,4,2,40,Layup Shot,3,Field Goal Made,0,0,0,240,240,
1,18,14,Cameron Bairstow misses a jump shot from 7 feet out.,97224,,true,false,false,Cameron,,Bairstow,,NM,,4,5,1,1,0,,,,,4,2,45,Jump Shot,4,Field Goal Missed,7,6.5,2.3,209,209,
1,18,14,Stefan Nastic with a defensive rebound.,97470,,true,false,false,Stefan,,Nastic,,Stan,,4,5,1,1,0,,,,,4,,,,6,Defensive Rebound,,,,240,240,
1,18,07,Anthony Brown makes a 3-point jump shot from 24 feet out. Chasson Randle with the assist.,97467,109889,true,true,false,Anthony,Chasson,Brown,Randle,Stan,Stan,4,8,1,1,0,,,,,3,3,45,Jump Shot,3,Field Goal Made,24,-21.9,11,240,240,
1,17,59,Personal foul committed by Stefan Nastic.,97470,,true,false,false,Stefan,,Nastic,,Stan,,4,8,2,1,1,,,,,4,,1,Personal,8,Foul,,,,240,240,
1,17,55,Kendall Williams misses a 3-point jump shot from 23 feet out.,97222,,true,false,false,Kendall,,Williams,,NM,,4,8,2,1,0,,,,,0,3,45,Jump Shot,4,Field Goal Missed,23,-23.2,3.5,209,209,
1,17,55,Stefan Nastic with a defensive rebound.,97470,,true,false,false,Stefan,,Nastic,,Stan,,4,8,2,1,1,,,,,4,,,,6,Defensive Rebound,,,,240,240,
1,17,27,Anthony Brown with a traveling turnover: Traveling,97467,,true,false,false,Anthony,,Brown,,Stan,,4,8,2,1,0,,,,,3,,4,Traveling,7,Turnover,,,,240,240,
1,17,06,Deshawn Delaney with a lost ball turnover: Lost Ball,122219,,true,false,false,Deshawn,,Delaney,,NM,,4,8,2,1,0,,,,,0,,2,Lost Ball,7,Turnover,,,,209,209,
1,17,02,Chasson Randle makes a layup shot.,109889,,true,false,false,Chasson,,Randle,,Stan,,4,10,2,1,0,,,,,2,2,40,Layup Shot,3,Field Goal Made,0,0,0,240,240,
1,16,47,Deshawn Delaney misses a 3-point jump shot from 22 feet out.,122219,,true,false,false,Deshawn,,Delaney,,NM,,4,10,2,1,0,,,,,0,3,45,Jump Shot,4,Field Goal Missed,22,-22.2,3.5,209,209,
1,16,47,Anthony Brown with a defensive rebound.,97467,,true,false,false,Anthony,,Brown,,Stan,,4,10,2,1,0,,,,,3,,,,6,Defensive Rebound,,,,240,240,
1,16,33,Personal foul committed by Alex Kirk.,97225,,true,false,false,Alex,,Kirk,,NM,,4,10,2,2,2,,,,,0,,1,Personal,8,Foul,,,,209,209,
1,16,29,Chasson Randle makes a 3-point jump shot from 25 feet out. Anthony Brown with the assist.,109889,97467,true,true,false,Chasson,Anthony,Randle,Brown,Stan,Stan,4,13,2,2,0,,,,,5,3,45,Jump Shot,3,Field Goal Made,25,.6,25.1,240,240,
1,16,23,NM take a 20-second timeout.,,,false,false,false,,,,,,,4,13,2,2,0,,,,,0,,2,Short,11,Timeout,,,,209,209,
1,16,09,Cameron Bairstow misses a jump shot from 10 feet out.,97224,,true,false,false,Cameron,,Bairstow,,NM,,4,13,2,2,0,,,,,4,2,45,Jump Shot,4,Field Goal Missed,10,7.9,6.4,209,209,
1,16,09,Chasson Randle with a defensive rebound.,109889,,true,false,false,Chasson,,Randle,,Stan,,4,13,2,2,0,,,,,5,,,,6,Defensive Rebound,,,,240,240,
1,15,53,Josh Huestis makes a 3-point jump shot from 23 feet out.,97469,,true,false,false,Josh,,Huestis,,Stan,,4,16,2,2,1,,,,,3,3,45,Jump Shot,3,Field Goal Made,23,.6,23.2,240,240,
1,15,39,Obij Aget with a traveling turnover: Traveling,122216,,true,false,false,Obij,,Aget,,NM,,4,16,2,2,0,,,,,0,,4,Traveling,7,Turnover,,,,209,209,
1,15,39,Official TV timeout.,,,false,false,false,,,,,,,4,16,2,2,0,,,,,0,,3,Official TV,11,Timeout,,,,209,209,
1,15,28,Dwight Powell misses a jump shot from 13 feet out.,97471,,true,false,false,Dwight,,Powell,,Stan,,4,16,2,2,0,,,,,1,2,45,Jump Shot,4,Field Goal Missed,13,5.5,11.6,240,240,
1,15,28,Deshawn Delaney with a defensive rebound.,122219,,true,false,false,Deshawn,,Delaney,,NM,,4,16,2,2,0,,,,,0,,,,6,Defensive Rebound,,,,209,209,
1,15,03,Hugh Greenwood misses a 3-point jump shot from 25 feet out.,109847,,true,false,false,Hugh,,Greenwood,,NM,,4,16,2,2,0,,,,,0,3,45,Jump Shot,4,Field Goal Missed,25,16.2,19,209,209,
1,15,03,Anthony Brown with a defensive rebound.,97467,,true,false,false,Anthony,,Brown,,Stan,,4,16,2,2,0,,,,,3,,,,6,Defensive Rebound,,,,240,240,
1,14,44,Personal foul committed by Merv Lindsay.,110110,,true,false,false,Merv,,Lindsay,,NM,,4,16,2,3,1,,,,,0,,1,Personal,8,Foul,,,,209,209,
1,14,33,Chasson Randle makes a jump shot from 16 feet out. John Gage with the assist.,109889,97468,true,true,false,Chasson,John,Randle,Gage,Stan,Stan,4,18,2,3,0,,,,,7,2,45,Jump Shot,3,Field Goal Made,16,-11.6,10.8,240,240,
1,14,19,Merv Lindsay misses a layup shot.,110110,,true,false,false,Merv,,Lindsay,,NM,,4,18,2,3,1,,,,,0,2,40,Layup Shot,4,Field Goal Missed,0,0,0,209,209,
1,14,19,Dwight Powell with a defensive rebound.,97471,,true,false,false,Dwight,,Powell,,Stan,,4,18,2,3,0,,,,,1,,,,6,Defensive Rebound,,,,240,240,
1,14,04,John Gage misses a 3-point jump shot from 23 feet out.,97468,,true,false,false,John,,Gage,,Stan,,4,18,2,3,0,,,,,0,3,45,Jump Shot,4,Field Goal Missed,23,-22.5,5.9,240,240,
1,14,04,Deshawn Delaney with a defensive rebound.,122219,,true,false,false,Deshawn,,Delaney,,NM,,4,18,2,3,0,,,,,0,,,,6,Defensive Rebound,,,,209,209,
1,13,53,Hugh Greenwood misses a jump shot from 13 feet out.,109847,,true,false,false,Hugh,,Greenwood,,NM,,4,18,2,3,0,,,,,0,2,45,Jump Shot,4,Field Goal Missed,13,10.6,7.4,209,209,
1,13,53,John Gage with a defensive rebound.,97468,,true,false,false,John,,Gage,,Stan,,4,18,2,3,0,,,,,0,,,,6,Defensive Rebound,,,,240,240,
1,13,36,Chasson Randle makes a layup shot. Josh Huestis with the assist.,109889,97469,true,true,false,Chasson,Josh,Randle,Huestis,Stan,Stan,4,20,2,3,0,,,,,9,2,40,Layup Shot,3,Field Goal Made,0,0,0,240,240,
1,13,23,Shooting foul committed by Dwight Powell.,97471,,true,false,false,Dwight,,Powell,,Stan,,4,20,3,3,1,,,,,1,,2,Shooting,8,Foul,,,,240,240,
1,13,23,Deshawn Delaney misses free throw 1 of 2.,122219,,true,false,false,Deshawn,,Delaney,,NM,,4,20,3,3,0,,,,,0,1,11,Free Throw 1 of 2,2,Free Throw Missed,,,,209,209,
1,13,23,NM with an offensive rebound.,,,false,false,false,,,,,,,4,20,3,3,0,,,,,0,,,,5,Offensive Rebound,,,,209,209,
1,13,23,Deshawn Delaney makes free throw 2 of 2.,122219,,true,false,false,Deshawn,,Delaney,,NM,,5,20,3,3,0,,,,,1,1,12,Free Throw 2 of 2,1,Free Throw Made,,,,209,209,
1,12,59,Personal foul committed by Deshawn Delaney.,122219,,true,false,false,Deshawn,,Delaney,,NM,,5,20,3,4,1,,,,,1,,1,Personal,8,Foul,,,,209,209,
1,12,59,Stan take a 20-second timeout.,,,false,false,false,,,,,,,5,20,3,4,0,,,,,0,,2,Short,11,Timeout,,,,240,240,
1,12,48,Robbie Lemons misses a jump shot from 18 feet out.,98027,,true,false,false,Robbie,,Lemons,,Stan,,5,20,3,4,0,,,,,0,2,45,Jump Shot,4,Field Goal Missed,18,17.8,3.6,240,240,
1,12,48,Deshawn Delaney with a defensive rebound.,122219,,true,false,false,Deshawn,,Delaney,,NM,,5,20,3,4,1,,,,,1,,,,6,Defensive Rebound,,,,209,209,
1,12,24,Shooting foul committed by Stefan Nastic.,97470,,true,false,false,Stefan,,Nastic,,Stan,,5,20,4,4,2,,,,,4,,2,Shooting,8,Foul,,,,240,240,
1,12,24,Deshawn Delaney makes free throw 1 of 2.,122219,,true,false,false,Deshawn,,Delaney,,NM,,6,20,4,4,1,,,,,2,1,11,Free Throw 1 of 2,1,Free Throw Made,,,,209,209,
1,12,24,Deshawn Delaney makes free throw 2 of 2.,122219,,true,false,false,Deshawn,,Delaney,,NM,,7,20,4,4,1,,,,,3,1,12,Free Throw 2 of 2,1,Free Throw Made,,,,209,209,
1,12,06,Anthony Brown misses a jump shot from 14 feet out.,97467,,true,false,false,Anthony,,Brown,,Stan,,7,20,4,4,0,,,,,3,2,45,Jump Shot,4,Field Goal Missed,14,-14.2,2.5,240,240,
1,12,06,Josh Huestis with an offensive rebound.,97469,,true,false,false,Josh,,Huestis,,Stan,,7,20,4,4,1,,,,,3,,,,5,Offensive Rebound,,,,240,240,
1,12,01,Personal foul committed by Merv Lindsay.,110110,,true,false,false,Merv,,Lindsay,,NM,,7,20,4,5,2,,,,,0,,1,Personal,8,Foul,,,,209,209,
1,11,44,Chasson Randle misses a 3-point jump shot from 25 feet out.,109889,,true,false,false,Chasson,,Randle,,Stan,,7,20,4,5,0,,,,,9,3,45,Jump Shot,4,Field Goal Missed,25,20,14.5,240,240,
1,11,44,John Gage with an offensive rebound.,97468,,true,false,false,John,,Gage,,Stan,,7,20,4,5,0,,,,,0,,,,5,Offensive Rebound,,,,240,240,
1,11,32,John Gage misses a layup shot.,97468,,true,false,false,John,,Gage,,Stan,,7,20,4,5,0,,,,,0,2,40,Layup Shot,4,Field Goal Missed,0,0,0,240,240,
1,11,32,Hugh Greenwood with a defensive rebound.,109847,,true,false,false,Hugh,,Greenwood,,NM,,7,20,4,5,0,,,,,0,,,,6,Defensive Rebound,,,,209,209,
1,11,28,Deshawn Delaney makes a layup shot. Hugh Greenwood with the assist.,122219,109847,true,true,false,Deshawn,Hugh,Delaney,Greenwood,NM,NM,9,20,4,5,1,,,,,5,2,40,Layup Shot,3,Field Goal Made,0,0,0,209,209,
1,11,19,John Gage misses a 3-point jump shot from 25 feet out.,97468,,true,false,false,John,,Gage,,Stan,,9,20,4,5,0,,,,,0,3,45,Jump Shot,4,Field Goal Missed,25,-19.6,15.6,240,240,
1,11,19,Cameron Bairstow with a defensive rebound.,97224,,true,false,false,Cameron,,Bairstow,,NM,,9,20,4,5,0,,,,,4,,,,6,Defensive Rebound,,,,209,209,
1,11,10,Hugh Greenwood makes a 3-point jump shot from 25 feet out. Cullen Neal with the assist.,109847,122217,true,true,false,Hugh,Cullen,Greenwood,Neal,NM,NM,12,20,4,5,0,,,,,3,3,45,Jump Shot,3,Field Goal Made,25,-18.1,17.1,209,209,
1,11,05,Stan take a 20-second timeout.,,,false,false,false,,,,,,,12,20,4,5,0,,,,,0,,2,Short,11,Timeout,,,,240,240,
1,10,36,Chasson Randle misses a 3-point jump shot from 26 feet out.,109889,,true,false,false,Chasson,,Randle,,Stan,,12,20,4,5,0,,,,,9,3,45,Jump Shot,4,Field Goal Missed,26,-17.6,19.3,240,240,
1,10,36,Cameron Bairstow with a defensive rebound.,97224,,true,false,false,Cameron,,Bairstow,,NM,,12,20,4,5,0,,,,,4,,,,6,Defensive Rebound,,,,209,209,
1,10,22,Deshawn Delaney misses a layup shot.,122219,,true,false,false,Deshawn,,Delaney,,NM,,12,20,4,5,1,,,,,5,2,40,Layup Shot,4,Field Goal Missed,0,0,0,209,209,
1,10,22,Chasson Randle with a defensive rebound.,109889,,true,false,false,Chasson,,Randle,,Stan,,12,20,4,5,0,,,,,9,,,,6,Defensive Rebound,,,,240,240,
1,10,07,Josh Huestis misses a jump shot from 16 feet out.,97469,,true,false,false,Josh,,Huestis,,Stan,,12,20,4,5,1,,,,,3,2,45,Jump Shot,4,Field Goal Missed,16,5,14.9,240,240,
1,10,07,Chasson Randle with an offensive rebound.,109889,,true,false,false,Chasson,,Randle,,Stan,,12,20,4,5,0,,,,,9,,,,5,Offensive Rebound,,,,240,240,
1,9,42,Anthony Brown makes a 3-point jump shot from 25 feet out.,97467,,true,false,false,Anthony,,Brown,,Stan,,12,23,4,5,0,,,,,6,3,45,Jump Shot,3,Field Goal Made,25,-20.8,14.5,240,240,
1,9,24,Cameron Bairstow makes a jump shot from 12 feet out.,97224,,true,false,false,Cameron,,Bairstow,,NM,,14,23,4,5,0,,,,,6,2,45,Jump Shot,3,Field Goal Made,12,-11,3.8,209,209,
1,9,01,Dwight Powell misses a jump shot from 12 feet out.,97471,,true,false,false,Dwight,,Powell,,Stan,,14,23,4,5,1,,,,,1,2,45,Jump Shot,4,Field Goal Missed,12,11.5,3,240,240,
1,9,01,NM with a defensive rebound.,,,false,false,false,,,,,,,14,23,4,5,0,,,,,0,,,,6,Defensive Rebound,,,,209,209,
1,9,00,Personal foul committed by Josh Huestis.,97469,,true,false,false,Josh,,Huestis,,Stan,,14,23,5,5,2,,,,,3,,1,Personal,8,Foul,,,,240,240,
1,9,00,Official TV timeout.,,,false,false,false,,,,,,,14,23,5,5,0,,,,,0,,3,Official TV,11,Timeout,,,,209,209,
1,8,32,Cullen Neal misses a jump shot from 10 feet out.,122217,,true,false,false,Cullen,,Neal,,NM,,14,23,5,5,0,,,,,0,2,45,Jump Shot,4,Field Goal Missed,10,-9.9,1.6,209,209,
1,8,32,Anthony Brown with a defensive rebound.,97467,,true,false,false,Anthony,,Brown,,Stan,,14,23,5,5,0,,,,,6,,,,6,Defensive Rebound,,,,240,240,
1,8,15,Shooting foul committed by Cameron Bairstow.,97224,,true,false,false,Cameron,,Bairstow,,NM,,14,23,5,6,1,,,,,6,,2,Shooting,8,Foul,,,,209,209,
1,8,15,Dwight Powell makes free throw 1 of 2.,97471,,true,false,false,Dwight,,Powell,,Stan,,14,24,5,6,1,,,,,2,1,11,Free Throw 1 of 2,1,Free Throw Made,,,,240,240,
1,8,15,Dwight Powell makes free throw 2 of 2.,97471,,true,false,false,Dwight,,Powell,,Stan,,14,25,5,6,1,,,,,3,1,12,Free Throw 2 of 2,1,Free Throw Made,,,,240,240,
1,8,01,Hugh Greenwood with a lost ball turnover: Lost Ball,109847,,true,false,false,Hugh,,Greenwood,,NM,,14,25,5,6,0,,,,,3,,2,Lost Ball,7,Turnover,,,,209,209,
1,7,58,Chasson Randle misses a layup shot.,109889,,true,false,false,Chasson,,Randle,,Stan,,14,25,5,6,0,,,,,9,2,40,Layup Shot,4,Field Goal Missed,0,0,0,240,240,
1,7,58,Hugh Greenwood with a defensive rebound.,109847,,true,false,false,Hugh,,Greenwood,,NM,,14,25,5,6,0,,,,,3,,,,6,Defensive Rebound,,,,209,209,
1,7,58,Personal foul committed by Robbie Lemons.,98027,,true,false,false,Robbie,,Lemons,,Stan,,14,25,6,6,1,,,,,0,,1,Personal,8,Foul,,,,240,240,
1,7,58,Official TV timeout.,,,false,false,false,,,,,,,14,25,6,6,0,,,,,0,,3,Official TV,11,Timeout,,,,209,209,
1,7,45,Cullen Neal misses a 3-point jump shot from 27 feet out.,122217,,true,false,false,Cullen,,Neal,,NM,,14,25,6,6,0,,,,,0,3,45,Jump Shot,4,Field Goal Missed,27,14.5,22.5,209,209,
1,7,45,Marcus Allen with a defensive rebound.,120688,,true,false,false,Marcus,,Allen,,Stan,,14,25,6,6,0,,,,,0,,,,6,Defensive Rebound,,,,240,240,
1,7,20,Anthony Brown makes a 3-point jump shot from 27 feet out. Marcus Allen with the assist.,97467,120688,true,true,false,Anthony,Marcus,Brown,Allen,Stan,Stan,14,28,6,6,0,,,,,9,3,45,Jump Shot,3,Field Goal Made,27,-13.7,23.7,240,240,
1,6,53,Cameron Bairstow makes a layup shot.,97224,,true,false,false,Cameron,,Bairstow,,NM,,16,28,6,6,1,,,,,8,2,40,Layup Shot,3,Field Goal Made,0,0,0,209,209,
1,6,52,Stefan Nastic with a inbound turnover turnover: Inbound Turnover,97470,,true,false,false,Stefan,,Nastic,,Stan,,16,28,6,6,2,,,,,4,,12,Inbound Turnover,7,Turnover,,,,240,240,
1,6,44,Cullen Neal makes a jump shot from 7 feet out.,122217,,true,false,false,Cullen,,Neal,,NM,,18,28,6,6,0,,,,,2,2,45,Jump Shot,3,Field Goal Made,7,-3.7,6.2,209,209,
1,6,07,Stefan Nastic makes a layup shot. Dwight Powell with the assist.,97470,97471,true,true,false,Stefan,Dwight,Nastic,Powell,Stan,Stan,18,30,6,6,2,,,,,6,2,40,Layup Shot,3,Field Goal Made,0,0,0,240,240,
1,5,51,Alex Kirk with a lost ball turnover: Lost Ball,97225,,true,false,false,Alex,,Kirk,,NM,,18,30,6,6,2,,,,,0,,2,Lost Ball,7,Turnover,,,,209,209,
1,5,29,Anthony Brown misses a jump shot from 13 feet out.,97467,,true,false,false,Anthony,,Brown,,Stan,,18,30,6,6,0,,,,,9,2,45,Jump Shot,4,Field Goal Missed,13,13,3.5,240,240,
1,5,29,Cameron Bairstow with a defensive rebound.,97224,,true,false,false,Cameron,,Bairstow,,NM,,18,30,6,6,1,,,,,8,,,,6,Defensive Rebound,,,,209,209,
1,5,09,Personal foul committed by Dwight Powell.,97471,,true,false,false,Dwight,,Powell,,Stan,,18,30,7,6,2,,,,,3,,1,Personal,8,Foul,,,,240,240,
1,5,09,Cameron Bairstow makes free throw 1st of 1-and-1.,97224,,true,false,false,Cameron,,Bairstow,,NM,,19,30,7,6,1,,,,,9,1,8,Free Throw 1st of 1-and-1,1,Free Throw Made,,,,209,209,
1,5,09,Cameron Bairstow misses free throw 2nd of 1-and-1.,97224,,true,false,false,Cameron,,Bairstow,,NM,,19,30,7,6,1,,,,,9,1,9,Free Throw 2nd of 1-and-1,2,Free Throw Missed,,,,209,209,
1,5,09,Josh Huestis with a defensive rebound.,97469,,true,false,false,Josh,,Huestis,,Stan,,19,30,7,6,2,,,,,3,,,,6,Defensive Rebound,,,,240,240,
1,4,48,Stefan Nastic misses a jump shot from 18 feet out.,97470,,true,false,false,Stefan,,Nastic,,Stan,,19,30,7,6,2,,,,,6,2,45,Jump Shot,4,Field Goal Missed,18,-17.4,1.8,240,240,
1,4,48,Cleveland Thomas with a defensive rebound.,116428,,true,false,false,Cleveland,,Thomas,,NM,,19,30,7,6,0,,,,,0,,,,6,Defensive Rebound,,,,209,209,
1,4,38,Cameron Bairstow misses a jump shot from 16 feet out.,97224,,true,false,false,Cameron,,Bairstow,,NM,,19,30,7,6,1,,,,,9,2,45,Jump Shot,4,Field Goal Missed,16,-15.6,3,209,209,
1,4,38,Chasson Randle with a defensive rebound.,109889,,true,false,false,Chasson,,Randle,,Stan,,19,30,7,6,0,,,,,9,,,,6,Defensive Rebound,,,,240,240,
1,4,27,Personal foul committed by Cleveland Thomas.,116428,,true,false,false,Cleveland,,Thomas,,NM,,19,30,7,7,1,,,,,0,,1,Personal,8,Foul,,,,209,209,
1,4,27,Chasson Randle makes free throw 1st of 1-and-1.,109889,,true,false,false,Chasson,,Randle,,Stan,,19,31,7,7,0,,,,,10,1,8,Free Throw 1st of 1-and-1,1,Free Throw Made,,,,240,240,
1,4,27,Chasson Randle makes free throw 2nd of 1-and-1.,109889,,true,false,false,Chasson,,Randle,,Stan,,19,32,7,7,0,,,,,11,1,9,Free Throw 2nd of 1-and-1,1,Free Throw Made,,,,240,240,
1,4,14,Hugh Greenwood makes a 3-point jump shot from 25 feet out. Kendall Williams with the assist.,109847,97222,true,true,false,Hugh,Kendall,Greenwood,Williams,NM,NM,22,32,7,7,0,,,,,6,3,45,Jump Shot,3,Field Goal Made,25,17.6,17.4,209,209,
1,3,35,Anthony Brown with a traveling turnover: Traveling,97467,,true,false,false,Anthony,,Brown,,Stan,,22,32,7,7,0,,,,,9,,4,Traveling,7,Turnover,,,,240,240,
1,3,35,Official TV timeout.,,,false,false,false,,,,,,,22,32,7,7,0,,,,,0,,3,Official TV,11,Timeout,,,,209,209,
1,3,22,Hugh Greenwood with a lost ball turnover: Lost Ball,109847,,true,false,false,Hugh,,Greenwood,,NM,,22,32,7,7,0,,,,,6,,2,Lost Ball,7,Turnover,,,,209,209,
1,2,54,Josh Huestis misses a jump shot from 17 feet out.,97469,,true,false,false,Josh,,Huestis,,Stan,,22,32,7,7,2,,,,,3,2,45,Jump Shot,4,Field Goal Missed,17,-16.1,4,240,240,
1,2,54,Cameron Bairstow with a defensive rebound.,97224,,true,false,false,Cameron,,Bairstow,,NM,,22,32,7,7,1,,,,,9,,,,6,Defensive Rebound,,,,209,209,
1,2,46,Kendall Williams makes a layup shot.,97222,,true,false,false,Kendall,,Williams,,NM,,24,32,7,7,0,,,,,2,2,40,Layup Shot,3,Field Goal Made,0,0,0,209,209,
1,2,25,Marcus Allen misses a jump shot from 17 feet out.,120688,,true,false,false,Marcus,,Allen,,Stan,,24,32,7,7,0,,,,,0,2,45,Jump Shot,4,Field Goal Missed,17,8.2,14.5,240,240,
1,2,25,Alex Kirk with a defensive rebound.,97225,,true,false,false,Alex,,Kirk,,NM,,24,32,7,7,2,,,,,0,,,,6,Defensive Rebound,,,,209,209,
1,2,12,Personal foul committed by Grant Verhoeven.,116639,,true,false,false,Grant,,Verhoeven,,Stan,,24,32,8,7,1,,,,,0,,1,Personal,8,Foul,,,,240,240,
1,2,12,Cameron Bairstow makes free throw 1 of 2.,97224,,true,false,false,Cameron,,Bairstow,,NM,,25,32,8,7,1,,,,,10,1,11,Free Throw 1 of 2,1,Free Throw Made,,,,209,209,
1,2,12,Cameron Bairstow misses free throw 2 of 2.,97224,,true,false,false,Cameron,,Bairstow,,NM,,25,32,8,7,1,,,,,10,1,12,Free Throw 2 of 2,2,Free Throw Missed,,,,209,209,
1,2,12,Anthony Brown with a defensive rebound.,97467,,true,false,false,Anthony,,Brown,,Stan,,25,32,8,7,0,,,,,9,,,,6,Defensive Rebound,,,,240,240,
1,1,39,Chasson Randle with a lost ball turnover: Lost Ball,109889,,true,false,false,Chasson,,Randle,,Stan,,25,32,8,7,0,,,,,11,,2,Lost Ball,7,Turnover,,,,240,240,
1,1,25,Kendall Williams with a lost ball turnover: Lost Ball,97222,,true,false,false,Kendall,,Williams,,NM,,25,32,8,7,0,,,,,2,,2,Lost Ball,7,Turnover,,,,209,209,
1,1,02,Chasson Randle misses a jump shot from 13 feet out.,109889,,true,false,false,Chasson,,Randle,,Stan,,25,32,8,7,0,,,,,11,2,45,Jump Shot,4,Field Goal Missed,13,-13,2,240,240,
1,1,02,Stefan Nastic with an offensive rebound.,97470,,true,false,false,Stefan,,Nastic,,Stan,,25,32,8,7,2,,,,,6,,,,5,Offensive Rebound,,,,240,240,
1,0,57.0,Anthony Brown misses a layup shot.,97467,,true,false,false,Anthony,,Brown,,Stan,,25,32,8,7,0,,,,,9,2,40,Layup Shot,4,Field Goal Missed,0,0,0,240,240,
1,0,57.0,Kendall Williams with a defensive rebound.,97222,,true,false,false,Kendall,,Williams,,NM,,25,32,8,7,0,,,,,2,,,,6,Defensive Rebound,,,,209,209,
1,0,40.0,Cullen Neal misses a 3-point jump shot from 22 feet out.,122217,,true,false,false,Cullen,,Neal,,NM,,25,32,8,7,0,,,,,2,3,45,Jump Shot,4,Field Goal Missed,22,22.2,1.4,209,209,
1,0,40.0,Cameron Bairstow with an offensive rebound.,97224,,true,false,false,Cameron,,Bairstow,,NM,,25,32,8,7,1,,,,,10,,,,5,Offensive Rebound,,,,209,209,
1,0,36.8,Personal foul committed by Stefan Nastic.,97470,,true,false,false,Stefan,,Nastic,,Stan,,25,32,9,7,3,,,,,6,,1,Personal,8,Foul,,,,240,240,
1,0,36.8,Cameron Bairstow makes free throw 1st of 1-and-1.,97224,,true,false,false,Cameron,,Bairstow,,NM,,26,32,9,7,1,,,,,11,1,8,Free Throw 1st of 1-and-1,1,Free Throw Made,,,,209,209,
1,0,36.8,Cameron Bairstow makes free throw 2nd of 1-and-1.,97224,,true,false,false,Cameron,,Bairstow,,NM,,27,32,9,7,1,,,,,12,1,9,Free Throw 2nd of 1-and-1,1,Free Throw Made,,,,209,209,
1,0,05.6,Marcus Allen with a lost ball turnover: Lost Ball,120688,,true,false,false,Marcus,,Allen,,Stan,,27,32,9,7,0,,,,,0,,2,Lost Ball,7,Turnover,,,,240,240,
1,0,00,End of the 1st Half,,,false,false,false,,,,,,,27,32,9,7,0,,,,,0,,,,15,End Period,,,,209,209,
2,20,00,Start of the 2nd Half,,,false,false,false,,,,,,,27,32,0,0,0,,,,,0,,,,14,Start Period,,,,209,209,
2,19,40,Cameron Bairstow makes a layup shot.,97224,,true,false,false,Cameron,,Bairstow,,NM,,29,32,0,0,1,,,,,14,2,40,Layup Shot,3,Field Goal Made,0,0,0,209,209,
2,19,20,Chasson Randle makes a 3-point jump shot from 26 feet out.,109889,,true,false,false,Chasson,,Randle,,Stan,,29,35,0,0,0,,,,,14,3,45,Jump Shot,3,Field Goal Made,26,12.5,22.5,240,240,
2,19,04,Cameron Bairstow makes a jump shot from 17 feet out. Deshawn Delaney with the assist.,97224,122219,true,true,false,Cameron,Deshawn,Bairstow,Delaney,NM,NM,31,35,0,0,1,,,,,16,2,45,Jump Shot,3,Field Goal Made,17,2.6,17.3,209,209,
2,18,47,Dwight Powell misses a jump shot from 18 feet out.,97471,,true,false,false,Dwight,,Powell,,Stan,,31,35,0,0,2,,,,,3,2,45,Jump Shot,4,Field Goal Missed,18,2.6,17.6,240,240,
2,18,47,Kendall Williams with a defensive rebound.,97222,,true,false,false,Kendall,,Williams,,NM,,31,35,0,0,0,,,,,2,,,,6,Defensive Rebound,,,,209,209,
2,18,33,Cameron Bairstow makes a layup shot.,97224,,true,false,false,Cameron,,Bairstow,,NM,,33,35,0,0,1,,,,,18,2,40,Layup Shot,3,Field Goal Made,0,0,0,209,209,
2,18,03,Josh Huestis makes a jump shot from 8 feet out.,97469,,true,false,false,Josh,,Huestis,,Stan,,33,37,0,0,2,,,,,5,2,45,Jump Shot,3,Field Goal Made,8,1.3,8.2,240,240,
2,17,40,Personal foul committed by Josh Huestis.,97469,,true,false,false,Josh,,Huestis,,Stan,,33,37,1,0,3,,,,,5,,1,Personal,8,Foul,,,,240,240,
2,17,32,Cameron Bairstow makes a jump shot from 14 feet out. Kendall Williams with the assist.,97224,97222,true,true,false,Cameron,Kendall,Bairstow,Williams,NM,NM,35,37,1,0,1,,,,,20,2,45,Jump Shot,3,Field Goal Made,14,13.5,3.8,209,209,
2,17,01,Stefan Nastic makes a layup shot.,97470,,true,false,false,Stefan,,Nastic,,Stan,,35,39,1,0,3,,,,,8,2,40,Layup Shot,3,Field Goal Made,0,0,0,240,240,
2,16,45,Kendall Williams misses a 3-point jump shot from 25 feet out.,97222,,true,false,false,Kendall,,Williams,,NM,,35,39,1,0,0,,,,,2,3,45,Jump Shot,4,Field Goal Missed,25,-17.9,17.8,209,209,
2,16,45,Dwight Powell with a defensive rebound.,97471,,true,false,false,Dwight,,Powell,,Stan,,35,39,1,0,2,,,,,3,,,,6,Defensive Rebound,,,,240,240,
2,16,18,Dwight Powell misses a 3-point jump shot from 25 feet out.,97471,,true,false,false,Dwight,,Powell,,Stan,,35,39,1,0,2,,,,,3,3,45,Jump Shot,4,Field Goal Missed,25,19.1,15.6,240,240,
2,16,18,Deshawn Delaney with a defensive rebound.,122219,,true,false,false,Deshawn,,Delaney,,NM,,35,39,1,0,1,,,,,5,,,,6,Defensive Rebound,,,,209,209,
2,16,06,Hugh Greenwood misses a 3-point jump shot from 25 feet out.,109847,,true,false,false,Hugh,,Greenwood,,NM,,35,39,1,0,0,,,,,6,3,45,Jump Shot,4,Field Goal Missed,25,-19.3,16.4,209,209,
2,16,06,Stefan Nastic with a defensive rebound.,97470,,true,false,false,Stefan,,Nastic,,Stan,,35,39,1,0,3,,,,,8,,,,6,Defensive Rebound,,,,240,240,
2,15,57,Shooting foul committed by Hugh Greenwood.,109847,,true,false,false,Hugh,,Greenwood,,NM,,35,39,1,1,1,,,,,6,,2,Shooting,8,Foul,,,,209,209,
2,15,57,Official TV timeout.,,,false,false,false,,,,,,,35,39,1,1,0,,,,,0,,3,Official TV,11,Timeout,,,,209,209,
2,15,53,Dwight Powell misses a jump shot from 15 feet out.,97471,,true,false,false,Dwight,,Powell,,Stan,,35,39,1,1,2,,,,,3,2,45,Jump Shot,4,Field Goal Missed,15,11.8,9.4,240,240,
2,15,53,Kendall Williams with a defensive rebound.,97222,,true,false,false,Kendall,,Williams,,NM,,35,39,1,1,0,,,,,2,,,,6,Defensive Rebound,,,,209,209,
2,15,24,Cameron Bairstow with a lost ball turnover: Lost Ball,97224,,true,false,false,Cameron,,Bairstow,,NM,,35,39,1,1,1,,,,,20,,2,Lost Ball,7,Turnover,,,,209,209,
2,15,07,Offensive foul committed by Stefan Nastic.,97470,,true,false,false,Stefan,,Nastic,,Stan,,35,39,2,1,4,,,,,8,,4,Offensive,8,Foul,,,,240,240,
2,15,07,Stefan Nastic with a  turnover:,97470,,true,false,false,Stefan,,Nastic,,Stan,,35,39,2,1,4,,,,,8,,,,7,Turnover,,,,240,240,
2,14,52,NM take a full timeout.,,,false,false,false,,,,,,,35,39,2,1,0,,,,,0,,1,Regular,11,Timeout,,,,209,209,
2,14,30,Deshawn Delaney makes a 3-point jump shot from 25 feet out. Kendall Williams with the assist.,122219,97222,true,true,false,Deshawn,Kendall,Delaney,Williams,NM,NM,38,39,2,1,1,,,,,8,3,45,Jump Shot,3,Field Goal Made,25,-21.7,12.2,209,209,
2,14,07,Dwight Powell misses a layup shot.,97471,,true,false,false,Dwight,,Powell,,Stan,,38,39,2,1,2,,,,,3,2,40,Layup Shot,4,Field Goal Missed,0,0,0,240,240,
2,14,07,Cameron Bairstow with a defensive rebound.,97224,,true,false,false,Cameron,,Bairstow,,NM,,38,39,2,1,1,,,,,20,,,,6,Defensive Rebound,,,,209,209,
2,13,59,Cameron Bairstow misses a jump shot from 11 feet out.,97224,,true,false,false,Cameron,,Bairstow,,NM,,38,39,2,1,1,,,,,20,2,45,Jump Shot,4,Field Goal Missed,11,-.1,11.1,209,209,
2,13,59,John Gage with a defensive rebound.,97468,,true,false,false,John,,Gage,,Stan,,38,39,2,1,0,,,,,0,,,,6,Defensive Rebound,,,,240,240,
2,13,33,Personal foul committed by Cameron Bairstow.,97224,,true,false,false,Cameron,,Bairstow,,NM,,38,39,2,2,2,,,,,20,,1,Personal,8,Foul,,,,209,209,
2,13,33,Anthony Brown makes free throw 1 of 2.,97467,,true,false,false,Anthony,,Brown,,Stan,,38,40,2,2,0,,,,,10,1,11,Free Throw 1 of 2,1,Free Throw Made,,,,240,240,
2,13,33,Anthony Brown misses free throw 2 of 2.,97467,,true,false,false,Anthony,,Brown,,Stan,,38,40,2,2,0,,,,,10,1,12,Free Throw 2 of 2,2,Free Throw Missed,,,,240,240,
2,13,33,Alex Kirk with a defensive rebound.,97225,,true,false,false,Alex,,Kirk,,NM,,38,40,2,2,2,,,,,0,,,,6,Defensive Rebound,,,,209,209,
2,13,09,Alex Kirk misses a jump shot from 10 feet out.,97225,,true,false,false,Alex,,Kirk,,NM,,38,40,2,2,2,,,,,0,2,45,Jump Shot,4,Field Goal Missed,10,7.4,6.9,209,209,
2,13,09,Dwight Powell with a defensive rebound.,97471,,true,false,false,Dwight,,Powell,,Stan,,38,40,2,2,2,,,,,3,,,,6,Defensive Rebound,,,,240,240,
2,13,02,John Gage makes a 3-point jump shot from 23 feet out. Anthony Brown with the assist.,97468,97467,true,true,false,John,Anthony,Gage,Brown,Stan,Stan,38,43,2,2,0,,,,,3,3,45,Jump Shot,3,Field Goal Made,23,-22.7,5.5,240,240,
2,12,40,Alex Kirk misses a 3-point jump shot from 25 feet out.,97225,,true,false,false,Alex,,Kirk,,NM,,38,43,2,2,2,,,,,0,3,45,Jump Shot,4,Field Goal Missed,25,16.6,18.1,209,209,
2,12,40,John Gage with a defensive rebound.,97468,,true,false,false,John,,Gage,,Stan,,38,43,2,2,0,,,,,3,,,,6,Defensive Rebound,,,,240,240,
2,12,32,Chasson Randle with a out of bounds turnover: Out of Bounds,109889,,true,false,false,Chasson,,Randle,,Stan,,38,43,2,2,0,,,,,14,,3,Out of Bounds,7,Turnover,,,,240,240,
2,12,21,Personal foul committed by Dwight Powell.,97471,,true,false,false,Dwight,,Powell,,Stan,,38,43,3,2,3,,,,,3,,1,Personal,8,Foul,,,,240,240,
2,12,06,Cameron Bairstow makes a jump shot from 10 feet out. Alex Kirk with the assist.,97224,97225,true,true,false,Cameron,Alex,Bairstow,Kirk,NM,NM,40,43,3,2,2,,,,,22,2,45,Jump Shot,3,Field Goal Made,10,-.3,9.9,209,209,
2,11,40,Dwight Powell misses a 3-point jump shot from 23 feet out.,97471,,true,false,false,Dwight,,Powell,,Stan,,40,43,3,2,3,,,,,3,3,45,Jump Shot,4,Field Goal Missed,23,22.4,3.8,240,240,
2,11,40,Alex Kirk with a defensive rebound.,97225,,true,false,false,Alex,,Kirk,,NM,,40,43,3,2,2,,,,,0,,,,6,Defensive Rebound,,,,209,209,
2,11,29,Official TV timeout.,,,false,false,false,,,,,,,40,43,3,2,0,,,,,0,,3,Official TV,11,Timeout,,,,209,209,
2,11,17,Deshawn Delaney misses a 3-point jump shot from 24 feet out.,122219,,true,false,false,Deshawn,,Delaney,,NM,,40,43,3,2,1,,,,,8,3,45,Jump Shot,4,Field Goal Missed,24,-20,13.5,209,209,
2,11,17,Alex Kirk with an offensive rebound.,97225,,true,false,false,Alex,,Kirk,,NM,,40,43,3,2,2,,,,,0,,,,5,Offensive Rebound,,,,209,209,
2,11,15,Shooting foul committed by John Gage.,97468,,true,false,false,John,,Gage,,Stan,,40,43,4,2,1,,,,,3,,2,Shooting,8,Foul,,,,240,240,
2,11,15,Alex Kirk makes free throw 1 of 2.,97225,,true,false,false,Alex,,Kirk,,NM,,41,43,4,2,2,,,,,1,1,11,Free Throw 1 of 2,1,Free Throw Made,,,,209,209,
2,11,15,Alex Kirk misses free throw 2 of 2.,97225,,true,false,false,Alex,,Kirk,,NM,,41,43,4,2,2,,,,,1,1,12,Free Throw 2 of 2,2,Free Throw Missed,,,,209,209,
2,11,15,Josh Huestis with a defensive rebound.,97469,,true,false,false,Josh,,Huestis,,Stan,,41,43,4,2,3,,,,,5,,,,6,Defensive Rebound,,,,240,240,
2,10,56,Chasson Randle makes a jump shot from 10 feet out.,109889,,true,false,false,Chasson,,Randle,,Stan,,41,45,4,2,0,,,,,16,2,45,Jump Shot,3,Field Goal Made,10,1.3,9.4,240,240,
2,10,44,Cullen Neal misses a 3-point jump shot from 22 feet out.,122217,,true,false,false,Cullen,,Neal,,NM,,41,45,4,2,0,,,,,2,3,45,Jump Shot,4,Field Goal Missed,22,22,3.6,209,209,
2,10,44,NM with an offensive rebound.,,,false,false,false,,,,,,,41,45,4,2,0,,,,,0,,,,5,Offensive Rebound,,,,209,209,
2,10,41,Personal foul committed by Dwight Powell.,97471,,true,false,false,Dwight,,Powell,,Stan,,41,45,5,2,4,,,,,3,,1,Personal,8,Foul,,,,240,240,
2,10,40,Deshawn Delaney makes a layup shot. Cullen Neal with the assist.,122219,122217,true,true,false,Deshawn,Cullen,Delaney,Neal,NM,NM,43,45,5,2,1,,,,,10,2,40,Layup Shot,3,Field Goal Made,0,0,0,209,209,
2,10,15,Personal foul committed by Alex Kirk.,97225,,true,false,false,Alex,,Kirk,,NM,,43,45,5,3,3,,,,,1,,1,Personal,8,Foul,,,,209,209,
2,10,13,John Gage misses a 3-point jump shot from 23 feet out.,97468,,true,false,false,John,,Gage,,Stan,,43,45,5,3,1,,,,,3,3,45,Jump Shot,4,Field Goal Missed,23,-18.3,14.4,240,240,
2,10,13,Deshawn Delaney with a defensive rebound.,122219,,true,false,false,Deshawn,,Delaney,,NM,,43,45,5,3,1,,,,,10,,,,6,Defensive Rebound,,,,209,209,
2,10,07,Cullen Neal makes a layup shot. Deshawn Delaney with the assist.,122217,122219,true,true,false,Cullen,Deshawn,Neal,Delaney,NM,NM,45,45,5,3,0,,,,,4,2,40,Layup Shot,3,Field Goal Made,0,0,0,209,209,
2,10,07,Shooting foul committed by Anthony Brown.,97467,,true,false,false,Anthony,,Brown,,Stan,,45,45,6,3,1,,,,,10,,2,Shooting,8,Foul,,,,240,240,
2,10,07,Cullen Neal misses free throw 1 of 1.,122217,,true,false,false,Cullen,,Neal,,NM,,45,45,6,3,0,,,,,4,1,10,Free Throw 1 of 1,2,Free Throw Missed,,,,209,209,
2,10,07,Josh Huestis with a defensive rebound.,97469,,true,false,false,Josh,,Huestis,,Stan,,45,45,6,3,3,,,,,5,,,,6,Defensive Rebound,,,,240,240,
2,9,38,Josh Huestis misses a jump shot from 17 feet out.,97469,,true,false,false,Josh,,Huestis,,Stan,,45,45,6,3,3,,,,,5,2,45,Jump Shot,4,Field Goal Missed,17,6.4,16.2,240,240,
2,9,38,Stan with an offensive rebound.,,,false,false,false,,,,,,,45,45,6,3,0,,,,,0,,,,5,Offensive Rebound,,,,240,240,
2,9,35,Personal foul committed by Alex Kirk.,97225,,true,false,false,Alex,,Kirk,,NM,,45,45,6,4,4,,,,,1,,1,Personal,8,Foul,,,,209,209,
2,9,35,Offensive foul committed by Anthony Brown.,97467,,true,false,false,Anthony,,Brown,,Stan,,45,45,7,4,2,,,,,10,,4,Offensive,8,Foul,,,,240,240,
2,9,35,Anthony Brown with a  turnover:,97467,,true,false,false,Anthony,,Brown,,Stan,,45,45,7,4,2,,,,,10,,,,7,Turnover,,,,240,240,
2,9,12,Cullen Neal with a lost ball turnover: Lost Ball,122217,,true,false,false,Cullen,,Neal,,NM,,45,45,7,4,0,,,,,4,,2,Lost Ball,7,Turnover,,,,209,209,
2,8,58,Chasson Randle makes a 3-point jump shot from 25 feet out. Anthony Brown with the assist.,109889,97467,true,true,false,Chasson,Anthony,Randle,Brown,Stan,Stan,45,48,7,4,0,,,,,19,3,45,Jump Shot,3,Field Goal Made,25,.9,24.6,240,240,
2,8,45,Merv Lindsay misses a 3-point jump shot from 25 feet out.,110110,,true,false,false,Merv,,Lindsay,,NM,,45,48,7,4,2,,,,,0,3,45,Jump Shot,4,Field Goal Missed,25,18.1,16.6,209,209,
2,8,45,Anthony Brown with a defensive rebound.,97467,,true,false,false,Anthony,,Brown,,Stan,,45,48,7,4,2,,,,,10,,,,6,Defensive Rebound,,,,240,240,
2,8,35,Anthony Brown misses a layup shot.,97467,,true,false,false,Anthony,,Brown,,Stan,,45,48,7,4,2,,,,,10,2,40,Layup Shot,4,Field Goal Missed,0,0,0,240,240,
2,8,35,NM with a defensive rebound.,,,false,false,false,,,,,,,45,48,7,4,0,,,,,0,,,,6,Defensive Rebound,,,,209,209,
2,8,30,NM take a 20-second timeout.,,,false,false,false,,,,,,,45,48,7,4,0,,,,,0,,2,Short,11,Timeout,,,,209,209,
2,8,08,Kendall Williams misses a 3-point jump shot from 24 feet out.,97222,,true,false,false,Kendall,,Williams,,NM,,45,48,7,4,0,,,,,2,3,45,Jump Shot,4,Field Goal Missed,24,-12.3,21.2,209,209,
2,8,08,John Gage with a defensive rebound.,97468,,true,false,false,John,,Gage,,Stan,,45,48,7,4,1,,,,,3,,,,6,Defensive Rebound,,,,240,240,
2,7,28,Chasson Randle misses a jump shot from 8 feet out.,109889,,true,false,false,Chasson,,Randle,,Stan,,45,48,7,4,0,,,,,19,2,45,Jump Shot,4,Field Goal Missed,8,-1.6,8.1,240,240,
2,7,28,Deshawn Delaney with a defensive rebound.,122219,,true,false,false,Deshawn,,Delaney,,NM,,45,48,7,4,1,,,,,10,,,,6,Defensive Rebound,,,,209,209,
2,7,19,Cameron Bairstow misses a jump shot from 16 feet out.,97224,,true,false,false,Cameron,,Bairstow,,NM,,45,48,7,4,2,,,,,22,2,45,Jump Shot,4,Field Goal Missed,16,7.6,14.4,209,209,
2,7,19,NM with an offensive rebound.,,,false,false,false,,,,,,,45,48,7,4,0,,,,,0,,,,5,Offensive Rebound,,,,209,209,
2,7,16,Personal foul committed by John Gage.,97468,,true,false,false,John,,Gage,,Stan,,45,48,8,4,2,,,,,3,,1,Personal,8,Foul,,,,240,240,
2,7,16,Official TV timeout.,,,false,false,false,,,,,,,45,48,8,4,0,,,,,0,,3,Official TV,11,Timeout,,,,209,209,
2,7,16,Merv Lindsay misses free throw 1st of 1-and-1.,110110,,true,false,false,Merv,,Lindsay,,NM,,45,48,8,4,2,,,,,0,1,8,Free Throw 1st of 1-and-1,2,Free Throw Missed,,,,209,209,
2,7,16,Anthony Brown with a defensive rebound.,97467,,true,false,false,Anthony,,Brown,,Stan,,45,48,8,4,2,,,,,10,,,,6,Defensive Rebound,,,,240,240,
2,7,05,Personal foul committed by Hugh Greenwood.,109847,,true,false,false,Hugh,,Greenwood,,NM,,45,48,8,5,2,,,,,6,,1,Personal,8,Foul,,,,209,209,
2,6,48,Personal foul committed by Cameron Bairstow.,97224,,true,false,false,Cameron,,Bairstow,,NM,,45,48,8,6,3,,,,,22,,1,Personal,8,Foul,,,,209,209,
2,6,24,Anthony Brown misses a jump shot from 7 feet out.,97467,,true,false,false,Anthony,,Brown,,Stan,,45,48,8,6,2,,,,,10,2,45,Jump Shot,4,Field Goal Missed,7,4,5.7,240,240,
2,6,24,Merv Lindsay with a defensive rebound.,110110,,true,false,false,Merv,,Lindsay,,NM,,45,48,8,6,2,,,,,0,,,,6,Defensive Rebound,,,,209,209,
2,6,12,Cameron Bairstow misses a jump shot from 15 feet out.,97224,,true,false,false,Cameron,,Bairstow,,NM,,45,48,8,6,3,,,,,22,2,45,Jump Shot,4,Field Goal Missed,15,3.5,14.7,209,209,
2,6,12,Merv Lindsay with an offensive rebound.,110110,,true,false,false,Merv,,Lindsay,,NM,,45,48,8,6,2,,,,,0,,,,5,Offensive Rebound,,,,209,209,
2,5,57,Cameron Bairstow misses a jump shot from 11 feet out.,97224,,true,false,false,Cameron,,Bairstow,,NM,,45,48,8,6,3,,,,,22,2,45,Jump Shot,4,Field Goal Missed,11,8.1,6.9,209,209,
2,5,57,John Gage with a defensive rebound.,97468,,true,false,false,John,,Gage,,Stan,,45,48,8,6,2,,,,,3,,,,6,Defensive Rebound,,,,240,240,
2,5,43,Stan take a 20-second timeout.,,,false,false,false,,,,,,,45,48,8,6,0,,,,,0,,2,Short,11,Timeout,,,,240,240,
2,5,34,Stefan Nastic makes a jump shot from 7 feet out.,97470,,true,false,false,Stefan,,Nastic,,Stan,,45,50,8,6,4,,,,,10,2,45,Jump Shot,3,Field Goal Made,7,2,7,240,240,
2,5,15,Kendall Williams with a lost ball turnover: Lost Ball,97222,,true,false,false,Kendall,,Williams,,NM,,45,50,8,6,0,,,,,2,,2,Lost Ball,7,Turnover,,,,209,209,
2,4,56,Josh Huestis makes a jump shot from 7 feet out.,97469,,true,false,false,Josh,,Huestis,,Stan,,45,52,8,6,3,,,,,7,2,45,Jump Shot,3,Field Goal Made,7,5.5,3.8,240,240,
2,4,24,Kendall Williams misses a 3-point jump shot from 25 feet out.,97222,,true,false,false,Kendall,,Williams,,NM,,45,52,8,6,0,,,,,2,3,45,Jump Shot,4,Field Goal Missed,25,-21.5,13.3,209,209,
2,4,24,Chasson Randle with a defensive rebound.,109889,,true,false,false,Chasson,,Randle,,Stan,,45,52,8,6,0,,,,,19,,,,6,Defensive Rebound,,,,240,240,
2,4,19,Chasson Randle misses a layup shot.,109889,,true,false,false,Chasson,,Randle,,Stan,,45,52,8,6,0,,,,,19,2,40,Layup Shot,4,Field Goal Missed,0,0,0,240,240,
2,4,19,Alex Kirk with a defensive rebound.,97225,,true,false,false,Alex,,Kirk,,NM,,45,52,8,6,4,,,,,1,,,,6,Defensive Rebound,,,,209,209,
2,4,05,Kendall Williams misses a layup shot.,97222,,true,false,false,Kendall,,Williams,,NM,,45,52,8,6,0,,,,,2,2,40,Layup Shot,4,Field Goal Missed,0,0,0,209,209,
2,4,05,NM with an offensive rebound.,,,false,false,false,,,,,,,45,52,8,6,0,,,,,0,,,,5,Offensive Rebound,,,,209,209,
2,3,54,Personal foul committed by Josh Huestis.,97469,,true,false,false,Josh,,Huestis,,Stan,,45,52,9,6,4,,,,,7,,1,Personal,8,Foul,,,,240,240,
2,3,54,Official TV timeout.,,,false,false,false,,,,,,,45,52,9,6,0,,,,,0,,3,Official TV,11,Timeout,,,,209,209,
2,3,54,Cameron Bairstow misses free throw 1st of 1-and-1.,97224,,true,false,false,Cameron,,Bairstow,,NM,,45,52,9,6,3,,,,,22,1,8,Free Throw 1st of 1-and-1,2,Free Throw Missed,,,,209,209,
2,3,54,Dwight Powell with a defensive rebound.,97471,,true,false,false,Dwight,,Powell,,Stan,,45,52,9,6,4,,,,,3,,,,6,Defensive Rebound,,,,240,240,
2,3,39,Dwight Powell misses a jump shot from 16 feet out.,97471,,true,false,false,Dwight,,Powell,,Stan,,45,52,9,6,4,,,,,3,2,45,Jump Shot,4,Field Goal Missed,16,13,10,240,240,
2,3,39,Hugh Greenwood with a defensive rebound.,109847,,true,false,false,Hugh,,Greenwood,,NM,,45,52,9,6,2,,,,,6,,,,6,Defensive Rebound,,,,209,209,
2,3,23,Kendall Williams misses a jump shot from 14 feet out.,97222,,true,false,false,Kendall,,Williams,,NM,,45,52,9,6,0,,,,,2,2,45,Jump Shot,4,Field Goal Missed,14,12.2,7.2,209,209,
2,3,23,Kendall Williams with an offensive rebound.,97222,,true,false,false,Kendall,,Williams,,NM,,45,52,9,6,0,,,,,2,,,,5,Offensive Rebound,,,,209,209,
2,3,17,Cameron Bairstow makes a jump shot from 11 feet out. Kendall Williams with the assist.,97224,97222,true,true,false,Cameron,Kendall,Bairstow,Williams,NM,NM,47,52,9,6,3,,,,,24,2,45,Jump Shot,3,Field Goal Made,11,11.3,1.9,209,209,
2,3,10,Dwight Powell with a lost ball turnover: Lost Ball,97471,,true,false,false,Dwight,,Powell,,Stan,,47,52,9,6,4,,,,,3,,2,Lost Ball,7,Turnover,,,,240,240,
2,2,54,Cameron Bairstow misses a jump shot from 8 feet out.,97224,,true,false,false,Cameron,,Bairstow,,NM,,47,52,9,6,3,,,,,24,2,45,Jump Shot,4,Field Goal Missed,8,-1.4,8.2,209,209,
2,2,54,Stefan Nastic with a defensive rebound.,97470,,true,false,false,Stefan,,Nastic,,Stan,,47,52,9,6,4,,,,,10,,,,6,Defensive Rebound,,,,240,240,
2,2,42,Personal foul committed by Hugh Greenwood.,109847,,true,false,false,Hugh,,Greenwood,,NM,,47,52,9,7,3,,,,,6,,1,Personal,8,Foul,,,,209,209,
2,2,42,Chasson Randle makes free throw 1st of 1-and-1.,109889,,true,false,false,Chasson,,Randle,,Stan,,47,53,9,7,0,,,,,20,1,8,Free Throw 1st of 1-and-1,1,Free Throw Made,,,,240,240,
2,2,42,Chasson Randle makes free throw 2nd of 1-and-1.,109889,,true,false,false,Chasson,,Randle,,Stan,,47,54,9,7,0,,,,,21,1,9,Free Throw 2nd of 1-and-1,1,Free Throw Made,,,,240,240,
2,2,36,Hugh Greenwood misses a 3-point jump shot from 23 feet out.,109847,,true,false,false,Hugh,,Greenwood,,NM,,47,54,9,7,3,,,,,6,3,45,Jump Shot,4,Field Goal Missed,23,16.9,16.2,209,209,
2,2,36,Anthony Brown with a defensive rebound.,97467,,true,false,false,Anthony,,Brown,,Stan,,47,54,9,7,2,,,,,10,,,,6,Defensive Rebound,,,,240,240,
2,2,21,Stan take a 20-second timeout.,,,false,false,false,,,,,,,47,54,9,7,0,,,,,0,,2,Short,11,Timeout,,,,240,240,
2,2,10,Personal foul committed by Hugh Greenwood.,109847,,true,false,false,Hugh,,Greenwood,,NM,,47,54,9,8,4,,,,,6,,1,Personal,8,Foul,,,,209,209,
2,2,10,Stefan Nastic misses free throw 1st of 1-and-1.,97470,,true,false,false,Stefan,,Nastic,,Stan,,47,54,9,8,4,,,,,10,1,8,Free Throw 1st of 1-and-1,2,Free Throw Missed,,,,240,240,
2,2,10,Kendall Williams with a defensive rebound.,97222,,true,false,false,Kendall,,Williams,,NM,,47,54,9,8,0,,,,,2,,,,6,Defensive Rebound,,,,209,209,
2,1,58,Cullen Neal misses a 3-point jump shot from 26 feet out.,122217,,true,false,false,Cullen,,Neal,,NM,,47,54,9,8,0,,,,,4,3,45,Jump Shot,4,Field Goal Missed,26,18.8,17.4,209,209,
2,1,58,Alex Kirk with an offensive rebound.,97225,,true,false,false,Alex,,Kirk,,NM,,47,54,9,8,4,,,,,1,,,,5,Offensive Rebound,,,,209,209,
2,1,50,Cullen Neal misses a layup shot.,122217,,true,false,false,Cullen,,Neal,,NM,,47,54,9,8,0,,,,,4,2,40,Layup Shot,4,Field Goal Missed,0,0,0,209,209,
2,1,50,Cameron Bairstow with an offensive rebound.,97224,,true,false,false,Cameron,,Bairstow,,NM,,47,54,9,8,3,,,,,24,,,,5,Offensive Rebound,,,,209,209,
2,1,50,Cameron Bairstow with a traveling turnover: Traveling,97224,,true,false,false,Cameron,,Bairstow,,NM,,47,54,9,8,3,,,,,24,,4,Traveling,7,Turnover,,,,209,209,
2,1,20,Chasson Randle misses a layup shot.,109889,,true,false,false,Chasson,,Randle,,Stan,,47,54,9,8,0,,,,,21,2,40,Layup Shot,4,Field Goal Missed,0,0,0,240,240,
2,1,20,Cameron Bairstow with a defensive rebound.,97224,,true,false,false,Cameron,,Bairstow,,NM,,47,54,9,8,3,,,,,24,,,,6,Defensive Rebound,,,,209,209,
2,1,06,Hugh Greenwood makes a 3-point jump shot from 24 feet out. Deshawn Delaney with the assist.,109847,122219,true,true,false,Hugh,Deshawn,Greenwood,Delaney,NM,NM,50,54,9,8,4,,,,,9,3,45,Jump Shot,3,Field Goal Made,24,-19.1,13.7,209,209,
2,1,06,NM take a 20-second timeout.,,,false,false,false,,,,,,,50,54,9,8,0,,,,,0,,2,Short,11,Timeout,,,,209,209,
2,0,50.1,Chasson Randle with a bad pass turnover: Bad Pass,109889,,true,false,false,Chasson,,Randle,,Stan,,50,54,9,8,0,,,,,21,,1,Bad Pass,7,Turnover,,,,240,240,
2,0,30.6,Shooting foul committed by Dwight Powell.,97471,,true,false,false,Dwight,,Powell,,Stan,,50,54,10,8,5,,,,,3,,2,Shooting,8,Foul,,,,240,240,
2,0,30.6,Alex Kirk makes free throw 1 of 2.,97225,,true,false,false,Alex,,Kirk,,NM,,51,54,10,8,4,,,,,2,1,11,Free Throw 1 of 2,1,Free Throw Made,,,,209,209,
2,0,30.6,Alex Kirk makes free throw 2 of 2.,97225,,true,false,false,Alex,,Kirk,,NM,,52,54,10,8,4,,,,,3,1,12,Free Throw 2 of 2,1,Free Throw Made,,,,209,209,
2,0,30.6,Stan take a full timeout.,,,false,false,false,,,,,,,52,54,10,8,0,,,,,0,,1,Regular,11,Timeout,,,,240,240,
2,0,23.8,Personal foul committed by Cullen Neal.,122217,,true,false,false,Cullen,,Neal,,NM,,52,54,10,9,1,,,,,4,,1,Personal,8,Foul,,,,209,209,
2,0,23.8,Robbie Lemons makes free throw 1st of 1-and-1.,98027,,true,false,false,Robbie,,Lemons,,Stan,,52,55,10,9,1,,,,,1,1,8,Free Throw 1st of 1-and-1,1,Free Throw Made,,,,240,240,
2,0,23.8,Robbie Lemons makes free throw 2nd of 1-and-1.,98027,,true,false,false,Robbie,,Lemons,,Stan,,52,56,10,9,1,,,,,2,1,9,Free Throw 2nd of 1-and-1,1,Free Throw Made,,,,240,240,
2,0,10.5,Kendall Williams misses a 3-point jump shot from 28 feet out.,97222,,true,false,false,Kendall,,Williams,,NM,,52,56,10,9,0,,,,,2,3,45,Jump Shot,4,Field Goal Missed,28,-8,26,209,209,
2,0,10.5,Stan with a defensive rebound.,,,false,false,false,,,,,,,52,56,10,9,0,,,,,0,,,,6,Defensive Rebound,,,,240,240,
2,0,07.3,Personal foul committed by Hugh Greenwood.,109847,,true,false,false,Hugh,,Greenwood,,NM,,52,56,10,10,5,,,,,9,,1,Personal,8,Foul,,,,209,209,
2,0,07.3,Flagrant foul committed by Chasson Randle.,109889,,true,false,false,Chasson,,Randle,,Stan,,52,56,11,10,1,,,,,21,,21,Flagrant,8,Foul,,,,240,240,
2,0,07.3,Chasson Randle makes free throw 1 of 2.,109889,,true,false,false,Chasson,,Randle,,Stan,,52,57,11,10,1,,,,,22,1,11,Free Throw 1 of 2,1,Free Throw Made,,,,240,240,
2,0,07.3,Chasson Randle makes free throw 2 of 2.,109889,,true,false,false,Chasson,,Randle,,Stan,,52,58,11,10,1,,,,,23,1,12,Free Throw 2 of 2,1,Free Throw Made,,,,240,240,
2,0,07.3,Kendall Williams misses free throw 1 of 2.,97222,,true,false,false,Kendall,,Williams,,NM,,52,58,11,10,0,,,,,2,1,11,Free Throw 1 of 2,2,Free Throw Missed,,,,209,209,
2,0,07.3,NM with an offensive rebound.,,,false,false,false,,,,,,,52,58,11,10,0,,,,,0,,,,5,Offensive Rebound,,,,209,209,
2,0,07.3,Kendall Williams makes free throw 2 of 2.,97222,,true,false,false,Kendall,,Williams,,NM,,53,58,11,10,0,,,,,3,1,12,Free Throw 2 of 2,1,Free Throw Made,,,,209,209,
2,0,02.5,Kendall Williams misses a 3-point jump shot from 29 feet out.,97222,,true,false,false,Kendall,,Williams,,NM,,53,58,11,10,0,,,,,3,3,45,Jump Shot,4,Field Goal Missed,29,-10.1,27.1,209,209,
2,0,02.5,Stan with a defensive rebound.,,,false,false,false,,,,,,,53,58,11,10,0,,,,,0,,,,6,Defensive Rebound,,,,240,240,
2,0,02.5,Personal foul committed by Alex Kirk.,97225,,true,false,false,Alex,,Kirk,,NM,,53,58,11,11,5,,,,,3,,1,Personal,8,Foul,,,,209,209,
2,0,02.5,Josh Huestis misses free throw 1 of 2.,97469,,true,false,false,Josh,,Huestis,,Stan,,53,58,11,11,4,,,,,7,1,11,Free Throw 1 of 2,2,Free Throw Missed,,,,240,240,
2,0,02.5,Stan with an offensive rebound.,,,false,false,false,,,,,,,53,58,11,11,0,,,,,0,,,,5,Offensive Rebound,,,,240,240,
2,0,02.5,Josh Huestis misses free throw 2 of 2.,97469,,true,false,false,Josh,,Huestis,,Stan,,53,58,11,11,4,,,,,7,1,12,Free Throw 2 of 2,2,Free Throw Missed,,,,240,240,
2,0,02.5,Merv Lindsay with a defensive rebound.,110110,,true,false,false,Merv,,Lindsay,,NM,,53,58,11,11,2,,,,,0,,,,6,Defensive Rebound,,,,209,209,
2,0,00,End of the 2nd Half,,,false,false,false,,,,,,,53,58,11,11,0,,,,,0,,,,15,End Period,,,,209,209,
2,0,00,End of the Game,,,false,false,false,,,,,,,53,58,11,11,0,,,,,0,,,,19,Game Over,,,,209,209,
