half,time-minutes,time-seconds,details,player1-id,player2-id,player1-linkable,player2-linkable,player3-linkable,player-first-name-1,player-first-name-2,player-last-name-1,player-last-name-2,player-team-alias-1,player-team-alias-2,home-score,visitor-score,visitor-fouls,home-fouls,player-fouls,fastbreak,in-paint,second-chance,off-turnover,player-score,points-type,detail-id,detail-desc,event-id,event-desc,distance,x-coord,y-coord,team-id-1,team-id-2,team-id-3
1,20,00,Start of the 1st Half,,,false,false,false,,,,,,,0,0,0,0,0,,,,,0,,,,14,Start Period,,,,309,309,
1,19,43,"Gary Bell, Jr. makes a 3-point jump shot from 24 feet out.",110268,,true,false,false,Gary,,"Bell, Jr.",,Gonz,,3,0,0,0,0,,,,,3,3,45,Jump Shot,3,Field Goal Made,24,14.4,18.8,309,309,
1,19,17,Le'Bryan Nash misses a jump shot from 10 feet out.,110500,,true,false,false,Le'Bryan,,Nash,,OkSt,,3,0,0,0,0,,,,,0,2,45,Jump Shot,4,Field Goal Missed,10,-3.1,9.4,91,91,
1,19,17,Sam Dower with a defensive rebound.,88925,,true,false,false,Sam,,Dower,,Gonz,,3,0,0,0,0,,,,,0,,,,6,Defensive Rebound,,,,309,309,
1,19,07,"Gary Bell, Jr. makes a 3-point jump shot from 23 feet out. Kevin Pangos with the assist.",110268,110267,true,true,false,Gary,Kevin,"Bell, Jr.",Pangos,Gonz,Gonz,6,0,0,0,0,,,,,6,3,45,Jump Shot,3,Field Goal Made,23,-22.9,.6,309,309,
1,18,56,Markel Brown misses a jump shot from 6 feet out.,97602,,true,false,false,Markel,,Brown,,OkSt,,6,0,0,0,0,,,,,0,2,45,Jump Shot,4,Field Goal Missed,6,-5.5,2.3,91,91,
1,18,56,"Gary Bell, Jr. with a defensive rebound.",110268,,true,false,false,Gary,,"Bell, Jr.",,Gonz,,6,0,0,0,0,,,,,6,,,,6,Defensive Rebound,,,,309,309,
1,18,39,Personal foul committed by Le'Bryan Nash.,110500,,true,false,false,Le'Bryan,,Nash,,OkSt,,6,0,1,0,1,,,,,0,,1,Personal,8,Foul,,,,91,91,
1,18,30,Przemek Karnowski with a lost ball turnover: Lost Ball,117527,,true,false,false,Przemek,,Karnowski,,Gonz,,6,0,1,0,0,,,,,0,,2,Lost Ball,7,Turnover,,,,309,309,
1,18,19,"Flagrant foul committed by Phil Forte, III.",116602,,true,false,false,Phil,,"Forte, III",,OkSt,,6,0,2,0,1,,,,,0,,21,Flagrant,8,Foul,,,,91,91,
1,18,19,David Stockton misses free throw 1 of 2.,89766,,true,false,false,David,,Stockton,,Gonz,,6,0,2,0,0,,,,,0,1,11,Free Throw 1 of 2,2,Free Throw Missed,,,,309,309,
1,18,19,Gonz with an offensive rebound.,,,false,false,false,,,,,,,6,0,2,0,0,,,,,0,,,,5,Offensive Rebound,,,,309,309,
1,18,19,David Stockton makes free throw 2 of 2.,89766,,true,false,false,David,,Stockton,,Gonz,,7,0,2,0,0,,,,,1,1,12,Free Throw 2 of 2,1,Free Throw Made,,,,309,309,
1,17,54,David Stockton with a lost ball turnover: Lost Ball,89766,,true,false,false,David,,Stockton,,Gonz,,7,0,2,0,0,,,,,1,,2,Lost Ball,7,Turnover,,,,309,309,
1,17,34,Le'Bryan Nash misses a jump shot from 9 feet out.,110500,,true,false,false,Le'Bryan,,Nash,,OkSt,,7,0,2,0,1,,,,,0,2,45,Jump Shot,4,Field Goal Missed,9,5.4,7.2,91,91,
1,17,34,"Gary Bell, Jr. with a defensive rebound.",110268,,true,false,false,Gary,,"Bell, Jr.",,Gonz,,7,0,2,0,0,,,,,6,,,,6,Defensive Rebound,,,,309,309,
1,17,26,"Przemek Karnowski makes a layup shot. Gary Bell, Jr. with the assist.",117527,110268,true,true,false,Przemek,Gary,Karnowski,"Bell, Jr.",Gonz,Gonz,9,0,2,0,0,,,,,2,2,40,Layup Shot,3,Field Goal Made,0,0,0,309,309,
1,17,11,Shooting foul committed by David Stockton.,89766,,true,false,false,David,,Stockton,,Gonz,,9,0,2,1,1,,,,,1,,2,Shooting,8,Foul,,,,309,309,
1,17,11,"Phil Forte, III makes free throw 1 of 3.",116602,,true,false,false,Phil,,"Forte, III",,OkSt,,9,1,2,1,1,,,,,1,1,13,Free Throw 1 of 3,1,Free Throw Made,,,,91,91,
1,17,11,"Phil Forte, III makes free throw 2 of 3.",116602,,true,false,false,Phil,,"Forte, III",,OkSt,,9,2,2,1,1,,,,,2,1,14,Free Throw 2 of 3,1,Free Throw Made,,,,91,91,
1,17,11,"Phil Forte, III misses free throw 3 of 3.",116602,,true,false,false,Phil,,"Forte, III",,OkSt,,9,2,2,1,1,,,,,2,1,15,Free Throw 3 of 3,2,Free Throw Missed,,,,91,91,
1,17,11,David Stockton with a defensive rebound.,89766,,true,false,false,David,,Stockton,,Gonz,,9,2,2,1,1,,,,,1,,,,6,Defensive Rebound,,,,309,309,
1,17,00,"Gary Bell, Jr. makes a jump shot from 8 feet out. Sam Dower with the assist.",110268,88925,true,true,false,Gary,Sam,"Bell, Jr.",Dower,Gonz,Gonz,11,2,2,1,0,,,,,8,2,45,Jump Shot,3,Field Goal Made,8,-2.5,7.4,309,309,
1,16,45,"Personal foul committed by Gary Bell, Jr..",110268,,true,false,false,Gary,,"Bell, Jr.",,Gonz,,11,2,2,2,1,,,,,8,,1,Personal,8,Foul,,,,309,309,
1,16,32,"Kamari Murphy makes a jump shot from 17 feet out. Phil Forte, III with the assist.",116603,116602,true,true,false,Kamari,Phil,Murphy,"Forte, III",OkSt,OkSt,11,4,2,2,0,,,,,2,2,45,Jump Shot,3,Field Goal Made,17,-8.9,14.9,91,91,
1,16,05,"Gary Bell, Jr. makes a jump shot from 7 feet out. David Stockton with the assist.",110268,89766,true,true,false,Gary,David,"Bell, Jr.",Stockton,Gonz,Gonz,13,4,2,2,1,,,,,10,2,45,Jump Shot,3,Field Goal Made,7,.1,6.5,309,309,
1,15,49,Markel Brown misses a jump shot from 16 feet out.,97602,,true,false,false,Markel,,Brown,,OkSt,,13,4,2,2,0,,,,,0,2,45,Jump Shot,4,Field Goal Missed,16,14.9,4.5,91,91,
1,15,49,Sam Dower with a defensive rebound.,88925,,true,false,false,Sam,,Dower,,Gonz,,13,4,2,2,0,,,,,0,,,,6,Defensive Rebound,,,,309,309,
1,15,34,Przemek Karnowski makes a jump shot from 8 feet out.,117527,,true,false,false,Przemek,,Karnowski,,Gonz,,15,4,2,2,0,,,,,4,2,45,Jump Shot,3,Field Goal Made,8,7.2,3.5,309,309,
1,15,15,Kamari Murphy makes a jump shot from 7 feet out.,116603,,true,false,false,Kamari,,Murphy,,OkSt,,15,6,2,2,0,,,,,4,2,45,Jump Shot,3,Field Goal Made,7,6,4.3,91,91,
1,15,01,Przemek Karnowski makes a layup shot. David Stockton with the assist.,117527,89766,true,true,false,Przemek,David,Karnowski,Stockton,Gonz,Gonz,17,6,2,2,0,,,,,6,2,40,Layup Shot,3,Field Goal Made,0,0,0,309,309,
1,14,35,Marcus Smart makes a 3-point jump shot from 23 feet out.,116604,,true,false,false,Marcus,,Smart,,OkSt,,17,9,2,2,0,,,,,3,3,45,Jump Shot,3,Field Goal Made,23,-12.7,19.5,91,91,
1,14,34,"Shooting foul committed by Gary Bell, Jr..",110268,,true,false,false,Gary,,"Bell, Jr.",,Gonz,,17,9,2,3,2,,,,,10,,2,Shooting,8,Foul,,,,309,309,
1,14,34,Official TV timeout.,,,false,false,false,,,,,,,17,9,2,3,0,,,,,0,,3,Official TV,11,Timeout,,,,309,309,
1,14,34,Marcus Smart makes free throw 1 of 1.,116604,,true,false,false,Marcus,,Smart,,OkSt,,17,10,2,3,0,,,,,4,1,10,Free Throw 1 of 1,1,Free Throw Made,,,,91,91,
1,14,06,Kevin Pangos misses a 3-point jump shot from 23 feet out.,110267,,true,false,false,Kevin,,Pangos,,Gonz,,17,10,2,3,0,,,,,0,3,45,Jump Shot,4,Field Goal Missed,23,-7.4,22,309,309,
1,14,06,Kyle Dranginis with an offensive rebound.,110266,,true,false,false,Kyle,,Dranginis,,Gonz,,17,10,2,3,0,,,,,0,,,,5,Offensive Rebound,,,,309,309,
1,14,05,Personal foul committed by Le'Bryan Nash.,110500,,true,false,false,Le'Bryan,,Nash,,OkSt,,17,10,3,3,2,,,,,0,,1,Personal,8,Foul,,,,91,91,
1,13,57,David Stockton misses a 3-point jump shot from 23 feet out.,89766,,true,false,false,David,,Stockton,,Gonz,,17,10,3,3,1,,,,,1,3,45,Jump Shot,4,Field Goal Missed,23,-9.6,21.2,309,309,
1,13,57,Kyle Dranginis with an offensive rebound.,110266,,true,false,false,Kyle,,Dranginis,,Gonz,,17,10,3,3,0,,,,,0,,,,5,Offensive Rebound,,,,309,309,
1,13,45,Sam Dower misses a 3-point jump shot from 24 feet out.,88925,,true,false,false,Sam,,Dower,,Gonz,,17,10,3,3,0,,,,,0,3,45,Jump Shot,4,Field Goal Missed,24,18.8,14.7,309,309,
1,13,45,OkSt with a defensive rebound.,,,false,false,false,,,,,,,17,10,3,3,0,,,,,0,,,,6,Defensive Rebound,,,,91,91,
1,13,32,Kamari Murphy makes a jump shot from 16 feet out. Markel Brown with the assist.,116603,97602,true,true,false,Kamari,Markel,Murphy,Brown,OkSt,OkSt,17,12,3,3,0,,,,,6,2,45,Jump Shot,3,Field Goal Made,16,-9.4,13.5,91,91,
1,12,57,David Stockton misses a 3-point jump shot from 24 feet out.,89766,,true,false,false,David,,Stockton,,Gonz,,17,12,3,3,1,,,,,1,3,45,Jump Shot,4,Field Goal Missed,24,-14.5,19,309,309,
1,12,57,Brian Williams with a defensive rebound.,97600,,true,false,false,Brian,,Williams,,OkSt,,17,12,3,3,0,,,,,0,,,,6,Defensive Rebound,,,,91,91,
1,12,48,Shooting foul committed by Kevin Pangos.,110267,,true,false,false,Kevin,,Pangos,,Gonz,,17,12,3,4,1,,,,,0,,2,Shooting,8,Foul,,,,309,309,
1,12,48,Markel Brown makes free throw 1 of 2.,97602,,true,false,false,Markel,,Brown,,OkSt,,17,13,3,4,0,,,,,1,1,11,Free Throw 1 of 2,1,Free Throw Made,,,,91,91,
1,12,48,Markel Brown makes free throw 2 of 2.,97602,,true,false,false,Markel,,Brown,,OkSt,,17,14,3,4,0,,,,,2,1,12,Free Throw 2 of 2,1,Free Throw Made,,,,91,91,
1,12,36,Offensive foul committed by Drew Barham.,89774,,true,false,false,Drew,,Barham,,Gonz,,17,14,3,5,1,,,,,0,,4,Offensive,8,Foul,,,,309,309,
1,12,36,Drew Barham with a  turnover:,89774,,true,false,false,Drew,,Barham,,Gonz,,17,14,3,5,1,,,,,0,,,,7,Turnover,,,,309,309,
1,12,17,Brian Williams misses a jump shot from 6 feet out.,97600,,true,false,false,Brian,,Williams,,OkSt,,17,14,3,5,0,,,,,0,2,45,Jump Shot,4,Field Goal Missed,6,-4.7,3,91,91,
1,12,17,Kamari Murphy with an offensive rebound.,116603,,true,false,false,Kamari,,Murphy,,OkSt,,17,14,3,5,0,,,,,6,,,,5,Offensive Rebound,,,,91,91,
1,12,07,Kamari Murphy misses a jump shot from 5 feet out.,116603,,true,false,false,Kamari,,Murphy,,OkSt,,17,14,3,5,0,,,,,6,2,45,Jump Shot,4,Field Goal Missed,5,-1.4,5.2,91,91,
1,12,07,Marcus Smart with an offensive rebound.,116604,,true,false,false,Marcus,,Smart,,OkSt,,17,14,3,5,0,,,,,4,,,,5,Offensive Rebound,,,,91,91,
1,12,01,Marcus Smart makes a layup shot.,116604,,true,false,false,Marcus,,Smart,,OkSt,,17,16,3,5,0,,,,,6,2,40,Layup Shot,3,Field Goal Made,0,0,0,91,91,
1,11,52,Kevin Pangos misses a 3-point jump shot from 22 feet out.,110267,,true,false,false,Kevin,,Pangos,,Gonz,,17,16,3,5,1,,,,,0,3,45,Jump Shot,4,Field Goal Missed,22,21.9,1.3,309,309,
1,11,52,Gerard Coleman with an offensive rebound.,97686,,true,false,false,Gerard,,Coleman,,Gonz,,17,16,3,5,0,,,,,0,,,,5,Offensive Rebound,,,,309,309,
1,11,45,Gerard Coleman makes a layup shot.,97686,,true,false,false,Gerard,,Coleman,,Gonz,,19,16,3,5,0,,,,,2,2,40,Layup Shot,3,Field Goal Made,0,0,0,309,309,
1,11,21,Kamari Murphy misses a layup shot.,116603,,true,false,false,Kamari,,Murphy,,OkSt,,19,16,3,5,0,,,,,6,2,40,Layup Shot,4,Field Goal Missed,0,0,0,91,91,
1,11,21,Przemek Karnowski with a defensive rebound.,117527,,true,false,false,Przemek,,Karnowski,,Gonz,,19,16,3,5,0,,,,,6,,,,6,Defensive Rebound,,,,309,309,
1,11,12,Kyle Dranginis misses a jump shot from 7 feet out.,110266,,true,false,false,Kyle,,Dranginis,,Gonz,,19,16,3,5,0,,,,,0,2,45,Jump Shot,4,Field Goal Missed,7,6.4,3.3,309,309,
1,11,12,Przemek Karnowski with an offensive rebound.,117527,,true,false,false,Przemek,,Karnowski,,Gonz,,19,16,3,5,0,,,,,6,,,,5,Offensive Rebound,,,,309,309,
1,11,07,Przemek Karnowski makes a layup shot.,117527,,true,false,false,Przemek,,Karnowski,,Gonz,,21,16,3,5,0,,,,,8,2,40,Layup Shot,3,Field Goal Made,0,0,0,309,309,
1,11,07,Shooting foul committed by Markel Brown.,97602,,true,false,false,Markel,,Brown,,OkSt,,21,16,4,5,1,,,,,2,,2,Shooting,8,Foul,,,,91,91,
1,11,07,Official TV timeout.,,,false,false,false,,,,,,,21,16,4,5,0,,,,,0,,3,Official TV,11,Timeout,,,,309,309,
1,11,07,Przemek Karnowski misses free throw 1 of 1.,117527,,true,false,false,Przemek,,Karnowski,,Gonz,,21,16,4,5,0,,,,,8,1,10,Free Throw 1 of 1,2,Free Throw Missed,,,,309,309,
1,11,07,Brian Williams with a defensive rebound.,97600,,true,false,false,Brian,,Williams,,OkSt,,21,16,4,5,0,,,,,0,,,,6,Defensive Rebound,,,,91,91,
1,10,47,Kamari Murphy misses a jump shot from 7 feet out.,116603,,true,false,false,Kamari,,Murphy,,OkSt,,21,16,4,5,0,,,,,6,2,45,Jump Shot,4,Field Goal Missed,7,-4.7,5,91,91,
1,10,47,OkSt with an offensive rebound.,,,false,false,false,,,,,,,21,16,4,5,0,,,,,0,,,,5,Offensive Rebound,,,,91,91,
1,10,34,Marcus Smart misses a 3-point jump shot from 23 feet out.,116604,,true,false,false,Marcus,,Smart,,OkSt,,21,16,4,5,0,,,,,6,3,45,Jump Shot,4,Field Goal Missed,23,23,.1,91,91,
1,10,34,Brian Williams with an offensive rebound.,97600,,true,false,false,Brian,,Williams,,OkSt,,21,16,4,5,0,,,,,0,,,,5,Offensive Rebound,,,,91,91,
1,10,27,Brian Williams makes a jump shot from 7 feet out.,97600,,true,false,false,Brian,,Williams,,OkSt,,21,18,4,5,0,,,,,2,2,45,Jump Shot,3,Field Goal Made,7,-1.6,6.7,91,91,
1,9,56,Kevin Pangos makes a layup shot.,110267,,true,false,false,Kevin,,Pangos,,Gonz,,23,18,4,5,1,,,,,2,2,40,Layup Shot,3,Field Goal Made,0,0,0,309,309,
1,9,32,Kamari Murphy misses a jump shot from 12 feet out.,116603,,true,false,false,Kamari,,Murphy,,OkSt,,23,18,4,5,0,,,,,6,2,45,Jump Shot,4,Field Goal Missed,12,-9.3,7.4,91,91,
1,9,32,Kevin Pangos with a defensive rebound.,110267,,true,false,false,Kevin,,Pangos,,Gonz,,23,18,4,5,1,,,,,2,,,,6,Defensive Rebound,,,,309,309,
1,9,18,Kyle Dranginis makes a jump shot from 7 feet out.,110266,,true,false,false,Kyle,,Dranginis,,Gonz,,25,18,4,5,0,,,,,2,2,45,Jump Shot,3,Field Goal Made,7,.6,7,309,309,
1,9,13,OkSt take a 20-second timeout.,,,false,false,false,,,,,,,25,18,4,5,0,,,,,0,,2,Short,11,Timeout,,,,91,91,
1,9,07,Personal foul committed by Kyle Dranginis.,110266,,true,false,false,Kyle,,Dranginis,,Gonz,,25,18,4,6,1,,,,,2,,1,Personal,8,Foul,,,,309,309,
1,9,02,"Phil Forte, III makes a jump shot from 9 feet out.",116602,,true,false,false,Phil,,"Forte, III",,OkSt,,25,20,4,6,1,,,,,4,2,45,Jump Shot,3,Field Goal Made,9,-8.9,2.5,91,91,
1,8,28,Sam Dower misses a jump shot from 15 feet out.,88925,,true,false,false,Sam,,Dower,,Gonz,,25,20,4,6,0,,,,,0,2,45,Jump Shot,4,Field Goal Missed,15,-7.6,12.5,309,309,
1,8,28,"Phil Forte, III with a defensive rebound.",116602,,true,false,false,Phil,,"Forte, III",,OkSt,,25,20,4,6,1,,,,,4,,,,6,Defensive Rebound,,,,91,91,
1,8,03,"Markel Brown makes a layup shot. Phil Forte, III with the assist.",97602,116602,true,true,false,Markel,Phil,Brown,"Forte, III",OkSt,OkSt,25,22,4,6,1,,,,,4,2,40,Layup Shot,3,Field Goal Made,0,0,0,91,91,
1,7,45,David Stockton misses a 3-point jump shot from 23 feet out.,89766,,true,false,false,David,,Stockton,,Gonz,,25,22,4,6,1,,,,,1,3,45,Jump Shot,4,Field Goal Missed,23,-11,19.8,309,309,
1,7,45,Przemek Karnowski with an offensive rebound.,117527,,true,false,false,Przemek,,Karnowski,,Gonz,,25,22,4,6,0,,,,,8,,,,5,Offensive Rebound,,,,309,309,
1,7,39,Przemek Karnowski with a lost ball turnover: Lost Ball,117527,,true,false,false,Przemek,,Karnowski,,Gonz,,25,22,4,6,0,,,,,8,,2,Lost Ball,7,Turnover,,,,309,309,
1,7,35,Markel Brown misses a layup shot.,97602,,true,false,false,Markel,,Brown,,OkSt,,25,22,4,6,1,,,,,4,2,40,Layup Shot,4,Field Goal Missed,0,0,0,91,91,
1,7,35,Gonz with a defensive rebound.,,,false,false,false,,,,,,,25,22,4,6,0,,,,,0,,,,6,Defensive Rebound,,,,309,309,
1,7,33,Official TV timeout.,,,false,false,false,,,,,,,25,22,4,6,0,,,,,0,,3,Official TV,11,Timeout,,,,309,309,
1,7,14,Kevin Pangos misses a 3-point jump shot from 24 feet out.,110267,,true,false,false,Kevin,,Pangos,,Gonz,,25,22,4,6,1,,,,,2,3,45,Jump Shot,4,Field Goal Missed,24,15.9,18.4,309,309,
1,7,14,Kamari Murphy with a defensive rebound.,116603,,true,false,false,Kamari,,Murphy,,OkSt,,25,22,4,6,0,,,,,6,,,,6,Defensive Rebound,,,,91,91,
1,6,58,Offensive foul committed by Kamari Murphy.,116603,,true,false,false,Kamari,,Murphy,,OkSt,,25,22,5,6,1,,,,,6,,4,Offensive,8,Foul,,,,91,91,
1,6,58,Kamari Murphy with a  turnover:,116603,,true,false,false,Kamari,,Murphy,,OkSt,,25,22,5,6,1,,,,,6,,,,7,Turnover,,,,91,91,
1,6,48,Personal foul committed by Christien Sager.,111468,,true,false,false,Christien,,Sager,,OkSt,,25,22,6,6,1,,,,,0,,1,Personal,8,Foul,,,,91,91,
1,6,39,Gonz with a turnover: 5 Second Violation,,,false,false,false,,,,,,,25,22,6,6,0,,,,,0,,9,5 Second Violation,7,Turnover,,,,309,309,
1,6,26,Offensive foul committed by Kamari Murphy.,116603,,true,false,false,Kamari,,Murphy,,OkSt,,25,22,7,6,2,,,,,6,,4,Offensive,8,Foul,,,,91,91,
1,6,26,Kamari Murphy with a  turnover:,116603,,true,false,false,Kamari,,Murphy,,OkSt,,25,22,7,6,2,,,,,6,,,,7,Turnover,,,,91,91,
1,6,06,"Gary Bell, Jr. misses a jump shot from 19 feet out.",110268,,true,false,false,Gary,,"Bell, Jr.",,Gonz,,25,22,7,6,2,,,,,10,2,45,Jump Shot,4,Field Goal Missed,19,12.2,14.4,309,309,
1,6,06,Markel Brown with a defensive rebound.,97602,,true,false,false,Markel,,Brown,,OkSt,,25,22,7,6,1,,,,,4,,,,6,Defensive Rebound,,,,91,91,
1,5,58,Marcus Smart misses a layup shot.,116604,,true,false,false,Marcus,,Smart,,OkSt,,25,22,7,6,0,,,,,6,2,40,Layup Shot,4,Field Goal Missed,0,0,0,91,91,
1,5,58,Przemek Karnowski with a defensive rebound.,117527,,true,false,false,Przemek,,Karnowski,,Gonz,,25,22,7,6,0,,,,,8,,,,6,Defensive Rebound,,,,309,309,
1,5,47,Personal foul committed by Leyton Hammonds.,120778,,true,false,false,Leyton,,Hammonds,,OkSt,,25,22,8,6,1,,,,,0,,1,Personal,8,Foul,,,,91,91,
1,5,47,Sam Dower makes free throw 1st of 1-and-1.,88925,,true,false,false,Sam,,Dower,,Gonz,,26,22,8,6,0,,,,,1,1,8,Free Throw 1st of 1-and-1,1,Free Throw Made,,,,309,309,
1,5,47,Sam Dower misses free throw 2nd of 1-and-1.,88925,,true,false,false,Sam,,Dower,,Gonz,,26,22,8,6,0,,,,,1,1,9,Free Throw 2nd of 1-and-1,2,Free Throw Missed,,,,309,309,
1,5,47,Marcus Smart with a defensive rebound.,116604,,true,false,false,Marcus,,Smart,,OkSt,,26,22,8,6,0,,,,,6,,,,6,Defensive Rebound,,,,91,91,
1,5,45,Marcus Smart with a traveling turnover: Traveling,116604,,true,false,false,Marcus,,Smart,,OkSt,,26,22,8,6,0,,,,,6,,4,Traveling,7,Turnover,,,,91,91,
1,5,43,Personal foul committed by Christien Sager.,111468,,true,false,false,Christien,,Sager,,OkSt,,26,22,9,6,2,,,,,0,,1,Personal,8,Foul,,,,91,91,
1,5,43,"Gary Bell, Jr. makes free throw 1st of 1-and-1.",110268,,true,false,false,Gary,,"Bell, Jr.",,Gonz,,27,22,9,6,2,,,,,11,1,8,Free Throw 1st of 1-and-1,1,Free Throw Made,,,,309,309,
1,5,43,"Gary Bell, Jr. makes free throw 2nd of 1-and-1.",110268,,true,false,false,Gary,,"Bell, Jr.",,Gonz,,28,22,9,6,2,,,,,12,1,9,Free Throw 2nd of 1-and-1,1,Free Throw Made,,,,309,309,
1,5,31,Marcus Smart misses a jump shot from 7 feet out.,116604,,true,false,false,Marcus,,Smart,,OkSt,,28,22,9,6,0,,,,,6,2,45,Jump Shot,4,Field Goal Missed,7,1.4,7.2,91,91,
1,5,31,Marcus Smart with an offensive rebound.,116604,,true,false,false,Marcus,,Smart,,OkSt,,28,22,9,6,0,,,,,6,,,,5,Offensive Rebound,,,,91,91,
1,5,23,Marcus Smart makes a layup shot.,116604,,true,false,false,Marcus,,Smart,,OkSt,,28,24,9,6,0,,,,,8,2,40,Layup Shot,3,Field Goal Made,0,0,0,91,91,
1,5,16,Personal foul committed by Mason Cox.,115135,,true,false,false,Mason,,Cox,,OkSt,,28,24,10,6,1,,,,,0,,1,Personal,8,Foul,,,,91,91,
1,5,16,Przemek Karnowski makes free throw 1 of 2.,117527,,true,false,false,Przemek,,Karnowski,,Gonz,,29,24,10,6,0,,,,,9,1,11,Free Throw 1 of 2,1,Free Throw Made,,,,309,309,
1,5,16,Przemek Karnowski makes free throw 2 of 2.,117527,,true,false,false,Przemek,,Karnowski,,Gonz,,30,24,10,6,0,,,,,10,1,12,Free Throw 2 of 2,1,Free Throw Made,,,,309,309,
1,4,54,Markel Brown with a out of bounds turnover: Out of Bounds,97602,,true,false,false,Markel,,Brown,,OkSt,,30,24,10,6,1,,,,,4,,3,Out of Bounds,7,Turnover,,,,91,91,
1,4,36,Kyle Dranginis makes a 3-point jump shot from 24 feet out. Przemek Karnowski with the assist.,110266,117527,true,true,false,Kyle,Przemek,Dranginis,Karnowski,Gonz,Gonz,33,24,10,6,1,,,,,5,3,45,Jump Shot,3,Field Goal Made,24,1.3,23.9,309,309,
1,4,18,Personal foul committed by Kyle Dranginis.,110266,,true,false,false,Kyle,,Dranginis,,Gonz,,33,24,10,7,2,,,,,5,,1,Personal,8,Foul,,,,309,309,
1,4,18,Marcus Smart misses free throw 1st of 1-and-1.,116604,,true,false,false,Marcus,,Smart,,OkSt,,33,24,10,7,0,,,,,8,1,8,Free Throw 1st of 1-and-1,2,Free Throw Missed,,,,91,91,
1,4,18,Sam Dower with a defensive rebound.,88925,,true,false,false,Sam,,Dower,,Gonz,,33,24,10,7,0,,,,,1,,,,6,Defensive Rebound,,,,309,309,
1,4,11,Kevin Pangos with a lost ball turnover: Lost Ball,110267,,true,false,false,Kevin,,Pangos,,Gonz,,33,24,10,7,1,,,,,2,,2,Lost Ball,7,Turnover,,,,309,309,
1,4,04,Shooting foul committed by Przemek Karnowski.,117527,,true,false,false,Przemek,,Karnowski,,Gonz,,33,24,10,8,1,,,,,10,,2,Shooting,8,Foul,,,,309,309,
1,4,04,Marcus Smart makes free throw 1 of 2.,116604,,true,false,false,Marcus,,Smart,,OkSt,,33,25,10,8,0,,,,,9,1,11,Free Throw 1 of 2,1,Free Throw Made,,,,91,91,
1,4,04,Marcus Smart makes free throw 2 of 2.,116604,,true,false,false,Marcus,,Smart,,OkSt,,33,26,10,8,0,,,,,10,1,12,Free Throw 2 of 2,1,Free Throw Made,,,,91,91,
1,4,00,Personal foul committed by Markel Brown.,97602,,true,false,false,Markel,,Brown,,OkSt,,33,26,11,8,2,,,,,4,,1,Personal,8,Foul,,,,91,91,
1,4,00,Kevin Pangos makes free throw 1 of 2.,110267,,true,false,false,Kevin,,Pangos,,Gonz,,34,26,11,8,1,,,,,3,1,11,Free Throw 1 of 2,1,Free Throw Made,,,,309,309,
1,4,00,Kevin Pangos misses free throw 2 of 2.,110267,,true,false,false,Kevin,,Pangos,,Gonz,,34,26,11,8,1,,,,,3,1,12,Free Throw 2 of 2,2,Free Throw Missed,,,,309,309,
1,4,00,Marcus Smart with a defensive rebound.,116604,,true,false,false,Marcus,,Smart,,OkSt,,34,26,11,8,0,,,,,10,,,,6,Defensive Rebound,,,,91,91,
1,3,50,"Phil Forte, III makes a 3-point jump shot from 24 feet out. Mason Cox with the assist.",116602,115135,true,true,false,Phil,Mason,"Forte, III",Cox,OkSt,OkSt,34,29,11,8,1,,,,,7,3,45,Jump Shot,3,Field Goal Made,24,13,20.3,91,91,
1,3,30,Sam Dower misses a layup shot.,88925,,true,false,false,Sam,,Dower,,Gonz,,34,29,11,8,0,,,,,1,2,40,Layup Shot,4,Field Goal Missed,0,0,0,309,309,
1,3,30,"Phil Forte, III with a defensive rebound.",116602,,true,false,false,Phil,,"Forte, III",,OkSt,,34,29,11,8,1,,,,,7,,,,6,Defensive Rebound,,,,91,91,
1,3,23,Shooting foul committed by David Stockton.,89766,,true,false,false,David,,Stockton,,Gonz,,34,29,11,9,2,,,,,1,,2,Shooting,8,Foul,,,,309,309,
1,3,23,Official TV timeout.,,,false,false,false,,,,,,,34,29,11,9,0,,,,,0,,3,Official TV,11,Timeout,,,,309,309,
1,3,23,"Phil Forte, III makes free throw 1 of 2.",116602,,true,false,false,Phil,,"Forte, III",,OkSt,,34,30,11,9,1,,,,,8,1,11,Free Throw 1 of 2,1,Free Throw Made,,,,91,91,
1,3,23,"Phil Forte, III makes free throw 2 of 2.",116602,,true,false,false,Phil,,"Forte, III",,OkSt,,34,31,11,9,1,,,,,9,1,12,Free Throw 2 of 2,1,Free Throw Made,,,,91,91,
1,3,00,Kevin Pangos misses a jump shot from 19 feet out.,110267,,true,false,false,Kevin,,Pangos,,Gonz,,34,31,11,9,1,,,,,3,2,45,Jump Shot,4,Field Goal Missed,19,.1,19.5,309,309,
1,3,00,Mason Cox with a defensive rebound.,115135,,true,false,false,Mason,,Cox,,OkSt,,34,31,11,9,1,,,,,0,,,,6,Defensive Rebound,,,,91,91,
1,2,44,Marcus Smart makes a jump shot from 19 feet out. Brian Williams with the assist.,116604,97600,true,true,false,Marcus,Brian,Smart,Williams,OkSt,OkSt,34,33,11,9,0,,,,,12,2,45,Jump Shot,3,Field Goal Made,19,12.5,14.5,91,91,
1,2,24,Sam Dower makes a layup shot. Przemek Karnowski with the assist.,88925,117527,true,true,false,Sam,Przemek,Dower,Karnowski,Gonz,Gonz,36,33,11,9,0,,,,,3,2,40,Layup Shot,3,Field Goal Made,0,0,0,309,309,
1,2,02,Brian Williams misses a jump shot from 20 feet out.,97600,,true,false,false,Brian,,Williams,,OkSt,,36,33,11,9,0,,,,,2,2,45,Jump Shot,4,Field Goal Missed,20,7.1,18.6,91,91,
1,2,02,Mason Cox with an offensive rebound.,115135,,true,false,false,Mason,,Cox,,OkSt,,36,33,11,9,1,,,,,0,,,,5,Offensive Rebound,,,,91,91,
1,1,59,Personal foul committed by Przemek Karnowski.,117527,,true,false,false,Przemek,,Karnowski,,Gonz,,36,33,11,10,2,,,,,10,,1,Personal,8,Foul,,,,309,309,
1,1,59,Mason Cox makes free throw 1 of 2.,115135,,true,false,false,Mason,,Cox,,OkSt,,36,34,11,10,1,,,,,1,1,11,Free Throw 1 of 2,1,Free Throw Made,,,,91,91,
1,1,59,Mason Cox misses free throw 2 of 2.,115135,,true,false,false,Mason,,Cox,,OkSt,,36,34,11,10,1,,,,,1,1,12,Free Throw 2 of 2,2,Free Throw Missed,,,,91,91,
1,1,59,Sam Dower with a defensive rebound.,88925,,true,false,false,Sam,,Dower,,Gonz,,36,34,11,10,0,,,,,3,,,,6,Defensive Rebound,,,,309,309,
1,1,34,Kyle Dranginis with a lost ball turnover: Lost Ball,110266,,true,false,false,Kyle,,Dranginis,,Gonz,,36,34,11,10,2,,,,,5,,2,Lost Ball,7,Turnover,,,,309,309,
1,1,30,Marcus Smart with a lost ball turnover: Lost Ball,116604,,true,false,false,Marcus,,Smart,,OkSt,,36,34,11,10,0,,,,,12,,2,Lost Ball,7,Turnover,,,,91,91,
1,1,25,Drew Barham makes a 3-point jump shot from 23 feet out. Kevin Pangos with the assist.,89774,110267,true,true,false,Drew,Kevin,Barham,Pangos,Gonz,Gonz,39,34,11,10,1,,,,,3,3,45,Jump Shot,3,Field Goal Made,23,-13.7,19,309,309,
1,1,07,Marcus Smart misses a 3-point jump shot from 23 feet out.,116604,,true,false,false,Marcus,,Smart,,OkSt,,39,34,11,10,0,,,,,12,3,45,Jump Shot,4,Field Goal Missed,23,15.1,17.3,91,91,
1,1,07,Angel Nunez with a defensive rebound.,110394,,true,false,false,Angel,,Nunez,,Gonz,,39,34,11,10,0,,,,,0,,,,6,Defensive Rebound,,,,309,309,
1,0,52.8,Kevin Pangos makes a 3-point jump shot from 25 feet out.,110267,,true,false,false,Kevin,,Pangos,,Gonz,,42,34,11,10,1,,,,,6,3,45,Jump Shot,3,Field Goal Made,25,.4,25.1,309,309,
1,0,29.4,"Phil Forte, III misses a layup shot.",116602,,true,false,false,Phil,,"Forte, III",,OkSt,,42,34,11,10,1,,,,,9,2,40,Layup Shot,4,Field Goal Missed,0,0,0,91,91,
1,0,29.4,Angel Nunez with a defensive rebound.,110394,,true,false,false,Angel,,Nunez,,Gonz,,42,34,11,10,0,,,,,0,,,,6,Defensive Rebound,,,,309,309,
1,0,11.1,Technical foul committed by OkSt.,,,false,false,false,,,,,,,42,34,12,10,0,,,,,0,,11,Technical,8,Foul,,,,91,91,
1,0,11.1,Kevin Pangos misses free throw 1 of 2.,110267,,true,false,false,Kevin,,Pangos,,Gonz,,42,34,12,10,1,,,,,6,1,11,Free Throw 1 of 2,2,Free Throw Missed,,,,309,309,
1,0,11.1,Gonz with an offensive rebound.,,,false,false,false,,,,,,,42,34,12,10,0,,,,,0,,,,5,Offensive Rebound,,,,309,309,
1,0,11.1,Kevin Pangos makes free throw 2 of 2.,110267,,true,false,false,Kevin,,Pangos,,Gonz,,43,34,12,10,1,,,,,7,1,12,Free Throw 2 of 2,1,Free Throw Made,,,,309,309,
1,0,11.1,Gonz take a 20-second timeout.,,,false,false,false,,,,,,,43,34,12,10,0,,,,,0,,2,Short,11,Timeout,,,,309,309,
1,0,00.5,Kyle Dranginis misses a jump shot from 14 feet out.,110266,,true,false,false,Kyle,,Dranginis,,Gonz,,43,34,12,10,2,,,,,5,2,45,Jump Shot,4,Field Goal Missed,14,4.7,13.5,309,309,
1,0,00.5,Gonz with an offensive rebound.,,,false,false,false,,,,,,,43,34,12,10,0,,,,,0,,,,5,Offensive Rebound,,,,309,309,
1,0,00,End of the 1st Half,,,false,false,false,,,,,,,43,34,12,10,0,,,,,0,,,,15,End Period,,,,309,309,
2,20,00,Start of the 2nd Half,,,false,false,false,,,,,,,43,34,0,0,0,,,,,0,,,,14,Start Period,,,,309,309,
2,19,46,Kamari Murphy misses a jump shot from 11 feet out.,116603,,true,false,false,Kamari,,Murphy,,OkSt,,43,34,0,0,2,,,,,6,2,45,Jump Shot,4,Field Goal Missed,11,-7.7,8.2,91,91,
2,19,46,Sam Dower with a defensive rebound.,88925,,true,false,false,Sam,,Dower,,Gonz,,43,34,0,0,0,,,,,3,,,,6,Defensive Rebound,,,,309,309,
2,19,20,David Stockton makes a 3-point jump shot from 24 feet out.,89766,,true,false,false,David,,Stockton,,Gonz,,46,34,0,0,2,,,,,4,3,45,Jump Shot,3,Field Goal Made,24,-10.5,21.3,309,309,
2,18,59,"Phil Forte, III misses a 3-point jump shot from 24 feet out.",116602,,true,false,false,Phil,,"Forte, III",,OkSt,,46,34,0,0,1,,,,,9,3,45,Jump Shot,4,Field Goal Missed,24,10.8,21,91,91,
2,18,59,Przemek Karnowski with a defensive rebound.,117527,,true,false,false,Przemek,,Karnowski,,Gonz,,46,34,0,0,2,,,,,10,,,,6,Defensive Rebound,,,,309,309,
2,18,53,Kevin Pangos misses a layup shot.,110267,,true,false,false,Kevin,,Pangos,,Gonz,,46,34,0,0,1,,,,,7,2,40,Layup Shot,4,Field Goal Missed,0,0,0,309,309,
2,18,53,Marcus Smart with a defensive rebound.,116604,,true,false,false,Marcus,,Smart,,OkSt,,46,34,0,0,0,,,,,12,,,,6,Defensive Rebound,,,,91,91,
2,18,47,Le'Bryan Nash makes a layup shot. Marcus Smart with the assist.,110500,116604,true,true,false,Le'Bryan,Marcus,Nash,Smart,OkSt,OkSt,46,36,0,0,2,,,,,2,2,40,Layup Shot,3,Field Goal Made,0,0,0,91,91,
2,18,46,Shooting foul committed by Przemek Karnowski.,117527,,true,false,false,Przemek,,Karnowski,,Gonz,,46,36,0,1,3,,,,,10,,2,Shooting,8,Foul,,,,309,309,
2,18,46,Le'Bryan Nash misses free throw 1 of 1.,110500,,true,false,false,Le'Bryan,,Nash,,OkSt,,46,36,0,1,2,,,,,2,1,10,Free Throw 1 of 1,2,Free Throw Missed,,,,91,91,
2,18,46,Marcus Smart with an offensive rebound.,116604,,true,false,false,Marcus,,Smart,,OkSt,,46,36,0,1,0,,,,,12,,,,5,Offensive Rebound,,,,91,91,
2,18,45,Personal foul committed by Drew Barham.,89774,,true,false,false,Drew,,Barham,,Gonz,,46,36,0,2,2,,,,,3,,1,Personal,8,Foul,,,,309,309,
2,18,38,Le'Bryan Nash misses a dunk shot.,110500,,true,false,false,Le'Bryan,,Nash,,OkSt,,46,36,0,2,2,,,,,2,2,48,Dunk Shot,4,Field Goal Missed,0,0,0,91,91,
2,18,38,OkSt with an offensive rebound.,,,false,false,false,,,,,,,46,36,0,2,0,,,,,0,,,,5,Offensive Rebound,,,,91,91,
2,18,24,"Phil Forte, III makes a 3-point jump shot from 25 feet out. Marcus Smart with the assist.",116602,116604,true,true,false,Phil,Marcus,"Forte, III",Smart,OkSt,OkSt,46,39,0,2,1,,,,,12,3,45,Jump Shot,3,Field Goal Made,25,16.2,18.6,91,91,
2,18,07,Sam Dower misses a hook shot from 7 feet out.,88925,,true,false,false,Sam,,Dower,,Gonz,,46,39,0,2,0,,,,,3,2,55,Hook Shot,4,Field Goal Missed,7,-.6,6.9,309,309,
2,18,07,Marcus Smart with a defensive rebound.,116604,,true,false,false,Marcus,,Smart,,OkSt,,46,39,0,2,0,,,,,12,,,,6,Defensive Rebound,,,,91,91,
2,18,00,Markel Brown makes a layup shot. Marcus Smart with the assist.,97602,116604,true,true,false,Markel,Marcus,Brown,Smart,OkSt,OkSt,46,41,0,2,2,,,,,6,2,40,Layup Shot,3,Field Goal Made,0,0,0,91,91,
2,17,47,"Gary Bell, Jr. makes a layup shot.",110268,,true,false,false,Gary,,"Bell, Jr.",,Gonz,,48,41,0,2,2,,,,,14,2,40,Layup Shot,3,Field Goal Made,0,0,0,309,309,
2,17,39,"Phil Forte, III misses a 3-point jump shot from 25 feet out.",116602,,true,false,false,Phil,,"Forte, III",,OkSt,,48,41,0,2,1,,,,,12,3,45,Jump Shot,4,Field Goal Missed,25,20.7,14.4,91,91,
2,17,39,Kevin Pangos with a defensive rebound.,110267,,true,false,false,Kevin,,Pangos,,Gonz,,48,41,0,2,1,,,,,7,,,,6,Defensive Rebound,,,,309,309,
2,17,24,Drew Barham makes a 3-point jump shot from 23 feet out. David Stockton with the assist.,89774,89766,true,true,false,Drew,David,Barham,Stockton,Gonz,Gonz,51,41,0,2,2,,,,,6,3,45,Jump Shot,3,Field Goal Made,23,-23,1.6,309,309,
2,17,03,Personal foul committed by Drew Barham.,89774,,true,false,false,Drew,,Barham,,Gonz,,51,41,0,3,3,,,,,6,,1,Personal,8,Foul,,,,309,309,
2,16,54,Marcus Smart misses a 3-point jump shot from 23 feet out.,116604,,true,false,false,Marcus,,Smart,,OkSt,,51,41,0,3,0,,,,,12,3,45,Jump Shot,4,Field Goal Missed,23,-22.9,1.8,91,91,
2,16,54,Sam Dower with a defensive rebound.,88925,,true,false,false,Sam,,Dower,,Gonz,,51,41,0,3,0,,,,,3,,,,6,Defensive Rebound,,,,309,309,
2,16,44,David Stockton with a lost ball turnover: Lost Ball,89766,,true,false,false,David,,Stockton,,Gonz,,51,41,0,3,2,,,,,4,,2,Lost Ball,7,Turnover,,,,309,309,
2,16,39,Marcus Smart with a lost ball turnover: Lost Ball,116604,,true,false,false,Marcus,,Smart,,OkSt,,51,41,0,3,0,,,,,12,,2,Lost Ball,7,Turnover,,,,91,91,
2,16,33,Kyle Dranginis misses a layup shot.,110266,,true,false,false,Kyle,,Dranginis,,Gonz,,51,41,0,3,2,,,,,5,2,40,Layup Shot,4,Field Goal Missed,0,0,0,309,309,
2,16,33,Markel Brown with a defensive rebound.,97602,,true,false,false,Markel,,Brown,,OkSt,,51,41,0,3,2,,,,,6,,,,6,Defensive Rebound,,,,91,91,
2,16,25,Markel Brown makes a layup shot.,97602,,true,false,false,Markel,,Brown,,OkSt,,51,43,0,3,2,,,,,8,2,40,Layup Shot,3,Field Goal Made,0,0,0,91,91,
2,16,09,Personal foul committed by Kamari Murphy.,116603,,true,false,false,Kamari,,Murphy,,OkSt,,51,43,1,3,3,,,,,6,,1,Personal,8,Foul,,,,91,91,
2,16,02,Kevin Pangos misses a layup shot.,110267,,true,false,false,Kevin,,Pangos,,Gonz,,51,43,1,3,1,,,,,7,2,40,Layup Shot,4,Field Goal Missed,0,0,0,309,309,
2,16,02,Kamari Murphy with a defensive rebound.,116603,,true,false,false,Kamari,,Murphy,,OkSt,,51,43,1,3,3,,,,,6,,,,6,Defensive Rebound,,,,91,91,
2,15,53,"Phil Forte, III misses a 3-point jump shot from 25 feet out.",116602,,true,false,false,Phil,,"Forte, III",,OkSt,,51,43,1,3,1,,,,,12,3,45,Jump Shot,4,Field Goal Missed,25,22.9,8.9,91,91,
2,15,53,Drew Barham with a defensive rebound.,89774,,true,false,false,Drew,,Barham,,Gonz,,51,43,1,3,3,,,,,6,,,,6,Defensive Rebound,,,,309,309,
2,15,43,Offensive foul committed by Sam Dower.,88925,,true,false,false,Sam,,Dower,,Gonz,,51,43,1,4,1,,,,,3,,4,Offensive,8,Foul,,,,309,309,
2,15,43,Sam Dower with a  turnover:,88925,,true,false,false,Sam,,Dower,,Gonz,,51,43,1,4,1,,,,,3,,,,7,Turnover,,,,309,309,
2,15,43,Official TV timeout.,,,false,false,false,,,,,,,51,43,1,4,0,,,,,0,,3,Official TV,11,Timeout,,,,309,309,
2,15,24,Marcus Smart misses a jump shot from 10 feet out.,116604,,true,false,false,Marcus,,Smart,,OkSt,,51,43,1,4,0,,,,,12,2,45,Jump Shot,4,Field Goal Missed,10,-9.4,3.1,91,91,
2,15,24,Kamari Murphy with an offensive rebound.,116603,,true,false,false,Kamari,,Murphy,,OkSt,,51,43,1,4,3,,,,,6,,,,5,Offensive Rebound,,,,91,91,
2,15,19,Kamari Murphy misses a jump shot from 7 feet out.,116603,,true,false,false,Kamari,,Murphy,,OkSt,,51,43,1,4,3,,,,,6,2,45,Jump Shot,4,Field Goal Missed,7,-3.5,5.9,91,91,
2,15,19,Drew Barham with a defensive rebound.,89774,,true,false,false,Drew,,Barham,,Gonz,,51,43,1,4,3,,,,,6,,,,6,Defensive Rebound,,,,309,309,
2,15,02,Personal foul committed by Le'Bryan Nash.,110500,,true,false,false,Le'Bryan,,Nash,,OkSt,,51,43,2,4,3,,,,,2,,1,Personal,8,Foul,,,,91,91,
2,14,48,David Stockton misses a layup shot.,89766,,true,false,false,David,,Stockton,,Gonz,,51,43,2,4,2,,,,,4,2,40,Layup Shot,4,Field Goal Missed,0,0,0,309,309,
2,14,48,Marcus Smart with a defensive rebound.,116604,,true,false,false,Marcus,,Smart,,OkSt,,51,43,2,4,0,,,,,12,,,,6,Defensive Rebound,,,,91,91,
2,14,42,"Phil Forte, III with a lost ball turnover: Lost Ball",116602,,true,false,false,Phil,,"Forte, III",,OkSt,,51,43,2,4,1,,,,,12,,2,Lost Ball,7,Turnover,,,,91,91,
2,14,36,Kevin Pangos makes a layup shot.,110267,,true,false,false,Kevin,,Pangos,,Gonz,,53,43,2,4,1,,,,,9,2,40,Layup Shot,3,Field Goal Made,0,0,0,309,309,
2,14,01,Shooting foul committed by David Stockton.,89766,,true,false,false,David,,Stockton,,Gonz,,53,43,2,5,3,,,,,4,,2,Shooting,8,Foul,,,,309,309,
2,14,01,Marcus Smart misses free throw 1 of 3.,116604,,true,false,false,Marcus,,Smart,,OkSt,,53,43,2,5,0,,,,,12,1,13,Free Throw 1 of 3,2,Free Throw Missed,,,,91,91,
2,14,01,OkSt with an offensive rebound.,,,false,false,false,,,,,,,53,43,2,5,0,,,,,0,,,,5,Offensive Rebound,,,,91,91,
2,14,01,Marcus Smart misses free throw 2 of 3.,116604,,true,false,false,Marcus,,Smart,,OkSt,,53,43,2,5,0,,,,,12,1,14,Free Throw 2 of 3,2,Free Throw Missed,,,,91,91,
2,14,01,OkSt with an offensive rebound.,,,false,false,false,,,,,,,53,43,2,5,0,,,,,0,,,,5,Offensive Rebound,,,,91,91,
2,14,01,Marcus Smart misses free throw 3 of 3.,116604,,true,false,false,Marcus,,Smart,,OkSt,,53,43,2,5,0,,,,,12,1,15,Free Throw 3 of 3,2,Free Throw Missed,,,,91,91,
2,14,01,David Stockton with a defensive rebound.,89766,,true,false,false,David,,Stockton,,Gonz,,53,43,2,5,3,,,,,4,,,,6,Defensive Rebound,,,,309,309,
2,13,43,"Offensive foul committed by Gary Bell, Jr..",110268,,true,false,false,Gary,,"Bell, Jr.",,Gonz,,53,43,2,6,3,,,,,14,,4,Offensive,8,Foul,,,,309,309,
2,13,43,"Gary Bell, Jr. with a  turnover:",110268,,true,false,false,Gary,,"Bell, Jr.",,Gonz,,53,43,2,6,3,,,,,14,,,,7,Turnover,,,,309,309,
2,13,25,Le'Bryan Nash with a bad pass turnover: Bad Pass,110500,,true,false,false,Le'Bryan,,Nash,,OkSt,,53,43,2,6,3,,,,,2,,1,Bad Pass,7,Turnover,,,,91,91,
2,13,05,Kevin Pangos misses a jump shot from 7 feet out.,110267,,true,false,false,Kevin,,Pangos,,Gonz,,53,43,2,6,1,,,,,9,2,45,Jump Shot,4,Field Goal Missed,7,-.1,6.7,309,309,
2,13,05,Kamari Murphy with a defensive rebound.,116603,,true,false,false,Kamari,,Murphy,,OkSt,,53,43,2,6,3,,,,,6,,,,6,Defensive Rebound,,,,91,91,
2,12,56,Shooting foul committed by Kevin Pangos.,110267,,true,false,false,Kevin,,Pangos,,Gonz,,53,43,2,7,2,,,,,9,,2,Shooting,8,Foul,,,,309,309,
2,12,56,Marcus Smart makes free throw 1 of 2.,116604,,true,false,false,Marcus,,Smart,,OkSt,,53,44,2,7,0,,,,,13,1,11,Free Throw 1 of 2,1,Free Throw Made,,,,91,91,
2,12,56,Marcus Smart misses free throw 2 of 2.,116604,,true,false,false,Marcus,,Smart,,OkSt,,53,44,2,7,0,,,,,13,1,12,Free Throw 2 of 2,2,Free Throw Missed,,,,91,91,
2,12,56,Przemek Karnowski with a defensive rebound.,117527,,true,false,false,Przemek,,Karnowski,,Gonz,,53,44,2,7,3,,,,,10,,,,6,Defensive Rebound,,,,309,309,
2,12,46,David Stockton with a lost ball turnover: Lost Ball,89766,,true,false,false,David,,Stockton,,Gonz,,53,44,2,7,3,,,,,4,,2,Lost Ball,7,Turnover,,,,309,309,
2,12,36,Le'Bryan Nash makes a layup shot. Marcus Smart with the assist.,110500,116604,true,true,false,Le'Bryan,Marcus,Nash,Smart,OkSt,OkSt,53,46,2,7,3,,,,,4,2,40,Layup Shot,3,Field Goal Made,0,0,0,91,91,
2,12,18,Personal foul committed by Marcus Smart.,116604,,true,false,false,Marcus,,Smart,,OkSt,,53,46,3,7,1,,,,,13,,1,Personal,8,Foul,,,,91,91,
2,12,10,Przemek Karnowski misses a layup shot.,117527,,true,false,false,Przemek,,Karnowski,,Gonz,,53,46,3,7,3,,,,,10,2,40,Layup Shot,4,Field Goal Missed,0,0,0,309,309,
2,12,10,Le'Bryan Nash with a defensive rebound.,110500,,true,false,false,Le'Bryan,,Nash,,OkSt,,53,46,3,7,3,,,,,4,,,,6,Defensive Rebound,,,,91,91,
2,12,02,Personal foul committed by Drew Barham.,89774,,true,false,false,Drew,,Barham,,Gonz,,53,46,3,8,4,,,,,6,,1,Personal,8,Foul,,,,309,309,
2,12,02,Le'Bryan Nash makes free throw 1 of 2.,110500,,true,false,false,Le'Bryan,,Nash,,OkSt,,53,47,3,8,3,,,,,5,1,11,Free Throw 1 of 2,1,Free Throw Made,,,,91,91,
2,12,02,Le'Bryan Nash makes free throw 2 of 2.,110500,,true,false,false,Le'Bryan,,Nash,,OkSt,,53,48,3,8,3,,,,,6,1,12,Free Throw 2 of 2,1,Free Throw Made,,,,91,91,
2,11,38,Przemek Karnowski misses a layup shot.,117527,,true,false,false,Przemek,,Karnowski,,Gonz,,53,48,3,8,3,,,,,10,2,40,Layup Shot,4,Field Goal Missed,0,0,0,309,309,
2,11,38,Kamari Murphy with a defensive rebound.,116603,,true,false,false,Kamari,,Murphy,,OkSt,,53,48,3,8,3,,,,,6,,,,6,Defensive Rebound,,,,91,91,
2,11,24,Kamari Murphy makes a layup shot.,116603,,true,false,false,Kamari,,Murphy,,OkSt,,53,50,3,8,3,,,,,8,2,40,Layup Shot,3,Field Goal Made,0,0,0,91,91,
2,11,18,Gonz take a 20-second timeout.,,,false,false,false,,,,,,,53,50,3,8,0,,,,,0,,2,Short,11,Timeout,,,,309,309,
2,11,10,"Gary Bell, Jr. makes a 3-point jump shot from 24 feet out. Kevin Pangos with the assist.",110268,110267,true,true,false,Gary,Kevin,"Bell, Jr.",Pangos,Gonz,Gonz,56,50,3,8,3,,,,,17,3,45,Jump Shot,3,Field Goal Made,24,-.3,23.7,309,309,
2,10,58,Marcus Smart with a lost ball turnover: Lost Ball,116604,,true,false,false,Marcus,,Smart,,OkSt,,56,50,3,8,1,,,,,13,,2,Lost Ball,7,Turnover,,,,91,91,
2,10,52,Kevin Pangos makes a layup shot.,110267,,true,false,false,Kevin,,Pangos,,Gonz,,58,50,3,8,2,,,,,11,2,40,Layup Shot,3,Field Goal Made,0,0,0,309,309,
2,10,38,Markel Brown makes a layup shot. Marcus Smart with the assist.,97602,116604,true,true,false,Markel,Marcus,Brown,Smart,OkSt,OkSt,58,52,3,8,2,,,,,10,2,40,Layup Shot,3,Field Goal Made,0,0,0,91,91,
2,10,06,Przemek Karnowski with a lost ball turnover: Lost Ball,117527,,true,false,false,Przemek,,Karnowski,,Gonz,,58,52,3,8,3,,,,,10,,2,Lost Ball,7,Turnover,,,,309,309,
2,9,57,"Phil Forte, III misses a 3-point jump shot from 23 feet out.",116602,,true,false,false,Phil,,"Forte, III",,OkSt,,58,52,3,8,1,,,,,12,3,45,Jump Shot,4,Field Goal Missed,23,23,4,91,91,
2,9,57,Przemek Karnowski with a defensive rebound.,117527,,true,false,false,Przemek,,Karnowski,,Gonz,,58,52,3,8,3,,,,,10,,,,6,Defensive Rebound,,,,309,309,
2,9,41,Personal foul committed by Le'Bryan Nash.,110500,,true,false,false,Le'Bryan,,Nash,,OkSt,,58,52,4,8,4,,,,,6,,1,Personal,8,Foul,,,,91,91,
2,9,41,Official TV timeout.,,,false,false,false,,,,,,,58,52,4,8,0,,,,,0,,3,Official TV,11,Timeout,,,,309,309,
2,9,21,"Gary Bell, Jr. misses a 3-point jump shot from 23 feet out.",110268,,true,false,false,Gary,,"Bell, Jr.",,Gonz,,58,52,4,8,3,,,,,17,3,45,Jump Shot,4,Field Goal Missed,23,16.8,16.2,309,309,
2,9,21,Christien Sager with a defensive rebound.,111468,,true,false,false,Christien,,Sager,,OkSt,,58,52,4,8,2,,,,,0,,,,6,Defensive Rebound,,,,91,91,
2,9,19,Personal foul committed by Kyle Dranginis.,110266,,true,false,false,Kyle,,Dranginis,,Gonz,,58,52,4,9,3,,,,,5,,1,Personal,8,Foul,,,,309,309,
2,9,19,Christien Sager misses free throw 1st of 1-and-1.,111468,,true,false,false,Christien,,Sager,,OkSt,,58,52,4,9,2,,,,,0,1,8,Free Throw 1st of 1-and-1,2,Free Throw Missed,,,,91,91,
2,9,19,Gonz with a defensive rebound.,,,false,false,false,,,,,,,58,52,4,9,0,,,,,0,,,,6,Defensive Rebound,,,,309,309,
2,9,03,Personal foul committed by Kamari Murphy.,116603,,true,false,false,Kamari,,Murphy,,OkSt,,58,52,5,9,4,,,,,8,,1,Personal,8,Foul,,,,91,91,
2,9,01,Offensive foul committed by Kevin Pangos.,110267,,true,false,false,Kevin,,Pangos,,Gonz,,58,52,5,10,3,,,,,11,,4,Offensive,8,Foul,,,,309,309,
2,9,01,Kevin Pangos with a  turnover:,110267,,true,false,false,Kevin,,Pangos,,Gonz,,58,52,5,10,3,,,,,11,,,,7,Turnover,,,,309,309,
2,8,49,Markel Brown misses a jump shot from 19 feet out.,97602,,true,false,false,Markel,,Brown,,OkSt,,58,52,5,10,2,,,,,10,2,45,Jump Shot,4,Field Goal Missed,19,-14,12.3,91,91,
2,8,49,"Gary Bell, Jr. with a defensive rebound.",110268,,true,false,false,Gary,,"Bell, Jr.",,Gonz,,58,52,5,10,3,,,,,17,,,,6,Defensive Rebound,,,,309,309,
2,8,43,Personal foul committed by Marcus Smart.,116604,,true,false,false,Marcus,,Smart,,OkSt,,58,52,6,10,2,,,,,13,,1,Personal,8,Foul,,,,91,91,
2,8,29,Personal foul committed by Leyton Hammonds.,120778,,true,false,false,Leyton,,Hammonds,,OkSt,,58,52,7,10,2,,,,,0,,1,Personal,8,Foul,,,,91,91,
2,8,29,Przemek Karnowski makes free throw 1st of 1-and-1.,117527,,true,false,false,Przemek,,Karnowski,,Gonz,,59,52,7,10,3,,,,,11,1,8,Free Throw 1st of 1-and-1,1,Free Throw Made,,,,309,309,
2,8,29,Przemek Karnowski misses free throw 2 of 2.,117527,,true,false,false,Przemek,,Karnowski,,Gonz,,59,52,7,10,3,,,,,11,1,12,Free Throw 2 of 2,2,Free Throw Missed,,,,309,309,
2,8,29,OkSt with a defensive rebound.,,,false,false,false,,,,,,,59,52,7,10,0,,,,,0,,,,6,Defensive Rebound,,,,91,91,
2,8,28,Personal foul committed by Sam Dower.,88925,,true,false,false,Sam,,Dower,,Gonz,,59,52,7,11,2,,,,,3,,1,Personal,8,Foul,,,,309,309,
2,8,28,Mason Cox misses free throw 1 of 2.,115135,,true,false,false,Mason,,Cox,,OkSt,,59,52,7,11,1,,,,,1,1,11,Free Throw 1 of 2,2,Free Throw Missed,,,,91,91,
2,8,28,OkSt with an offensive rebound.,,,false,false,false,,,,,,,59,52,7,11,0,,,,,0,,,,5,Offensive Rebound,,,,91,91,
2,8,28,Mason Cox misses free throw 2 of 2.,115135,,true,false,false,Mason,,Cox,,OkSt,,59,52,7,11,1,,,,,1,1,12,Free Throw 2 of 2,2,Free Throw Missed,,,,91,91,
2,8,28,Sam Dower with a defensive rebound.,88925,,true,false,false,Sam,,Dower,,Gonz,,59,52,7,11,2,,,,,3,,,,6,Defensive Rebound,,,,309,309,
2,8,15,Przemek Karnowski misses a jump shot from 6 feet out.,117527,,true,false,false,Przemek,,Karnowski,,Gonz,,59,52,7,11,3,,,,,11,2,45,Jump Shot,4,Field Goal Missed,6,.6,6.2,309,309,
2,8,15,Sam Dower with an offensive rebound.,88925,,true,false,false,Sam,,Dower,,Gonz,,59,52,7,11,2,,,,,3,,,,5,Offensive Rebound,,,,309,309,
2,7,48,Kevin Pangos makes a 3-point jump shot from 25 feet out.,110267,,true,false,false,Kevin,,Pangos,,Gonz,,62,52,7,11,3,,,,,14,3,45,Jump Shot,3,Field Goal Made,25,18.1,17.6,309,309,
2,7,17,Leyton Hammonds misses a 3-point jump shot from 23 feet out.,120778,,true,false,false,Leyton,,Hammonds,,OkSt,,62,52,7,11,2,,,,,0,3,45,Jump Shot,4,Field Goal Missed,23,-22.7,1.8,91,91,
2,7,17,Mason Cox with an offensive rebound.,115135,,true,false,false,Mason,,Cox,,OkSt,,62,52,7,11,1,,,,,1,,,,5,Offensive Rebound,,,,91,91,
2,7,11,"Phil Forte, III misses a 3-point jump shot from 23 feet out.",116602,,true,false,false,Phil,,"Forte, III",,OkSt,,62,52,7,11,1,,,,,12,3,45,Jump Shot,4,Field Goal Missed,23,17.1,15.4,91,91,
2,7,11,"Phil Forte, III with an offensive rebound.",116602,,true,false,false,Phil,,"Forte, III",,OkSt,,62,52,7,11,1,,,,,12,,,,5,Offensive Rebound,,,,91,91,
2,7,04,Offensive foul committed by Marcus Smart.,116604,,true,false,false,Marcus,,Smart,,OkSt,,62,52,8,11,3,,,,,13,,4,Offensive,8,Foul,,,,91,91,
2,7,04,Marcus Smart with a  turnover:,116604,,true,false,false,Marcus,,Smart,,OkSt,,62,52,8,11,3,,,,,13,,,,7,Turnover,,,,91,91,
2,7,04,Official TV timeout.,,,false,false,false,,,,,,,62,52,8,11,0,,,,,0,,3,Official TV,11,Timeout,,,,309,309,
2,6,56,Gonz take a 20-second timeout.,,,false,false,false,,,,,,,62,52,8,11,0,,,,,0,,2,Short,11,Timeout,,,,309,309,
2,6,29,Kevin Pangos misses a jump shot from 15 feet out.,110267,,true,false,false,Kevin,,Pangos,,Gonz,,62,52,8,11,3,,,,,14,2,45,Jump Shot,4,Field Goal Missed,15,-.1,15,309,309,
2,6,29,OkSt with a defensive rebound.,,,false,false,false,,,,,,,62,52,8,11,0,,,,,0,,,,6,Defensive Rebound,,,,91,91,
2,6,20,Marcus Smart makes a layup shot.,116604,,true,false,false,Marcus,,Smart,,OkSt,,62,54,8,11,3,,,,,15,2,40,Layup Shot,3,Field Goal Made,0,0,0,91,91,
2,5,55,Kevin Pangos makes a layup shot. Sam Dower with the assist.,110267,88925,true,true,false,Kevin,Sam,Pangos,Dower,Gonz,Gonz,64,54,8,11,3,,,,,16,2,40,Layup Shot,3,Field Goal Made,0,0,0,309,309,
2,5,40,"Phil Forte, III misses a jump shot from 12 feet out.",116602,,true,false,false,Phil,,"Forte, III",,OkSt,,64,54,8,11,1,,,,,12,2,45,Jump Shot,4,Field Goal Missed,12,1.1,12,91,91,
2,5,40,Przemek Karnowski with a defensive rebound.,117527,,true,false,false,Przemek,,Karnowski,,Gonz,,64,54,8,11,3,,,,,11,,,,6,Defensive Rebound,,,,309,309,
2,5,38,Flagrant foul committed by Le'Bryan Nash.,110500,,true,false,false,Le'Bryan,,Nash,,OkSt,,64,54,9,11,5,,,,,6,,21,Flagrant,8,Foul,,,,91,91,
2,5,38,Kyle Dranginis misses free throw 1 of 2.,110266,,true,false,false,Kyle,,Dranginis,,Gonz,,64,54,9,11,3,,,,,5,1,11,Free Throw 1 of 2,2,Free Throw Missed,,,,309,309,
2,5,38,Gonz with an offensive rebound.,,,false,false,false,,,,,,,64,54,9,11,0,,,,,0,,,,5,Offensive Rebound,,,,309,309,
2,5,38,Kyle Dranginis makes free throw 2 of 2.,110266,,true,false,false,Kyle,,Dranginis,,Gonz,,65,54,9,11,3,,,,,6,1,12,Free Throw 2 of 2,1,Free Throw Made,,,,309,309,
2,5,12,Sam Dower with a lost ball turnover: Lost Ball,88925,,true,false,false,Sam,,Dower,,Gonz,,65,54,9,11,2,,,,,3,,2,Lost Ball,7,Turnover,,,,309,309,
2,5,07,Markel Brown makes a layup shot. Marcus Smart with the assist.,97602,116604,true,true,false,Markel,Marcus,Brown,Smart,OkSt,OkSt,65,56,9,11,2,,,,,12,2,40,Layup Shot,3,Field Goal Made,0,0,0,91,91,
2,4,51,Kyle Dranginis misses a 3-point jump shot from 24 feet out.,110266,,true,false,false,Kyle,,Dranginis,,Gonz,,65,56,9,11,3,,,,,6,3,45,Jump Shot,4,Field Goal Missed,24,21.7,10.3,309,309,
2,4,51,Przemek Karnowski with an offensive rebound.,117527,,true,false,false,Przemek,,Karnowski,,Gonz,,65,56,9,11,3,,,,,11,,,,5,Offensive Rebound,,,,309,309,
2,4,31,Przemek Karnowski makes a layup shot. Sam Dower with the assist.,117527,88925,true,true,false,Przemek,Sam,Karnowski,Dower,Gonz,Gonz,67,56,9,11,3,,,,,13,2,40,Layup Shot,3,Field Goal Made,0,0,0,309,309,
2,4,20,Markel Brown makes a layup shot.,97602,,true,false,false,Markel,,Brown,,OkSt,,67,58,9,11,2,,,,,14,2,40,Layup Shot,3,Field Goal Made,0,0,0,91,91,
2,3,52,Personal foul committed by Leyton Hammonds.,120778,,true,false,false,Leyton,,Hammonds,,OkSt,,67,58,10,11,3,,,,,0,,1,Personal,8,Foul,,,,91,91,
2,3,52,Official TV timeout.,,,false,false,false,,,,,,,67,58,10,11,0,,,,,0,,3,Official TV,11,Timeout,,,,309,309,
2,3,52,Kyle Dranginis makes free throw 1 of 2.,110266,,true,false,false,Kyle,,Dranginis,,Gonz,,68,58,10,11,3,,,,,7,1,11,Free Throw 1 of 2,1,Free Throw Made,,,,309,309,
2,3,52,Kyle Dranginis makes free throw 2 of 2.,110266,,true,false,false,Kyle,,Dranginis,,Gonz,,69,58,10,11,3,,,,,8,1,12,Free Throw 2 of 2,1,Free Throw Made,,,,309,309,
2,3,49,Marcus Smart misses a jump shot from 8 feet out.,116604,,true,false,false,Marcus,,Smart,,OkSt,,69,58,10,11,3,,,,,15,2,45,Jump Shot,4,Field Goal Missed,8,6,5.2,91,91,
2,3,49,Kamari Murphy with an offensive rebound.,116603,,true,false,false,Kamari,,Murphy,,OkSt,,69,58,10,11,4,,,,,8,,,,5,Offensive Rebound,,,,91,91,
2,3,42,Kamari Murphy misses a jump shot from 6 feet out.,116603,,true,false,false,Kamari,,Murphy,,OkSt,,69,58,10,11,4,,,,,8,2,45,Jump Shot,4,Field Goal Missed,6,-1.8,5.9,91,91,
2,3,42,Kamari Murphy with an offensive rebound.,116603,,true,false,false,Kamari,,Murphy,,OkSt,,69,58,10,11,4,,,,,8,,,,5,Offensive Rebound,,,,91,91,
2,3,38,Markel Brown makes a jump shot from 7 feet out.,97602,,true,false,false,Markel,,Brown,,OkSt,,69,60,10,11,2,,,,,16,2,45,Jump Shot,3,Field Goal Made,7,-3,6,91,91,
2,3,38,Personal foul committed by Marcus Smart.,116604,,true,false,false,Marcus,,Smart,,OkSt,,69,60,11,11,4,,,,,15,,1,Personal,8,Foul,,,,91,91,
2,3,38,Kyle Dranginis makes free throw 1 of 2.,110266,,true,false,false,Kyle,,Dranginis,,Gonz,,70,60,11,11,3,,,,,9,1,11,Free Throw 1 of 2,1,Free Throw Made,,,,309,309,
2,3,38,Kyle Dranginis makes free throw 2 of 2.,110266,,true,false,false,Kyle,,Dranginis,,Gonz,,71,60,11,11,3,,,,,10,1,12,Free Throw 2 of 2,1,Free Throw Made,,,,309,309,
2,3,29,Markel Brown misses a jump shot from 19 feet out.,97602,,true,false,false,Markel,,Brown,,OkSt,,71,60,11,11,2,,,,,16,2,45,Jump Shot,4,Field Goal Missed,19,-1.4,19.1,91,91,
2,3,29,Marcus Smart with an offensive rebound.,116604,,true,false,false,Marcus,,Smart,,OkSt,,71,60,11,11,4,,,,,15,,,,5,Offensive Rebound,,,,91,91,
2,3,26,Personal foul committed by Kyle Dranginis.,110266,,true,false,false,Kyle,,Dranginis,,Gonz,,71,60,11,12,4,,,,,10,,1,Personal,8,Foul,,,,309,309,
2,3,26,Marcus Smart makes free throw 1 of 2.,116604,,true,false,false,Marcus,,Smart,,OkSt,,71,61,11,12,4,,,,,16,1,11,Free Throw 1 of 2,1,Free Throw Made,,,,91,91,
2,3,26,Marcus Smart makes free throw 2 of 2.,116604,,true,false,false,Marcus,,Smart,,OkSt,,71,62,11,12,4,,,,,17,1,12,Free Throw 2 of 2,1,Free Throw Made,,,,91,91,
2,3,01,Przemek Karnowski makes a jump shot from 8 feet out. Sam Dower with the assist.,117527,88925,true,true,false,Przemek,Sam,Karnowski,Dower,Gonz,Gonz,73,62,11,12,3,,,,,15,2,45,Jump Shot,3,Field Goal Made,8,-.9,7.7,309,309,
2,2,56,OkSt take a 20-second timeout.,,,false,false,false,,,,,,,73,62,11,12,0,,,,,0,,2,Short,11,Timeout,,,,91,91,
2,2,50,Personal foul committed by Sam Dower.,88925,,true,false,false,Sam,,Dower,,Gonz,,73,62,11,13,3,,,,,3,,1,Personal,8,Foul,,,,309,309,
2,2,50,Marcus Smart misses free throw 1 of 2.,116604,,true,false,false,Marcus,,Smart,,OkSt,,73,62,11,13,4,,,,,17,1,11,Free Throw 1 of 2,2,Free Throw Missed,,,,91,91,
2,2,50,OkSt with an offensive rebound.,,,false,false,false,,,,,,,73,62,11,13,0,,,,,0,,,,5,Offensive Rebound,,,,91,91,
2,2,50,Marcus Smart makes free throw 2 of 2.,116604,,true,false,false,Marcus,,Smart,,OkSt,,73,63,11,13,4,,,,,18,1,12,Free Throw 2 of 2,1,Free Throw Made,,,,91,91,
2,2,47,Personal foul committed by Brian Williams.,97600,,true,false,false,Brian,,Williams,,OkSt,,73,63,12,13,1,,,,,2,,1,Personal,8,Foul,,,,91,91,
2,2,47,Przemek Karnowski misses free throw 1 of 2.,117527,,true,false,false,Przemek,,Karnowski,,Gonz,,73,63,12,13,3,,,,,15,1,11,Free Throw 1 of 2,2,Free Throw Missed,,,,309,309,
2,2,47,Gonz with an offensive rebound.,,,false,false,false,,,,,,,73,63,12,13,0,,,,,0,,,,5,Offensive Rebound,,,,309,309,
2,2,47,Przemek Karnowski misses free throw 2 of 2.,117527,,true,false,false,Przemek,,Karnowski,,Gonz,,73,63,12,13,3,,,,,15,1,12,Free Throw 2 of 2,2,Free Throw Missed,,,,309,309,
2,2,47,Brian Williams with a defensive rebound.,97600,,true,false,false,Brian,,Williams,,OkSt,,73,63,12,13,1,,,,,2,,,,6,Defensive Rebound,,,,91,91,
2,2,41,Markel Brown misses a 3-point jump shot from 23 feet out.,97602,,true,false,false,Markel,,Brown,,OkSt,,73,63,12,13,2,,,,,16,3,45,Jump Shot,4,Field Goal Missed,23,-5.7,22.2,91,91,
2,2,41,Przemek Karnowski with a defensive rebound.,117527,,true,false,false,Przemek,,Karnowski,,Gonz,,73,63,12,13,3,,,,,15,,,,6,Defensive Rebound,,,,309,309,
2,2,39,Personal foul committed by Brian Williams.,97600,,true,false,false,Brian,,Williams,,OkSt,,73,63,13,13,2,,,,,2,,1,Personal,8,Foul,,,,91,91,
2,2,39,Przemek Karnowski misses free throw 1 of 2.,117527,,true,false,false,Przemek,,Karnowski,,Gonz,,73,63,13,13,3,,,,,15,1,11,Free Throw 1 of 2,2,Free Throw Missed,,,,309,309,
2,2,39,Gonz with an offensive rebound.,,,false,false,false,,,,,,,73,63,13,13,0,,,,,0,,,,5,Offensive Rebound,,,,309,309,
2,2,39,Przemek Karnowski misses free throw 2 of 2.,117527,,true,false,false,Przemek,,Karnowski,,Gonz,,73,63,13,13,3,,,,,15,1,12,Free Throw 2 of 2,2,Free Throw Missed,,,,309,309,
2,2,39,Brian Williams with a defensive rebound.,97600,,true,false,false,Brian,,Williams,,OkSt,,73,63,13,13,2,,,,,2,,,,6,Defensive Rebound,,,,91,91,
2,2,29,Markel Brown misses a jump shot from 6 feet out.,97602,,true,false,false,Markel,,Brown,,OkSt,,73,63,13,13,2,,,,,16,2,45,Jump Shot,4,Field Goal Missed,6,-4.5,3.8,91,91,
2,2,29,"Gary Bell, Jr. with a defensive rebound.",110268,,true,false,false,Gary,,"Bell, Jr.",,Gonz,,73,63,13,13,3,,,,,17,,,,6,Defensive Rebound,,,,309,309,
2,2,23,Personal foul committed by Kamari Murphy.,116603,,true,false,false,Kamari,,Murphy,,OkSt,,73,63,14,13,5,,,,,8,,1,Personal,8,Foul,,,,91,91,
2,2,23,"Gary Bell, Jr. misses free throw 1 of 2.",110268,,true,false,false,Gary,,"Bell, Jr.",,Gonz,,73,63,14,13,3,,,,,17,1,11,Free Throw 1 of 2,2,Free Throw Missed,,,,309,309,
2,2,23,Gonz with an offensive rebound.,,,false,false,false,,,,,,,73,63,14,13,0,,,,,0,,,,5,Offensive Rebound,,,,309,309,
2,2,23,"Gary Bell, Jr. misses free throw 2 of 2.",110268,,true,false,false,Gary,,"Bell, Jr.",,Gonz,,73,63,14,13,3,,,,,17,1,12,Free Throw 2 of 2,2,Free Throw Missed,,,,309,309,
2,2,23,Marcus Smart with a defensive rebound.,116604,,true,false,false,Marcus,,Smart,,OkSt,,73,63,14,13,4,,,,,18,,,,6,Defensive Rebound,,,,91,91,
2,2,08,Markel Brown makes a layup shot.,97602,,true,false,false,Markel,,Brown,,OkSt,,73,65,14,13,2,,,,,18,2,40,Layup Shot,3,Field Goal Made,0,0,0,91,91,
2,2,06,OkSt take a 20-second timeout.,,,false,false,false,,,,,,,73,65,14,13,0,,,,,0,,2,Short,11,Timeout,,,,91,91,
2,1,59,Shooting foul committed by Christien Sager.,111468,,true,false,false,Christien,,Sager,,OkSt,,73,65,15,13,3,,,,,0,,2,Shooting,8,Foul,,,,91,91,
2,1,59,Kyle Dranginis makes free throw 1 of 2.,110266,,true,false,false,Kyle,,Dranginis,,Gonz,,74,65,15,13,4,,,,,11,1,11,Free Throw 1 of 2,1,Free Throw Made,,,,309,309,
2,1,59,Kyle Dranginis makes free throw 2 of 2.,110266,,true,false,false,Kyle,,Dranginis,,Gonz,,75,65,15,13,4,,,,,12,1,12,Free Throw 2 of 2,1,Free Throw Made,,,,309,309,
2,1,47,"Phil Forte, III misses a layup shot.",116602,,true,false,false,Phil,,"Forte, III",,OkSt,,75,65,15,13,1,,,,,12,2,40,Layup Shot,4,Field Goal Missed,0,0,0,91,91,
2,1,47,OkSt with an offensive rebound.,,,false,false,false,,,,,,,75,65,15,13,0,,,,,0,,,,5,Offensive Rebound,,,,91,91,
2,1,46,"Personal foul committed by Gary Bell, Jr..",110268,,true,false,false,Gary,,"Bell, Jr.",,Gonz,,75,65,15,14,4,,,,,17,,1,Personal,8,Foul,,,,309,309,
2,1,46,Leyton Hammonds misses free throw 1 of 2.,120778,,true,false,false,Leyton,,Hammonds,,OkSt,,75,65,15,14,3,,,,,0,1,11,Free Throw 1 of 2,2,Free Throw Missed,,,,91,91,
2,1,46,OkSt with an offensive rebound.,,,false,false,false,,,,,,,75,65,15,14,0,,,,,0,,,,5,Offensive Rebound,,,,91,91,
2,1,46,Leyton Hammonds misses free throw 2 of 2.,120778,,true,false,false,Leyton,,Hammonds,,OkSt,,75,65,15,14,3,,,,,0,1,12,Free Throw 2 of 2,2,Free Throw Missed,,,,91,91,
2,1,46,Markel Brown with an offensive rebound.,97602,,true,false,false,Markel,,Brown,,OkSt,,75,65,15,14,2,,,,,18,,,,5,Offensive Rebound,,,,91,91,
2,1,45,Leyton Hammonds makes a layup shot. Markel Brown with the assist.,120778,97602,true,true,false,Leyton,Markel,Hammonds,Brown,OkSt,OkSt,75,67,15,14,3,,,,,2,2,40,Layup Shot,3,Field Goal Made,0,0,0,91,91,
2,1,31,Personal foul committed by Markel Brown.,97602,,true,false,false,Markel,,Brown,,OkSt,,75,67,16,14,3,,,,,18,,1,Personal,8,Foul,,,,91,91,
2,1,31,Kevin Pangos makes free throw 1 of 2.,110267,,true,false,false,Kevin,,Pangos,,Gonz,,76,67,16,14,3,,,,,17,1,11,Free Throw 1 of 2,1,Free Throw Made,,,,309,309,
2,1,31,Kevin Pangos makes free throw 2 of 2.,110267,,true,false,false,Kevin,,Pangos,,Gonz,,77,67,16,14,3,,,,,18,1,12,Free Throw 2 of 2,1,Free Throw Made,,,,309,309,
2,1,25,Shooting foul committed by Kyle Dranginis.,110266,,true,false,false,Kyle,,Dranginis,,Gonz,,77,67,16,15,5,,,,,12,,2,Shooting,8,Foul,,,,309,309,
2,1,25,Marcus Smart makes free throw 1 of 2.,116604,,true,false,false,Marcus,,Smart,,OkSt,,77,68,16,15,4,,,,,19,1,11,Free Throw 1 of 2,1,Free Throw Made,,,,91,91,
2,1,25,Marcus Smart misses free throw 2 of 2.,116604,,true,false,false,Marcus,,Smart,,OkSt,,77,68,16,15,4,,,,,19,1,12,Free Throw 2 of 2,2,Free Throw Missed,,,,91,91,
2,1,25,Sam Dower with a defensive rebound.,88925,,true,false,false,Sam,,Dower,,Gonz,,77,68,16,15,3,,,,,3,,,,6,Defensive Rebound,,,,309,309,
2,1,19,Personal foul committed by Leyton Hammonds.,120778,,true,false,false,Leyton,,Hammonds,,OkSt,,77,68,17,15,4,,,,,2,,1,Personal,8,Foul,,,,91,91,
2,1,19,Drew Barham misses free throw 1 of 2.,89774,,true,false,false,Drew,,Barham,,Gonz,,77,68,17,15,4,,,,,6,1,11,Free Throw 1 of 2,2,Free Throw Missed,,,,309,309,
2,1,19,Gonz with an offensive rebound.,,,false,false,false,,,,,,,77,68,17,15,0,,,,,0,,,,5,Offensive Rebound,,,,309,309,
2,1,19,Drew Barham misses free throw 2 of 2.,89774,,true,false,false,Drew,,Barham,,Gonz,,77,68,17,15,4,,,,,6,1,12,Free Throw 2 of 2,2,Free Throw Missed,,,,309,309,
2,1,19,Marcus Smart with a defensive rebound.,116604,,true,false,false,Marcus,,Smart,,OkSt,,77,68,17,15,4,,,,,19,,,,6,Defensive Rebound,,,,91,91,
2,1,11,Marcus Smart with a lost ball turnover: Lost Ball,116604,,true,false,false,Marcus,,Smart,,OkSt,,77,68,17,15,4,,,,,19,,2,Lost Ball,7,Turnover,,,,91,91,
2,1,07,Personal foul committed by Markel Brown.,97602,,true,false,false,Markel,,Brown,,OkSt,,77,68,18,15,4,,,,,18,,1,Personal,8,Foul,,,,91,91,
2,1,07,Kevin Pangos makes free throw 1 of 2.,110267,,true,false,false,Kevin,,Pangos,,Gonz,,78,68,18,15,3,,,,,19,1,11,Free Throw 1 of 2,1,Free Throw Made,,,,309,309,
2,1,07,Kevin Pangos makes free throw 2 of 2.,110267,,true,false,false,Kevin,,Pangos,,Gonz,,79,68,18,15,3,,,,,20,1,12,Free Throw 2 of 2,1,Free Throw Made,,,,309,309,
2,1,01,Brian Williams makes a layup shot. Marcus Smart with the assist.,97600,116604,true,true,false,Brian,Marcus,Williams,Smart,OkSt,OkSt,79,70,18,15,2,,,,,4,2,40,Layup Shot,3,Field Goal Made,0,0,0,91,91,
2,1,00,Shooting foul committed by Sam Dower.,88925,,true,false,false,Sam,,Dower,,Gonz,,79,70,18,16,4,,,,,3,,2,Shooting,8,Foul,,,,309,309,
2,1,00,Brian Williams makes free throw 1 of 1.,97600,,true,false,false,Brian,,Williams,,OkSt,,79,71,18,16,2,,,,,5,1,10,Free Throw 1 of 1,1,Free Throw Made,,,,91,91,
2,0,54.0,Kevin Pangos with a lost ball turnover: Lost Ball,110267,,true,false,false,Kevin,,Pangos,,Gonz,,79,71,18,16,3,,,,,20,,2,Lost Ball,7,Turnover,,,,309,309,
2,0,50.3,Leyton Hammonds misses a 3-point jump shot from 24 feet out.,120778,,true,false,false,Leyton,,Hammonds,,OkSt,,79,71,18,16,4,,,,,2,3,45,Jump Shot,4,Field Goal Missed,24,-24.2,.9,91,91,
2,0,50.3,Marcus Smart with an offensive rebound.,116604,,true,false,false,Marcus,,Smart,,OkSt,,79,71,18,16,4,,,,,19,,,,5,Offensive Rebound,,,,91,91,
2,0,43.4,Shooting foul committed by Sam Dower.,88925,,true,false,false,Sam,,Dower,,Gonz,,79,71,18,17,5,,,,,3,,2,Shooting,8,Foul,,,,309,309,
2,0,43.4,Marcus Smart makes free throw 1 of 2.,116604,,true,false,false,Marcus,,Smart,,OkSt,,79,72,18,17,4,,,,,20,1,11,Free Throw 1 of 2,1,Free Throw Made,,,,91,91,
2,0,43.4,Marcus Smart makes free throw 2 of 2.,116604,,true,false,false,Marcus,,Smart,,OkSt,,79,73,18,17,4,,,,,21,1,12,Free Throw 2 of 2,1,Free Throw Made,,,,91,91,
2,0,43.4,Gonz take a 20-second timeout.,,,false,false,false,,,,,,,79,73,18,17,0,,,,,0,,2,Short,11,Timeout,,,,309,309,
2,0,40.1,Personal foul committed by Leyton Hammonds.,120778,,true,false,false,Leyton,,Hammonds,,OkSt,,79,73,19,17,5,,,,,2,,1,Personal,8,Foul,,,,91,91,
2,0,40.1,Kevin Pangos makes free throw 1 of 2.,110267,,true,false,false,Kevin,,Pangos,,Gonz,,80,73,19,17,3,,,,,21,1,11,Free Throw 1 of 2,1,Free Throw Made,,,,309,309,
2,0,40.1,Kevin Pangos makes free throw 2 of 2.,110267,,true,false,false,Kevin,,Pangos,,Gonz,,81,73,19,17,3,,,,,22,1,12,Free Throw 2 of 2,1,Free Throw Made,,,,309,309,
2,0,40.1,Marcus Smart misses a 3-point jump shot from 24 feet out.,116604,,true,false,false,Marcus,,Smart,,OkSt,,81,73,19,17,4,,,,,21,3,45,Jump Shot,4,Field Goal Missed,24,-1.4,24.4,91,91,
2,0,40.1,OkSt with an offensive rebound.,,,false,false,false,,,,,,,81,73,19,17,0,,,,,0,,,,5,Offensive Rebound,,,,91,91,
2,0,31.0,Personal foul committed by Kevin Pangos.,110267,,true,false,false,Kevin,,Pangos,,Gonz,,81,73,19,18,4,,,,,22,,1,Personal,8,Foul,,,,309,309,
2,0,31.0,Marcus Smart makes free throw 1 of 2.,116604,,true,false,false,Marcus,,Smart,,OkSt,,81,74,19,18,4,,,,,22,1,11,Free Throw 1 of 2,1,Free Throw Made,,,,91,91,
2,0,31.0,Marcus Smart makes free throw 2 of 2.,116604,,true,false,false,Marcus,,Smart,,OkSt,,81,75,19,18,4,,,,,23,1,12,Free Throw 2 of 2,1,Free Throw Made,,,,91,91,
2,0,27.0,Personal foul committed by Brian Williams.,97600,,true,false,false,Brian,,Williams,,OkSt,,81,75,20,18,3,,,,,5,,1,Personal,8,Foul,,,,91,91,
2,0,27.0,Kevin Pangos makes free throw 1 of 2.,110267,,true,false,false,Kevin,,Pangos,,Gonz,,82,75,20,18,4,,,,,23,1,11,Free Throw 1 of 2,1,Free Throw Made,,,,309,309,
2,0,27.0,Kevin Pangos makes free throw 2 of 2.,110267,,true,false,false,Kevin,,Pangos,,Gonz,,83,75,20,18,4,,,,,24,1,12,Free Throw 2 of 2,1,Free Throw Made,,,,309,309,
2,0,18.4,"Phil Forte, III misses a layup shot.",116602,,true,false,false,Phil,,"Forte, III",,OkSt,,83,75,20,18,1,,,,,12,2,40,Layup Shot,4,Field Goal Missed,0,0,0,91,91,
2,0,18.4,Marcus Smart with an offensive rebound.,116604,,true,false,false,Marcus,,Smart,,OkSt,,83,75,20,18,4,,,,,23,,,,5,Offensive Rebound,,,,91,91,
2,0,14.4,Marcus Smart misses a tip shot from 2 feet out.,116604,,true,false,false,Marcus,,Smart,,OkSt,,83,75,20,18,4,,,,,23,2,53,Tip Shot,4,Field Goal Missed,2,1.4,1.8,91,91,
2,0,14.4,Kevin Pangos with a defensive rebound.,110267,,true,false,false,Kevin,,Pangos,,Gonz,,83,75,20,18,4,,,,,24,,,,6,Defensive Rebound,,,,309,309,
2,0,13.6,Personal foul committed by Christien Sager.,111468,,true,false,false,Christien,,Sager,,OkSt,,83,75,21,18,4,,,,,0,,1,Personal,8,Foul,,,,91,91,
2,0,13.6,Kevin Pangos makes free throw 1 of 2.,110267,,true,false,false,Kevin,,Pangos,,Gonz,,84,75,21,18,4,,,,,25,1,11,Free Throw 1 of 2,1,Free Throw Made,,,,309,309,
2,0,13.6,Kevin Pangos makes free throw 2 of 2.,110267,,true,false,false,Kevin,,Pangos,,Gonz,,85,75,21,18,4,,,,,26,1,12,Free Throw 2 of 2,1,Free Throw Made,,,,309,309,
2,0,09.0,Markel Brown makes a jump shot from 5 feet out.,97602,,true,false,false,Markel,,Brown,,OkSt,,85,77,21,18,4,,,,,20,2,45,Jump Shot,3,Field Goal Made,5,-3.7,3.1,91,91,
2,0,00,End of the 2nd Half,,,false,false,false,,,,,,,85,77,21,18,0,,,,,0,,,,15,End Period,,,,309,309,
2,0,00,End of the Game,,,false,false,false,,,,,,,85,77,21,18,0,,,,,0,,,,19,Game Over,,,,309,309,
