half,time-minutes,time-seconds,details,player1-id,player2-id,player1-linkable,player2-linkable,player3-linkable,player-first-name-1,player-first-name-2,player-last-name-1,player-last-name-2,player-team-alias-1,player-team-alias-2,home-score,visitor-score,visitor-fouls,home-fouls,player-fouls,fastbreak,in-paint,second-chance,off-turnover,player-score,points-type,detail-id,detail-desc,event-id,event-desc,distance,x-coord,y-coord,team-id-1,team-id-2,team-id-3
1,20,00,Start of the 1st Half,,,false,false,false,,,,,,,0,0,0,0,0,,,,,0,,,,14,Start Period,,,,120,120,
1,19,37,Michael Alvarado misses a layup shot.,98628,,true,false,false,Michael,,Alvarado,,Manhat,,0,0,0,0,0,,,,,0,2,40,Layup Shot,4,Field Goal Missed,0,0,0,158,158,
1,19,37,Russ Smith with a defensive rebound.,97587,,true,false,false,Russ,,Smith,,Lou,,0,0,0,0,0,,,,,0,,,,6,Defensive Rebound,,,,120,120,
1,19,29,Luke Hancock makes a layup shot.,89140,,true,false,false,Luke,,Hancock,,Lou,,2,0,0,0,0,,,,,2,2,40,Layup Shot,3,Field Goal Made,0,0,0,120,120,
1,19,23,Michael Alvarado with a lost ball turnover: Lost Ball,98628,,true,false,false,Michael,,Alvarado,,Manhat,,2,0,0,0,0,,,,,0,,2,Lost Ball,7,Turnover,,,,158,158,
1,19,20,Chris Jones misses a 3-point jump shot from 24 feet out.,121060,,true,false,false,Chris,,Jones,,Lou,,2,0,0,0,0,,,,,0,3,45,Jump Shot,4,Field Goal Missed,24,15.9,18.4,120,120,
1,19,20,Michael Alvarado with a defensive rebound.,98628,,true,false,false,Michael,,Alvarado,,Manhat,,2,0,0,0,0,,,,,0,,,,6,Defensive Rebound,,,,158,158,
1,19,04,George Beamon misses a layup shot.,89243,,true,false,false,George,,Beamon,,Manhat,,2,0,0,0,0,,,,,0,2,40,Layup Shot,4,Field Goal Missed,0,0,0,158,158,
1,19,04,Ashton Pankey with an offensive rebound.,97618,,true,false,false,Ashton,,Pankey,,Manhat,,2,0,0,0,0,,,,,0,,,,5,Offensive Rebound,,,,158,158,
1,18,59,Ashton Pankey misses a tip shot from 7 feet out.,97618,,true,false,false,Ashton,,Pankey,,Manhat,,2,0,0,0,0,,,,,0,2,53,Tip Shot,4,Field Goal Missed,7,1.3,7,158,158,
1,18,59,Luke Hancock with a defensive rebound.,89140,,true,false,false,Luke,,Hancock,,Lou,,2,0,0,0,0,,,,,2,,,,6,Defensive Rebound,,,,120,120,
1,18,50,Personal foul committed by RaShawn Stores.,110915,,true,false,false,RaShawn,,Stores,,Manhat,,2,0,1,0,1,,,,,0,,1,Personal,8,Foul,,,,158,158,
1,18,34,Montrezl Harrell misses a layup shot.,116728,,true,false,false,Montrezl,,Harrell,,Lou,,2,0,1,0,0,,,,,0,2,40,Layup Shot,4,Field Goal Missed,0,0,0,120,120,
1,18,34,Stephan Van Treese with an offensive rebound.,88666,,true,false,false,Stephan,,Van Treese,,Lou,,2,0,1,0,0,,,,,0,,,,5,Offensive Rebound,,,,120,120,
1,18,29,Stephan Van Treese makes a tip shot from 6 feet out.,88666,,true,false,false,Stephan,,Van Treese,,Lou,,4,0,1,0,0,,,,,2,2,53,Tip Shot,3,Field Goal Made,6,.3,6.2,120,120,
1,18,08,Michael Alvarado makes a 3-point jump shot from 25 feet out.,98628,,true,false,false,Michael,,Alvarado,,Manhat,,4,3,1,0,0,,,,,3,3,45,Jump Shot,3,Field Goal Made,25,17.4,18.4,158,158,
1,17,56,Montrezl Harrell with a lost ball turnover: Lost Ball,116728,,true,false,false,Montrezl,,Harrell,,Lou,,4,3,1,0,0,,,,,0,,2,Lost Ball,7,Turnover,,,,120,120,
1,17,52,RaShawn Stores with a bad pass turnover: Bad Pass,110915,,true,false,false,RaShawn,,Stores,,Manhat,,4,3,1,0,1,,,,,0,,1,Bad Pass,7,Turnover,,,,158,158,
1,17,47,Shooting foul committed by Rhamel Brown.,98629,,true,false,false,Rhamel,,Brown,,Manhat,,4,3,2,0,1,,,,,0,,2,Shooting,8,Foul,,,,158,158,
1,17,47,Russ Smith makes free throw 1 of 2.,97587,,true,false,false,Russ,,Smith,,Lou,,5,3,2,0,0,,,,,1,1,11,Free Throw 1 of 2,1,Free Throw Made,,,,120,120,
1,17,47,Russ Smith makes free throw 2 of 2.,97587,,true,false,false,Russ,,Smith,,Lou,,6,3,2,0,0,,,,,2,1,12,Free Throw 2 of 2,1,Free Throw Made,,,,120,120,
1,17,19,Michael Alvarado makes a layup shot.,98628,,true,false,false,Michael,,Alvarado,,Manhat,,6,5,2,0,0,,,,,5,2,40,Layup Shot,3,Field Goal Made,0,0,0,158,158,
1,16,59,Stephan Van Treese makes a dunk shot. Luke Hancock with the assist.,88666,89140,true,true,false,Stephan,Luke,Van Treese,Hancock,Lou,Lou,8,5,2,0,0,,,,,4,2,48,Dunk Shot,3,Field Goal Made,0,0,0,120,120,
1,16,28,Michael Alvarado makes a 3-point jump shot from 23 feet out. Emmy Andujar with the assist.,98628,110912,true,true,false,Michael,Emmy,Alvarado,Andujar,Manhat,Manhat,8,8,2,0,0,,,,,8,3,45,Jump Shot,3,Field Goal Made,23,16.9,16.2,158,158,
1,16,15,Russ Smith misses a jump shot from 18 feet out.,97587,,true,false,false,Russ,,Smith,,Lou,,8,8,2,0,0,,,,,2,2,45,Jump Shot,4,Field Goal Missed,18,11.5,13.7,120,120,
1,16,15,Stephan Van Treese with an offensive rebound.,88666,,true,false,false,Stephan,,Van Treese,,Lou,,8,8,2,0,0,,,,,4,,,,5,Offensive Rebound,,,,120,120,
1,16,09,Montrezl Harrell makes a dunk shot. Luke Hancock with the assist.,116728,89140,true,true,false,Montrezl,Luke,Harrell,Hancock,Lou,Lou,10,8,2,0,0,,,,,2,2,48,Dunk Shot,3,Field Goal Made,0,0,0,120,120,
1,15,42,Emmy Andujar with a lost ball turnover: Lost Ball,110912,,true,false,false,Emmy,,Andujar,,Manhat,,10,8,2,0,0,,,,,0,,2,Lost Ball,7,Turnover,,,,158,158,
1,15,40,Chris Jones makes a layup shot.,121060,,true,false,false,Chris,,Jones,,Lou,,12,8,2,0,0,,,,,2,2,40,Layup Shot,3,Field Goal Made,0,0,0,120,120,
1,15,29,Ashton Pankey misses a layup shot.,97618,,true,false,false,Ashton,,Pankey,,Manhat,,12,8,2,0,0,,,,,0,2,40,Layup Shot,4,Field Goal Missed,0,0,0,158,158,
1,15,29,Ashton Pankey with an offensive rebound.,97618,,true,false,false,Ashton,,Pankey,,Manhat,,12,8,2,0,0,,,,,0,,,,5,Offensive Rebound,,,,158,158,
1,15,25,Ashton Pankey makes a tip shot from 7 feet out.,97618,,true,false,false,Ashton,,Pankey,,Manhat,,12,10,2,0,0,,,,,2,2,53,Tip Shot,3,Field Goal Made,7,-.8,6.9,158,158,
1,15,14,Chris Jones misses a layup shot.,121060,,true,false,false,Chris,,Jones,,Lou,,12,10,2,0,0,,,,,2,2,40,Layup Shot,4,Field Goal Missed,0,0,0,120,120,
1,15,14,Emmy Andujar with a defensive rebound.,110912,,true,false,false,Emmy,,Andujar,,Manhat,,12,10,2,0,0,,,,,0,,,,6,Defensive Rebound,,,,158,158,
1,15,10,Emmy Andujar misses a layup shot.,110912,,true,false,false,Emmy,,Andujar,,Manhat,,12,10,2,0,0,,,,,0,2,40,Layup Shot,4,Field Goal Missed,0,0,0,158,158,
1,15,10,Montrezl Harrell with a defensive rebound.,116728,,true,false,false,Montrezl,,Harrell,,Lou,,12,10,2,0,0,,,,,2,,,,6,Defensive Rebound,,,,120,120,
1,14,59,Luke Hancock makes a layup shot.,89140,,true,false,false,Luke,,Hancock,,Lou,,14,10,2,0,0,,,,,4,2,40,Layup Shot,3,Field Goal Made,0,0,0,120,120,
1,14,57,Official TV timeout.,,,false,false,false,,,,,,,14,10,2,0,0,,,,,0,,3,Official TV,11,Timeout,,,,120,120,
1,14,38,Emmy Andujar makes a layup shot.,110912,,true,false,false,Emmy,,Andujar,,Manhat,,14,12,2,0,0,,,,,2,2,40,Layup Shot,3,Field Goal Made,0,0,0,158,158,
1,14,25,Russ Smith with a lost ball turnover: Lost Ball,97587,,true,false,false,Russ,,Smith,,Lou,,14,12,2,0,0,,,,,2,,2,Lost Ball,7,Turnover,,,,120,120,
1,14,18,Emmy Andujar with a lost ball turnover: Lost Ball,110912,,true,false,false,Emmy,,Andujar,,Manhat,,14,12,2,0,0,,,,,2,,2,Lost Ball,7,Turnover,,,,158,158,
1,14,14,Russ Smith makes a dunk shot. Luke Hancock with the assist.,97587,89140,true,true,false,Russ,Luke,Smith,Hancock,Lou,Lou,16,12,2,0,0,,,,,4,2,48,Dunk Shot,3,Field Goal Made,0,0,0,120,120,
1,13,59,Tyler Wilson with a lost ball turnover: Lost Ball,121837,,true,false,false,Tyler,,Wilson,,Manhat,,16,12,2,0,0,,,,,0,,2,Lost Ball,7,Turnover,,,,158,158,
1,13,57,Offensive foul committed by Russ Smith.,97587,,true,false,false,Russ,,Smith,,Lou,,16,12,2,1,1,,,,,4,,4,Offensive,8,Foul,,,,120,120,
1,13,57,Russ Smith with a  turnover:,97587,,true,false,false,Russ,,Smith,,Lou,,16,12,2,1,1,,,,,4,,,,7,Turnover,,,,120,120,
1,13,49,RaShawn Stores with a lost ball turnover: Lost Ball,110915,,true,false,false,RaShawn,,Stores,,Manhat,,16,12,2,1,1,,,,,0,,2,Lost Ball,7,Turnover,,,,158,158,
1,13,28,Terry Rozier makes a layup shot.,121058,,true,false,false,Terry,,Rozier,,Lou,,18,12,2,1,0,,,,,2,2,40,Layup Shot,3,Field Goal Made,0,0,0,120,120,
1,13,26,Manhat take a 20-second timeout.,,,false,false,false,,,,,,,18,12,2,1,0,,,,,0,,2,Short,11,Timeout,,,,158,158,
1,13,05,Rhamel Brown misses a layup shot.,98629,,true,false,false,Rhamel,,Brown,,Manhat,,18,12,2,1,1,,,,,0,2,40,Layup Shot,4,Field Goal Missed,0,0,0,158,158,
1,13,05,Terry Rozier with a defensive rebound.,121058,,true,false,false,Terry,,Rozier,,Lou,,18,12,2,1,0,,,,,2,,,,6,Defensive Rebound,,,,120,120,
1,12,55,Montrezl Harrell misses a jump shot from 18 feet out.,116728,,true,false,false,Montrezl,,Harrell,,Lou,,18,12,2,1,0,,,,,2,2,45,Jump Shot,4,Field Goal Missed,18,9.1,15,120,120,
1,12,55,Michael Alvarado with a defensive rebound.,98628,,true,false,false,Michael,,Alvarado,,Manhat,,18,12,2,1,0,,,,,8,,,,6,Defensive Rebound,,,,158,158,
1,12,42,Michael Alvarado misses a layup shot.,98628,,true,false,false,Michael,,Alvarado,,Manhat,,18,12,2,1,0,,,,,8,2,40,Layup Shot,4,Field Goal Missed,0,0,0,158,158,
1,12,42,Chris Jones with a defensive rebound.,121060,,true,false,false,Chris,,Jones,,Lou,,18,12,2,1,0,,,,,2,,,,6,Defensive Rebound,,,,120,120,
1,12,31,Chris Jones misses a layup shot.,121060,,true,false,false,Chris,,Jones,,Lou,,18,12,2,1,0,,,,,2,2,40,Layup Shot,4,Field Goal Missed,0,0,0,120,120,
1,12,31,Mangok Mathiang with an offensive rebound.,117980,,true,false,false,Mangok,,Mathiang,,Lou,,18,12,2,1,0,,,,,0,,,,5,Offensive Rebound,,,,120,120,
1,12,21,Mangok Mathiang misses a layup shot.,117980,,true,false,false,Mangok,,Mathiang,,Lou,,18,12,2,1,0,,,,,0,2,40,Layup Shot,4,Field Goal Missed,0,0,0,120,120,
1,12,21,Trevor Glassman with a defensive rebound.,125916,,false,false,false,Trevor,,Glassman,,Manhat,,18,12,2,1,0,,,,,0,,,,6,Defensive Rebound,,,,158,158,
1,12,14,Rhamel Brown makes a layup shot. Michael Alvarado with the assist.,98629,98628,true,true,false,Rhamel,Michael,Brown,Alvarado,Manhat,Manhat,18,14,2,1,1,,,,,2,2,40,Layup Shot,3,Field Goal Made,0,0,0,158,158,
1,12,05,Chris Jones misses a layup shot.,121060,,true,false,false,Chris,,Jones,,Lou,,18,14,2,1,0,,,,,2,2,40,Layup Shot,4,Field Goal Missed,0,0,0,120,120,
1,12,05,Montrezl Harrell with an offensive rebound.,116728,,true,false,false,Montrezl,,Harrell,,Lou,,18,14,2,1,0,,,,,2,,,,5,Offensive Rebound,,,,120,120,
1,12,05,Montrezl Harrell misses a layup shot.,116728,,true,false,false,Montrezl,,Harrell,,Lou,,18,14,2,1,0,,,,,2,2,40,Layup Shot,4,Field Goal Missed,0,0,0,120,120,
1,12,05,Manhat with a defensive rebound.,,,false,false,false,,,,,,,18,14,2,1,0,,,,,0,,,,6,Defensive Rebound,,,,158,158,
1,11,37,Emmy Andujar with a lost ball turnover: Lost Ball,110912,,true,false,false,Emmy,,Andujar,,Manhat,,18,14,2,1,0,,,,,2,,2,Lost Ball,7,Turnover,,,,158,158,
1,11,35,Personal foul committed by RaShawn Stores.,110915,,true,false,false,RaShawn,,Stores,,Manhat,,18,14,3,1,2,,,,,0,,1,Personal,8,Foul,,,,158,158,
1,11,35,Official TV timeout.,,,false,false,false,,,,,,,18,14,3,1,0,,,,,0,,3,Official TV,11,Timeout,,,,120,120,
1,11,10,Chris Jones misses a layup shot.,121060,,true,false,false,Chris,,Jones,,Lou,,18,14,3,1,0,,,,,2,2,40,Layup Shot,4,Field Goal Missed,0,0,0,120,120,
1,11,10,Chris Jones with an offensive rebound.,121060,,true,false,false,Chris,,Jones,,Lou,,18,14,3,1,0,,,,,2,,,,5,Offensive Rebound,,,,120,120,
1,11,00,Chris Jones makes a 3-point jump shot from 24 feet out. Russ Smith with the assist.,121060,97587,true,true,false,Chris,Russ,Jones,Smith,Lou,Lou,21,14,3,1,0,,,,,5,3,45,Jump Shot,3,Field Goal Made,24,-21.2,11.1,120,120,
1,10,26,George Beamon misses a 3-point jump shot from 24 feet out.,89243,,true,false,false,George,,Beamon,,Manhat,,21,14,3,1,0,,,,,0,3,45,Jump Shot,4,Field Goal Missed,24,17.1,17.4,158,158,
1,10,26,Montrezl Harrell with a defensive rebound.,116728,,true,false,false,Montrezl,,Harrell,,Lou,,21,14,3,1,0,,,,,2,,,,6,Defensive Rebound,,,,120,120,
1,10,08,Luke Hancock misses a layup shot.,89140,,true,false,false,Luke,,Hancock,,Lou,,21,14,3,1,0,,,,,4,2,40,Layup Shot,4,Field Goal Missed,0,0,0,120,120,
1,10,08,Ashton Pankey with a defensive rebound.,97618,,true,false,false,Ashton,,Pankey,,Manhat,,21,14,3,1,0,,,,,2,,,,6,Defensive Rebound,,,,158,158,
1,9,58,George Beamon misses a jump shot from 18 feet out.,89243,,true,false,false,George,,Beamon,,Manhat,,21,14,3,1,0,,,,,0,2,45,Jump Shot,4,Field Goal Missed,18,-6,16.6,158,158,
1,9,58,Stephan Van Treese with a defensive rebound.,88666,,true,false,false,Stephan,,Van Treese,,Lou,,21,14,3,1,0,,,,,4,,,,6,Defensive Rebound,,,,120,120,
1,9,36,Luke Hancock misses a 3-point jump shot from 23 feet out.,89140,,true,false,false,Luke,,Hancock,,Lou,,21,14,3,1,0,,,,,4,3,45,Jump Shot,4,Field Goal Missed,23,9.8,21.3,120,120,
1,9,36,Stephan Van Treese with an offensive rebound.,88666,,true,false,false,Stephan,,Van Treese,,Lou,,21,14,3,1,0,,,,,4,,,,5,Offensive Rebound,,,,120,120,
1,9,27,Personal foul committed by George Beamon.,89243,,true,false,false,George,,Beamon,,Manhat,,21,14,4,1,1,,,,,0,,1,Personal,8,Foul,,,,158,158,
1,9,14,Shooting foul committed by Ashton Pankey.,97618,,true,false,false,Ashton,,Pankey,,Manhat,,21,14,5,1,1,,,,,2,,2,Shooting,8,Foul,,,,158,158,
1,9,11,Russ Smith with a lost ball turnover: Lost Ball,97587,,true,false,false,Russ,,Smith,,Lou,,21,14,5,1,1,,,,,4,,2,Lost Ball,7,Turnover,,,,120,120,
1,8,51,Michael Alvarado with a lost ball turnover: Lost Ball,98628,,true,false,false,Michael,,Alvarado,,Manhat,,21,14,5,1,0,,,,,8,,2,Lost Ball,7,Turnover,,,,158,158,
1,8,29,Personal foul committed by Ashton Pankey.,97618,,true,false,false,Ashton,,Pankey,,Manhat,,21,14,6,1,2,,,,,2,,1,Personal,8,Foul,,,,158,158,
1,8,20,Stephan Van Treese misses a layup shot.,88666,,true,false,false,Stephan,,Van Treese,,Lou,,21,14,6,1,0,,,,,4,2,40,Layup Shot,4,Field Goal Missed,0,0,0,120,120,
1,8,20,Chris Jones with an offensive rebound.,121060,,true,false,false,Chris,,Jones,,Lou,,21,14,6,1,0,,,,,5,,,,5,Offensive Rebound,,,,120,120,
1,8,05,Luke Hancock misses a jump shot from 11 feet out.,89140,,true,false,false,Luke,,Hancock,,Lou,,21,14,6,1,0,,,,,4,2,45,Jump Shot,4,Field Goal Missed,11,-2.3,10.6,120,120,
1,8,05,George Beamon with a defensive rebound.,89243,,true,false,false,George,,Beamon,,Manhat,,21,14,6,1,1,,,,,0,,,,6,Defensive Rebound,,,,158,158,
1,7,38,Rhamel Brown makes a jump shot from 8 feet out.,98629,,true,false,false,Rhamel,,Brown,,Manhat,,21,16,6,1,1,,,,,4,2,45,Jump Shot,3,Field Goal Made,8,-.6,8.1,158,158,
1,7,19,Montrezl Harrell misses a jump shot from 15 feet out.,116728,,true,false,false,Montrezl,,Harrell,,Lou,,21,16,6,1,0,,,,,2,2,45,Jump Shot,4,Field Goal Missed,15,.3,15.4,120,120,
1,7,19,Emmy Andujar with a defensive rebound.,110912,,true,false,false,Emmy,,Andujar,,Manhat,,21,16,6,1,0,,,,,2,,,,6,Defensive Rebound,,,,158,158,
1,6,52,George Beamon makes a layup shot.,89243,,true,false,false,George,,Beamon,,Manhat,,21,18,6,1,1,,,,,2,2,40,Layup Shot,3,Field Goal Made,0,0,0,158,158,
1,6,28,Russ Smith makes a layup shot.,97587,,true,false,false,Russ,,Smith,,Lou,,23,18,6,1,1,,,,,6,2,40,Layup Shot,3,Field Goal Made,0,0,0,120,120,
1,6,04,Shooting foul committed by Stephan Van Treese.,88666,,true,false,false,Stephan,,Van Treese,,Lou,,23,18,6,2,1,,,,,4,,2,Shooting,8,Foul,,,,120,120,
1,6,04,Official TV timeout.,,,false,false,false,,,,,,,23,18,6,2,0,,,,,0,,3,Official TV,11,Timeout,,,,120,120,
1,5,54,Emmy Andujar misses a layup shot.,110912,,true,false,false,Emmy,,Andujar,,Manhat,,23,18,6,2,0,,,,,2,2,40,Layup Shot,4,Field Goal Missed,0,0,0,158,158,
1,5,54,Terry Rozier with a defensive rebound.,121058,,true,false,false,Terry,,Rozier,,Lou,,23,18,6,2,0,,,,,2,,,,6,Defensive Rebound,,,,120,120,
1,5,47,Russ Smith with a lost ball turnover: Lost Ball,97587,,true,false,false,Russ,,Smith,,Lou,,23,18,6,2,1,,,,,6,,2,Lost Ball,7,Turnover,,,,120,120,
1,5,45,Michael Alvarado makes a layup shot. Shane Richards with the assist.,98628,117401,true,true,false,Michael,Shane,Alvarado,Richards,Manhat,Manhat,23,20,6,2,0,,,,,10,2,40,Layup Shot,3,Field Goal Made,0,0,0,158,158,
1,5,35,Shooting foul committed by Rhamel Brown.,98629,,true,false,false,Rhamel,,Brown,,Manhat,,23,20,7,2,2,,,,,4,,2,Shooting,8,Foul,,,,158,158,
1,5,35,Russ Smith makes free throw 1 of 2.,97587,,true,false,false,Russ,,Smith,,Lou,,24,20,7,2,1,,,,,7,1,11,Free Throw 1 of 2,1,Free Throw Made,,,,120,120,
1,5,35,Russ Smith makes free throw 2 of 2.,97587,,true,false,false,Russ,,Smith,,Lou,,25,20,7,2,1,,,,,8,1,12,Free Throw 2 of 2,1,Free Throw Made,,,,120,120,
1,5,16,Personal foul committed by Montrezl Harrell.,116728,,true,false,false,Montrezl,,Harrell,,Lou,,25,20,7,3,1,,,,,2,,1,Personal,8,Foul,,,,120,120,
1,4,50,Michael Alvarado with a lost ball turnover: Lost Ball,98628,,true,false,false,Michael,,Alvarado,,Manhat,,25,20,7,3,0,,,,,10,,2,Lost Ball,7,Turnover,,,,158,158,
1,4,46,Terry Rozier misses a layup shot.,121058,,true,false,false,Terry,,Rozier,,Lou,,25,20,7,3,0,,,,,2,2,40,Layup Shot,4,Field Goal Missed,0,0,0,120,120,
1,4,46,Mangok Mathiang with an offensive rebound.,117980,,true,false,false,Mangok,,Mathiang,,Lou,,25,20,7,3,0,,,,,0,,,,5,Offensive Rebound,,,,120,120,
1,4,45,Mangok Mathiang misses a layup shot.,117980,,true,false,false,Mangok,,Mathiang,,Lou,,25,20,7,3,0,,,,,0,2,40,Layup Shot,4,Field Goal Missed,0,0,0,120,120,
1,4,45,Terry Rozier with an offensive rebound.,121058,,true,false,false,Terry,,Rozier,,Lou,,25,20,7,3,0,,,,,2,,,,5,Offensive Rebound,,,,120,120,
1,4,43,Terry Rozier misses a tip shot from 5 feet out.,121058,,true,false,false,Terry,,Rozier,,Lou,,25,20,7,3,0,,,,,2,2,53,Tip Shot,4,Field Goal Missed,5,-.3,5,120,120,
1,4,43,Montrezl Harrell with an offensive rebound.,116728,,true,false,false,Montrezl,,Harrell,,Lou,,25,20,7,3,1,,,,,2,,,,5,Offensive Rebound,,,,120,120,
1,4,42,Montrezl Harrell makes a layup shot.,116728,,true,false,false,Montrezl,,Harrell,,Lou,,27,20,7,3,1,,,,,4,2,40,Layup Shot,3,Field Goal Made,0,0,0,120,120,
1,4,42,Shooting foul committed by Michael Alvarado.,98628,,true,false,false,Michael,,Alvarado,,Manhat,,27,20,8,3,1,,,,,10,,2,Shooting,8,Foul,,,,158,158,
1,4,42,Montrezl Harrell misses free throw 1 of 1.,116728,,true,false,false,Montrezl,,Harrell,,Lou,,27,20,8,3,1,,,,,4,1,10,Free Throw 1 of 1,2,Free Throw Missed,,,,120,120,
1,4,42,Tyler Wilson with a defensive rebound.,121837,,true,false,false,Tyler,,Wilson,,Manhat,,27,20,8,3,0,,,,,0,,,,6,Defensive Rebound,,,,158,158,
1,4,26,Rhamel Brown misses a dunk shot.,98629,,true,false,false,Rhamel,,Brown,,Manhat,,27,20,8,3,2,,,,,4,2,48,Dunk Shot,4,Field Goal Missed,0,0,0,158,158,
1,4,26,Montrezl Harrell with a defensive rebound.,116728,,true,false,false,Montrezl,,Harrell,,Lou,,27,20,8,3,1,,,,,4,,,,6,Defensive Rebound,,,,120,120,
1,4,10,Personal foul committed by George Beamon.,89243,,true,false,false,George,,Beamon,,Manhat,,27,20,9,3,2,,,,,2,,1,Personal,8,Foul,,,,158,158,
1,4,10,Russ Smith misses free throw 1st of 1-and-1.,97587,,true,false,false,Russ,,Smith,,Lou,,27,20,9,3,1,,,,,8,1,8,Free Throw 1st of 1-and-1,2,Free Throw Missed,,,,120,120,
1,4,10,Donovan Kates with a defensive rebound.,110913,,true,false,false,Donovan,,Kates,,Manhat,,27,20,9,3,0,,,,,0,,,,6,Defensive Rebound,,,,158,158,
1,4,03,George Beamon makes a 3-point jump shot from 24 feet out. Donovan Kates with the assist.,89243,110913,true,true,false,George,Donovan,Beamon,Kates,Manhat,Manhat,27,23,9,3,2,,,,,5,3,45,Jump Shot,3,Field Goal Made,24,-20.5,12.3,158,158,
1,3,33,Russ Smith misses a 3-point jump shot from 25 feet out.,97587,,true,false,false,Russ,,Smith,,Lou,,27,23,9,3,1,,,,,8,3,45,Jump Shot,4,Field Goal Missed,25,17.1,18.4,120,120,
1,3,33,Manhat with a defensive rebound.,,,false,false,false,,,,,,,27,23,9,3,0,,,,,0,,,,6,Defensive Rebound,,,,158,158,
1,3,33,Official TV timeout.,,,false,false,false,,,,,,,27,23,9,3,0,,,,,0,,3,Official TV,11,Timeout,,,,120,120,
1,3,10,George Beamon misses a jump shot from 15 feet out.,89243,,true,false,false,George,,Beamon,,Manhat,,27,23,9,3,2,,,,,5,2,45,Jump Shot,4,Field Goal Missed,15,14.4,2.8,158,158,
1,3,10,Luke Hancock with a defensive rebound.,89140,,true,false,false,Luke,,Hancock,,Lou,,27,23,9,3,0,,,,,4,,,,6,Defensive Rebound,,,,120,120,
1,3,00,Personal foul committed by Donovan Kates.,110913,,true,false,false,Donovan,,Kates,,Manhat,,27,23,10,3,1,,,,,0,,1,Personal,8,Foul,,,,158,158,
1,3,00,Luke Hancock makes free throw 1 of 2.,89140,,true,false,false,Luke,,Hancock,,Lou,,28,23,10,3,0,,,,,5,1,11,Free Throw 1 of 2,1,Free Throw Made,,,,120,120,
1,3,00,Luke Hancock makes free throw 2 of 2.,89140,,true,false,false,Luke,,Hancock,,Lou,,29,23,10,3,0,,,,,6,1,12,Free Throw 2 of 2,1,Free Throw Made,,,,120,120,
1,2,46,Tyler Wilson misses a layup shot.,121837,,true,false,false,Tyler,,Wilson,,Manhat,,29,23,10,3,0,,,,,0,2,40,Layup Shot,4,Field Goal Missed,0,0,0,158,158,
1,2,46,Manhat with an offensive rebound.,,,false,false,false,,,,,,,29,23,10,3,0,,,,,0,,,,5,Offensive Rebound,,,,158,158,
1,2,39,George Beamon misses a 3-point jump shot from 24 feet out.,89243,,true,false,false,George,,Beamon,,Manhat,,29,23,10,3,2,,,,,5,3,45,Jump Shot,4,Field Goal Missed,24,-18.1,16.4,158,158,
1,2,39,Chris Jones with a defensive rebound.,121060,,true,false,false,Chris,,Jones,,Lou,,29,23,10,3,0,,,,,5,,,,6,Defensive Rebound,,,,120,120,
1,2,25,Montrezl Harrell makes a layup shot.,116728,,true,false,false,Montrezl,,Harrell,,Lou,,31,23,10,3,1,,,,,6,2,40,Layup Shot,3,Field Goal Made,0,0,0,120,120,
1,2,03,Emmy Andujar makes a layup shot.,110912,,true,false,false,Emmy,,Andujar,,Manhat,,31,25,10,3,0,,,,,4,2,40,Layup Shot,3,Field Goal Made,0,0,0,158,158,
1,1,45,Montrezl Harrell misses a layup shot.,116728,,true,false,false,Montrezl,,Harrell,,Lou,,31,25,10,3,1,,,,,6,2,40,Layup Shot,4,Field Goal Missed,0,0,0,120,120,
1,1,45,Emmy Andujar with a defensive rebound.,110912,,true,false,false,Emmy,,Andujar,,Manhat,,31,25,10,3,0,,,,,4,,,,6,Defensive Rebound,,,,158,158,
1,1,37,Personal foul committed by Wayne Blackshear.,110393,,true,false,false,Wayne,,Blackshear,,Lou,,31,25,10,4,1,,,,,0,,1,Personal,8,Foul,,,,120,120,
1,1,36,Shooting foul committed by Stephan Van Treese.,88666,,true,false,false,Stephan,,Van Treese,,Lou,,31,25,10,5,2,,,,,4,,2,Shooting,8,Foul,,,,120,120,
1,1,36,Ashton Pankey makes free throw 1 of 2.,97618,,true,false,false,Ashton,,Pankey,,Manhat,,31,26,10,5,2,,,,,3,1,11,Free Throw 1 of 2,1,Free Throw Made,,,,158,158,
1,1,36,Ashton Pankey makes free throw 2 of 2.,97618,,true,false,false,Ashton,,Pankey,,Manhat,,31,27,10,5,2,,,,,4,1,12,Free Throw 2 of 2,1,Free Throw Made,,,,158,158,
1,1,16,Chris Jones misses a jump shot from 10 feet out.,121060,,true,false,false,Chris,,Jones,,Lou,,31,27,10,5,0,,,,,5,2,45,Jump Shot,4,Field Goal Missed,10,8.9,4.5,120,120,
1,1,16,Chris Jones with an offensive rebound.,121060,,true,false,false,Chris,,Jones,,Lou,,31,27,10,5,0,,,,,5,,,,5,Offensive Rebound,,,,120,120,
1,1,16,Personal foul committed by Carlton Allen.,121840,,true,false,false,Carlton,,Allen,,Manhat,,31,27,11,5,1,,,,,0,,1,Personal,8,Foul,,,,158,158,
1,1,16,Chris Jones makes free throw 1 of 2.,121060,,true,false,false,Chris,,Jones,,Lou,,32,27,11,5,0,,,,,6,1,11,Free Throw 1 of 2,1,Free Throw Made,,,,120,120,
1,1,16,Chris Jones makes free throw 1 of 2.,121060,,true,false,false,Chris,,Jones,,Lou,,33,27,11,5,0,,,,,7,1,11,Free Throw 1 of 2,1,Free Throw Made,,,,120,120,
1,1,01,Ashton Pankey makes a layup shot. Emmy Andujar with the assist.,97618,110912,true,true,false,Ashton,Emmy,Pankey,Andujar,Manhat,Manhat,33,29,11,5,2,,,,,6,2,40,Layup Shot,3,Field Goal Made,0,0,0,158,158,
1,0,53.2,Lou take a 20-second timeout.,,,false,false,false,,,,,,,33,29,11,5,0,,,,,0,,2,Short,11,Timeout,,,,120,120,
1,0,39.0,Terry Rozier with a bad pass turnover: Bad Pass,121058,,true,false,false,Terry,,Rozier,,Lou,,33,29,11,5,0,,,,,2,,1,Bad Pass,7,Turnover,,,,120,120,
1,0,15.9,Michael Alvarado misses a layup shot.,98628,,true,false,false,Michael,,Alvarado,,Manhat,,33,29,11,5,1,,,,,10,2,40,Layup Shot,4,Field Goal Missed,0,0,0,158,158,
1,0,15.9,Luke Hancock with a defensive rebound.,89140,,true,false,false,Luke,,Hancock,,Lou,,33,29,11,5,0,,,,,6,,,,6,Defensive Rebound,,,,120,120,
1,0,14.2,Shooting foul committed by Shane Richards.,117401,,true,false,false,Shane,,Richards,,Manhat,,33,29,12,5,1,,,,,0,,2,Shooting,8,Foul,,,,158,158,
1,0,14.2,Luke Hancock makes free throw 1 of 2.,89140,,true,false,false,Luke,,Hancock,,Lou,,34,29,12,5,0,,,,,7,1,11,Free Throw 1 of 2,1,Free Throw Made,,,,120,120,
1,0,14.2,Luke Hancock makes free throw 2 of 2.,89140,,true,false,false,Luke,,Hancock,,Lou,,35,29,12,5,0,,,,,8,1,12,Free Throw 2 of 2,1,Free Throw Made,,,,120,120,
1,0,01.8,Emmy Andujar with a traveling turnover: Traveling,110912,,true,false,false,Emmy,,Andujar,,Manhat,,35,29,12,5,0,,,,,4,,4,Traveling,7,Turnover,,,,158,158,
1,0,00,End of the 1st Half,,,false,false,false,,,,,,,35,29,12,5,0,,,,,0,,,,15,End Period,,,,120,120,
2,20,00,Start of the 2nd Half,,,false,false,false,,,,,,,35,29,0,0,0,,,,,0,,,,14,Start Period,,,,120,120,
2,19,52,Personal foul committed by Russ Smith.,97587,,true,false,false,Russ,,Smith,,Lou,,35,29,0,1,2,,,,,8,,1,Personal,8,Foul,,,,120,120,
2,19,40,Emmy Andujar misses a layup shot.,110912,,true,false,false,Emmy,,Andujar,,Manhat,,35,29,0,1,0,,,,,4,2,40,Layup Shot,4,Field Goal Missed,0,0,0,158,158,
2,19,40,Stephan Van Treese with a defensive rebound.,88666,,true,false,false,Stephan,,Van Treese,,Lou,,35,29,0,1,2,,,,,4,,,,6,Defensive Rebound,,,,120,120,
2,19,40,Russ Smith with a traveling turnover: Traveling,97587,,true,false,false,Russ,,Smith,,Lou,,35,29,0,1,2,,,,,8,,4,Traveling,7,Turnover,,,,120,120,
2,19,28,Rhamel Brown makes a layup shot. Michael Alvarado with the assist.,98629,98628,true,true,false,Rhamel,Michael,Brown,Alvarado,Manhat,Manhat,35,31,0,1,2,,,,,6,2,40,Layup Shot,3,Field Goal Made,0,0,0,158,158,
2,19,00,Luke Hancock with a lost ball turnover: Lost Ball,89140,,true,false,false,Luke,,Hancock,,Lou,,35,31,0,1,0,,,,,8,,2,Lost Ball,7,Turnover,,,,120,120,
2,18,54,Emmy Andujar makes a dunk shot. RaShawn Stores with the assist.,110912,110915,true,true,false,Emmy,RaShawn,Andujar,Stores,Manhat,Manhat,35,33,0,1,0,,,,,6,2,48,Dunk Shot,3,Field Goal Made,0,0,0,158,158,
2,18,50,Lou take a 20-second timeout.,,,false,false,false,,,,,,,35,33,0,1,0,,,,,0,,2,Short,11,Timeout,,,,120,120,
2,18,20,Luke Hancock with a lost ball turnover: Lost Ball,89140,,true,false,false,Luke,,Hancock,,Lou,,35,33,0,1,0,,,,,8,,2,Lost Ball,7,Turnover,,,,120,120,
2,17,54,Michael Alvarado with a lost ball turnover: Lost Ball,98628,,true,false,false,Michael,,Alvarado,,Manhat,,35,33,0,1,1,,,,,10,,2,Lost Ball,7,Turnover,,,,158,158,
2,17,40,Stephan Van Treese misses a layup shot.,88666,,true,false,false,Stephan,,Van Treese,,Lou,,35,33,0,1,2,,,,,4,2,40,Layup Shot,4,Field Goal Missed,0,0,0,120,120,
2,17,40,George Beamon with a defensive rebound.,89243,,true,false,false,George,,Beamon,,Manhat,,35,33,0,1,2,,,,,5,,,,6,Defensive Rebound,,,,158,158,
2,17,40,Manhat take a 20-second timeout.,,,false,false,false,,,,,,,35,33,0,1,0,,,,,0,,2,Short,11,Timeout,,,,158,158,
2,17,23,George Beamon makes a jump shot from 17 feet out.,89243,,true,false,false,George,,Beamon,,Manhat,,35,35,0,1,2,,,,,7,2,45,Jump Shot,3,Field Goal Made,17,-2.6,16.9,158,158,
2,17,05,Russ Smith misses a layup shot.,97587,,true,false,false,Russ,,Smith,,Lou,,35,35,0,1,2,,,,,8,2,40,Layup Shot,4,Field Goal Missed,0,0,0,120,120,
2,17,05,Manhat with a defensive rebound.,,,false,false,false,,,,,,,35,35,0,1,0,,,,,0,,,,6,Defensive Rebound,,,,158,158,
2,17,04,Personal foul committed by Montrezl Harrell.,116728,,true,false,false,Montrezl,,Harrell,,Lou,,35,35,0,2,2,,,,,6,,1,Personal,8,Foul,,,,120,120,
2,16,45,RaShawn Stores misses a layup shot.,110915,,true,false,false,RaShawn,,Stores,,Manhat,,35,35,0,2,2,,,,,0,2,40,Layup Shot,4,Field Goal Missed,0,0,0,158,158,
2,16,45,Rhamel Brown with an offensive rebound.,98629,,true,false,false,Rhamel,,Brown,,Manhat,,35,35,0,2,2,,,,,6,,,,5,Offensive Rebound,,,,158,158,
2,16,40,Rhamel Brown misses a tip shot from 6 feet out.,98629,,true,false,false,Rhamel,,Brown,,Manhat,,35,35,0,2,2,,,,,6,2,53,Tip Shot,4,Field Goal Missed,6,.3,5.9,158,158,
2,16,40,Montrezl Harrell with a defensive rebound.,116728,,true,false,false,Montrezl,,Harrell,,Lou,,35,35,0,2,2,,,,,6,,,,6,Defensive Rebound,,,,120,120,
2,16,32,Russ Smith misses a layup shot.,97587,,true,false,false,Russ,,Smith,,Lou,,35,35,0,2,2,,,,,8,2,40,Layup Shot,4,Field Goal Missed,0,0,0,120,120,
2,16,32,George Beamon with a defensive rebound.,89243,,true,false,false,George,,Beamon,,Manhat,,35,35,0,2,2,,,,,7,,,,6,Defensive Rebound,,,,158,158,
2,16,25,Emmy Andujar makes a layup shot.,110912,,true,false,false,Emmy,,Andujar,,Manhat,,35,37,0,2,0,,,,,8,2,40,Layup Shot,3,Field Goal Made,0,0,0,158,158,
2,16,10,Montrezl Harrell makes a dunk shot. Chris Jones with the assist.,116728,121060,true,true,false,Montrezl,Chris,Harrell,Jones,Lou,Lou,37,37,0,2,2,,,,,8,2,48,Dunk Shot,3,Field Goal Made,0,0,0,120,120,
2,16,00,Michael Alvarado with a lost ball turnover: Lost Ball,98628,,true,false,false,Michael,,Alvarado,,Manhat,,37,37,0,2,1,,,,,10,,2,Lost Ball,7,Turnover,,,,158,158,
2,15,59,Personal foul committed by Emmy Andujar.,110912,,true,false,false,Emmy,,Andujar,,Manhat,,37,37,1,2,1,,,,,8,,1,Personal,8,Foul,,,,158,158,
2,15,59,Official TV timeout.,,,false,false,false,,,,,,,37,37,1,2,0,,,,,0,,3,Official TV,11,Timeout,,,,120,120,
2,15,59,Chris Jones makes free throw 1 of 2.,121060,,true,false,false,Chris,,Jones,,Lou,,38,37,1,2,0,,,,,8,1,11,Free Throw 1 of 2,1,Free Throw Made,,,,120,120,
2,15,59,Chris Jones makes free throw 2 of 2.,121060,,true,false,false,Chris,,Jones,,Lou,,39,37,1,2,0,,,,,9,1,12,Free Throw 2 of 2,1,Free Throw Made,,,,120,120,
2,15,40,Michael Alvarado with a traveling turnover: Traveling,98628,,true,false,false,Michael,,Alvarado,,Manhat,,39,37,1,2,1,,,,,10,,4,Traveling,7,Turnover,,,,158,158,
2,15,11,Chris Jones misses a layup shot.,121060,,true,false,false,Chris,,Jones,,Lou,,39,37,1,2,0,,,,,9,2,40,Layup Shot,4,Field Goal Missed,0,0,0,120,120,
2,15,11,Stephan Van Treese with an offensive rebound.,88666,,true,false,false,Stephan,,Van Treese,,Lou,,39,37,1,2,2,,,,,4,,,,5,Offensive Rebound,,,,120,120,
2,15,06,Stephan Van Treese makes a jump shot from 7 feet out.,88666,,true,false,false,Stephan,,Van Treese,,Lou,,41,37,1,2,2,,,,,6,2,45,Jump Shot,3,Field Goal Made,7,4.5,5.7,120,120,
2,14,46,Rich Williams misses a layup shot.,122196,,true,false,false,Rich,,Williams,,Manhat,,41,37,1,2,0,,,,,0,2,40,Layup Shot,4,Field Goal Missed,0,0,0,158,158,
2,14,46,Ashton Pankey with an offensive rebound.,97618,,true,false,false,Ashton,,Pankey,,Manhat,,41,37,1,2,2,,,,,6,,,,5,Offensive Rebound,,,,158,158,
2,14,46,Shooting foul committed by Montrezl Harrell.,116728,,true,false,false,Montrezl,,Harrell,,Lou,,41,37,1,3,3,,,,,8,,2,Shooting,8,Foul,,,,120,120,
2,14,46,Ashton Pankey makes free throw 1 of 2.,97618,,true,false,false,Ashton,,Pankey,,Manhat,,41,38,1,3,2,,,,,7,1,11,Free Throw 1 of 2,1,Free Throw Made,,,,158,158,
2,14,46,Ashton Pankey makes free throw 2 of 2.,97618,,true,false,false,Ashton,,Pankey,,Manhat,,41,39,1,3,2,,,,,8,1,12,Free Throw 2 of 2,1,Free Throw Made,,,,158,158,
2,14,20,Luke Hancock misses a jump shot from 10 feet out.,89140,,true,false,false,Luke,,Hancock,,Lou,,41,39,1,3,0,,,,,8,2,45,Jump Shot,4,Field Goal Missed,10,2.3,9.6,120,120,
2,14,20,Rich Williams with a defensive rebound.,122196,,true,false,false,Rich,,Williams,,Manhat,,41,39,1,3,0,,,,,0,,,,6,Defensive Rebound,,,,158,158,
2,14,13,George Beamon misses a layup shot.,89243,,true,false,false,George,,Beamon,,Manhat,,41,39,1,3,2,,,,,7,2,40,Layup Shot,4,Field Goal Missed,0,0,0,158,158,
2,14,13,RaShawn Stores with an offensive rebound.,110915,,true,false,false,RaShawn,,Stores,,Manhat,,41,39,1,3,2,,,,,0,,,,5,Offensive Rebound,,,,158,158,
2,14,10,Manhat take a 20-second timeout.,,,false,false,false,,,,,,,41,39,1,3,0,,,,,0,,2,Short,11,Timeout,,,,158,158,
2,13,59,George Beamon misses a layup shot.,89243,,true,false,false,George,,Beamon,,Manhat,,41,39,1,3,2,,,,,7,2,40,Layup Shot,4,Field Goal Missed,0,0,0,158,158,
2,13,59,Lou with a defensive rebound.,,,false,false,false,,,,,,,41,39,1,3,0,,,,,0,,,,6,Defensive Rebound,,,,120,120,
2,13,59,Personal foul committed by Ashton Pankey.,97618,,true,false,false,Ashton,,Pankey,,Manhat,,41,39,2,3,3,,,,,8,,1,Personal,8,Foul,,,,158,158,
2,13,38,Shooting foul committed by Rhamel Brown.,98629,,true,false,false,Rhamel,,Brown,,Manhat,,41,39,3,3,3,,,,,6,,2,Shooting,8,Foul,,,,158,158,
2,13,38,Russ Smith misses free throw 1 of 2.,97587,,true,false,false,Russ,,Smith,,Lou,,41,39,3,3,2,,,,,8,1,11,Free Throw 1 of 2,2,Free Throw Missed,,,,120,120,
2,13,38,Lou with an offensive rebound.,,,false,false,false,,,,,,,41,39,3,3,0,,,,,0,,,,5,Offensive Rebound,,,,120,120,
2,13,38,Russ Smith makes free throw 2 of 2.,97587,,true,false,false,Russ,,Smith,,Lou,,42,39,3,3,2,,,,,9,1,12,Free Throw 2 of 2,1,Free Throw Made,,,,120,120,
2,13,24,Shooting foul committed by Russ Smith.,97587,,true,false,false,Russ,,Smith,,Lou,,42,39,3,4,3,,,,,9,,2,Shooting,8,Foul,,,,120,120,
2,13,24,Rich Williams makes free throw 1 of 2.,122196,,true,false,false,Rich,,Williams,,Manhat,,42,40,3,4,0,,,,,1,1,11,Free Throw 1 of 2,1,Free Throw Made,,,,158,158,
2,13,24,Rich Williams makes free throw 2 of 2.,122196,,true,false,false,Rich,,Williams,,Manhat,,42,41,3,4,0,,,,,2,1,12,Free Throw 2 of 2,1,Free Throw Made,,,,158,158,
2,13,11,Shooting foul committed by Carlton Allen.,121840,,true,false,false,Carlton,,Allen,,Manhat,,42,41,4,4,2,,,,,0,,2,Shooting,8,Foul,,,,158,158,
2,13,11,Russ Smith makes free throw 1 of 2.,97587,,true,false,false,Russ,,Smith,,Lou,,43,41,4,4,3,,,,,10,1,11,Free Throw 1 of 2,1,Free Throw Made,,,,120,120,
2,13,11,Russ Smith makes free throw 2 of 2.,97587,,true,false,false,Russ,,Smith,,Lou,,44,41,4,4,3,,,,,11,1,12,Free Throw 2 of 2,1,Free Throw Made,,,,120,120,
2,12,47,Emmy Andujar misses a layup shot.,110912,,true,false,false,Emmy,,Andujar,,Manhat,,44,41,4,4,1,,,,,8,2,40,Layup Shot,4,Field Goal Missed,0,0,0,158,158,
2,12,47,Rich Williams with an offensive rebound.,122196,,true,false,false,Rich,,Williams,,Manhat,,44,41,4,4,0,,,,,2,,,,5,Offensive Rebound,,,,158,158,
2,12,41,Rich Williams makes a layup shot.,122196,,true,false,false,Rich,,Williams,,Manhat,,44,43,4,4,0,,,,,4,2,40,Layup Shot,3,Field Goal Made,0,0,0,158,158,
2,12,31,Personal foul committed by Michael Alvarado.,98628,,true,false,false,Michael,,Alvarado,,Manhat,,44,43,5,4,2,,,,,10,,1,Personal,8,Foul,,,,158,158,
2,12,20,Wayne Blackshear makes a layup shot. Chris Jones with the assist.,110393,121060,true,true,false,Wayne,Chris,Blackshear,Jones,Lou,Lou,46,43,5,4,1,,,,,2,2,40,Layup Shot,3,Field Goal Made,0,0,0,120,120,
2,12,20,Shooting foul committed by Rich Williams.,122196,,true,false,false,Rich,,Williams,,Manhat,,46,43,6,4,1,,,,,4,,2,Shooting,8,Foul,,,,158,158,
2,12,20,Wayne Blackshear makes free throw 1 of 1.,110393,,true,false,false,Wayne,,Blackshear,,Lou,,47,43,6,4,1,,,,,3,1,10,Free Throw 1 of 1,1,Free Throw Made,,,,120,120,
2,12,05,Rich Williams misses a layup shot.,122196,,true,false,false,Rich,,Williams,,Manhat,,47,43,6,4,1,,,,,4,2,40,Layup Shot,4,Field Goal Missed,0,0,0,158,158,
2,12,05,Wayne Blackshear with a defensive rebound.,110393,,true,false,false,Wayne,,Blackshear,,Lou,,47,43,6,4,1,,,,,3,,,,6,Defensive Rebound,,,,120,120,
2,11,44,Shooting foul committed by Rich Williams.,122196,,true,false,false,Rich,,Williams,,Manhat,,47,43,7,4,2,,,,,4,,2,Shooting,8,Foul,,,,158,158,
2,11,44,Official TV timeout.,,,false,false,false,,,,,,,47,43,7,4,0,,,,,0,,3,Official TV,11,Timeout,,,,120,120,
2,11,44,Wayne Blackshear misses free throw 1 of 2.,110393,,true,false,false,Wayne,,Blackshear,,Lou,,47,43,7,4,1,,,,,3,1,11,Free Throw 1 of 2,2,Free Throw Missed,,,,120,120,
2,11,44,Lou with an offensive rebound.,,,false,false,false,,,,,,,47,43,7,4,0,,,,,0,,,,5,Offensive Rebound,,,,120,120,
2,11,44,Wayne Blackshear makes free throw 2 of 2.,110393,,true,false,false,Wayne,,Blackshear,,Lou,,48,43,7,4,1,,,,,4,1,12,Free Throw 2 of 2,1,Free Throw Made,,,,120,120,
2,11,25,Ashton Pankey makes a layup shot.,97618,,true,false,false,Ashton,,Pankey,,Manhat,,48,45,7,4,3,,,,,10,2,40,Layup Shot,3,Field Goal Made,0,0,0,158,158,
2,10,52,Chris Jones misses a 3-point jump shot from 23 feet out.,121060,,true,false,false,Chris,,Jones,,Lou,,48,45,7,4,0,,,,,9,3,45,Jump Shot,4,Field Goal Missed,23,-7.2,22,120,120,
2,10,52,Russ Smith with an offensive rebound.,97587,,true,false,false,Russ,,Smith,,Lou,,48,45,7,4,3,,,,,11,,,,5,Offensive Rebound,,,,120,120,
2,10,46,Luke Hancock misses a 3-point jump shot from 26 feet out.,89140,,true,false,false,Luke,,Hancock,,Lou,,48,45,7,4,0,,,,,8,3,45,Jump Shot,4,Field Goal Missed,26,15.7,20.1,120,120,
2,10,46,Lou with an offensive rebound.,,,false,false,false,,,,,,,48,45,7,4,0,,,,,0,,,,5,Offensive Rebound,,,,120,120,
2,10,45,Personal foul committed by George Beamon.,89243,,true,false,false,George,,Beamon,,Manhat,,48,45,8,4,3,,,,,7,,1,Personal,8,Foul,,,,158,158,
2,10,45,Montrezl Harrell misses free throw 1st of 1-and-1.,116728,,true,false,false,Montrezl,,Harrell,,Lou,,48,45,8,4,3,,,,,8,1,8,Free Throw 1st of 1-and-1,2,Free Throw Missed,,,,120,120,
2,10,45,Emmy Andujar with a defensive rebound.,110912,,true,false,false,Emmy,,Andujar,,Manhat,,48,45,8,4,1,,,,,8,,,,6,Defensive Rebound,,,,158,158,
2,10,14,Shooting foul committed by Wayne Blackshear.,110393,,true,false,false,Wayne,,Blackshear,,Lou,,48,45,8,5,2,,,,,4,,2,Shooting,8,Foul,,,,120,120,
2,10,14,Ashton Pankey makes free throw 1 of 2.,97618,,true,false,false,Ashton,,Pankey,,Manhat,,48,46,8,5,3,,,,,11,1,11,Free Throw 1 of 2,1,Free Throw Made,,,,158,158,
2,10,14,Ashton Pankey misses free throw 2 of 2.,97618,,true,false,false,Ashton,,Pankey,,Manhat,,48,46,8,5,3,,,,,11,1,12,Free Throw 2 of 2,2,Free Throw Missed,,,,158,158,
2,10,14,Luke Hancock with a defensive rebound.,89140,,true,false,false,Luke,,Hancock,,Lou,,48,46,8,5,0,,,,,8,,,,6,Defensive Rebound,,,,120,120,
2,9,45,Wayne Blackshear with a traveling turnover: Traveling,110393,,true,false,false,Wayne,,Blackshear,,Lou,,48,46,8,5,2,,,,,4,,4,Traveling,7,Turnover,,,,120,120,
2,9,26,Personal foul committed by Luke Hancock.,89140,,true,false,false,Luke,,Hancock,,Lou,,48,46,8,6,1,,,,,8,,1,Personal,8,Foul,,,,120,120,
2,9,02,Ashton Pankey misses a layup shot.,97618,,true,false,false,Ashton,,Pankey,,Manhat,,48,46,8,6,3,,,,,11,2,40,Layup Shot,4,Field Goal Missed,0,0,0,158,158,
2,9,02,Stephan Van Treese with a defensive rebound.,88666,,true,false,false,Stephan,,Van Treese,,Lou,,48,46,8,6,2,,,,,6,,,,6,Defensive Rebound,,,,120,120,
2,8,43,Russ Smith misses a 3-point jump shot from 24 feet out.,97587,,true,false,false,Russ,,Smith,,Lou,,48,46,8,6,3,,,,,11,3,45,Jump Shot,4,Field Goal Missed,24,4.8,23.7,120,120,
2,8,43,Manhat with a defensive rebound.,,,false,false,false,,,,,,,48,46,8,6,0,,,,,0,,,,6,Defensive Rebound,,,,158,158,
2,8,42,Personal foul committed by Stephan Van Treese.,88666,,true,false,false,Stephan,,Van Treese,,Lou,,48,46,8,7,3,,,,,6,,1,Personal,8,Foul,,,,120,120,
2,8,42,Ashton Pankey makes free throw 1 of 2.,97618,,true,false,false,Ashton,,Pankey,,Manhat,,48,47,8,7,3,,,,,12,1,11,Free Throw 1 of 2,1,Free Throw Made,,,,158,158,
2,8,42,Ashton Pankey misses free throw 2 of 2.,97618,,true,false,false,Ashton,,Pankey,,Manhat,,48,47,8,7,3,,,,,12,1,12,Free Throw 2 of 2,2,Free Throw Missed,,,,158,158,
2,8,42,Montrezl Harrell with a defensive rebound.,116728,,true,false,false,Montrezl,,Harrell,,Lou,,48,47,8,7,3,,,,,8,,,,6,Defensive Rebound,,,,120,120,
2,8,24,Shooting foul committed by George Beamon.,89243,,true,false,false,George,,Beamon,,Manhat,,48,47,9,7,4,,,,,7,,2,Shooting,8,Foul,,,,158,158,
2,8,24,Chris Jones makes free throw 1 of 2.,121060,,true,false,false,Chris,,Jones,,Lou,,49,47,9,7,0,,,,,10,1,11,Free Throw 1 of 2,1,Free Throw Made,,,,120,120,
2,8,24,Chris Jones makes free throw 2 of 2.,121060,,true,false,false,Chris,,Jones,,Lou,,50,47,9,7,0,,,,,11,1,12,Free Throw 2 of 2,1,Free Throw Made,,,,120,120,
2,8,01,Ashton Pankey makes a layup shot. Tyler Wilson with the assist.,97618,121837,true,true,false,Ashton,Tyler,Pankey,Wilson,Manhat,Manhat,50,49,9,7,3,,,,,14,2,40,Layup Shot,3,Field Goal Made,0,0,0,158,158,
2,7,48,Chris Jones misses a layup shot.,121060,,true,false,false,Chris,,Jones,,Lou,,50,49,9,7,0,,,,,11,2,40,Layup Shot,4,Field Goal Missed,0,0,0,120,120,
2,7,48,Tyler Wilson with a defensive rebound.,121837,,true,false,false,Tyler,,Wilson,,Manhat,,50,49,9,7,0,,,,,0,,,,6,Defensive Rebound,,,,158,158,
2,7,43,Shooting foul committed by Chris Jones.,121060,,true,false,false,Chris,,Jones,,Lou,,50,49,9,8,1,,,,,11,,2,Shooting,8,Foul,,,,120,120,
2,7,43,Official TV timeout.,,,false,false,false,,,,,,,50,49,9,8,0,,,,,0,,3,Official TV,11,Timeout,,,,120,120,
2,7,43,Emmy Andujar misses free throw 1 of 2.,110912,,true,false,false,Emmy,,Andujar,,Manhat,,50,49,9,8,1,,,,,8,1,11,Free Throw 1 of 2,2,Free Throw Missed,,,,158,158,
2,7,43,Manhat with an offensive rebound.,,,false,false,false,,,,,,,50,49,9,8,0,,,,,0,,,,5,Offensive Rebound,,,,158,158,
2,7,43,Emmy Andujar makes free throw 2 of 2.,110912,,true,false,false,Emmy,,Andujar,,Manhat,,50,50,9,8,1,,,,,9,1,12,Free Throw 2 of 2,1,Free Throw Made,,,,158,158,
2,7,26,Shooting foul committed by Tyler Wilson.,121837,,true,false,false,Tyler,,Wilson,,Manhat,,50,50,10,8,1,,,,,0,,2,Shooting,8,Foul,,,,158,158,
2,7,26,Russ Smith makes free throw 1 of 2.,97587,,true,false,false,Russ,,Smith,,Lou,,51,50,10,8,3,,,,,12,1,11,Free Throw 1 of 2,1,Free Throw Made,,,,120,120,
2,7,26,Russ Smith misses free throw 2 of 2.,97587,,true,false,false,Russ,,Smith,,Lou,,51,50,10,8,3,,,,,12,1,12,Free Throw 2 of 2,2,Free Throw Missed,,,,120,120,
2,7,26,Ashton Pankey with a defensive rebound.,97618,,true,false,false,Ashton,,Pankey,,Manhat,,51,50,10,8,3,,,,,14,,,,6,Defensive Rebound,,,,158,158,
2,6,50,Michael Alvarado misses a jump shot from 17 feet out.,98628,,true,false,false,Michael,,Alvarado,,Manhat,,51,50,10,8,2,,,,,10,2,45,Jump Shot,4,Field Goal Missed,17,10.5,13.2,158,158,
2,6,50,Wayne Blackshear with a defensive rebound.,110393,,true,false,false,Wayne,,Blackshear,,Lou,,51,50,10,8,2,,,,,4,,,,6,Defensive Rebound,,,,120,120,
2,6,43,Montrezl Harrell makes a layup shot. Russ Smith with the assist.,116728,97587,true,true,false,Montrezl,Russ,Harrell,Smith,Lou,Lou,53,50,10,8,3,,,,,10,2,40,Layup Shot,3,Field Goal Made,0,0,0,120,120,
2,6,43,Shooting foul committed by Ashton Pankey.,97618,,true,false,false,Ashton,,Pankey,,Manhat,,53,50,11,8,4,,,,,14,,2,Shooting,8,Foul,,,,158,158,
2,6,43,Montrezl Harrell makes free throw 1 of 1.,116728,,true,false,false,Montrezl,,Harrell,,Lou,,54,50,11,8,3,,,,,11,1,10,Free Throw 1 of 1,1,Free Throw Made,,,,120,120,
2,6,43,Shooting foul committed by Wayne Blackshear.,110393,,true,false,false,Wayne,,Blackshear,,Lou,,54,50,11,9,3,,,,,4,,2,Shooting,8,Foul,,,,120,120,
2,6,43,Shane Richards makes free throw 1 of 2.,117401,,true,false,false,Shane,,Richards,,Manhat,,54,51,11,9,1,,,,,1,1,11,Free Throw 1 of 2,1,Free Throw Made,,,,158,158,
2,6,43,Shane Richards makes free throw 2 of 2.,117401,,true,false,false,Shane,,Richards,,Manhat,,54,52,11,9,1,,,,,2,1,12,Free Throw 2 of 2,1,Free Throw Made,,,,158,158,
2,6,33,Wayne Blackshear misses a 3-point jump shot from 25 feet out.,110393,,true,false,false,Wayne,,Blackshear,,Lou,,54,52,11,9,3,,,,,4,3,45,Jump Shot,4,Field Goal Missed,25,-16.6,18.3,120,120,
2,6,33,Montrezl Harrell with an offensive rebound.,116728,,true,false,false,Montrezl,,Harrell,,Lou,,54,52,11,9,3,,,,,11,,,,5,Offensive Rebound,,,,120,120,
2,6,27,Shooting foul committed by Rhamel Brown.,98629,,true,false,false,Rhamel,,Brown,,Manhat,,54,52,12,9,4,,,,,6,,2,Shooting,8,Foul,,,,158,158,
2,6,27,Montrezl Harrell misses free throw 1 of 2.,116728,,true,false,false,Montrezl,,Harrell,,Lou,,54,52,12,9,3,,,,,11,1,11,Free Throw 1 of 2,2,Free Throw Missed,,,,120,120,
2,6,27,Lou with an offensive rebound.,,,false,false,false,,,,,,,54,52,12,9,0,,,,,0,,,,5,Offensive Rebound,,,,120,120,
2,6,27,Montrezl Harrell makes free throw 2 of 2.,116728,,true,false,false,Montrezl,,Harrell,,Lou,,55,52,12,9,3,,,,,12,1,12,Free Throw 2 of 2,1,Free Throw Made,,,,120,120,
2,5,58,Shooting foul committed by Terry Rozier.,121058,,true,false,false,Terry,,Rozier,,Lou,,55,52,12,10,1,,,,,2,,2,Shooting,8,Foul,,,,120,120,
2,5,58,Tyler Wilson makes free throw 1 of 2.,121837,,true,false,false,Tyler,,Wilson,,Manhat,,55,53,12,10,1,,,,,1,1,11,Free Throw 1 of 2,1,Free Throw Made,,,,158,158,
2,5,58,Tyler Wilson misses free throw 2 of 2.,121837,,true,false,false,Tyler,,Wilson,,Manhat,,55,53,12,10,1,,,,,1,1,12,Free Throw 2 of 2,2,Free Throw Missed,,,,158,158,
2,5,58,Terry Rozier with a defensive rebound.,121058,,true,false,false,Terry,,Rozier,,Lou,,55,53,12,10,1,,,,,2,,,,6,Defensive Rebound,,,,120,120,
2,5,50,Luke Hancock with a lost ball turnover: Lost Ball,89140,,true,false,false,Luke,,Hancock,,Lou,,55,53,12,10,1,,,,,8,,2,Lost Ball,7,Turnover,,,,120,120,
2,5,50,Personal foul committed by Montrezl Harrell.,116728,,true,false,false,Montrezl,,Harrell,,Lou,,55,53,12,11,4,,,,,12,,1,Personal,8,Foul,,,,120,120,
2,5,50,Rhamel Brown makes free throw 1 of 2.,98629,,true,false,false,Rhamel,,Brown,,Manhat,,55,54,12,11,4,,,,,7,1,11,Free Throw 1 of 2,1,Free Throw Made,,,,158,158,
2,5,50,Rhamel Brown misses free throw 2 of 2.,98629,,true,false,false,Rhamel,,Brown,,Manhat,,55,54,12,11,4,,,,,7,1,12,Free Throw 2 of 2,2,Free Throw Missed,,,,158,158,
2,5,50,Montrezl Harrell with a defensive rebound.,116728,,true,false,false,Montrezl,,Harrell,,Lou,,55,54,12,11,4,,,,,12,,,,6,Defensive Rebound,,,,120,120,
2,5,25,Lou take a 20-second timeout.,,,false,false,false,,,,,,,55,54,12,11,0,,,,,0,,2,Short,11,Timeout,,,,120,120,
2,5,16,Russ Smith with a lost ball turnover: Lost Ball,97587,,true,false,false,Russ,,Smith,,Lou,,55,54,12,11,3,,,,,12,,2,Lost Ball,7,Turnover,,,,120,120,
2,4,57,Shooting foul committed by Russ Smith.,97587,,true,false,false,Russ,,Smith,,Lou,,55,54,12,12,4,,,,,12,,2,Shooting,8,Foul,,,,120,120,
2,4,57,Emmy Andujar makes free throw 1 of 2.,110912,,true,false,false,Emmy,,Andujar,,Manhat,,55,55,12,12,1,,,,,10,1,11,Free Throw 1 of 2,1,Free Throw Made,,,,158,158,
2,4,57,Emmy Andujar makes free throw 2 of 2.,110912,,true,false,false,Emmy,,Andujar,,Manhat,,55,56,12,12,1,,,,,11,1,12,Free Throw 2 of 2,1,Free Throw Made,,,,158,158,
2,4,38,Luke Hancock misses a 3-point jump shot from 24 feet out.,89140,,true,false,false,Luke,,Hancock,,Lou,,55,56,12,12,1,,,,,8,3,45,Jump Shot,4,Field Goal Missed,24,-17.6,15.7,120,120,
2,4,38,Montrezl Harrell with an offensive rebound.,116728,,true,false,false,Montrezl,,Harrell,,Lou,,55,56,12,12,4,,,,,12,,,,5,Offensive Rebound,,,,120,120,
2,4,29,Montrezl Harrell misses a layup shot.,116728,,true,false,false,Montrezl,,Harrell,,Lou,,55,56,12,12,4,,,,,12,2,40,Layup Shot,4,Field Goal Missed,0,0,0,120,120,
2,4,29,Rhamel Brown with a defensive rebound.,98629,,true,false,false,Rhamel,,Brown,,Manhat,,55,56,12,12,4,,,,,7,,,,6,Defensive Rebound,,,,158,158,
2,4,19,Rhamel Brown makes a layup shot. Emmy Andujar with the assist.,98629,110912,true,true,false,Rhamel,Emmy,Brown,Andujar,Manhat,Manhat,55,58,12,12,4,,,,,9,2,40,Layup Shot,3,Field Goal Made,0,0,0,158,158,
2,4,16,Lou take a full timeout.,,,false,false,false,,,,,,,55,58,12,12,0,,,,,0,,1,Regular,11,Timeout,,,,120,120,
2,3,59,Chris Jones misses a jump shot from 12 feet out.,121060,,true,false,false,Chris,,Jones,,Lou,,55,58,12,12,1,,,,,11,2,45,Jump Shot,4,Field Goal Missed,12,-2.6,12.2,120,120,
2,3,59,Rhamel Brown with a defensive rebound.,98629,,true,false,false,Rhamel,,Brown,,Manhat,,55,58,12,12,4,,,,,9,,,,6,Defensive Rebound,,,,158,158,
2,3,45,RaShawn Stores with a bad pass turnover: Bad Pass,110915,,true,false,false,RaShawn,,Stores,,Manhat,,55,58,12,12,2,,,,,0,,1,Bad Pass,7,Turnover,,,,158,158,
2,3,45,Official TV timeout.,,,false,false,false,,,,,,,55,58,12,12,0,,,,,0,,3,Official TV,11,Timeout,,,,120,120,
2,3,25,Russ Smith makes a 3-point jump shot from 25 feet out. Luke Hancock with the assist.,97587,89140,true,true,false,Russ,Luke,Smith,Hancock,Lou,Lou,58,58,12,12,4,,,,,15,3,45,Jump Shot,3,Field Goal Made,25,-7.4,24.2,120,120,
2,3,00,Rhamel Brown misses a layup shot.,98629,,true,false,false,Rhamel,,Brown,,Manhat,,58,58,12,12,4,,,,,9,2,40,Layup Shot,4,Field Goal Missed,0,0,0,158,158,
2,3,00,Montrezl Harrell with a defensive rebound.,116728,,true,false,false,Montrezl,,Harrell,,Lou,,58,58,12,12,4,,,,,12,,,,6,Defensive Rebound,,,,120,120,
2,2,45,Russ Smith misses a 3-point jump shot from 24 feet out.,97587,,true,false,false,Russ,,Smith,,Lou,,58,58,12,12,4,,,,,15,3,45,Jump Shot,4,Field Goal Missed,24,10.6,21.7,120,120,
2,2,45,Shane Richards with a defensive rebound.,117401,,true,false,false,Shane,,Richards,,Manhat,,58,58,12,12,1,,,,,2,,,,6,Defensive Rebound,,,,158,158,
2,2,34,Tyler Wilson makes a layup shot.,121837,,true,false,false,Tyler,,Wilson,,Manhat,,58,60,12,12,1,,,,,3,2,40,Layup Shot,3,Field Goal Made,0,0,0,158,158,
2,2,07,Wayne Blackshear makes a jump shot from 7 feet out. Chris Jones with the assist.,110393,121060,true,true,false,Wayne,Chris,Blackshear,Jones,Lou,Lou,60,60,12,12,3,,,,,6,2,45,Jump Shot,3,Field Goal Made,7,3.8,5.3,120,120,
2,1,54,Emmy Andujar with a lost ball turnover: Lost Ball,110912,,true,false,false,Emmy,,Andujar,,Manhat,,60,60,12,12,1,,,,,11,,2,Lost Ball,7,Turnover,,,,158,158,
2,1,53,Shooting foul committed by Rhamel Brown.,98629,,true,false,false,Rhamel,,Brown,,Manhat,,60,60,13,12,5,,,,,9,,2,Shooting,8,Foul,,,,158,158,
2,1,53,Luke Hancock makes free throw 1 of 2.,89140,,true,false,false,Luke,,Hancock,,Lou,,61,60,13,12,1,,,,,9,1,11,Free Throw 1 of 2,1,Free Throw Made,,,,120,120,
2,1,53,Luke Hancock makes free throw 2 of 2.,89140,,true,false,false,Luke,,Hancock,,Lou,,62,60,13,12,1,,,,,10,1,12,Free Throw 2 of 2,1,Free Throw Made,,,,120,120,
2,1,35,Michael Alvarado misses a layup shot.,98628,,true,false,false,Michael,,Alvarado,,Manhat,,62,60,13,12,2,,,,,10,2,40,Layup Shot,4,Field Goal Missed,0,0,0,158,158,
2,1,35,Montrezl Harrell with a defensive rebound.,116728,,true,false,false,Montrezl,,Harrell,,Lou,,62,60,13,12,4,,,,,12,,,,6,Defensive Rebound,,,,120,120,
2,1,19,Luke Hancock makes a 3-point jump shot from 23 feet out.,89140,,true,false,false,Luke,,Hancock,,Lou,,65,60,13,12,1,,,,,13,3,45,Jump Shot,3,Field Goal Made,23,22.5,5.9,120,120,
2,1,01,Ashton Pankey makes a layup shot. Emmy Andujar with the assist.,97618,110912,true,true,false,Ashton,Emmy,Pankey,Andujar,Manhat,Manhat,65,62,13,12,4,,,,,16,2,40,Layup Shot,3,Field Goal Made,0,0,0,158,158,
2,1,01,Shooting foul committed by Luke Hancock.,89140,,true,false,false,Luke,,Hancock,,Lou,,65,62,13,13,2,,,,,13,,2,Shooting,8,Foul,,,,120,120,
2,1,01,Ashton Pankey misses free throw 2 of 2.,97618,,true,false,false,Ashton,,Pankey,,Manhat,,65,62,13,13,4,,,,,16,1,12,Free Throw 2 of 2,2,Free Throw Missed,,,,158,158,
2,1,01,Montrezl Harrell with a defensive rebound.,116728,,true,false,false,Montrezl,,Harrell,,Lou,,65,62,13,13,4,,,,,12,,,,6,Defensive Rebound,,,,120,120,
2,0,27.2,Luke Hancock makes a 3-point jump shot from 23 feet out. Russ Smith with the assist.,89140,97587,true,true,false,Luke,Russ,Hancock,Smith,Lou,Lou,68,62,13,13,2,,,,,16,3,45,Jump Shot,3,Field Goal Made,23,-18.8,13.3,120,120,
2,0,10.5,Lou take a 20-second timeout.,,,false,false,false,,,,,,,68,62,13,13,0,,,,,0,,2,Short,11,Timeout,,,,120,120,
2,0,09.2,Emmy Andujar makes a layup shot. Michael Alvarado with the assist.,110912,98628,true,true,false,Emmy,Michael,Andujar,Alvarado,Manhat,Manhat,68,64,13,13,1,,,,,13,2,40,Layup Shot,3,Field Goal Made,0,0,0,158,158,
2,0,09.2,Manhat take a 20-second timeout.,,,false,false,false,,,,,,,68,64,13,13,0,,,,,0,,2,Short,11,Timeout,,,,158,158,
2,0,08.0,Personal foul committed by Shane Richards.,117401,,true,false,false,Shane,,Richards,,Manhat,,68,64,14,13,2,,,,,2,,1,Personal,8,Foul,,,,158,158,
2,0,08.0,Russ Smith makes free throw 1 of 2.,97587,,true,false,false,Russ,,Smith,,Lou,,69,64,14,13,4,,,,,16,1,11,Free Throw 1 of 2,1,Free Throw Made,,,,120,120,
2,0,08.0,Russ Smith makes free throw 2 of 2.,97587,,true,false,false,Russ,,Smith,,Lou,,70,64,14,13,4,,,,,17,1,12,Free Throw 2 of 2,1,Free Throw Made,,,,120,120,
2,0,03.6,Michael Alvarado misses a layup shot.,98628,,true,false,false,Michael,,Alvarado,,Manhat,,70,64,14,13,2,,,,,10,2,40,Layup Shot,4,Field Goal Missed,0,0,0,158,158,
2,0,03.6,Russ Smith with a defensive rebound.,97587,,true,false,false,Russ,,Smith,,Lou,,70,64,14,13,4,,,,,17,,,,6,Defensive Rebound,,,,120,120,
2,0,00.8,Shooting foul committed by Rich Williams.,122196,,true,false,false,Rich,,Williams,,Manhat,,70,64,15,13,3,,,,,4,,2,Shooting,8,Foul,,,,158,158,
2,0,00.8,Russ Smith makes free throw 1 of 2.,97587,,true,false,false,Russ,,Smith,,Lou,,71,64,15,13,4,,,,,18,1,11,Free Throw 1 of 2,1,Free Throw Made,,,,120,120,
2,0,00.8,Russ Smith misses free throw 2 of 2.,97587,,true,false,false,Russ,,Smith,,Lou,,71,64,15,13,4,,,,,18,1,12,Free Throw 2 of 2,2,Free Throw Missed,,,,120,120,
2,0,00.8,George Beamon with a defensive rebound.,89243,,true,false,false,George,,Beamon,,Manhat,,71,64,15,13,4,,,,,7,,,,6,Defensive Rebound,,,,158,158,
2,0,00,End of the 2nd Half,,,false,false,false,,,,,,,71,64,15,13,0,,,,,0,,,,15,End Period,,,,120,120,
2,0,00,End of the Game,,,false,false,false,,,,,,,71,64,15,13,0,,,,,0,,,,19,Game Over,,,,120,120,
