half,time-minutes,time-seconds,details,player1-id,player2-id,player1-linkable,player2-linkable,player3-linkable,player-first-name-1,player-first-name-2,player-last-name-1,player-last-name-2,player-team-alias-1,player-team-alias-2,home-score,visitor-score,visitor-fouls,home-fouls,player-fouls,fastbreak,in-paint,second-chance,off-turnover,player-score,points-type,detail-id,detail-desc,event-id,event-desc,distance,x-coord,y-coord,team-id-1,team-id-2,team-id-3
1,20,00,Start of the 1st Half,,,false,false,false,,,,,,,0,0,0,0,0,,,,,0,,,,14,Start Period,,,,235,235,
1,19,42,Przemek Karnowski makes a hook shot from 9 feet out. David Stockton with the assist.,117527,89766,true,true,false,Przemek,David,Karnowski,Stockton,Gonz,Gonz,0,2,0,0,0,,,,,2,2,55,Hook Shot,3,Field Goal Made,9,0,9,309,309,
1,19,21,Aaron Gordon makes a dunk shot. T.J. McConnell with the assist.,120791,97341,true,true,false,Aaron,T.J.,Gordon,McConnell,Ari,Ari,2,2,0,0,0,,,,,2,2,48,Dunk Shot,3,Field Goal Made,0,0,0,235,235,
1,19,07,Personal foul committed by Gabe York.,116487,,true,false,false,Gabe,,York,,Ari,,2,2,0,1,1,,,,,0,,1,Personal,8,Foul,,,,235,235,
1,18,49,Sam Dower makes a hook shot from 8 feet out.,88925,,true,false,false,Sam,,Dower,,Gonz,,2,4,0,1,0,,,,,2,2,55,Hook Shot,3,Field Goal Made,8,-8.4,.6,309,309,
1,18,36,Personal foul committed by David Stockton.,89766,,true,false,false,David,,Stockton,,Gonz,,2,4,1,1,1,,,,,0,,1,Personal,8,Foul,,,,309,309,
1,18,22,Nick Johnson misses a jump shot from 7 feet out.,109666,,true,false,false,Nick,,Johnson,,Ari,,2,4,1,1,0,,,,,0,2,45,Jump Shot,4,Field Goal Missed,7,.1,7,235,235,
1,18,22,Przemek Karnowski with a defensive rebound.,117527,,true,false,false,Przemek,,Karnowski,,Gonz,,2,4,1,1,0,,,,,2,,,,6,Defensive Rebound,,,,309,309,
1,18,12,Gabe York makes a 3-point jump shot from 23 feet out. Nick Johnson with the assist.,116487,109666,true,true,false,Gabe,Nick,York,Johnson,Ari,Ari,5,4,1,1,1,,,,,3,3,45,Jump Shot,3,Field Goal Made,23,16,17,235,235,
1,18,12,Sam Dower misses a jump shot from 10 feet out.,88925,,true,false,false,Sam,,Dower,,Gonz,,5,4,1,1,0,,,,,2,2,45,Jump Shot,4,Field Goal Missed,10,3,9,309,309,
1,18,12,Nick Johnson with a defensive rebound.,109666,,true,false,false,Nick,,Johnson,,Ari,,5,4,1,1,0,,,,,0,,,,6,Defensive Rebound,,,,235,235,
1,17,52,"Gary Bell, Jr. misses a 3-point jump shot from 24 feet out.",110268,,true,false,false,Gary,,"Bell, Jr.",,Gonz,,5,4,1,1,0,,,,,0,3,45,Jump Shot,4,Field Goal Missed,24,-16.4,16.9,309,309,
1,17,52,Kaleb Tarczewski with a defensive rebound.,116486,,true,false,false,Kaleb,,Tarczewski,,Ari,,5,4,1,1,0,,,,,0,,,,6,Defensive Rebound,,,,235,235,
1,17,23,Nick Johnson misses a layup shot.,109666,,true,false,false,Nick,,Johnson,,Ari,,5,4,1,1,0,,,,,0,2,40,Layup Shot,4,Field Goal Missed,0,0,0,235,235,
1,17,23,Kevin Pangos with a defensive rebound.,110267,,true,false,false,Kevin,,Pangos,,Gonz,,5,4,1,1,0,,,,,0,,,,6,Defensive Rebound,,,,309,309,
1,17,23,David Stockton with a lost ball turnover: Lost Ball,89766,,true,false,false,David,,Stockton,,Gonz,,5,4,1,1,1,,,,,0,,2,Lost Ball,7,Turnover,,,,309,309,
1,17,20,Shooting foul committed by Przemek Karnowski.,117527,,true,false,false,Przemek,,Karnowski,,Gonz,,5,4,2,1,1,,,,,2,,2,Shooting,8,Foul,,,,309,309,
1,17,20,Gabe York makes free throw 1 of 2.,116487,,true,false,false,Gabe,,York,,Ari,,6,4,2,1,1,,,,,4,1,11,Free Throw 1 of 2,1,Free Throw Made,,,,235,235,
1,17,20,Gabe York makes free throw 2 of 2.,116487,,true,false,false,Gabe,,York,,Ari,,7,4,2,1,1,,,,,5,1,12,Free Throw 2 of 2,1,Free Throw Made,,,,235,235,
1,16,58,David Stockton with a lost ball turnover: Lost Ball,89766,,true,false,false,David,,Stockton,,Gonz,,7,4,2,1,1,,,,,0,,2,Lost Ball,7,Turnover,,,,309,309,
1,16,44,Aaron Gordon makes a tip shot from 4 feet out. Gabe York with the assist.,120791,116487,true,true,false,Aaron,Gabe,Gordon,York,Ari,Ari,9,4,2,1,0,,,,,4,2,53,Tip Shot,3,Field Goal Made,4,2,4,235,235,
1,16,27,David Stockton makes a layup shot.,89766,,true,false,false,David,,Stockton,,Gonz,,9,6,2,1,1,,,,,2,2,40,Layup Shot,3,Field Goal Made,0,0,0,309,309,
1,16,07,Nick Johnson misses a jump shot from 12 feet out.,109666,,true,false,false,Nick,,Johnson,,Ari,,9,6,2,1,0,,,,,0,2,45,Jump Shot,4,Field Goal Missed,12,-3.3,12,235,235,
1,16,07,Gonz with a defensive rebound.,,,false,false,false,,,,,,,9,6,2,1,0,,,,,0,,,,6,Defensive Rebound,,,,309,309,
1,15,48,"Gary Bell, Jr. with a lost ball turnover: Lost Ball",110268,,true,false,false,Gary,,"Bell, Jr.",,Gonz,,9,6,2,1,0,,,,,0,,2,Lost Ball,7,Turnover,,,,309,309,
1,15,39,Gabe York misses a 3-point jump shot from 24 feet out.,116487,,true,false,false,Gabe,,York,,Ari,,9,6,2,1,1,,,,,5,3,45,Jump Shot,4,Field Goal Missed,24,-15.7,18.3,235,235,
1,15,39,Kaleb Tarczewski with an offensive rebound.,116486,,true,false,false,Kaleb,,Tarczewski,,Ari,,9,6,2,1,0,,,,,0,,,,5,Offensive Rebound,,,,235,235,
1,15,33,Kaleb Tarczewski makes a layup shot.,116486,,true,false,false,Kaleb,,Tarczewski,,Ari,,11,6,2,1,0,,,,,2,2,40,Layup Shot,3,Field Goal Made,0,0,0,235,235,
1,15,31,Kevin Pangos with a lost ball turnover: Lost Ball,110267,,true,false,false,Kevin,,Pangos,,Gonz,,11,6,2,1,0,,,,,0,,2,Lost Ball,7,Turnover,,,,309,309,
1,15,29,Nick Johnson makes a layup shot. Gabe York with the assist.,109666,116487,true,true,false,Nick,Gabe,Johnson,York,Ari,Ari,13,6,2,1,0,,,,,2,2,40,Layup Shot,3,Field Goal Made,0,0,0,235,235,
1,15,29,Official's timeout.,,,false,false,false,,,,,,,13,6,2,1,0,,,,,0,,4,Official,11,Timeout,,,,235,235,
1,15,15,Sam Dower makes a layup shot. David Stockton with the assist.,88925,89766,true,true,false,Sam,David,Dower,Stockton,Gonz,Gonz,13,8,2,1,0,,,,,4,2,40,Layup Shot,3,Field Goal Made,0,0,0,309,309,
1,15,15,Shooting foul committed by Aaron Gordon.,120791,,true,false,false,Aaron,,Gordon,,Ari,,13,8,2,2,1,,,,,4,,2,Shooting,8,Foul,,,,235,235,
1,15,15,Sam Dower makes free throw 1 of 1.,88925,,true,false,false,Sam,,Dower,,Gonz,,13,9,2,2,0,,,,,5,1,10,Free Throw 1 of 1,1,Free Throw Made,,,,309,309,
1,15,05,Aaron Gordon misses a jump shot from 18 feet out.,120791,,true,false,false,Aaron,,Gordon,,Ari,,13,9,2,2,1,,,,,4,2,45,Jump Shot,4,Field Goal Missed,18,-4,17,235,235,
1,15,05,Drew Barham with a defensive rebound.,89774,,true,false,false,Drew,,Barham,,Gonz,,13,9,2,2,0,,,,,0,,,,6,Defensive Rebound,,,,309,309,
1,14,43,David Stockton misses a layup shot.,89766,,true,false,false,David,,Stockton,,Gonz,,13,9,2,2,1,,,,,2,2,40,Layup Shot,4,Field Goal Missed,0,0,0,309,309,
1,14,43,Aaron Gordon with a defensive rebound.,120791,,true,false,false,Aaron,,Gordon,,Ari,,13,9,2,2,1,,,,,4,,,,6,Defensive Rebound,,,,235,235,
1,14,34,T.J. McConnell makes a 3-point jump shot from 23 feet out. Aaron Gordon with the assist.,97341,120791,true,true,false,T.J.,Aaron,McConnell,Gordon,Ari,Ari,16,9,2,2,0,,,,,3,3,45,Jump Shot,3,Field Goal Made,23,-16.6,16.4,235,235,
1,14,23,"Sam Dower makes a jump shot from 18 feet out. Gary Bell, Jr. with the assist.",88925,110268,true,true,false,Sam,Gary,Dower,"Bell, Jr.",Gonz,Gonz,16,11,2,2,0,,,,,7,2,45,Jump Shot,3,Field Goal Made,18,-17,4,309,309,
1,14,00,Rondae Hollis-Jefferson makes a layup shot.,120792,,true,false,false,Rondae,,Hollis-Jefferson,,Ari,,18,11,2,2,0,,,,,2,2,40,Layup Shot,3,Field Goal Made,0,0,0,235,235,
1,13,37,David Stockton misses a 3-point jump shot from 23 feet out.,89766,,true,false,false,David,,Stockton,,Gonz,,18,11,2,2,1,,,,,2,3,45,Jump Shot,4,Field Goal Missed,23,-14.4,18.1,309,309,
1,13,37,Drew Barham with an offensive rebound.,89774,,true,false,false,Drew,,Barham,,Gonz,,18,11,2,2,0,,,,,0,,,,5,Offensive Rebound,,,,309,309,
1,13,33,Personal foul committed by Aaron Gordon.,120791,,true,false,false,Aaron,,Gordon,,Ari,,18,11,2,3,2,,,,,4,,1,Personal,8,Foul,,,,235,235,
1,13,09,Personal foul committed by Jordin Mayes.,97326,,true,false,false,Jordin,,Mayes,,Ari,,18,11,2,4,1,,,,,0,,1,Personal,8,Foul,,,,235,235,
1,13,06,"Gary Bell, Jr. with a traveling turnover: Traveling",110268,,true,false,false,Gary,,"Bell, Jr.",,Gonz,,18,11,2,4,0,,,,,0,,4,Traveling,7,Turnover,,,,309,309,
1,12,44,Shooting foul committed by Kyle Dranginis.,110266,,true,false,false,Kyle,,Dranginis,,Gonz,,18,11,3,4,1,,,,,0,,2,Shooting,8,Foul,,,,309,309,
1,12,44,Rondae Hollis-Jefferson makes free throw 1 of 2.,120792,,true,false,false,Rondae,,Hollis-Jefferson,,Ari,,19,11,3,4,0,,,,,3,1,11,Free Throw 1 of 2,1,Free Throw Made,,,,235,235,
1,12,44,Rondae Hollis-Jefferson makes free throw 2 of 2.,120792,,true,false,false,Rondae,,Hollis-Jefferson,,Ari,,20,11,3,4,0,,,,,4,1,12,Free Throw 2 of 2,1,Free Throw Made,,,,235,235,
1,12,28,Personal foul committed by T.J. McConnell.,97341,,true,false,false,T.J.,,McConnell,,Ari,,20,11,3,5,1,,,,,3,,1,Personal,8,Foul,,,,235,235,
1,12,16,Personal foul committed by Kaleb Tarczewski.,116486,,true,false,false,Kaleb,,Tarczewski,,Ari,,20,11,3,6,1,,,,,2,,1,Personal,8,Foul,,,,235,235,
1,12,09,David Stockton with a lost ball turnover: Lost Ball,89766,,true,false,false,David,,Stockton,,Gonz,,20,11,3,6,1,,,,,2,,2,Lost Ball,7,Turnover,,,,309,309,
1,11,51,Shooting foul committed by Przemek Karnowski.,117527,,true,false,false,Przemek,,Karnowski,,Gonz,,20,11,4,6,2,,,,,2,,2,Shooting,8,Foul,,,,309,309,
1,11,51,Official's timeout.,,,false,false,false,,,,,,,20,11,4,6,0,,,,,0,,4,Official,11,Timeout,,,,235,235,
1,11,51,Rondae Hollis-Jefferson makes free throw 1 of 2.,120792,,true,false,false,Rondae,,Hollis-Jefferson,,Ari,,21,11,4,6,0,,,,,5,1,11,Free Throw 1 of 2,1,Free Throw Made,,,,235,235,
1,11,51,Rondae Hollis-Jefferson makes free throw 2 of 2.,120792,,true,false,false,Rondae,,Hollis-Jefferson,,Ari,,22,11,4,6,0,,,,,6,1,12,Free Throw 2 of 2,1,Free Throw Made,,,,235,235,
1,11,34,Kevin Pangos makes a 3-point jump shot from 24 feet out. Kyle Dranginis with the assist.,110267,110266,true,true,false,Kevin,Kyle,Pangos,Dranginis,Gonz,Gonz,22,14,4,6,0,,,,,3,3,45,Jump Shot,3,Field Goal Made,24,-17.4,15.9,309,309,
1,11,01,Nick Johnson misses a 3-point jump shot from 24 feet out.,109666,,true,false,false,Nick,,Johnson,,Ari,,22,14,4,6,0,,,,,2,3,45,Jump Shot,4,Field Goal Missed,24,16,18,235,235,
1,11,01,Kaleb Tarczewski with an offensive rebound.,116486,,true,false,false,Kaleb,,Tarczewski,,Ari,,22,14,4,6,1,,,,,2,,,,5,Offensive Rebound,,,,235,235,
1,11,01,Shooting foul committed by Ryan Edwards.,120928,,true,false,false,Ryan,,Edwards,,Gonz,,22,14,5,6,1,,,,,0,,2,Shooting,8,Foul,,,,309,309,
1,11,01,Rondae Hollis-Jefferson makes free throw 1 of 2.,120792,,true,false,false,Rondae,,Hollis-Jefferson,,Ari,,23,14,5,6,0,,,,,7,1,11,Free Throw 1 of 2,1,Free Throw Made,,,,235,235,
1,11,01,Rondae Hollis-Jefferson makes free throw 2 of 2.,120792,,true,false,false,Rondae,,Hollis-Jefferson,,Ari,,24,14,5,6,0,,,,,8,1,12,Free Throw 2 of 2,1,Free Throw Made,,,,235,235,
1,10,42,Kyle Dranginis with a lost ball turnover: Lost Ball,110266,,true,false,false,Kyle,,Dranginis,,Gonz,,24,14,5,6,1,,,,,0,,2,Lost Ball,7,Turnover,,,,309,309,
1,10,37,Nick Johnson makes a dunk shot.,109666,,true,false,false,Nick,,Johnson,,Ari,,26,14,5,6,0,,,,,4,2,48,Dunk Shot,3,Field Goal Made,0,0,0,235,235,
1,10,16,Ryan Edwards makes a layup shot. Kyle Dranginis with the assist.,120928,110266,true,true,false,Ryan,Kyle,Edwards,Dranginis,Gonz,Gonz,26,16,5,6,1,,,,,2,2,40,Layup Shot,3,Field Goal Made,0,0,0,309,309,
1,9,58,Kaleb Tarczewski misses a layup shot.,116486,,true,false,false,Kaleb,,Tarczewski,,Ari,,26,16,5,6,1,,,,,2,2,40,Layup Shot,4,Field Goal Missed,0,0,0,235,235,
1,9,58,Sam Dower with a defensive rebound.,88925,,true,false,false,Sam,,Dower,,Gonz,,26,16,5,6,0,,,,,7,,,,6,Defensive Rebound,,,,309,309,
1,9,47,Kyle Dranginis misses a jump shot from 5 feet out.,110266,,true,false,false,Kyle,,Dranginis,,Gonz,,26,16,5,6,1,,,,,0,2,45,Jump Shot,4,Field Goal Missed,5,3.1,3.3,309,309,
1,9,47,Rondae Hollis-Jefferson with a defensive rebound.,120792,,true,false,false,Rondae,,Hollis-Jefferson,,Ari,,26,16,5,6,0,,,,,8,,,,6,Defensive Rebound,,,,235,235,
1,9,40,Gabe York makes a layup shot. Nick Johnson with the assist.,116487,109666,true,true,false,Gabe,Nick,York,Johnson,Ari,Ari,28,16,5,6,1,,,,,7,2,40,Layup Shot,3,Field Goal Made,0,0,0,235,235,
1,9,40,Gonz take a 20-second timeout.,,,false,false,false,,,,,,,28,16,5,6,0,,,,,0,,2,Short,11,Timeout,,,,309,309,
1,9,16,Kevin Pangos misses a 3-point jump shot from 23 feet out.,110267,,true,false,false,Kevin,,Pangos,,Gonz,,28,16,5,6,0,,,,,3,3,45,Jump Shot,4,Field Goal Missed,23,-13.5,19.1,309,309,
1,9,16,Gabe York with a defensive rebound.,116487,,true,false,false,Gabe,,York,,Ari,,28,16,5,6,1,,,,,7,,,,6,Defensive Rebound,,,,235,235,
1,9,07,T.J. McConnell misses a 3-point jump shot from 23 feet out.,97341,,true,false,false,T.J.,,McConnell,,Ari,,28,16,5,6,1,,,,,3,3,45,Jump Shot,4,Field Goal Missed,23,23,1.9,235,235,
1,9,07,Rondae Hollis-Jefferson with an offensive rebound.,120792,,true,false,false,Rondae,,Hollis-Jefferson,,Ari,,28,16,5,6,0,,,,,8,,,,5,Offensive Rebound,,,,235,235,
1,9,02,Gabe York misses a 3-point jump shot from 22 feet out.,116487,,true,false,false,Gabe,,York,,Ari,,28,16,5,6,1,,,,,7,3,45,Jump Shot,4,Field Goal Missed,22,-22.4,.8,235,235,
1,9,02,Gonz with a defensive rebound.,,,false,false,false,,,,,,,28,16,5,6,0,,,,,0,,,,6,Defensive Rebound,,,,309,309,
1,8,42,Gerard Coleman makes a jump shot from 9 feet out.,97686,,true,false,false,Gerard,,Coleman,,Gonz,,28,18,5,6,0,,,,,2,2,45,Jump Shot,3,Field Goal Made,9,6.4,6.5,309,309,
1,8,28,Nick Johnson makes a 3-point jump shot from 23 feet out. T.J. McConnell with the assist.,109666,97341,true,true,false,Nick,T.J.,Johnson,McConnell,Ari,Ari,31,18,5,6,0,,,,,7,3,45,Jump Shot,3,Field Goal Made,23,-18.3,14,235,235,
1,8,08,"Gary Bell, Jr. misses a jump shot from 8 feet out.",110268,,true,false,false,Gary,,"Bell, Jr.",,Gonz,,31,18,5,6,0,,,,,0,2,45,Jump Shot,4,Field Goal Missed,8,4,7,309,309,
1,8,08,Sam Dower with an offensive rebound.,88925,,true,false,false,Sam,,Dower,,Gonz,,31,18,5,6,0,,,,,7,,,,5,Offensive Rebound,,,,309,309,
1,8,08,Sam Dower with a bad pass turnover: Bad Pass,88925,,true,false,false,Sam,,Dower,,Gonz,,31,18,5,6,0,,,,,7,,1,Bad Pass,7,Turnover,,,,309,309,
1,7,43,Nick Johnson misses a layup shot.,109666,,true,false,false,Nick,,Johnson,,Ari,,31,18,5,6,0,,,,,7,2,40,Layup Shot,4,Field Goal Missed,0,0,0,235,235,
1,7,43,Przemek Karnowski with a defensive rebound.,117527,,true,false,false,Przemek,,Karnowski,,Gonz,,31,18,5,6,2,,,,,2,,,,6,Defensive Rebound,,,,309,309,
1,7,36,Gerard Coleman misses a jump shot from 7 feet out.,97686,,true,false,false,Gerard,,Coleman,,Gonz,,31,18,5,6,0,,,,,2,2,45,Jump Shot,4,Field Goal Missed,7,-5.4,4.2,309,309,
1,7,36,Gerard Coleman with an offensive rebound.,97686,,true,false,false,Gerard,,Coleman,,Gonz,,31,18,5,6,0,,,,,2,,,,5,Offensive Rebound,,,,309,309,
1,7,36,Shooting foul committed by Jordin Mayes.,97326,,true,false,false,Jordin,,Mayes,,Ari,,31,18,5,7,2,,,,,0,,2,Shooting,8,Foul,,,,235,235,
1,7,36,Official's timeout.,,,false,false,false,,,,,,,31,18,5,7,0,,,,,0,,4,Official,11,Timeout,,,,235,235,
1,7,36,Gerard Coleman makes free throw 1 of 2.,97686,,true,false,false,Gerard,,Coleman,,Gonz,,31,19,5,7,0,,,,,3,1,11,Free Throw 1 of 2,1,Free Throw Made,,,,309,309,
1,7,36,Gerard Coleman makes free throw 2 of 2.,97686,,true,false,false,Gerard,,Coleman,,Gonz,,31,20,5,7,0,,,,,4,1,12,Free Throw 2 of 2,1,Free Throw Made,,,,309,309,
1,7,25,Rondae Hollis-Jefferson makes a layup shot. T.J. McConnell with the assist.,120792,97341,true,true,false,Rondae,T.J.,Hollis-Jefferson,McConnell,Ari,Ari,33,20,5,7,0,,,,,10,2,40,Layup Shot,3,Field Goal Made,0,0,0,235,235,
1,7,16,Gerard Coleman with a lost ball turnover: Lost Ball,97686,,true,false,false,Gerard,,Coleman,,Gonz,,33,20,5,7,0,,,,,4,,2,Lost Ball,7,Turnover,,,,309,309,
1,7,06,Aaron Gordon makes a 3-point jump shot from 24 feet out. Rondae Hollis-Jefferson with the assist.,120791,120792,true,true,false,Aaron,Rondae,Gordon,Hollis-Jefferson,Ari,Ari,36,20,5,7,2,,,,,7,3,45,Jump Shot,3,Field Goal Made,24,-19,14,235,235,
1,6,48,Angel Nunez misses a jump shot from 19 feet out.,110394,,true,false,false,Angel,,Nunez,,Gonz,,36,20,5,7,0,,,,,0,2,45,Jump Shot,4,Field Goal Missed,19,.1,18.6,309,309,
1,6,48,Nick Johnson with a defensive rebound.,109666,,true,false,false,Nick,,Johnson,,Ari,,36,20,5,7,0,,,,,7,,,,6,Defensive Rebound,,,,235,235,
1,6,43,Aaron Gordon makes a dunk shot. Nick Johnson with the assist.,120791,109666,true,true,false,Aaron,Nick,Gordon,Johnson,Ari,Ari,38,20,5,7,2,,,,,9,2,48,Dunk Shot,3,Field Goal Made,0,0,0,235,235,
1,6,43,Gonz take a 20-second timeout.,,,false,false,false,,,,,,,38,20,5,7,0,,,,,0,,2,Short,11,Timeout,,,,309,309,
1,6,20,Sam Dower with a lost ball turnover: Lost Ball,88925,,true,false,false,Sam,,Dower,,Gonz,,38,20,5,7,0,,,,,7,,2,Lost Ball,7,Turnover,,,,309,309,
1,6,20,Gabe York makes a layup shot. Nick Johnson with the assist.,116487,109666,true,true,false,Gabe,Nick,York,Johnson,Ari,Ari,40,20,5,7,1,,,,,9,2,40,Layup Shot,3,Field Goal Made,0,0,0,235,235,
1,6,12,Personal foul committed by Kaleb Tarczewski.,116486,,true,false,false,Kaleb,,Tarczewski,,Ari,,40,20,5,8,2,,,,,2,,1,Personal,8,Foul,,,,235,235,
1,6,12,Przemek Karnowski misses free throw 1st of 1-and-1.,117527,,true,false,false,Przemek,,Karnowski,,Gonz,,40,20,5,8,2,,,,,2,1,8,Free Throw 1st of 1-and-1,2,Free Throw Missed,,,,309,309,
1,6,12,Elliott Pitts with a defensive rebound.,120794,,true,false,false,Elliott,,Pitts,,Ari,,40,20,5,8,0,,,,,0,,,,6,Defensive Rebound,,,,235,235,
1,5,46,Gabe York misses a 3-point jump shot from 23 feet out.,116487,,true,false,false,Gabe,,York,,Ari,,40,20,5,8,1,,,,,9,3,45,Jump Shot,4,Field Goal Missed,23,-16.9,16.2,235,235,
1,5,46,Kevin Pangos with a defensive rebound.,110267,,true,false,false,Kevin,,Pangos,,Gonz,,40,20,5,8,0,,,,,3,,,,6,Defensive Rebound,,,,309,309,
1,5,27,Sam Dower misses a layup shot.,88925,,true,false,false,Sam,,Dower,,Gonz,,40,20,5,8,0,,,,,7,2,40,Layup Shot,4,Field Goal Missed,0,0,0,309,309,
1,5,27,Nick Johnson with a defensive rebound.,109666,,true,false,false,Nick,,Johnson,,Ari,,40,20,5,8,0,,,,,7,,,,6,Defensive Rebound,,,,235,235,
1,5,18,Nick Johnson misses a jump shot from 15 feet out.,109666,,true,false,false,Nick,,Johnson,,Ari,,40,20,5,8,0,,,,,7,2,45,Jump Shot,4,Field Goal Missed,15,-8.9,11.8,235,235,
1,5,18,David Stockton with a defensive rebound.,89766,,true,false,false,David,,Stockton,,Gonz,,40,20,5,8,1,,,,,2,,,,6,Defensive Rebound,,,,309,309,
1,5,11,David Stockton makes a layup shot.,89766,,true,false,false,David,,Stockton,,Gonz,,40,22,5,8,1,,,,,4,2,40,Layup Shot,3,Field Goal Made,0,0,0,309,309,
1,5,01,Personal foul committed by David Stockton.,89766,,true,false,false,David,,Stockton,,Gonz,,40,22,6,8,2,,,,,4,,1,Personal,8,Foul,,,,309,309,
1,4,55,Aaron Gordon makes a dunk shot.,120791,,true,false,false,Aaron,,Gordon,,Ari,,42,22,6,8,2,,,,,11,2,48,Dunk Shot,3,Field Goal Made,0,0,0,235,235,
1,4,55,Shooting foul committed by Sam Dower.,88925,,true,false,false,Sam,,Dower,,Gonz,,42,22,7,8,1,,,,,7,,2,Shooting,8,Foul,,,,309,309,
1,4,55,Aaron Gordon makes free throw 1 of 1.,120791,,true,false,false,Aaron,,Gordon,,Ari,,43,22,7,8,2,,,,,12,1,10,Free Throw 1 of 1,1,Free Throw Made,,,,235,235,
1,4,36,Kevin Pangos misses a 3-point jump shot from 23 feet out.,110267,,true,false,false,Kevin,,Pangos,,Gonz,,43,22,7,8,0,,,,,3,3,45,Jump Shot,4,Field Goal Missed,23,16.6,16.2,309,309,
1,4,36,Sam Dower with an offensive rebound.,88925,,true,false,false,Sam,,Dower,,Gonz,,43,22,7,8,1,,,,,7,,,,5,Offensive Rebound,,,,309,309,
1,4,36,Sam Dower misses a tip shot from 3 feet out.,88925,,true,false,false,Sam,,Dower,,Gonz,,43,22,7,8,1,,,,,7,2,53,Tip Shot,4,Field Goal Missed,3,0,3,309,309,
1,4,36,Sam Dower with an offensive rebound.,88925,,true,false,false,Sam,,Dower,,Gonz,,43,22,7,8,1,,,,,7,,,,5,Offensive Rebound,,,,309,309,
1,4,29,Sam Dower misses a layup shot.,88925,,true,false,false,Sam,,Dower,,Gonz,,43,22,7,8,1,,,,,7,2,40,Layup Shot,4,Field Goal Missed,0,0,0,309,309,
1,4,29,Elliott Pitts with a defensive rebound.,120794,,true,false,false,Elliott,,Pitts,,Ari,,43,22,7,8,0,,,,,0,,,,6,Defensive Rebound,,,,235,235,
1,4,19,T.J. McConnell misses a layup shot.,97341,,true,false,false,T.J.,,McConnell,,Ari,,43,22,7,8,1,,,,,3,2,40,Layup Shot,4,Field Goal Missed,0,0,0,235,235,
1,4,19,David Stockton with a defensive rebound.,89766,,true,false,false,David,,Stockton,,Gonz,,43,22,7,8,2,,,,,4,,,,6,Defensive Rebound,,,,309,309,
1,4,12,Kevin Pangos with a traveling turnover: Traveling,110267,,true,false,false,Kevin,,Pangos,,Gonz,,43,22,7,8,0,,,,,3,,4,Traveling,7,Turnover,,,,309,309,
1,3,37,T.J. McConnell misses a jump shot from 16 feet out.,97341,,true,false,false,T.J.,,McConnell,,Ari,,43,22,7,8,1,,,,,3,2,45,Jump Shot,4,Field Goal Missed,16,15.1,4.2,235,235,
1,3,37,Sam Dower with a defensive rebound.,88925,,true,false,false,Sam,,Dower,,Gonz,,43,22,7,8,1,,,,,7,,,,6,Defensive Rebound,,,,309,309,
1,3,28,Przemek Karnowski makes a dunk shot. David Stockton with the assist.,117527,89766,true,true,false,Przemek,David,Karnowski,Stockton,Gonz,Gonz,43,24,7,8,2,,,,,4,2,48,Dunk Shot,3,Field Goal Made,0,0,0,309,309,
1,3,18,Ari take a 20-second timeout.,,,false,false,false,,,,,,,43,24,7,8,0,,,,,0,,2,Short,11,Timeout,,,,235,235,
1,2,59,Rondae Hollis-Jefferson misses a jump shot from 18 feet out.,120792,,true,false,false,Rondae,,Hollis-Jefferson,,Ari,,43,24,7,8,0,,,,,10,2,45,Jump Shot,4,Field Goal Missed,18,-10.8,14.5,235,235,
1,2,59,David Stockton with a defensive rebound.,89766,,true,false,false,David,,Stockton,,Gonz,,43,24,7,8,2,,,,,4,,,,6,Defensive Rebound,,,,309,309,
1,2,52,Kyle Dranginis makes a layup shot. David Stockton with the assist.,110266,89766,true,true,false,Kyle,David,Dranginis,Stockton,Gonz,Gonz,43,26,7,8,1,,,,,2,2,40,Layup Shot,3,Field Goal Made,0,0,0,309,309,
1,2,24,Jordin Mayes misses a jump shot from 16 feet out.,97326,,true,false,false,Jordin,,Mayes,,Ari,,43,26,7,8,2,,,,,0,2,45,Jump Shot,4,Field Goal Missed,16,-10.3,11.8,235,235,
1,2,24,Przemek Karnowski with a defensive rebound.,117527,,true,false,false,Przemek,,Karnowski,,Gonz,,43,26,7,8,2,,,,,4,,,,6,Defensive Rebound,,,,309,309,
1,2,17,Kevin Pangos makes a 3-point jump shot from 25 feet out.,110267,,true,false,false,Kevin,,Pangos,,Gonz,,43,29,7,8,0,,,,,6,3,45,Jump Shot,3,Field Goal Made,25,.3,24.9,309,309,
1,1,45,Rondae Hollis-Jefferson makes a dunk shot. T.J. McConnell with the assist.,120792,97341,true,true,false,Rondae,T.J.,Hollis-Jefferson,McConnell,Ari,Ari,45,29,7,8,0,,,,,12,2,48,Dunk Shot,3,Field Goal Made,0,0,0,235,235,
1,1,25,Przemek Karnowski misses a hook shot from 8 feet out.,117527,,true,false,false,Przemek,,Karnowski,,Gonz,,45,29,7,8,2,,,,,4,2,55,Hook Shot,4,Field Goal Missed,8,.6,8.2,309,309,
1,1,25,Sam Dower with an offensive rebound.,88925,,true,false,false,Sam,,Dower,,Gonz,,45,29,7,8,1,,,,,7,,,,5,Offensive Rebound,,,,309,309,
1,1,23,Sam Dower misses a layup shot.,88925,,true,false,false,Sam,,Dower,,Gonz,,45,29,7,8,1,,,,,7,2,40,Layup Shot,4,Field Goal Missed,0,0,0,309,309,
1,1,23,Gonz with an offensive rebound.,,,false,false,false,,,,,,,45,29,7,8,0,,,,,0,,,,5,Offensive Rebound,,,,309,309,
1,1,23,Official's timeout.,,,false,false,false,,,,,,,45,29,7,8,0,,,,,0,,4,Official,11,Timeout,,,,235,235,
1,1,19,Kevin Pangos makes a 3-point jump shot from 23 feet out. Kyle Dranginis with the assist.,110267,110266,true,true,false,Kevin,Kyle,Pangos,Dranginis,Gonz,Gonz,45,32,7,8,0,,,,,9,3,45,Jump Shot,3,Field Goal Made,23,-10,21,309,309,
1,0,49.5,Matt Korcheck makes a layup shot. Rondae Hollis-Jefferson with the assist.,116485,120792,true,true,false,Matt,Rondae,Korcheck,Hollis-Jefferson,Ari,Ari,47,32,7,8,0,,,,,2,2,40,Layup Shot,3,Field Goal Made,0,0,0,235,235,
1,0,42.1,Personal foul committed by Matt Korcheck.,116485,,true,false,false,Matt,,Korcheck,,Ari,,47,32,7,9,1,,,,,2,,1,Personal,8,Foul,,,,235,235,
1,0,42.1,Przemek Karnowski misses free throw 1st of 1-and-1.,117527,,true,false,false,Przemek,,Karnowski,,Gonz,,47,32,7,9,2,,,,,4,1,8,Free Throw 1st of 1-and-1,2,Free Throw Missed,,,,309,309,
1,0,42.1,Ari with a defensive rebound.,,,false,false,false,,,,,,,47,32,7,9,0,,,,,0,,,,6,Defensive Rebound,,,,235,235,
1,0,14.2,Nick Johnson with a lost ball turnover: Lost Ball,109666,,true,false,false,Nick,,Johnson,,Ari,,47,32,7,9,0,,,,,7,,2,Lost Ball,7,Turnover,,,,235,235,
1,0,09.2,David Stockton makes a layup shot.,89766,,true,false,false,David,,Stockton,,Gonz,,47,34,7,9,2,,,,,6,2,40,Layup Shot,3,Field Goal Made,0,0,0,309,309,
1,0,00.4,Nick Johnson misses a layup shot.,109666,,true,false,false,Nick,,Johnson,,Ari,,47,34,7,9,0,,,,,7,2,40,Layup Shot,4,Field Goal Missed,0,0,0,235,235,
1,0,00.4,Ari with an offensive rebound.,,,false,false,false,,,,,,,47,34,7,9,0,,,,,0,,,,5,Offensive Rebound,,,,235,235,
1,0,00,End of the 1st Half,,,false,false,false,,,,,,,47,34,7,9,0,,,,,0,,,,15,End Period,,,,235,235,
2,20,00,Start of the 2nd Half,,,false,false,false,,,,,,,47,34,0,0,0,,,,,0,,,,14,Start Period,,,,235,235,
2,19,42,Przemek Karnowski with a lost ball turnover: Lost Ball,117527,,true,false,false,Przemek,,Karnowski,,Gonz,,47,34,0,0,2,,,,,4,,2,Lost Ball,7,Turnover,,,,309,309,
2,19,36,Gabe York misses a layup shot.,116487,,true,false,false,Gabe,,York,,Ari,,47,34,0,0,1,,,,,9,2,40,Layup Shot,4,Field Goal Missed,0,0,0,235,235,
2,19,36,Przemek Karnowski with a defensive rebound.,117527,,true,false,false,Przemek,,Karnowski,,Gonz,,47,34,0,0,2,,,,,4,,,,6,Defensive Rebound,,,,309,309,
2,19,26,David Stockton with a lost ball turnover: Lost Ball,89766,,true,false,false,David,,Stockton,,Gonz,,47,34,0,0,2,,,,,6,,2,Lost Ball,7,Turnover,,,,309,309,
2,19,26,Gabe York makes a layup shot. Aaron Gordon with the assist.,116487,120791,true,true,false,Gabe,Aaron,York,Gordon,Ari,Ari,49,34,0,0,1,,,,,11,2,40,Layup Shot,3,Field Goal Made,0,0,0,235,235,
2,19,26,Shooting foul committed by David Stockton.,89766,,true,false,false,David,,Stockton,,Gonz,,49,34,1,0,3,,,,,6,,2,Shooting,8,Foul,,,,309,309,
2,19,26,Gabe York misses free throw 1 of 1.,116487,,true,false,false,Gabe,,York,,Ari,,49,34,1,0,1,,,,,11,1,10,Free Throw 1 of 1,2,Free Throw Missed,,,,235,235,
2,19,26,David Stockton with a defensive rebound.,89766,,true,false,false,David,,Stockton,,Gonz,,49,34,1,0,3,,,,,6,,,,6,Defensive Rebound,,,,309,309,
2,19,11,Kevin Pangos misses a 3-point jump shot from 24 feet out.,110267,,true,false,false,Kevin,,Pangos,,Gonz,,49,34,1,0,0,,,,,9,3,45,Jump Shot,4,Field Goal Missed,24,-7.4,23,309,309,
2,19,11,Aaron Gordon with a defensive rebound.,120791,,true,false,false,Aaron,,Gordon,,Ari,,49,34,1,0,2,,,,,12,,,,6,Defensive Rebound,,,,235,235,
2,18,38,Kaleb Tarczewski with a traveling turnover: Traveling,116486,,true,false,false,Kaleb,,Tarczewski,,Ari,,49,34,1,0,2,,,,,2,,4,Traveling,7,Turnover,,,,235,235,
2,18,22,Sam Dower misses a layup shot.,88925,,true,false,false,Sam,,Dower,,Gonz,,49,34,1,0,1,,,,,7,2,40,Layup Shot,4,Field Goal Missed,0,0,0,309,309,
2,18,22,Aaron Gordon with a defensive rebound.,120791,,true,false,false,Aaron,,Gordon,,Ari,,49,34,1,0,2,,,,,12,,,,6,Defensive Rebound,,,,235,235,
2,18,19,Aaron Gordon misses a layup shot.,120791,,true,false,false,Aaron,,Gordon,,Ari,,49,34,1,0,2,,,,,12,2,40,Layup Shot,4,Field Goal Missed,0,0,0,235,235,
2,18,19,Aaron Gordon with an offensive rebound.,120791,,true,false,false,Aaron,,Gordon,,Ari,,49,34,1,0,2,,,,,12,,,,5,Offensive Rebound,,,,235,235,
2,18,16,"Shooting foul committed by Gary Bell, Jr..",110268,,true,false,false,Gary,,"Bell, Jr.",,Gonz,,49,34,2,0,1,,,,,0,,2,Shooting,8,Foul,,,,309,309,
2,18,16,Aaron Gordon misses free throw 1 of 2.,120791,,true,false,false,Aaron,,Gordon,,Ari,,49,34,2,0,2,,,,,12,1,11,Free Throw 1 of 2,2,Free Throw Missed,,,,235,235,
2,18,16,Ari with an offensive rebound.,,,false,false,false,,,,,,,49,34,2,0,0,,,,,0,,,,5,Offensive Rebound,,,,235,235,
2,18,16,Aaron Gordon misses free throw 2 of 2.,120791,,true,false,false,Aaron,,Gordon,,Ari,,49,34,2,0,2,,,,,12,1,12,Free Throw 2 of 2,2,Free Throw Missed,,,,235,235,
2,18,16,Przemek Karnowski with a defensive rebound.,117527,,true,false,false,Przemek,,Karnowski,,Gonz,,49,34,2,0,2,,,,,4,,,,6,Defensive Rebound,,,,309,309,
2,17,57,David Stockton makes a layup shot.,89766,,true,false,false,David,,Stockton,,Gonz,,49,36,2,0,3,,,,,8,2,40,Layup Shot,3,Field Goal Made,0,0,0,309,309,
2,17,46,Kaleb Tarczewski misses a layup shot.,116486,,true,false,false,Kaleb,,Tarczewski,,Ari,,49,36,2,0,2,,,,,2,2,40,Layup Shot,4,Field Goal Missed,0,0,0,235,235,
2,17,46,David Stockton with a defensive rebound.,89766,,true,false,false,David,,Stockton,,Gonz,,49,36,2,0,3,,,,,8,,,,6,Defensive Rebound,,,,309,309,
2,17,29,Przemek Karnowski makes a layup shot. David Stockton with the assist.,117527,89766,true,true,false,Przemek,David,Karnowski,Stockton,Gonz,Gonz,49,38,2,0,2,,,,,6,2,40,Layup Shot,3,Field Goal Made,0,0,0,309,309,
2,17,14,Nick Johnson makes a jump shot from 14 feet out.,109666,,true,false,false,Nick,,Johnson,,Ari,,51,38,2,0,0,,,,,9,2,45,Jump Shot,3,Field Goal Made,14,13.5,.1,235,235,
2,16,58,"Gary Bell, Jr. misses a 3-point jump shot from 25 feet out.",110268,,true,false,false,Gary,,"Bell, Jr.",,Gonz,,51,38,2,0,1,,,,,0,3,45,Jump Shot,4,Field Goal Missed,25,-16.2,19.6,309,309,
2,16,58,Aaron Gordon with a defensive rebound.,120791,,true,false,false,Aaron,,Gordon,,Ari,,51,38,2,0,2,,,,,12,,,,6,Defensive Rebound,,,,235,235,
2,16,50,Kaleb Tarczewski makes a layup shot. Aaron Gordon with the assist.,116486,120791,true,true,false,Kaleb,Aaron,Tarczewski,Gordon,Ari,Ari,53,38,2,0,2,,,,,4,2,40,Layup Shot,3,Field Goal Made,0,0,0,235,235,
2,16,21,"Gary Bell, Jr. with a lost ball turnover: Lost Ball",110268,,true,false,false,Gary,,"Bell, Jr.",,Gonz,,53,38,2,0,1,,,,,0,,2,Lost Ball,7,Turnover,,,,309,309,
2,16,19,Aaron Gordon with a bad pass turnover: Bad Pass,120791,,true,false,false,Aaron,,Gordon,,Ari,,53,38,2,0,2,,,,,12,,1,Bad Pass,7,Turnover,,,,235,235,
2,16,05,Sam Dower with a lost ball turnover: Lost Ball,88925,,true,false,false,Sam,,Dower,,Gonz,,53,38,2,0,1,,,,,7,,2,Lost Ball,7,Turnover,,,,309,309,
2,15,56,Nick Johnson makes a layup shot. Aaron Gordon with the assist.,109666,120791,true,true,false,Nick,Aaron,Johnson,Gordon,Ari,Ari,55,38,2,0,0,,,,,11,2,40,Layup Shot,3,Field Goal Made,0,0,0,235,235,
2,15,55,Personal foul committed by Aaron Gordon.,120791,,true,false,false,Aaron,,Gordon,,Ari,,55,38,2,1,3,,,,,12,,1,Personal,8,Foul,,,,235,235,
2,15,55,Official's timeout.,,,false,false,false,,,,,,,55,38,2,1,0,,,,,0,,4,Official,11,Timeout,,,,235,235,
2,15,37,Przemek Karnowski misses a jump shot from 7 feet out.,117527,,true,false,false,Przemek,,Karnowski,,Gonz,,55,38,2,1,2,,,,,6,2,45,Jump Shot,4,Field Goal Missed,7,6.4,3.3,309,309,
2,15,37,Przemek Karnowski with an offensive rebound.,117527,,true,false,false,Przemek,,Karnowski,,Gonz,,55,38,2,1,2,,,,,6,,,,5,Offensive Rebound,,,,309,309,
2,15,23,Sam Dower misses a layup shot.,88925,,true,false,false,Sam,,Dower,,Gonz,,55,38,2,1,1,,,,,7,2,40,Layup Shot,4,Field Goal Missed,0,0,0,309,309,
2,15,23,Kaleb Tarczewski with a defensive rebound.,116486,,true,false,false,Kaleb,,Tarczewski,,Ari,,55,38,2,1,2,,,,,4,,,,6,Defensive Rebound,,,,235,235,
2,15,15,T.J. McConnell makes a layup shot.,97341,,true,false,false,T.J.,,McConnell,,Ari,,57,38,2,1,1,,,,,5,2,40,Layup Shot,3,Field Goal Made,0,0,0,235,235,
2,14,59,Sam Dower misses a jump shot from 18 feet out.,88925,,true,false,false,Sam,,Dower,,Gonz,,57,38,2,1,1,,,,,7,2,45,Jump Shot,4,Field Goal Missed,18,1.1,17.9,309,309,
2,14,59,Nick Johnson with a defensive rebound.,109666,,true,false,false,Nick,,Johnson,,Ari,,57,38,2,1,0,,,,,11,,,,6,Defensive Rebound,,,,235,235,
2,14,48,Nick Johnson misses a layup shot.,109666,,true,false,false,Nick,,Johnson,,Ari,,57,38,2,1,0,,,,,11,2,40,Layup Shot,4,Field Goal Missed,0,0,0,235,235,
2,14,48,Sam Dower with a defensive rebound.,88925,,true,false,false,Sam,,Dower,,Gonz,,57,38,2,1,1,,,,,7,,,,6,Defensive Rebound,,,,309,309,
2,14,46,David Stockton with a lost ball turnover: Lost Ball,89766,,true,false,false,David,,Stockton,,Gonz,,57,38,2,1,3,,,,,8,,2,Lost Ball,7,Turnover,,,,309,309,
2,14,24,Kaleb Tarczewski misses a jump shot from 18 feet out.,116486,,true,false,false,Kaleb,,Tarczewski,,Ari,,57,38,2,1,2,,,,,4,2,45,Jump Shot,4,Field Goal Missed,18,-17.6,2.1,235,235,
2,14,24,Sam Dower with a defensive rebound.,88925,,true,false,false,Sam,,Dower,,Gonz,,57,38,2,1,1,,,,,7,,,,6,Defensive Rebound,,,,309,309,
2,14,06,Drew Barham misses a 3-point jump shot from 23 feet out.,89774,,true,false,false,Drew,,Barham,,Gonz,,57,38,2,1,0,,,,,0,3,45,Jump Shot,4,Field Goal Missed,23,-22.5,.8,309,309,
2,14,06,Rondae Hollis-Jefferson with a defensive rebound.,120792,,true,false,false,Rondae,,Hollis-Jefferson,,Ari,,57,38,2,1,0,,,,,12,,,,6,Defensive Rebound,,,,235,235,
2,13,54,Aaron Gordon makes a dunk shot. Rondae Hollis-Jefferson with the assist.,120791,120792,true,true,false,Aaron,Rondae,Gordon,Hollis-Jefferson,Ari,Ari,59,38,2,1,3,,,,,14,2,48,Dunk Shot,3,Field Goal Made,0,0,0,235,235,
2,13,47,Personal foul committed by Nick Johnson.,109666,,true,false,false,Nick,,Johnson,,Ari,,59,38,2,2,1,,,,,11,,1,Personal,8,Foul,,,,235,235,
2,13,30,Przemek Karnowski misses a layup shot.,117527,,true,false,false,Przemek,,Karnowski,,Gonz,,59,38,2,2,2,,,,,6,2,40,Layup Shot,4,Field Goal Missed,0,0,0,309,309,
2,13,30,Przemek Karnowski with an offensive rebound.,117527,,true,false,false,Przemek,,Karnowski,,Gonz,,59,38,2,2,2,,,,,6,,,,5,Offensive Rebound,,,,309,309,
2,13,26,Przemek Karnowski makes a layup shot.,117527,,true,false,false,Przemek,,Karnowski,,Gonz,,59,40,2,2,2,,,,,8,2,40,Layup Shot,3,Field Goal Made,0,0,0,309,309,
2,13,12,Aaron Gordon misses a 3-point jump shot from 23 feet out.,120791,,true,false,false,Aaron,,Gordon,,Ari,,59,40,2,2,3,,,,,14,3,45,Jump Shot,4,Field Goal Missed,23,-16.9,15.7,235,235,
2,13,12,Przemek Karnowski with a defensive rebound.,117527,,true,false,false,Przemek,,Karnowski,,Gonz,,59,40,2,2,2,,,,,8,,,,6,Defensive Rebound,,,,309,309,
2,13,04,Drew Barham makes a 3-point jump shot from 22 feet out. David Stockton with the assist.,89774,89766,true,true,false,Drew,David,Barham,Stockton,Gonz,Gonz,59,43,2,2,0,,,,,3,3,45,Jump Shot,3,Field Goal Made,22,-21.3,6.9,309,309,
2,12,45,Offensive foul committed by Matt Korcheck.,116485,,true,false,false,Matt,,Korcheck,,Ari,,59,43,2,3,2,,,,,2,,4,Offensive,8,Foul,,,,235,235,
2,12,45,Matt Korcheck with a  turnover:,116485,,true,false,false,Matt,,Korcheck,,Ari,,59,43,2,3,2,,,,,2,,,,7,Turnover,,,,235,235,
2,12,30,Kevin Pangos with a lost ball turnover: Lost Ball,110267,,true,false,false,Kevin,,Pangos,,Gonz,,59,43,2,3,0,,,,,9,,2,Lost Ball,7,Turnover,,,,309,309,
2,12,17,Shooting foul committed by Kyle Dranginis.,110266,,true,false,false,Kyle,,Dranginis,,Gonz,,59,43,3,3,2,,,,,2,,2,Shooting,8,Foul,,,,309,309,
2,12,17,Rondae Hollis-Jefferson makes free throw 1 of 2.,120792,,true,false,false,Rondae,,Hollis-Jefferson,,Ari,,60,43,3,3,0,,,,,13,1,11,Free Throw 1 of 2,1,Free Throw Made,,,,235,235,
2,12,17,Rondae Hollis-Jefferson makes free throw 2 of 2.,120792,,true,false,false,Rondae,,Hollis-Jefferson,,Ari,,61,43,3,3,0,,,,,14,1,12,Free Throw 2 of 2,1,Free Throw Made,,,,235,235,
2,11,59,"Gary Bell, Jr. misses a jump shot from 8 feet out.",110268,,true,false,false,Gary,,"Bell, Jr.",,Gonz,,61,43,3,3,1,,,,,0,2,45,Jump Shot,4,Field Goal Missed,8,4.7,6.9,309,309,
2,11,59,Ari with a defensive rebound.,,,false,false,false,,,,,,,61,43,3,3,0,,,,,0,,,,6,Defensive Rebound,,,,235,235,
2,11,59,Personal foul committed by Przemek Karnowski.,117527,,true,false,false,Przemek,,Karnowski,,Gonz,,61,43,4,3,3,,,,,8,,1,Personal,8,Foul,,,,309,309,
2,11,59,Official's timeout.,,,false,false,false,,,,,,,61,43,4,3,0,,,,,0,,4,Official,11,Timeout,,,,235,235,
2,11,47,Aaron Gordon with a lost ball turnover: Lost Ball,120791,,true,false,false,Aaron,,Gordon,,Ari,,61,43,4,3,3,,,,,14,,2,Lost Ball,7,Turnover,,,,235,235,
2,11,42,David Stockton misses a layup shot.,89766,,true,false,false,David,,Stockton,,Gonz,,61,43,4,3,3,,,,,8,2,40,Layup Shot,4,Field Goal Missed,0,0,0,309,309,
2,11,42,Ari with a defensive rebound.,,,false,false,false,,,,,,,61,43,4,3,0,,,,,0,,,,6,Defensive Rebound,,,,235,235,
2,11,16,T.J. McConnell misses a jump shot from 19 feet out.,97341,,true,false,false,T.J.,,McConnell,,Ari,,61,43,4,3,1,,,,,5,2,45,Jump Shot,4,Field Goal Missed,19,13,13.7,235,235,
2,11,16,Ari with an offensive rebound.,,,false,false,false,,,,,,,61,43,4,3,0,,,,,0,,,,5,Offensive Rebound,,,,235,235,
2,11,16,Personal foul committed by Drew Barham.,89774,,true,false,false,Drew,,Barham,,Gonz,,61,43,5,3,1,,,,,3,,1,Personal,8,Foul,,,,309,309,
2,10,55,Kaleb Tarczewski misses a jump shot from 7 feet out.,116486,,true,false,false,Kaleb,,Tarczewski,,Ari,,61,43,5,3,2,,,,,4,2,45,Jump Shot,4,Field Goal Missed,7,5.7,4.8,235,235,
2,10,55,Aaron Gordon with an offensive rebound.,120791,,true,false,false,Aaron,,Gordon,,Ari,,61,43,5,3,3,,,,,14,,,,5,Offensive Rebound,,,,235,235,
2,10,50,Aaron Gordon makes a dunk shot.,120791,,true,false,false,Aaron,,Gordon,,Ari,,63,43,5,3,3,,,,,16,2,48,Dunk Shot,3,Field Goal Made,0,0,0,235,235,
2,10,37,David Stockton with a bad pass turnover: Bad Pass,89766,,true,false,false,David,,Stockton,,Gonz,,63,43,5,3,3,,,,,8,,1,Bad Pass,7,Turnover,,,,309,309,
2,10,22,Shooting foul committed by David Stockton.,89766,,true,false,false,David,,Stockton,,Gonz,,63,43,6,3,4,,,,,8,,2,Shooting,8,Foul,,,,309,309,
2,10,22,Nick Johnson makes free throw 1 of 2.,109666,,true,false,false,Nick,,Johnson,,Ari,,64,43,6,3,1,,,,,12,1,11,Free Throw 1 of 2,1,Free Throw Made,,,,235,235,
2,10,22,Nick Johnson misses free throw 2 of 2.,109666,,true,false,false,Nick,,Johnson,,Ari,,64,43,6,3,1,,,,,12,1,12,Free Throw 2 of 2,2,Free Throw Missed,,,,235,235,
2,10,22,Kevin Pangos with a defensive rebound.,110267,,true,false,false,Kevin,,Pangos,,Gonz,,64,43,6,3,0,,,,,9,,,,6,Defensive Rebound,,,,309,309,
2,10,20,Personal foul committed by Nick Johnson.,109666,,true,false,false,Nick,,Johnson,,Ari,,64,43,6,4,2,,,,,12,,1,Personal,8,Foul,,,,235,235,
2,9,56,Sam Dower misses a jump shot from 17 feet out.,88925,,true,false,false,Sam,,Dower,,Gonz,,64,43,6,4,1,,,,,7,2,45,Jump Shot,4,Field Goal Missed,17,-17.1,.9,309,309,
2,9,56,Nick Johnson with a defensive rebound.,109666,,true,false,false,Nick,,Johnson,,Ari,,64,43,6,4,2,,,,,12,,,,6,Defensive Rebound,,,,235,235,
2,9,46,Nick Johnson makes a layup shot. T.J. McConnell with the assist.,109666,97341,true,true,false,Nick,T.J.,Johnson,McConnell,Ari,Ari,66,43,6,4,2,,,,,14,2,40,Layup Shot,3,Field Goal Made,0,0,0,235,235,
2,9,37,Kevin Pangos misses a 3-point jump shot from 23 feet out.,110267,,true,false,false,Kevin,,Pangos,,Gonz,,66,43,6,4,0,,,,,9,3,45,Jump Shot,4,Field Goal Missed,23,14.5,17.8,309,309,
2,9,37,"Gary Bell, Jr. with an offensive rebound.",110268,,true,false,false,Gary,,"Bell, Jr.",,Gonz,,66,43,6,4,1,,,,,0,,,,5,Offensive Rebound,,,,309,309,
2,9,21,Sam Dower with a lost ball turnover: Lost Ball,88925,,true,false,false,Sam,,Dower,,Gonz,,66,43,6,4,1,,,,,7,,2,Lost Ball,7,Turnover,,,,309,309,
2,9,14,Nick Johnson misses a 3-point jump shot from 23 feet out.,109666,,true,false,false,Nick,,Johnson,,Ari,,66,43,6,4,2,,,,,14,3,45,Jump Shot,4,Field Goal Missed,23,23,1.1,235,235,
2,9,14,Przemek Karnowski with a defensive rebound.,117527,,true,false,false,Przemek,,Karnowski,,Gonz,,66,43,6,4,3,,,,,8,,,,6,Defensive Rebound,,,,309,309,
2,8,57,Przemek Karnowski makes a jump shot from 6 feet out. Sam Dower with the assist.,117527,88925,true,true,false,Przemek,Sam,Karnowski,Dower,Gonz,Gonz,66,45,6,4,3,,,,,10,2,45,Jump Shot,3,Field Goal Made,6,5.5,3.3,309,309,
2,8,33,Gabe York misses a 3-point jump shot from 23 feet out.,116487,,true,false,false,Gabe,,York,,Ari,,66,45,6,4,1,,,,,11,3,45,Jump Shot,4,Field Goal Missed,23,-14.2,18.4,235,235,
2,8,33,"Gary Bell, Jr. with a defensive rebound.",110268,,true,false,false,Gary,,"Bell, Jr.",,Gonz,,66,45,6,4,1,,,,,0,,,,6,Defensive Rebound,,,,309,309,
2,8,19,Shooting foul committed by Kaleb Tarczewski.,116486,,true,false,false,Kaleb,,Tarczewski,,Ari,,66,45,6,5,3,,,,,4,,2,Shooting,8,Foul,,,,235,235,
2,8,19,Przemek Karnowski makes free throw 1 of 2.,117527,,true,false,false,Przemek,,Karnowski,,Gonz,,66,46,6,5,3,,,,,11,1,11,Free Throw 1 of 2,1,Free Throw Made,,,,309,309,
2,8,19,Gonz take a full timeout.,,,false,false,false,,,,,,,66,46,6,5,0,,,,,0,,1,Regular,11,Timeout,,,,309,309,
2,8,19,Przemek Karnowski makes free throw 2 of 2.,117527,,true,false,false,Przemek,,Karnowski,,Gonz,,66,47,6,5,3,,,,,12,1,12,Free Throw 2 of 2,1,Free Throw Made,,,,309,309,
2,7,58,Rondae Hollis-Jefferson makes a hook shot from 10 feet out.,120792,,true,false,false,Rondae,,Hollis-Jefferson,,Ari,,68,47,6,5,0,,,,,16,2,55,Hook Shot,3,Field Goal Made,10,-9.6,.4,235,235,
2,7,36,Przemek Karnowski misses a layup shot.,117527,,true,false,false,Przemek,,Karnowski,,Gonz,,68,47,6,5,3,,,,,12,2,40,Layup Shot,4,Field Goal Missed,0,0,0,309,309,
2,7,36,Matt Korcheck with a defensive rebound.,116485,,true,false,false,Matt,,Korcheck,,Ari,,68,47,6,5,2,,,,,2,,,,6,Defensive Rebound,,,,235,235,
2,7,30,Gabe York misses a layup shot.,116487,,true,false,false,Gabe,,York,,Ari,,68,47,6,5,1,,,,,11,2,40,Layup Shot,4,Field Goal Missed,0,0,0,235,235,
2,7,30,"Gary Bell, Jr. with a defensive rebound.",110268,,true,false,false,Gary,,"Bell, Jr.",,Gonz,,68,47,6,5,1,,,,,0,,,,6,Defensive Rebound,,,,309,309,
2,7,30,Personal foul committed by Matt Korcheck.,116485,,true,false,false,Matt,,Korcheck,,Ari,,68,47,6,6,3,,,,,2,,1,Personal,8,Foul,,,,235,235,
2,7,30,Official's timeout.,,,false,false,false,,,,,,,68,47,6,6,0,,,,,0,,4,Official,11,Timeout,,,,235,235,
2,7,15,Kevin Pangos misses a 3-point jump shot from 24 feet out.,110267,,true,false,false,Kevin,,Pangos,,Gonz,,68,47,6,6,0,,,,,9,3,45,Jump Shot,4,Field Goal Missed,24,14,19.6,309,309,
2,7,15,Drew Barham with an offensive rebound.,89774,,true,false,false,Drew,,Barham,,Gonz,,68,47,6,6,1,,,,,3,,,,5,Offensive Rebound,,,,309,309,
2,7,15,Shooting foul committed by Rondae Hollis-Jefferson.,120792,,true,false,false,Rondae,,Hollis-Jefferson,,Ari,,68,47,6,7,1,,,,,16,,2,Shooting,8,Foul,,,,235,235,
2,7,15,Drew Barham makes free throw 1 of 2.,89774,,true,false,false,Drew,,Barham,,Gonz,,68,48,6,7,1,,,,,4,1,11,Free Throw 1 of 2,1,Free Throw Made,,,,309,309,
2,7,15,Drew Barham makes free throw 2 of 2.,89774,,true,false,false,Drew,,Barham,,Gonz,,68,49,6,7,1,,,,,5,1,12,Free Throw 2 of 2,1,Free Throw Made,,,,309,309,
2,6,53,Personal foul committed by Kevin Pangos.,110267,,true,false,false,Kevin,,Pangos,,Gonz,,68,49,7,7,1,,,,,9,,1,Personal,8,Foul,,,,309,309,
2,6,53,T.J. McConnell makes free throw 1st of 1-and-1.,97341,,true,false,false,T.J.,,McConnell,,Ari,,69,49,7,7,1,,,,,6,1,8,Free Throw 1st of 1-and-1,1,Free Throw Made,,,,235,235,
2,6,53,T.J. McConnell misses free throw 2 of 2.,97341,,true,false,false,T.J.,,McConnell,,Ari,,69,49,7,7,1,,,,,6,1,12,Free Throw 2 of 2,2,Free Throw Missed,,,,235,235,
2,6,53,Drew Barham with a defensive rebound.,89774,,true,false,false,Drew,,Barham,,Gonz,,69,49,7,7,1,,,,,5,,,,6,Defensive Rebound,,,,309,309,
2,6,38,Przemek Karnowski with a bad pass turnover: Bad Pass,117527,,true,false,false,Przemek,,Karnowski,,Gonz,,69,49,7,7,3,,,,,12,,1,Bad Pass,7,Turnover,,,,309,309,
2,6,05,T.J. McConnell makes a 3-point jump shot from 23 feet out. Rondae Hollis-Jefferson with the assist.,97341,120792,true,true,false,T.J.,Rondae,McConnell,Hollis-Jefferson,Ari,Ari,72,49,7,7,1,,,,,9,3,45,Jump Shot,3,Field Goal Made,23,15.1,17.6,235,235,
2,5,45,Przemek Karnowski makes a hook shot from 7 feet out.,117527,,true,false,false,Przemek,,Karnowski,,Gonz,,72,51,7,7,3,,,,,14,2,55,Hook Shot,3,Field Goal Made,7,-6.7,2.3,309,309,
2,5,31,Kaleb Tarczewski makes a layup shot. T.J. McConnell with the assist.,116486,97341,true,true,false,Kaleb,T.J.,Tarczewski,McConnell,Ari,Ari,74,51,7,7,3,,,,,6,2,40,Layup Shot,3,Field Goal Made,0,0,0,235,235,
2,5,22,Kevin Pangos with a lost ball turnover: Lost Ball,110267,,true,false,false,Kevin,,Pangos,,Gonz,,74,51,7,7,1,,,,,9,,2,Lost Ball,7,Turnover,,,,309,309,
2,5,12,Rondae Hollis-Jefferson makes a layup shot. Aaron Gordon with the assist.,120792,120791,true,true,false,Rondae,Aaron,Hollis-Jefferson,Gordon,Ari,Ari,76,51,7,7,1,,,,,18,2,40,Layup Shot,3,Field Goal Made,0,0,0,235,235,
2,4,55,Kevin Pangos makes a 3-point jump shot from 25 feet out. Sam Dower with the assist.,110267,88925,true,true,false,Kevin,Sam,Pangos,Dower,Gonz,Gonz,76,54,7,7,1,,,,,12,3,45,Jump Shot,3,Field Goal Made,25,-17.6,18.1,309,309,
2,4,32,Kaleb Tarczewski misses a jump shot from 13 feet out.,116486,,true,false,false,Kaleb,,Tarczewski,,Ari,,76,54,7,7,3,,,,,6,2,45,Jump Shot,4,Field Goal Missed,13,-12.8,.8,235,235,
2,4,32,Ari with an offensive rebound.,,,false,false,false,,,,,,,76,54,7,7,0,,,,,0,,,,5,Offensive Rebound,,,,235,235,
2,4,12,Aaron Gordon with a lost ball turnover: Lost Ball,120791,,true,false,false,Aaron,,Gordon,,Ari,,76,54,7,7,3,,,,,16,,2,Lost Ball,7,Turnover,,,,235,235,
2,3,48,David Stockton misses a jump shot from 7 feet out.,89766,,true,false,false,David,,Stockton,,Gonz,,76,54,7,7,4,,,,,8,2,45,Jump Shot,4,Field Goal Missed,7,5,6,309,309,
2,3,48,Rondae Hollis-Jefferson with a defensive rebound.,120792,,true,false,false,Rondae,,Hollis-Jefferson,,Ari,,76,54,7,7,1,,,,,18,,,,6,Defensive Rebound,,,,235,235,
2,3,41,T.J. McConnell makes a 3-point jump shot from 23 feet out. Nick Johnson with the assist.,97341,109666,true,true,false,T.J.,Nick,McConnell,Johnson,Ari,Ari,79,54,7,7,1,,,,,12,3,45,Jump Shot,3,Field Goal Made,23,-22.5,2.6,235,235,
2,3,21,Shooting foul committed by Aaron Gordon.,120791,,true,false,false,Aaron,,Gordon,,Ari,,79,54,7,8,4,,,,,16,,2,Shooting,8,Foul,,,,235,235,
2,3,21,Official's timeout.,,,false,false,false,,,,,,,79,54,7,8,0,,,,,0,,4,Official,11,Timeout,,,,235,235,
2,3,21,Angel Nunez makes free throw 1 of 2.,110394,,true,false,false,Angel,,Nunez,,Gonz,,79,55,7,8,0,,,,,1,1,11,Free Throw 1 of 2,1,Free Throw Made,,,,309,309,
2,3,21,Angel Nunez makes free throw 2 of 2.,110394,,true,false,false,Angel,,Nunez,,Gonz,,79,56,7,8,0,,,,,2,1,12,Free Throw 2 of 2,1,Free Throw Made,,,,309,309,
2,3,01,Nick Johnson makes a 3-point jump shot from 24 feet out. Aaron Gordon with the assist.,109666,120791,true,true,false,Nick,Aaron,Johnson,Gordon,Ari,Ari,82,56,7,8,2,,,,,17,3,45,Jump Shot,3,Field Goal Made,24,0,24,235,235,
2,2,45,Angel Nunez misses a layup shot.,110394,,true,false,false,Angel,,Nunez,,Gonz,,82,56,7,8,0,,,,,2,2,40,Layup Shot,4,Field Goal Missed,0,0,0,309,309,
2,2,45,Rondae Hollis-Jefferson with a defensive rebound.,120792,,true,false,false,Rondae,,Hollis-Jefferson,,Ari,,82,56,7,8,1,,,,,18,,,,6,Defensive Rebound,,,,235,235,
2,2,20,Aaron Gordon makes a jump shot from 17 feet out. Rondae Hollis-Jefferson with the assist.,120791,120792,true,true,false,Aaron,Rondae,Gordon,Hollis-Jefferson,Ari,Ari,84,56,7,8,4,,,,,18,2,45,Jump Shot,3,Field Goal Made,17,9,14,235,235,
2,2,08,"Gary Bell, Jr. misses a 3-point jump shot from 24 feet out.",110268,,true,false,false,Gary,,"Bell, Jr.",,Gonz,,84,56,7,8,1,,,,,0,3,45,Jump Shot,4,Field Goal Missed,24,-18.3,15.6,309,309,
2,2,08,Kaleb Tarczewski with a defensive rebound.,116486,,true,false,false,Kaleb,,Tarczewski,,Ari,,84,56,7,8,3,,,,,6,,,,6,Defensive Rebound,,,,235,235,
2,2,04,Ari take a 20-second timeout.,,,false,false,false,,,,,,,84,56,7,8,0,,,,,0,,2,Short,11,Timeout,,,,235,235,
2,1,49,Rondae Hollis-Jefferson misses a jump shot from 7 feet out.,120792,,true,false,false,Rondae,,Hollis-Jefferson,,Ari,,84,56,7,8,1,,,,,18,2,45,Jump Shot,4,Field Goal Missed,7,1.3,6.9,235,235,
2,1,49,Angel Nunez with a defensive rebound.,110394,,true,false,false,Angel,,Nunez,,Gonz,,84,56,7,8,0,,,,,2,,,,6,Defensive Rebound,,,,309,309,
2,1,39,Drew Barham makes a 3-point jump shot from 23 feet out. Gerard Coleman with the assist.,89774,97686,true,true,false,Drew,Gerard,Barham,Coleman,Gonz,Gonz,84,59,7,8,1,,,,,8,3,45,Jump Shot,3,Field Goal Made,23,21,11,309,309,
2,1,12,Zach Peters misses a 3-point jump shot from 24 feet out.,116554,,true,false,false,Zach,,Peters,,Ari,,84,59,7,8,0,,,,,0,3,45,Jump Shot,4,Field Goal Missed,24,-12.8,20.5,235,235,
2,1,12,Przemek Karnowski with a defensive rebound.,117527,,true,false,false,Przemek,,Karnowski,,Gonz,,84,59,7,8,3,,,,,14,,,,6,Defensive Rebound,,,,309,309,
2,1,04,Shooting foul committed by Zach Peters.,116554,,true,false,false,Zach,,Peters,,Ari,,84,59,7,9,1,,,,,0,,2,Shooting,8,Foul,,,,235,235,
2,1,04,David Stockton makes free throw 1 of 2.,89766,,true,false,false,David,,Stockton,,Gonz,,84,60,7,9,4,,,,,9,1,11,Free Throw 1 of 2,1,Free Throw Made,,,,309,309,
2,1,04,David Stockton makes free throw 2 of 2.,89766,,true,false,false,David,,Stockton,,Gonz,,84,61,7,9,4,,,,,10,1,12,Free Throw 2 of 2,1,Free Throw Made,,,,309,309,
2,0,34.8,Zach Peters misses a 3-point jump shot from 23 feet out.,116554,,true,false,false,Zach,,Peters,,Ari,,84,61,7,9,1,,,,,0,3,45,Jump Shot,4,Field Goal Missed,23,22.4,3.8,235,235,
2,0,34.8,Matt Korcheck with an offensive rebound.,116485,,true,false,false,Matt,,Korcheck,,Ari,,84,61,7,9,3,,,,,2,,,,5,Offensive Rebound,,,,235,235,
2,0,00,Elliott Pitts misses a 3-point jump shot from 24 feet out.,120794,,true,false,false,Elliott,,Pitts,,Ari,,84,61,7,9,0,,,,,0,3,45,Jump Shot,4,Field Goal Missed,24,-13.2,19.6,235,235,
2,0,00,Matt Korcheck with an offensive rebound.,116485,,true,false,false,Matt,,Korcheck,,Ari,,84,61,7,9,3,,,,,2,,,,5,Offensive Rebound,,,,235,235,
2,0,00,End of the 2nd Half,,,false,false,false,,,,,,,84,61,7,9,0,,,,,0,,,,15,End Period,,,,235,235,
2,0,00,End of the Game,,,false,false,false,,,,,,,84,61,7,9,0,,,,,0,,,,19,Game Over,,,,235,235,
