half,time-minutes,time-seconds,details,player1-id,player2-id,player1-linkable,player2-linkable,player3-linkable,player-first-name-1,player-first-name-2,player-last-name-1,player-last-name-2,player-team-alias-1,player-team-alias-2,home-score,visitor-score,visitor-fouls,home-fouls,player-fouls,fastbreak,in-paint,second-chance,off-turnover,player-score,points-type,detail-id,detail-desc,event-id,event-desc,distance,x-coord,y-coord,team-id-1,team-id-2,team-id-3
1,20,00,Start of the 1st Half,,,false,false,false,,,,,,,0,0,0,0,0,,,,,0,,,,14,Start Period,,,,210,210,
1,19,19,Josh Davis misses a jump shot from 9 feet out.,88229,,true,false,false,Josh,,Davis,,SDSU,,0,0,0,0,0,,,,,0,2,45,Jump Shot,4,Field Goal Missed,9,-5.7,6.5,210,210,
1,19,19,TrayVonn Wright with a defensive rebound.,98582,,true,false,false,TrayVonn,,Wright,,NDakSt,,0,0,0,0,0,,,,,0,,,,6,Defensive Rebound,,,,679,679,
1,18,54,Taylor Braun makes a jump shot from 14 feet out.,89340,,true,false,false,Taylor,,Braun,,NDakSt,,0,2,0,0,0,,,,,2,2,45,Jump Shot,3,Field Goal Made,14,.1,13.7,679,679,
1,18,34,Personal foul committed by TrayVonn Wright.,98582,,true,false,false,TrayVonn,,Wright,,NDakSt,,0,2,1,0,1,,,,,0,,1,Personal,8,Foul,,,,679,679,
1,18,27,Xavier Thames misses a jump shot from 12 feet out.,88783,,true,false,false,Xavier,,Thames,,SDSU,,0,2,1,0,0,,,,,0,2,45,Jump Shot,4,Field Goal Missed,12,6.4,10.4,210,210,
1,18,27,TrayVonn Wright with a defensive rebound.,98582,,true,false,false,TrayVonn,,Wright,,NDakSt,,0,2,1,0,1,,,,,0,,,,6,Defensive Rebound,,,,679,679,
1,18,17,Kory Brown misses a jump shot from 17 feet out.,116930,,true,false,false,Kory,,Brown,,NDakSt,,0,2,1,0,0,,,,,0,2,45,Jump Shot,4,Field Goal Missed,17,-14.9,8.9,679,679,
1,18,17,Josh Davis with a defensive rebound.,88229,,true,false,false,Josh,,Davis,,SDSU,,0,2,1,0,0,,,,,0,,,,6,Defensive Rebound,,,,210,210,
1,18,02,Xavier Thames makes a 3-point jump shot from 25 feet out.,88783,,true,false,false,Xavier,,Thames,,SDSU,,3,2,1,0,0,,,,,3,3,45,Jump Shot,3,Field Goal Made,25,10.1,22.7,210,210,
1,17,32,Lawrence Alexander makes a 3-point jump shot from 24 feet out. Kory Brown with the assist.,110154,116930,true,true,false,Lawrence,Kory,Alexander,Brown,NDakSt,NDakSt,3,5,1,0,0,,,,,3,3,45,Jump Shot,3,Field Goal Made,24,-8.6,22,679,679,
1,17,18,Xavier Thames misses a layup shot.,88783,,true,false,false,Xavier,,Thames,,SDSU,,3,5,1,0,0,,,,,3,2,40,Layup Shot,4,Field Goal Missed,0,0,0,210,210,
1,17,18,Marshall Bjorklund with a defensive rebound.,98583,,true,false,false,Marshall,,Bjorklund,,NDakSt,,3,5,1,0,0,,,,,0,,,,6,Defensive Rebound,,,,679,679,
1,16,49,TrayVonn Wright makes a jump shot from 18 feet out.,98582,,true,false,false,TrayVonn,,Wright,,NDakSt,,3,7,1,0,1,,,,,2,2,45,Jump Shot,3,Field Goal Made,18,-17.9,1.9,679,679,
1,16,27,Xavier Thames makes a 3-point jump shot from 24 feet out. Josh Davis with the assist.,88783,88229,true,true,false,Xavier,Josh,Thames,Davis,SDSU,SDSU,6,7,1,0,0,,,,,6,3,45,Jump Shot,3,Field Goal Made,24,-12.3,20.5,210,210,
1,15,51,TrayVonn Wright misses a layup shot.,98582,,true,false,false,TrayVonn,,Wright,,NDakSt,,6,7,1,0,1,,,,,2,2,40,Layup Shot,4,Field Goal Missed,0,0,0,679,679,
1,15,51,TrayVonn Wright with an offensive rebound.,98582,,true,false,false,TrayVonn,,Wright,,NDakSt,,6,7,1,0,1,,,,,2,,,,5,Offensive Rebound,,,,679,679,
1,15,40,Lawrence Alexander misses a 3-point jump shot from 27 feet out.,110154,,true,false,false,Lawrence,,Alexander,,NDakSt,,6,7,1,0,0,,,,,3,3,45,Jump Shot,4,Field Goal Missed,27,-9.6,25.1,679,679,
1,15,40,Dwayne Polee II with a defensive rebound.,97695,,true,false,false,Dwayne,,Polee II,,SDSU,,6,7,1,0,0,,,,,0,,,,6,Defensive Rebound,,,,210,210,
1,15,33,Xavier Thames misses a 3-point jump shot from 25 feet out.,88783,,true,false,false,Xavier,,Thames,,SDSU,,6,7,1,0,0,,,,,6,3,45,Jump Shot,4,Field Goal Missed,25,-8.8,23.2,210,210,
1,15,33,TrayVonn Wright with a defensive rebound.,98582,,true,false,false,TrayVonn,,Wright,,NDakSt,,6,7,1,0,1,,,,,2,,,,6,Defensive Rebound,,,,679,679,
1,15,23,Marshall Bjorklund misses a jump shot from 11 feet out.,98583,,true,false,false,Marshall,,Bjorklund,,NDakSt,,6,7,1,0,0,,,,,0,2,45,Jump Shot,4,Field Goal Missed,11,10.5,2.3,679,679,
1,15,23,Dwayne Polee II with a defensive rebound.,97695,,true,false,false,Dwayne,,Polee II,,SDSU,,6,7,1,0,0,,,,,0,,,,6,Defensive Rebound,,,,210,210,
1,15,17,Shooting foul committed by Lawrence Alexander.,110154,,true,false,false,Lawrence,,Alexander,,NDakSt,,6,7,2,0,1,,,,,3,,2,Shooting,8,Foul,,,,679,679,
1,15,17,Official TV timeout.,,,false,false,false,,,,,,,6,7,2,0,0,,,,,0,,3,Official TV,11,Timeout,,,,210,210,
1,15,17,Winston Shepard misses free throw 1 of 2.,116431,,true,false,false,Winston,,Shepard,,SDSU,,6,7,2,0,0,,,,,0,1,11,Free Throw 1 of 2,2,Free Throw Missed,,,,210,210,
1,15,17,SDSU with an offensive rebound.,,,false,false,false,,,,,,,6,7,2,0,0,,,,,0,,,,5,Offensive Rebound,,,,210,210,
1,15,17,Winston Shepard makes free throw 2 of 2.,116431,,true,false,false,Winston,,Shepard,,SDSU,,7,7,2,0,0,,,,,1,1,12,Free Throw 2 of 2,1,Free Throw Made,,,,210,210,
1,15,11,Personal foul committed by Dwayne Polee II.,97695,,true,false,false,Dwayne,,Polee II,,SDSU,,7,7,2,1,1,,,,,0,,1,Personal,8,Foul,,,,210,210,
1,14,56,Personal foul committed by Skylar Spencer.,116433,,true,false,false,Skylar,,Spencer,,SDSU,,7,7,2,2,1,,,,,0,,1,Personal,8,Foul,,,,210,210,
1,14,28,Taylor Braun misses a jump shot from 14 feet out.,89340,,true,false,false,Taylor,,Braun,,NDakSt,,7,7,2,2,0,,,,,2,2,45,Jump Shot,4,Field Goal Missed,14,3.1,13.7,679,679,
1,14,28,Matt Shrigley with a defensive rebound.,116432,,true,false,false,Matt,,Shrigley,,SDSU,,7,7,2,2,0,,,,,0,,,,6,Defensive Rebound,,,,210,210,
1,14,18,Skylar Spencer misses a layup shot.,116433,,true,false,false,Skylar,,Spencer,,SDSU,,7,7,2,2,1,,,,,0,2,40,Layup Shot,4,Field Goal Missed,0,0,0,210,210,
1,14,18,SDSU with an offensive rebound.,,,false,false,false,,,,,,,7,7,2,2,0,,,,,0,,,,5,Offensive Rebound,,,,210,210,
1,14,16,Shooting foul committed by TrayVonn Wright.,98582,,true,false,false,TrayVonn,,Wright,,NDakSt,,7,7,3,2,2,,,,,2,,2,Shooting,8,Foul,,,,679,679,
1,14,16,Josh Davis misses free throw 1 of 2.,88229,,true,false,false,Josh,,Davis,,SDSU,,7,7,3,2,0,,,,,0,1,11,Free Throw 1 of 2,2,Free Throw Missed,,,,210,210,
1,14,16,SDSU with an offensive rebound.,,,false,false,false,,,,,,,7,7,3,2,0,,,,,0,,,,5,Offensive Rebound,,,,210,210,
1,14,16,Josh Davis misses free throw 2 of 2.,88229,,true,false,false,Josh,,Davis,,SDSU,,7,7,3,2,0,,,,,0,1,12,Free Throw 2 of 2,2,Free Throw Missed,,,,210,210,
1,14,16,Chris Kading with a defensive rebound.,110155,,true,false,false,Chris,,Kading,,NDakSt,,7,7,3,2,0,,,,,0,,,,6,Defensive Rebound,,,,679,679,
1,13,48,Taylor Braun misses a 3-point jump shot from 24 feet out.,89340,,true,false,false,Taylor,,Braun,,NDakSt,,7,7,3,2,0,,,,,2,3,45,Jump Shot,4,Field Goal Missed,24,-6,23.7,679,679,
1,13,48,Josh Davis with a defensive rebound.,88229,,true,false,false,Josh,,Davis,,SDSU,,7,7,3,2,0,,,,,0,,,,6,Defensive Rebound,,,,210,210,
1,13,35,Dwayne Polee II misses a jump shot from 12 feet out.,97695,,true,false,false,Dwayne,,Polee II,,SDSU,,7,7,3,2,1,,,,,0,2,45,Jump Shot,4,Field Goal Missed,12,11.3,2.1,210,210,
1,13,35,Lawrence Alexander with a defensive rebound.,110154,,true,false,false,Lawrence,,Alexander,,NDakSt,,7,7,3,2,1,,,,,3,,,,6,Defensive Rebound,,,,679,679,
1,13,16,Kory Brown makes a jump shot from 18 feet out. Lawrence Alexander with the assist.,116930,110154,true,true,false,Kory,Lawrence,Brown,Alexander,NDakSt,NDakSt,7,9,3,2,0,,,,,2,2,45,Jump Shot,3,Field Goal Made,18,-17.4,2.3,679,679,
1,12,48,Dwayne Polee II misses a jump shot from 17 feet out.,97695,,true,false,false,Dwayne,,Polee II,,SDSU,,7,9,3,2,1,,,,,0,2,45,Jump Shot,4,Field Goal Missed,17,-16.4,4.8,210,210,
1,12,48,Lawrence Alexander with a defensive rebound.,110154,,true,false,false,Lawrence,,Alexander,,NDakSt,,7,9,3,2,1,,,,,3,,,,6,Defensive Rebound,,,,679,679,
1,12,33,Chris Kading misses a hook shot from 8 feet out.,110155,,true,false,false,Chris,,Kading,,NDakSt,,7,9,3,2,0,,,,,0,2,55,Hook Shot,4,Field Goal Missed,8,7.7,2.8,679,679,
1,12,33,Josh Davis with a defensive rebound.,88229,,true,false,false,Josh,,Davis,,SDSU,,7,9,3,2,0,,,,,0,,,,6,Defensive Rebound,,,,210,210,
1,12,23,Xavier Thames misses a jump shot from 20 feet out.,88783,,true,false,false,Xavier,,Thames,,SDSU,,7,9,3,2,0,,,,,6,2,45,Jump Shot,4,Field Goal Missed,20,14.9,12.7,210,210,
1,12,23,Josh Davis with an offensive rebound.,88229,,true,false,false,Josh,,Davis,,SDSU,,7,9,3,2,0,,,,,0,,,,5,Offensive Rebound,,,,210,210,
1,12,09,Shooting foul committed by Chris Kading.,110155,,true,false,false,Chris,,Kading,,NDakSt,,7,9,4,2,1,,,,,0,,2,Shooting,8,Foul,,,,679,679,
1,12,09,Xavier Thames makes free throw 1 of 2.,88783,,true,false,false,Xavier,,Thames,,SDSU,,8,9,4,2,0,,,,,7,1,11,Free Throw 1 of 2,1,Free Throw Made,,,,210,210,
1,12,09,Xavier Thames makes free throw 2 of 2.,88783,,true,false,false,Xavier,,Thames,,SDSU,,9,9,4,2,0,,,,,8,1,12,Free Throw 2 of 2,1,Free Throw Made,,,,210,210,
1,11,52,Taylor Braun misses a jump shot from 17 feet out.,89340,,true,false,false,Taylor,,Braun,,NDakSt,,9,9,4,2,0,,,,,2,2,45,Jump Shot,4,Field Goal Missed,17,-15.4,7,679,679,
1,11,52,Jordan Aaberg with an offensive rebound.,89341,,true,false,false,Jordan,,Aaberg,,NDakSt,,9,9,4,2,0,,,,,0,,,,5,Offensive Rebound,,,,679,679,
1,11,48,Jordan Aaberg with a lost ball turnover: Lost Ball,89341,,true,false,false,Jordan,,Aaberg,,NDakSt,,9,9,4,2,0,,,,,0,,2,Lost Ball,7,Turnover,,,,679,679,
1,11,41,Matt Shrigley misses a 3-point jump shot from 22 feet out.,116432,,true,false,false,Matt,,Shrigley,,SDSU,,9,9,4,2,0,,,,,0,3,45,Jump Shot,4,Field Goal Missed,22,-19.6,10.4,210,210,
1,11,41,Taylor Braun with a defensive rebound.,89340,,true,false,false,Taylor,,Braun,,NDakSt,,9,9,4,2,0,,,,,2,,,,6,Defensive Rebound,,,,679,679,
1,11,09,Lawrence Alexander misses a jump shot from 9 feet out.,110154,,true,false,false,Lawrence,,Alexander,,NDakSt,,9,9,4,2,1,,,,,3,2,45,Jump Shot,4,Field Goal Missed,9,7.6,5,679,679,
1,11,09,Dwayne Polee II with a defensive rebound.,97695,,true,false,false,Dwayne,,Polee II,,SDSU,,9,9,4,2,1,,,,,0,,,,6,Defensive Rebound,,,,210,210,
1,10,42,Aqeel Quinn makes a jump shot from 18 feet out.,97443,,true,false,false,Aqeel,,Quinn,,SDSU,,11,9,4,2,0,,,,,2,2,45,Jump Shot,3,Field Goal Made,18,15.1,8.9,210,210,
1,10,19,Jordan Aaberg misses a hook shot from 3 feet out.,89341,,true,false,false,Jordan,,Aaberg,,NDakSt,,11,9,4,2,0,,,,,0,2,55,Hook Shot,4,Field Goal Missed,3,-.3,3.1,679,679,
1,10,19,Kory Brown with an offensive rebound.,116930,,true,false,false,Kory,,Brown,,NDakSt,,11,9,4,2,0,,,,,2,,,,5,Offensive Rebound,,,,679,679,
1,10,11,Taylor Braun misses a layup shot.,89340,,true,false,false,Taylor,,Braun,,NDakSt,,11,9,4,2,0,,,,,2,2,40,Layup Shot,4,Field Goal Missed,0,0,0,679,679,
1,10,11,Jordan Aaberg with an offensive rebound.,89341,,true,false,false,Jordan,,Aaberg,,NDakSt,,11,9,4,2,0,,,,,0,,,,5,Offensive Rebound,,,,679,679,
1,10,07,Jordan Aaberg makes a layup shot.,89341,,true,false,false,Jordan,,Aaberg,,NDakSt,,11,11,4,2,0,,,,,2,2,40,Layup Shot,3,Field Goal Made,0,0,0,679,679,
1,9,36,JJ O'Brien misses a layup shot.,98068,,true,false,false,JJ,,O'Brien,,SDSU,,11,11,4,2,0,,,,,0,2,40,Layup Shot,4,Field Goal Missed,0,0,0,210,210,
1,9,36,Chris Kading with a defensive rebound.,110155,,true,false,false,Chris,,Kading,,NDakSt,,11,11,4,2,1,,,,,0,,,,6,Defensive Rebound,,,,679,679,
1,9,19,Chris Kading misses a hook shot from 5 feet out.,110155,,true,false,false,Chris,,Kading,,NDakSt,,11,11,4,2,1,,,,,0,2,55,Hook Shot,4,Field Goal Missed,5,-2.1,5,679,679,
1,9,19,Josh Davis with a defensive rebound.,88229,,true,false,false,Josh,,Davis,,SDSU,,11,11,4,2,0,,,,,0,,,,6,Defensive Rebound,,,,210,210,
1,9,05,Aqeel Quinn misses a jump shot from 8 feet out.,97443,,true,false,false,Aqeel,,Quinn,,SDSU,,11,11,4,2,0,,,,,2,2,45,Jump Shot,4,Field Goal Missed,8,5.5,6.2,210,210,
1,9,05,Taylor Braun with a defensive rebound.,89340,,true,false,false,Taylor,,Braun,,NDakSt,,11,11,4,2,0,,,,,2,,,,6,Defensive Rebound,,,,679,679,
1,9,01,Shooting foul committed by Aqeel Quinn.,97443,,true,false,false,Aqeel,,Quinn,,SDSU,,11,11,4,3,1,,,,,2,,2,Shooting,8,Foul,,,,210,210,
1,9,01,Official TV timeout.,,,false,false,false,,,,,,,11,11,4,3,0,,,,,0,,3,Official TV,11,Timeout,,,,210,210,
1,8,58,Kory Brown makes free throw 1 of 2.,116930,,true,false,false,Kory,,Brown,,NDakSt,,11,12,4,3,0,,,,,3,1,11,Free Throw 1 of 2,1,Free Throw Made,,,,679,679,
1,8,58,Kory Brown makes free throw 2 of 2.,116930,,true,false,false,Kory,,Brown,,NDakSt,,11,13,4,3,0,,,,,4,1,12,Free Throw 2 of 2,1,Free Throw Made,,,,679,679,
1,8,39,Xavier Thames makes a 3-point jump shot from 24 feet out. Winston Shepard with the assist.,88783,116431,true,true,false,Xavier,Winston,Thames,Shepard,SDSU,SDSU,14,13,4,3,0,,,,,11,3,45,Jump Shot,3,Field Goal Made,24,-11,22,210,210,
1,8,39,Shooting foul committed by Kory Brown.,116930,,true,false,false,Kory,,Brown,,NDakSt,,14,13,5,3,1,,,,,4,,2,Shooting,8,Foul,,,,679,679,
1,8,39,Xavier Thames makes free throw 1 of 1.,88783,,true,false,false,Xavier,,Thames,,SDSU,,15,13,5,3,0,,,,,12,1,10,Free Throw 1 of 1,1,Free Throw Made,,,,210,210,
1,8,16,Taylor Braun misses a 3-point jump shot from 24 feet out.,89340,,true,false,false,Taylor,,Braun,,NDakSt,,15,13,5,3,0,,,,,2,3,45,Jump Shot,4,Field Goal Missed,24,-2.1,24.2,679,679,
1,8,16,Aqeel Quinn with a defensive rebound.,97443,,true,false,false,Aqeel,,Quinn,,SDSU,,15,13,5,3,1,,,,,2,,,,6,Defensive Rebound,,,,210,210,
1,8,05,Winston Shepard misses a 3-point jump shot from 26 feet out.,116431,,true,false,false,Winston,,Shepard,,SDSU,,15,13,5,3,0,,,,,1,3,45,Jump Shot,4,Field Goal Missed,26,18.1,18.1,210,210,
1,8,05,Carlin Dupree with a defensive rebound.,121905,,true,false,false,Carlin,,Dupree,,NDakSt,,15,13,5,3,0,,,,,0,,,,6,Defensive Rebound,,,,679,679,
1,7,55,Taylor Braun misses a layup shot.,89340,,true,false,false,Taylor,,Braun,,NDakSt,,15,13,5,3,0,,,,,2,2,40,Layup Shot,4,Field Goal Missed,0,0,0,679,679,
1,7,55,NDakSt with an offensive rebound.,,,false,false,false,,,,,,,15,13,5,3,0,,,,,0,,,,5,Offensive Rebound,,,,679,679,
1,7,55,Official TV timeout.,,,false,false,false,,,,,,,15,13,5,3,0,,,,,0,,3,Official TV,11,Timeout,,,,210,210,
1,7,28,Kory Brown makes a 3-point jump shot from 25 feet out. Lawrence Alexander with the assist.,116930,110154,true,true,false,Kory,Lawrence,Brown,Alexander,NDakSt,NDakSt,15,16,5,3,1,,,,,7,3,45,Jump Shot,3,Field Goal Made,25,-2.8,24.4,679,679,
1,6,55,Winston Shepard with a lost ball turnover: Lost Ball,116431,,true,false,false,Winston,,Shepard,,SDSU,,15,16,5,3,0,,,,,1,,2,Lost Ball,7,Turnover,,,,210,210,
1,6,50,Carlin Dupree makes a layup shot.,121905,,true,false,false,Carlin,,Dupree,,NDakSt,,15,18,5,3,0,,,,,2,2,40,Layup Shot,3,Field Goal Made,0,0,0,679,679,
1,6,50,Shooting foul committed by Xavier Thames.,88783,,true,false,false,Xavier,,Thames,,SDSU,,15,18,5,4,1,,,,,12,,2,Shooting,8,Foul,,,,210,210,
1,6,50,Carlin Dupree misses free throw 1 of 1.,121905,,true,false,false,Carlin,,Dupree,,NDakSt,,15,18,5,4,0,,,,,2,1,10,Free Throw 1 of 1,2,Free Throw Missed,,,,679,679,
1,6,50,Josh Davis with a defensive rebound.,88229,,true,false,false,Josh,,Davis,,SDSU,,15,18,5,4,0,,,,,0,,,,6,Defensive Rebound,,,,210,210,
1,6,17,Xavier Thames misses a layup shot.,88783,,true,false,false,Xavier,,Thames,,SDSU,,15,18,5,4,1,,,,,12,2,40,Layup Shot,4,Field Goal Missed,0,0,0,210,210,
1,6,17,Kory Brown with a defensive rebound.,116930,,true,false,false,Kory,,Brown,,NDakSt,,15,18,5,4,1,,,,,7,,,,6,Defensive Rebound,,,,679,679,
1,6,13,Marshall Bjorklund makes a layup shot. Taylor Braun with the assist.,98583,89340,true,true,false,Marshall,Taylor,Bjorklund,Braun,NDakSt,NDakSt,15,20,5,4,0,,,,,2,2,40,Layup Shot,3,Field Goal Made,0,0,0,679,679,
1,5,52,Josh Davis makes a layup shot. Xavier Thames with the assist.,88229,88783,true,true,false,Josh,Xavier,Davis,Thames,SDSU,SDSU,17,20,5,4,0,,,,,2,2,40,Layup Shot,3,Field Goal Made,0,0,0,210,210,
1,5,46,NDakSt take a 20-second timeout.,,,false,false,false,,,,,,,17,20,5,4,0,,,,,0,,2,Short,11,Timeout,,,,679,679,
1,5,26,Lawrence Alexander misses a 3-point jump shot from 24 feet out.,110154,,true,false,false,Lawrence,,Alexander,,NDakSt,,17,20,5,4,1,,,,,3,3,45,Jump Shot,4,Field Goal Missed,24,-7.9,22.5,679,679,
1,5,26,Dwayne Polee II with a defensive rebound.,97695,,true,false,false,Dwayne,,Polee II,,SDSU,,17,20,5,4,1,,,,,0,,,,6,Defensive Rebound,,,,210,210,
1,5,10,Dwayne Polee II makes a layup shot.,97695,,true,false,false,Dwayne,,Polee II,,SDSU,,19,20,5,4,1,,,,,2,2,40,Layup Shot,3,Field Goal Made,0,0,0,210,210,
1,4,39,Taylor Braun misses a jump shot from 16 feet out.,89340,,true,false,false,Taylor,,Braun,,NDakSt,,19,20,5,4,0,,,,,2,2,45,Jump Shot,4,Field Goal Missed,16,-.3,15.9,679,679,
1,4,39,Dwayne Polee II with a defensive rebound.,97695,,true,false,false,Dwayne,,Polee II,,SDSU,,19,20,5,4,1,,,,,2,,,,6,Defensive Rebound,,,,210,210,
1,4,31,Xavier Thames misses a 3-point jump shot from 24 feet out.,88783,,true,false,false,Xavier,,Thames,,SDSU,,19,20,5,4,1,,,,,12,3,45,Jump Shot,4,Field Goal Missed,24,8.2,22.7,210,210,
1,4,31,Josh Davis with an offensive rebound.,88229,,true,false,false,Josh,,Davis,,SDSU,,19,20,5,4,0,,,,,2,,,,5,Offensive Rebound,,,,210,210,
1,4,17,Shooting foul committed by Mike Felt.,89338,,true,false,false,Mike,,Felt,,NDakSt,,19,20,6,4,1,,,,,0,,2,Shooting,8,Foul,,,,679,679,
1,4,17,Xavier Thames misses free throw 1 of 2.,88783,,true,false,false,Xavier,,Thames,,SDSU,,19,20,6,4,1,,,,,12,1,11,Free Throw 1 of 2,2,Free Throw Missed,,,,210,210,
1,4,17,SDSU with an offensive rebound.,,,false,false,false,,,,,,,19,20,6,4,0,,,,,0,,,,5,Offensive Rebound,,,,210,210,
1,4,17,Xavier Thames makes free throw 2 of 2.,88783,,true,false,false,Xavier,,Thames,,SDSU,,20,20,6,4,1,,,,,13,1,12,Free Throw 2 of 2,1,Free Throw Made,,,,210,210,
1,3,46,Marshall Bjorklund misses a hook shot from 7 feet out.,98583,,true,false,false,Marshall,,Bjorklund,,NDakSt,,20,20,6,4,0,,,,,2,2,55,Hook Shot,4,Field Goal Missed,7,6.4,2.6,679,679,
1,3,46,Matt Shrigley with a defensive rebound.,116432,,true,false,false,Matt,,Shrigley,,SDSU,,20,20,6,4,0,,,,,0,,,,6,Defensive Rebound,,,,210,210,
1,3,40,Dwayne Polee II makes a layup shot.,97695,,true,false,false,Dwayne,,Polee II,,SDSU,,22,20,6,4,1,,,,,4,2,40,Layup Shot,3,Field Goal Made,0,0,0,210,210,
1,3,10,Shooting foul committed by Skylar Spencer.,116433,,true,false,false,Skylar,,Spencer,,SDSU,,22,20,6,5,2,,,,,0,,2,Shooting,8,Foul,,,,210,210,
1,3,10,Official TV timeout.,,,false,false,false,,,,,,,22,20,6,5,0,,,,,0,,3,Official TV,11,Timeout,,,,210,210,
1,3,10,Taylor Braun makes free throw 1 of 2.,89340,,true,false,false,Taylor,,Braun,,NDakSt,,22,21,6,5,0,,,,,3,1,11,Free Throw 1 of 2,1,Free Throw Made,,,,679,679,
1,3,10,Taylor Braun misses free throw 2 of 2.,89340,,true,false,false,Taylor,,Braun,,NDakSt,,22,21,6,5,0,,,,,3,1,12,Free Throw 2 of 2,2,Free Throw Missed,,,,679,679,
1,3,10,Josh Davis with a defensive rebound.,88229,,true,false,false,Josh,,Davis,,SDSU,,22,21,6,5,0,,,,,2,,,,6,Defensive Rebound,,,,210,210,
1,2,51,Winston Shepard makes a layup shot. Xavier Thames with the assist.,116431,88783,true,true,false,Winston,Xavier,Shepard,Thames,SDSU,SDSU,24,21,6,5,0,,,,,3,2,40,Layup Shot,3,Field Goal Made,0,0,0,210,210,
1,2,25,Lawrence Alexander misses a 3-point jump shot from 22 feet out.,110154,,true,false,false,Lawrence,,Alexander,,NDakSt,,24,21,6,5,1,,,,,3,3,45,Jump Shot,4,Field Goal Missed,22,-21.3,3.1,679,679,
1,2,25,JJ O'Brien with a defensive rebound.,98068,,true,false,false,JJ,,O'Brien,,SDSU,,24,21,6,5,0,,,,,0,,,,6,Defensive Rebound,,,,210,210,
1,2,16,Xavier Thames misses a jump shot from 18 feet out.,88783,,true,false,false,Xavier,,Thames,,SDSU,,24,21,6,5,1,,,,,13,2,45,Jump Shot,4,Field Goal Missed,18,-4,17,210,210,
1,2,16,NDakSt with a defensive rebound.,,,false,false,false,,,,,,,24,21,6,5,0,,,,,0,,,,6,Defensive Rebound,,,,679,679,
1,2,12,Personal foul committed by Josh Davis.,88229,,true,false,false,Josh,,Davis,,SDSU,,24,21,6,6,1,,,,,2,,1,Personal,8,Foul,,,,210,210,
1,2,01,Marshall Bjorklund with a lost ball turnover: Lost Ball,98583,,true,false,false,Marshall,,Bjorklund,,NDakSt,,24,21,6,6,0,,,,,2,,2,Lost Ball,7,Turnover,,,,679,679,
1,1,32,Xavier Thames makes a 3-point jump shot from 24 feet out.,88783,,true,false,false,Xavier,,Thames,,SDSU,,27,21,6,6,1,,,,,16,3,45,Jump Shot,3,Field Goal Made,24,7.6,23,210,210,
1,1,29,SDSU take a 20-second timeout.,,,false,false,false,,,,,,,27,21,6,6,0,,,,,0,,2,Short,11,Timeout,,,,210,210,
1,1,12,Taylor Braun misses a 3-point jump shot from 24 feet out.,89340,,true,false,false,Taylor,,Braun,,NDakSt,,27,21,6,6,0,,,,,3,3,45,Jump Shot,4,Field Goal Missed,24,-14.4,19.1,679,679,
1,1,12,JJ O'Brien with a defensive rebound.,98068,,true,false,false,JJ,,O'Brien,,SDSU,,27,21,6,6,0,,,,,0,,,,6,Defensive Rebound,,,,210,210,
1,0,59.5,Xavier Thames misses a 3-point jump shot from 24 feet out.,88783,,true,false,false,Xavier,,Thames,,SDSU,,27,21,6,6,1,,,,,16,3,45,Jump Shot,4,Field Goal Missed,24,4.2,23.2,210,210,
1,0,59.5,Taylor Braun with a defensive rebound.,89340,,true,false,false,Taylor,,Braun,,NDakSt,,27,21,6,6,0,,,,,3,,,,6,Defensive Rebound,,,,679,679,
1,0,45.1,Personal foul committed by Josh Davis.,88229,,true,false,false,Josh,,Davis,,SDSU,,27,21,6,7,2,,,,,2,,1,Personal,8,Foul,,,,210,210,
1,0,45.1,Kory Brown makes free throw 1st of 1-and-1.,116930,,true,false,false,Kory,,Brown,,NDakSt,,27,22,6,7,1,,,,,8,1,8,Free Throw 1st of 1-and-1,1,Free Throw Made,,,,679,679,
1,0,45.1,Kory Brown makes free throw 2 of 2.,116930,,true,false,false,Kory,,Brown,,NDakSt,,27,23,6,7,1,,,,,9,1,12,Free Throw 2 of 2,1,Free Throw Made,,,,679,679,
1,0,27.7,Dwayne Polee II makes a 3-point jump shot from 24 feet out. Josh Davis with the assist.,97695,88229,true,true,false,Dwayne,Josh,Polee II,Davis,SDSU,SDSU,30,23,6,7,1,,,,,7,3,45,Jump Shot,3,Field Goal Made,24,8,22,210,210,
1,0,06.1,Taylor Braun misses a jump shot from 9 feet out.,89340,,true,false,false,Taylor,,Braun,,NDakSt,,30,23,6,7,0,,,,,3,2,45,Jump Shot,4,Field Goal Missed,9,.1,8.9,679,679,
1,0,06.1,Dwayne Polee II with a defensive rebound.,97695,,true,false,false,Dwayne,,Polee II,,SDSU,,30,23,6,7,1,,,,,7,,,,6,Defensive Rebound,,,,210,210,
1,0,00,End of the 1st Half,,,false,false,false,,,,,,,30,23,6,7,0,,,,,0,,,,15,End Period,,,,210,210,
2,20,00,Start of the 2nd Half,,,false,false,false,,,,,,,30,23,0,0,0,,,,,0,,,,14,Start Period,,,,210,210,
2,19,42,Marshall Bjorklund misses a jump shot from 8 feet out.,98583,,true,false,false,Marshall,,Bjorklund,,NDakSt,,30,23,0,0,0,,,,,2,2,45,Jump Shot,4,Field Goal Missed,8,.4,7.9,679,679,
2,19,42,Winston Shepard with a defensive rebound.,116431,,true,false,false,Winston,,Shepard,,SDSU,,30,23,0,0,0,,,,,3,,,,6,Defensive Rebound,,,,210,210,
2,19,25,Winston Shepard misses a jump shot from 12 feet out.,116431,,true,false,false,Winston,,Shepard,,SDSU,,30,23,0,0,0,,,,,3,2,45,Jump Shot,4,Field Goal Missed,12,-3.8,11.8,210,210,
2,19,25,Skylar Spencer with an offensive rebound.,116433,,true,false,false,Skylar,,Spencer,,SDSU,,30,23,0,0,2,,,,,0,,,,5,Offensive Rebound,,,,210,210,
2,19,09,Personal foul committed by TrayVonn Wright.,98582,,true,false,false,TrayVonn,,Wright,,NDakSt,,30,23,1,0,3,,,,,2,,1,Personal,8,Foul,,,,679,679,
2,18,41,Xavier Thames makes a jump shot from 8 feet out.,88783,,true,false,false,Xavier,,Thames,,SDSU,,32,23,1,0,1,,,,,18,2,45,Jump Shot,3,Field Goal Made,8,2.6,7.6,210,210,
2,18,09,Marshall Bjorklund with a lost ball turnover: Lost Ball,98583,,true,false,false,Marshall,,Bjorklund,,NDakSt,,32,23,1,0,0,,,,,2,,2,Lost Ball,7,Turnover,,,,679,679,
2,17,56,Winston Shepard misses a jump shot from 13 feet out.,116431,,true,false,false,Winston,,Shepard,,SDSU,,32,23,1,0,0,,,,,3,2,45,Jump Shot,4,Field Goal Missed,13,-2.5,12.8,210,210,
2,17,56,NDakSt with a defensive rebound.,,,false,false,false,,,,,,,32,23,1,0,0,,,,,0,,,,6,Defensive Rebound,,,,679,679,
2,17,31,TrayVonn Wright makes a dunk shot. Marshall Bjorklund with the assist.,98582,98583,true,true,false,TrayVonn,Marshall,Wright,Bjorklund,NDakSt,NDakSt,32,25,1,0,3,,,,,4,2,48,Dunk Shot,3,Field Goal Made,0,0,0,679,679,
2,17,06,Josh Davis makes a layup shot. Xavier Thames with the assist.,88229,88783,true,true,false,Josh,Xavier,Davis,Thames,SDSU,SDSU,34,25,1,0,2,,,,,4,2,40,Layup Shot,3,Field Goal Made,0,0,0,210,210,
2,17,06,Shooting foul committed by TrayVonn Wright.,98582,,true,false,false,TrayVonn,,Wright,,NDakSt,,34,25,2,0,4,,,,,4,,2,Shooting,8,Foul,,,,679,679,
2,17,06,Josh Davis makes free throw 1 of 1.,88229,,true,false,false,Josh,,Davis,,SDSU,,35,25,2,0,2,,,,,5,1,10,Free Throw 1 of 1,1,Free Throw Made,,,,210,210,
2,16,51,Shooting foul committed by Winston Shepard.,116431,,true,false,false,Winston,,Shepard,,SDSU,,35,25,2,1,1,,,,,3,,2,Shooting,8,Foul,,,,210,210,
2,16,51,Taylor Braun makes free throw 1 of 2.,89340,,true,false,false,Taylor,,Braun,,NDakSt,,35,26,2,1,0,,,,,4,1,11,Free Throw 1 of 2,1,Free Throw Made,,,,679,679,
2,16,51,Taylor Braun makes free throw 2 of 2.,89340,,true,false,false,Taylor,,Braun,,NDakSt,,35,27,2,1,0,,,,,5,1,12,Free Throw 2 of 2,1,Free Throw Made,,,,679,679,
2,16,29,Josh Davis misses a layup shot.,88229,,true,false,false,Josh,,Davis,,SDSU,,35,27,2,1,2,,,,,5,2,40,Layup Shot,4,Field Goal Missed,0,0,0,210,210,
2,16,29,Taylor Braun with a defensive rebound.,89340,,true,false,false,Taylor,,Braun,,NDakSt,,35,27,2,1,0,,,,,5,,,,6,Defensive Rebound,,,,679,679,
2,16,15,Marshall Bjorklund misses a layup shot.,98583,,true,false,false,Marshall,,Bjorklund,,NDakSt,,35,27,2,1,0,,,,,2,2,40,Layup Shot,4,Field Goal Missed,0,0,0,679,679,
2,16,15,Josh Davis with a defensive rebound.,88229,,true,false,false,Josh,,Davis,,SDSU,,35,27,2,1,2,,,,,5,,,,6,Defensive Rebound,,,,210,210,
2,16,08,Winston Shepard misses a layup shot.,116431,,true,false,false,Winston,,Shepard,,SDSU,,35,27,2,1,1,,,,,3,2,40,Layup Shot,4,Field Goal Missed,0,0,0,210,210,
2,16,08,Taylor Braun with a defensive rebound.,89340,,true,false,false,Taylor,,Braun,,NDakSt,,35,27,2,1,0,,,,,5,,,,6,Defensive Rebound,,,,679,679,
2,15,49,Chris Kading misses a 3-point jump shot from 23 feet out.,110155,,true,false,false,Chris,,Kading,,NDakSt,,35,27,2,1,1,,,,,0,3,45,Jump Shot,4,Field Goal Missed,23,22.5,4.3,679,679,
2,15,49,Chris Kading with an offensive rebound.,110155,,true,false,false,Chris,,Kading,,NDakSt,,35,27,2,1,1,,,,,0,,,,5,Offensive Rebound,,,,679,679,
2,15,37,Marshall Bjorklund makes a jump shot from 13 feet out.,98583,,true,false,false,Marshall,,Bjorklund,,NDakSt,,35,29,2,1,0,,,,,4,2,45,Jump Shot,3,Field Goal Made,13,12.7,2.6,679,679,
2,15,37,Shooting foul committed by Skylar Spencer.,116433,,true,false,false,Skylar,,Spencer,,SDSU,,35,29,2,2,3,,,,,0,,2,Shooting,8,Foul,,,,210,210,
2,15,37,Official TV timeout.,,,false,false,false,,,,,,,35,29,2,2,0,,,,,0,,3,Official TV,11,Timeout,,,,210,210,
2,15,37,Marshall Bjorklund makes free throw 1 of 1.,98583,,true,false,false,Marshall,,Bjorklund,,NDakSt,,35,30,2,2,0,,,,,5,1,10,Free Throw 1 of 1,1,Free Throw Made,,,,679,679,
2,15,18,Personal foul committed by Marshall Bjorklund.,98583,,true,false,false,Marshall,,Bjorklund,,NDakSt,,35,30,3,2,1,,,,,5,,1,Personal,8,Foul,,,,679,679,
2,14,58,Xavier Thames misses a 3-point jump shot from 24 feet out.,88783,,true,false,false,Xavier,,Thames,,SDSU,,35,30,3,2,1,,,,,18,3,45,Jump Shot,4,Field Goal Missed,24,-8.9,22.5,210,210,
2,14,58,JJ O'Brien with an offensive rebound.,98068,,true,false,false,JJ,,O'Brien,,SDSU,,35,30,3,2,0,,,,,0,,,,5,Offensive Rebound,,,,210,210,
2,14,42,Xavier Thames makes a jump shot from 12 feet out.,88783,,true,false,false,Xavier,,Thames,,SDSU,,37,30,3,2,1,,,,,20,2,45,Jump Shot,3,Field Goal Made,12,2.3,12,210,210,
2,14,14,Lawrence Alexander misses a 3-point jump shot from 26 feet out.,110154,,true,false,false,Lawrence,,Alexander,,NDakSt,,37,30,3,2,1,,,,,3,3,45,Jump Shot,4,Field Goal Missed,26,20.7,16.1,679,679,
2,14,14,JJ O'Brien with a defensive rebound.,98068,,true,false,false,JJ,,O'Brien,,SDSU,,37,30,3,2,0,,,,,0,,,,6,Defensive Rebound,,,,210,210,
2,13,48,Dwayne Polee II makes a 3-point jump shot from 22 feet out. Xavier Thames with the assist.,97695,88783,true,true,false,Dwayne,Xavier,Polee II,Thames,SDSU,SDSU,40,30,3,2,1,,,,,10,3,45,Jump Shot,3,Field Goal Made,22,-22.2,3.5,210,210,
2,13,23,Chris Kading makes a jump shot from 6 feet out.,110155,,true,false,false,Chris,,Kading,,NDakSt,,40,32,3,2,1,,,,,2,2,45,Jump Shot,3,Field Goal Made,6,5.5,1.8,679,679,
2,13,06,Shooting foul committed by Kory Brown.,116930,,true,false,false,Kory,,Brown,,NDakSt,,40,32,4,2,2,,,,,9,,2,Shooting,8,Foul,,,,679,679,
2,13,06,Xavier Thames makes free throw 1 of 2.,88783,,true,false,false,Xavier,,Thames,,SDSU,,41,32,4,2,1,,,,,21,1,11,Free Throw 1 of 2,1,Free Throw Made,,,,210,210,
2,13,06,Xavier Thames makes free throw 2 of 2.,88783,,true,false,false,Xavier,,Thames,,SDSU,,42,32,4,2,1,,,,,22,1,12,Free Throw 2 of 2,1,Free Throw Made,,,,210,210,
2,12,47,Kory Brown misses a jump shot from 9 feet out.,116930,,true,false,false,Kory,,Brown,,NDakSt,,42,32,4,2,2,,,,,9,2,45,Jump Shot,4,Field Goal Missed,9,1.4,8.7,679,679,
2,12,47,Aqeel Quinn with a defensive rebound.,97443,,true,false,false,Aqeel,,Quinn,,SDSU,,42,32,4,2,1,,,,,2,,,,6,Defensive Rebound,,,,210,210,
2,12,30,Offensive foul committed by Josh Davis.,88229,,true,false,false,Josh,,Davis,,SDSU,,42,32,4,3,3,,,,,5,,4,Offensive,8,Foul,,,,210,210,
2,12,30,Josh Davis with a  turnover:,88229,,true,false,false,Josh,,Davis,,SDSU,,42,32,4,3,3,,,,,5,,,,7,Turnover,,,,210,210,
2,12,14,Taylor Braun makes a layup shot.,89340,,true,false,false,Taylor,,Braun,,NDakSt,,42,34,4,3,0,,,,,7,2,40,Layup Shot,3,Field Goal Made,0,0,0,679,679,
2,11,35,Official TV timeout.,,,false,false,false,,,,,,,42,34,4,3,0,,,,,0,,3,Official TV,11,Timeout,,,,210,210,
2,11,33,Aqeel Quinn makes a 3-point jump shot from 23 feet out. Xavier Thames with the assist.,97443,88783,true,true,false,Aqeel,Xavier,Quinn,Thames,SDSU,SDSU,45,34,4,3,1,,,,,5,3,45,Jump Shot,3,Field Goal Made,23,22.5,4.2,210,210,
2,11,03,Personal foul committed by Aqeel Quinn.,97443,,true,false,false,Aqeel,,Quinn,,SDSU,,45,34,4,4,2,,,,,5,,1,Personal,8,Foul,,,,210,210,
2,10,46,Kory Brown makes a hook shot from 6 feet out.,116930,,true,false,false,Kory,,Brown,,NDakSt,,45,36,4,4,2,,,,,11,2,55,Hook Shot,3,Field Goal Made,6,5,4,679,679,
2,10,24,Dwayne Polee II misses a 3-point jump shot from 24 feet out.,97695,,true,false,false,Dwayne,,Polee II,,SDSU,,45,36,4,4,1,,,,,10,3,45,Jump Shot,4,Field Goal Missed,24,12.8,20,210,210,
2,10,24,Kory Brown with a defensive rebound.,116930,,true,false,false,Kory,,Brown,,NDakSt,,45,36,4,4,2,,,,,11,,,,6,Defensive Rebound,,,,679,679,
2,10,07,Marshall Bjorklund with a backcourt turnover turnover: Backcourt Turnover,98583,,true,false,false,Marshall,,Bjorklund,,NDakSt,,45,36,4,4,1,,,,,5,,13,Backcourt Turnover,7,Turnover,,,,679,679,
2,9,55,Xavier Thames with a lost ball out of bounds turnover: Lost Ball Out of Bounds,88783,,true,false,false,Xavier,,Thames,,SDSU,,45,36,4,4,1,,,,,22,,23,Lost Ball Out of Bounds,7,Turnover,,,,210,210,
2,9,27,Taylor Braun misses a layup shot.,89340,,true,false,false,Taylor,,Braun,,NDakSt,,45,36,4,4,0,,,,,7,2,40,Layup Shot,4,Field Goal Missed,0,0,0,679,679,
2,9,27,Josh Davis with a defensive rebound.,88229,,true,false,false,Josh,,Davis,,SDSU,,45,36,4,4,3,,,,,5,,,,6,Defensive Rebound,,,,210,210,
2,8,51,Xavier Thames misses a 3-point jump shot from 23 feet out.,88783,,true,false,false,Xavier,,Thames,,SDSU,,45,36,4,4,1,,,,,22,3,45,Jump Shot,4,Field Goal Missed,23,-16,16,210,210,
2,8,51,Lawrence Alexander with a defensive rebound.,110154,,true,false,false,Lawrence,,Alexander,,NDakSt,,45,36,4,4,1,,,,,3,,,,6,Defensive Rebound,,,,679,679,
2,8,48,Lawrence Alexander misses a layup shot.,110154,,true,false,false,Lawrence,,Alexander,,NDakSt,,45,36,4,4,1,,,,,3,2,40,Layup Shot,4,Field Goal Missed,0,0,0,679,679,
2,8,48,Kory Brown with an offensive rebound.,116930,,true,false,false,Kory,,Brown,,NDakSt,,45,36,4,4,2,,,,,11,,,,5,Offensive Rebound,,,,679,679,
2,8,44,Kory Brown makes a tip shot from 2 feet out.,116930,,true,false,false,Kory,,Brown,,NDakSt,,45,38,4,4,2,,,,,13,2,53,Tip Shot,3,Field Goal Made,2,-1.8,.1,679,679,
2,8,36,SDSU take a full timeout.,,,false,false,false,,,,,,,45,38,4,4,0,,,,,0,,1,Regular,11,Timeout,,,,210,210,
2,8,21,Shooting foul committed by Taylor Braun.,89340,,true,false,false,Taylor,,Braun,,NDakSt,,45,38,5,4,1,,,,,7,,2,Shooting,8,Foul,,,,679,679,
2,8,21,Xavier Thames makes free throw 1 of 2.,88783,,true,false,false,Xavier,,Thames,,SDSU,,46,38,5,4,1,,,,,23,1,11,Free Throw 1 of 2,1,Free Throw Made,,,,210,210,
2,8,21,Xavier Thames makes free throw 2 of 2.,88783,,true,false,false,Xavier,,Thames,,SDSU,,47,38,5,4,1,,,,,24,1,12,Free Throw 2 of 2,1,Free Throw Made,,,,210,210,
2,8,10,Personal foul committed by Aqeel Quinn.,97443,,true,false,false,Aqeel,,Quinn,,SDSU,,47,38,5,5,3,,,,,5,,1,Personal,8,Foul,,,,210,210,
2,7,57,TrayVonn Wright misses a 3-point jump shot from 24 feet out.,98582,,true,false,false,TrayVonn,,Wright,,NDakSt,,47,38,5,5,4,,,,,4,3,45,Jump Shot,4,Field Goal Missed,24,9.3,22.4,679,679,
2,7,57,Skylar Spencer with a defensive rebound.,116433,,true,false,false,Skylar,,Spencer,,SDSU,,47,38,5,5,3,,,,,0,,,,6,Defensive Rebound,,,,210,210,
2,7,32,Xavier Thames with a traveling turnover: Traveling,88783,,true,false,false,Xavier,,Thames,,SDSU,,47,38,5,5,1,,,,,24,,4,Traveling,7,Turnover,,,,210,210,
2,7,32,Official TV timeout.,,,false,false,false,,,,,,,47,38,5,5,0,,,,,0,,3,Official TV,11,Timeout,,,,210,210,
2,7,14,Shooting foul committed by JJ O'Brien.,98068,,true,false,false,JJ,,O'Brien,,SDSU,,47,38,5,6,1,,,,,0,,2,Shooting,8,Foul,,,,210,210,
2,7,14,Taylor Braun makes free throw 1 of 2.,89340,,true,false,false,Taylor,,Braun,,NDakSt,,47,39,5,6,1,,,,,8,1,11,Free Throw 1 of 2,1,Free Throw Made,,,,679,679,
2,7,14,Taylor Braun makes free throw 2 of 2.,89340,,true,false,false,Taylor,,Braun,,NDakSt,,47,40,5,6,1,,,,,9,1,12,Free Throw 2 of 2,1,Free Throw Made,,,,679,679,
2,6,48,JJ O'Brien makes a layup shot.,98068,,true,false,false,JJ,,O'Brien,,SDSU,,49,40,5,6,1,,,,,2,2,40,Layup Shot,3,Field Goal Made,0,0,0,210,210,
2,6,30,Marshall Bjorklund makes a hook shot from 5 feet out.,98583,,true,false,false,Marshall,,Bjorklund,,NDakSt,,49,42,5,6,1,,,,,7,2,55,Hook Shot,3,Field Goal Made,5,.6,5,679,679,
2,5,56,Xavier Thames makes a jump shot from 19 feet out.,88783,,true,false,false,Xavier,,Thames,,SDSU,,51,42,5,6,1,,,,,26,2,45,Jump Shot,3,Field Goal Made,19,-8.1,17.3,210,210,
2,5,44,Personal foul committed by Skylar Spencer.,116433,,true,false,false,Skylar,,Spencer,,SDSU,,51,42,5,7,4,,,,,0,,1,Personal,8,Foul,,,,210,210,
2,5,44,Marshall Bjorklund makes free throw 1st of 1-and-1.,98583,,true,false,false,Marshall,,Bjorklund,,NDakSt,,51,43,5,7,1,,,,,8,1,8,Free Throw 1st of 1-and-1,1,Free Throw Made,,,,679,679,
2,5,44,Marshall Bjorklund misses free throw 2nd of 1-and-1.,98583,,true,false,false,Marshall,,Bjorklund,,NDakSt,,51,43,5,7,1,,,,,8,1,9,Free Throw 2nd of 1-and-1,2,Free Throw Missed,,,,679,679,
2,5,44,Skylar Spencer with a defensive rebound.,116433,,true,false,false,Skylar,,Spencer,,SDSU,,51,43,5,7,4,,,,,0,,,,6,Defensive Rebound,,,,210,210,
2,5,19,Xavier Thames with a lost ball out of bounds turnover: Lost Ball Out of Bounds,88783,,true,false,false,Xavier,,Thames,,SDSU,,51,43,5,7,1,,,,,26,,23,Lost Ball Out of Bounds,7,Turnover,,,,210,210,
2,5,04,TrayVonn Wright with a lost ball turnover: Lost Ball,98582,,true,false,false,TrayVonn,,Wright,,NDakSt,,51,43,5,7,4,,,,,4,,2,Lost Ball,7,Turnover,,,,679,679,
2,4,33,Dwayne Polee II misses a 3-point jump shot from 24 feet out.,97695,,true,false,false,Dwayne,,Polee II,,SDSU,,51,43,5,7,1,,,,,10,3,45,Jump Shot,4,Field Goal Missed,24,-17.1,16.7,210,210,
2,4,33,SDSU with an offensive rebound.,,,false,false,false,,,,,,,51,43,5,7,0,,,,,0,,,,5,Offensive Rebound,,,,210,210,
2,4,09,Xavier Thames makes a layup shot.,88783,,true,false,false,Xavier,,Thames,,SDSU,,53,43,5,7,1,,,,,28,2,40,Layup Shot,3,Field Goal Made,0,0,0,210,210,
2,3,55,Kory Brown misses a jump shot from 17 feet out.,116930,,true,false,false,Kory,,Brown,,NDakSt,,53,43,5,7,2,,,,,13,2,45,Jump Shot,4,Field Goal Missed,17,-5,16.7,679,679,
2,3,55,Xavier Thames with a defensive rebound.,88783,,true,false,false,Xavier,,Thames,,SDSU,,53,43,5,7,1,,,,,28,,,,6,Defensive Rebound,,,,210,210,
2,3,22,Xavier Thames makes a jump shot from 15 feet out.,88783,,true,false,false,Xavier,,Thames,,SDSU,,55,43,5,7,1,,,,,30,2,45,Jump Shot,3,Field Goal Made,15,-11.5,9.1,210,210,
2,3,17,NDakSt take a 20-second timeout.,,,false,false,false,,,,,,,55,43,5,7,0,,,,,0,,2,Short,11,Timeout,,,,679,679,
2,3,12,Personal foul committed by Dwayne Polee II.,97695,,true,false,false,Dwayne,,Polee II,,SDSU,,55,43,5,8,2,,,,,10,,1,Personal,8,Foul,,,,210,210,
2,3,12,Official TV timeout.,,,false,false,false,,,,,,,55,43,5,8,0,,,,,0,,3,Official TV,11,Timeout,,,,210,210,
2,3,12,Mike Felt misses free throw 1st of 1-and-1.,89338,,true,false,false,Mike,,Felt,,NDakSt,,55,43,5,8,1,,,,,0,1,8,Free Throw 1st of 1-and-1,2,Free Throw Missed,,,,679,679,
2,3,12,Skylar Spencer with a defensive rebound.,116433,,true,false,false,Skylar,,Spencer,,SDSU,,55,43,5,8,4,,,,,0,,,,6,Defensive Rebound,,,,210,210,
2,3,00,JJ O'Brien with a traveling turnover: Traveling,98068,,true,false,false,JJ,,O'Brien,,SDSU,,55,43,5,8,1,,,,,2,,4,Traveling,7,Turnover,,,,210,210,
2,2,46,Taylor Braun with a lost ball out of bounds turnover: Lost Ball Out of Bounds,89340,,true,false,false,Taylor,,Braun,,NDakSt,,55,43,5,8,1,,,,,9,,23,Lost Ball Out of Bounds,7,Turnover,,,,679,679,
2,2,30,Personal foul committed by Lawrence Alexander.,110154,,true,false,false,Lawrence,,Alexander,,NDakSt,,55,43,6,8,2,,,,,3,,1,Personal,8,Foul,,,,679,679,
2,2,14,Personal foul committed by Lawrence Alexander.,110154,,true,false,false,Lawrence,,Alexander,,NDakSt,,55,43,7,8,3,,,,,3,,1,Personal,8,Foul,,,,679,679,
2,2,14,Dwayne Polee II makes free throw 1st of 1-and-1.,97695,,true,false,false,Dwayne,,Polee II,,SDSU,,56,43,7,8,2,,,,,11,1,8,Free Throw 1st of 1-and-1,1,Free Throw Made,,,,210,210,
2,2,14,Dwayne Polee II misses free throw 2nd of 1-and-1.,97695,,true,false,false,Dwayne,,Polee II,,SDSU,,56,43,7,8,2,,,,,11,1,9,Free Throw 2nd of 1-and-1,2,Free Throw Missed,,,,210,210,
2,2,14,Josh Davis with an offensive rebound.,88229,,true,false,false,Josh,,Davis,,SDSU,,56,43,7,8,3,,,,,5,,,,5,Offensive Rebound,,,,210,210,
2,2,01,Personal foul committed by Taylor Braun.,89340,,true,false,false,Taylor,,Braun,,NDakSt,,56,43,8,8,2,,,,,9,,1,Personal,8,Foul,,,,679,679,
2,2,01,JJ O'Brien makes free throw 1st of 1-and-1.,98068,,true,false,false,JJ,,O'Brien,,SDSU,,57,43,8,8,1,,,,,3,1,8,Free Throw 1st of 1-and-1,1,Free Throw Made,,,,210,210,
2,2,01,JJ O'Brien makes free throw 2nd of 1-and-1.,98068,,true,false,false,JJ,,O'Brien,,SDSU,,58,43,8,8,1,,,,,4,1,9,Free Throw 2nd of 1-and-1,1,Free Throw Made,,,,210,210,
2,1,49,Taylor Braun misses a layup shot.,89340,,true,false,false,Taylor,,Braun,,NDakSt,,58,43,8,8,2,,,,,9,2,40,Layup Shot,4,Field Goal Missed,0,0,0,679,679,
2,1,49,JJ O'Brien with a defensive rebound.,98068,,true,false,false,JJ,,O'Brien,,SDSU,,58,43,8,8,1,,,,,4,,,,6,Defensive Rebound,,,,210,210,
2,1,30,Personal foul committed by Marshall Bjorklund.,98583,,true,false,false,Marshall,,Bjorklund,,NDakSt,,58,43,9,8,2,,,,,8,,1,Personal,8,Foul,,,,679,679,
2,1,30,Josh Davis makes free throw 1st of 1-and-1.,88229,,true,false,false,Josh,,Davis,,SDSU,,59,43,9,8,3,,,,,6,1,8,Free Throw 1st of 1-and-1,1,Free Throw Made,,,,210,210,
2,1,30,Josh Davis misses free throw 2nd of 1-and-1.,88229,,true,false,false,Josh,,Davis,,SDSU,,59,43,9,8,3,,,,,6,1,9,Free Throw 2nd of 1-and-1,2,Free Throw Missed,,,,210,210,
2,1,30,TrayVonn Wright with a defensive rebound.,98582,,true,false,false,TrayVonn,,Wright,,NDakSt,,59,43,9,8,4,,,,,4,,,,6,Defensive Rebound,,,,679,679,
2,1,20,Taylor Braun misses a layup shot.,89340,,true,false,false,Taylor,,Braun,,NDakSt,,59,43,9,8,2,,,,,9,2,40,Layup Shot,4,Field Goal Missed,0,0,0,679,679,
2,1,20,SDSU with a defensive rebound.,,,false,false,false,,,,,,,59,43,9,8,0,,,,,0,,,,6,Defensive Rebound,,,,210,210,
2,1,08,Personal foul committed by Taylor Braun.,89340,,true,false,false,Taylor,,Braun,,NDakSt,,59,43,10,8,3,,,,,9,,1,Personal,8,Foul,,,,679,679,
2,1,08,Dwayne Polee II makes free throw 1 of 2.,97695,,true,false,false,Dwayne,,Polee II,,SDSU,,60,43,10,8,2,,,,,12,1,11,Free Throw 1 of 2,1,Free Throw Made,,,,210,210,
2,1,08,Dwayne Polee II makes free throw 2 of 2.,97695,,true,false,false,Dwayne,,Polee II,,SDSU,,61,43,10,8,2,,,,,13,1,12,Free Throw 2 of 2,1,Free Throw Made,,,,210,210,
2,0,57.4,Lawrence Alexander misses a layup shot.,110154,,true,false,false,Lawrence,,Alexander,,NDakSt,,61,43,10,8,3,,,,,3,2,40,Layup Shot,4,Field Goal Missed,0,0,0,679,679,
2,0,57.4,Josh Davis with a defensive rebound.,88229,,true,false,false,Josh,,Davis,,SDSU,,61,43,10,8,3,,,,,6,,,,6,Defensive Rebound,,,,210,210,
2,0,40.9,Personal foul committed by Kory Brown.,116930,,true,false,false,Kory,,Brown,,NDakSt,,61,43,11,8,3,,,,,13,,1,Personal,8,Foul,,,,679,679,
2,0,40.9,Dwayne Polee II makes free throw 1 of 2.,97695,,true,false,false,Dwayne,,Polee II,,SDSU,,62,43,11,8,2,,,,,14,1,11,Free Throw 1 of 2,1,Free Throw Made,,,,210,210,
2,0,40.9,Dwayne Polee II makes free throw 2 of 2.,97695,,true,false,false,Dwayne,,Polee II,,SDSU,,63,43,11,8,2,,,,,15,1,12,Free Throw 2 of 2,1,Free Throw Made,,,,210,210,
2,0,31.0,Winston Shepard misses a layup shot.,116431,,true,false,false,Winston,,Shepard,,SDSU,,63,43,11,8,1,,,,,3,2,40,Layup Shot,4,Field Goal Missed,0,0,0,210,210,
2,0,31.0,Matt Shrigley with an offensive rebound.,116432,,true,false,false,Matt,,Shrigley,,SDSU,,63,43,11,8,0,,,,,0,,,,5,Offensive Rebound,,,,210,210,
2,0,29.5,Shooting foul committed by Dakarai Allen.,120828,,true,false,false,Dakarai,,Allen,,SDSU,,63,43,11,9,1,,,,,0,,2,Shooting,8,Foul,,,,210,210,
2,0,29.5,Dexter Werner makes free throw 1 of 2.,116932,,true,false,false,Dexter,,Werner,,NDakSt,,63,44,11,9,0,,,,,1,1,11,Free Throw 1 of 2,1,Free Throw Made,,,,679,679,
2,0,29.5,Dexter Werner misses free throw 2 of 2.,116932,,true,false,false,Dexter,,Werner,,NDakSt,,63,44,11,9,0,,,,,1,1,12,Free Throw 2 of 2,2,Free Throw Missed,,,,679,679,
2,0,29.5,Josh Davis with a defensive rebound.,88229,,true,false,false,Josh,,Davis,,SDSU,,63,44,11,9,3,,,,,6,,,,6,Defensive Rebound,,,,210,210,
2,0,00,End of the 2nd Half,,,false,false,false,,,,,,,63,44,11,9,0,,,,,0,,,,15,End Period,,,,210,210,
2,0,00,End of the Game,,,false,false,false,,,,,,,63,44,11,9,0,,,,,0,,,,19,Game Over,,,,210,210,
