half,time-minutes,time-seconds,details,player1-id,player2-id,player1-linkable,player2-linkable,player3-linkable,player-first-name-1,player-first-name-2,player-last-name-1,player-last-name-2,player-team-alias-1,player-team-alias-2,home-score,visitor-score,visitor-fouls,home-fouls,player-fouls,fastbreak,in-paint,second-chance,off-turnover,player-score,points-type,detail-id,detail-desc,event-id,event-desc,distance,x-coord,y-coord,team-id-1,team-id-2,team-id-3
1,20,00,Start of the 1st Half,,,false,false,false,,,,,,,0,0,0,0,0,,,,,0,,,,14,Start Period,,,,82,82,
1,19,43,Frank Kaminsky makes a jump shot from 8 feet out.,110238,,true,false,false,Frank,,Kaminsky,,Wisc,,2,0,0,0,0,,,,,2,2,45,Jump Shot,3,Field Goal Made,8,-3.8,7.6,82,82,
1,19,23,John Schoof with a traveling turnover: Traveling,109741,,true,false,false,John,,Schoof,,Amer,,2,0,0,0,0,,,,,0,,4,Traveling,7,Turnover,,,,245,245,
1,18,55,Josh Gasser with a lost ball turnover: Lost Ball,97377,,true,false,false,Josh,,Gasser,,Wisc,,2,0,0,0,0,,,,,0,,2,Lost Ball,7,Turnover,,,,82,82,
1,18,31,Tony Wroblicky misses a jump shot from 11 feet out.,98088,,true,false,false,Tony,,Wroblicky,,Amer,,2,0,0,0,0,,,,,0,2,45,Jump Shot,4,Field Goal Missed,11,-2.8,11,245,245,
1,18,31,Ben Brust with a defensive rebound.,97375,,true,false,false,Ben,,Brust,,Wisc,,2,0,0,0,0,,,,,0,,,,6,Defensive Rebound,,,,82,82,
1,18,13,Frank Kaminsky makes a jump shot from 9 feet out. Josh Gasser with the assist.,110238,97377,true,true,false,Frank,Josh,Kaminsky,Gasser,Wisc,Wisc,4,0,0,0,0,,,,,4,2,45,Jump Shot,3,Field Goal Made,9,4.8,8.1,82,82,
1,17,56,John Schoof makes a jump shot from 16 feet out.,109741,,true,false,false,John,,Schoof,,Amer,,4,2,0,0,0,,,,,2,2,45,Jump Shot,3,Field Goal Made,16,6.5,15,245,245,
1,17,34,Frank Kaminsky makes a jump shot from 8 feet out.,110238,,true,false,false,Frank,,Kaminsky,,Wisc,,6,2,0,0,0,,,,,6,2,45,Jump Shot,3,Field Goal Made,8,6,5.5,82,82,
1,17,22,Tony Wroblicky with a lost ball turnover: Lost Ball,98088,,true,false,false,Tony,,Wroblicky,,Amer,,6,2,0,0,0,,,,,0,,2,Lost Ball,7,Turnover,,,,245,245,
1,17,16,Sam Dekker misses a jump shot from 3 feet out.,116210,,true,false,false,Sam,,Dekker,,Wisc,,6,2,0,0,0,,,,,0,2,45,Jump Shot,4,Field Goal Missed,3,2.1,2.5,82,82,
1,17,16,Traevon Jackson with an offensive rebound.,110236,,true,false,false,Traevon,,Jackson,,Wisc,,6,2,0,0,0,,,,,0,,,,5,Offensive Rebound,,,,82,82,
1,17,16,Personal foul committed by Tony Wroblicky.,98088,,true,false,false,Tony,,Wroblicky,,Amer,,6,2,1,0,1,,,,,0,,1,Personal,8,Foul,,,,245,245,
1,17,16,Traevon Jackson makes free throw 1 of 2.,110236,,true,false,false,Traevon,,Jackson,,Wisc,,7,2,1,0,0,,,,,1,1,11,Free Throw 1 of 2,1,Free Throw Made,,,,82,82,
1,17,16,Traevon Jackson makes free throw 2 of 2.,110236,,true,false,false,Traevon,,Jackson,,Wisc,,8,2,1,0,0,,,,,2,1,12,Free Throw 2 of 2,1,Free Throw Made,,,,82,82,
1,17,01,Tony Wroblicky with a lost ball turnover: Lost Ball,98088,,true,false,false,Tony,,Wroblicky,,Amer,,8,2,1,0,1,,,,,0,,2,Lost Ball,7,Turnover,,,,245,245,
1,16,51,Ben Brust misses a 3-point jump shot from 26 feet out.,97375,,true,false,false,Ben,,Brust,,Wisc,,8,2,1,0,0,,,,,0,3,45,Jump Shot,4,Field Goal Missed,26,18.3,18.3,82,82,
1,16,51,Tony Wroblicky with a defensive rebound.,98088,,true,false,false,Tony,,Wroblicky,,Amer,,8,2,1,0,1,,,,,0,,,,6,Defensive Rebound,,,,245,245,
1,16,43,John Schoof makes a 3-point jump shot from 28 feet out. Darius Gardner with the assist.,109741,98548,true,true,false,John,Darius,Schoof,Gardner,Amer,Amer,8,5,1,0,0,,,,,5,3,45,Jump Shot,3,Field Goal Made,28,-16.6,22.2,245,245,
1,16,17,Sam Dekker makes a jump shot from 4 feet out. Ben Brust with the assist.,116210,97375,true,true,false,Sam,Ben,Dekker,Brust,Wisc,Wisc,10,5,1,0,0,,,,,2,2,45,Jump Shot,3,Field Goal Made,4,-1.8,3.3,82,82,
1,15,59,John Schoof makes a 3-point jump shot from 24 feet out. Tony Wroblicky with the assist.,109741,98088,true,true,false,John,Tony,Schoof,Wroblicky,Amer,Amer,10,8,1,0,0,,,,,8,3,45,Jump Shot,3,Field Goal Made,24,-15.1,18.1,245,245,
1,15,41,Sam Dekker misses a jump shot from 11 feet out.,116210,,true,false,false,Sam,,Dekker,,Wisc,,10,8,1,0,0,,,,,2,2,45,Jump Shot,4,Field Goal Missed,11,-.9,10.8,82,82,
1,15,41,Kyle Kager with a defensive rebound.,109728,,true,false,false,Kyle,,Kager,,Amer,,10,8,1,0,0,,,,,0,,,,6,Defensive Rebound,,,,245,245,
1,15,22,Darius Gardner makes a jump shot from 8 feet out.,98548,,true,false,false,Darius,,Gardner,,Amer,,10,10,1,0,0,,,,,2,2,45,Jump Shot,3,Field Goal Made,8,2.5,7.2,245,245,
1,14,57,Ben Brust misses a jump shot from 14 feet out.,97375,,true,false,false,Ben,,Brust,,Wisc,,10,10,1,0,0,,,,,0,2,45,Jump Shot,4,Field Goal Missed,14,3,13.2,82,82,
1,14,57,Darius Gardner with a defensive rebound.,98548,,true,false,false,Darius,,Gardner,,Amer,,10,10,1,0,0,,,,,2,,,,6,Defensive Rebound,,,,245,245,
1,14,41,Shooting foul committed by Frank Kaminsky.,110238,,true,false,false,Frank,,Kaminsky,,Wisc,,10,10,1,1,1,,,,,6,,2,Shooting,8,Foul,,,,82,82,
1,14,41,Official TV timeout.,,,false,false,false,,,,,,,10,10,1,1,0,,,,,0,,3,Official TV,11,Timeout,,,,82,82,
1,14,41,Tony Wroblicky makes free throw 1 of 2.,98088,,true,false,false,Tony,,Wroblicky,,Amer,,10,11,1,1,1,,,,,1,1,11,Free Throw 1 of 2,1,Free Throw Made,,,,245,245,
1,14,41,Tony Wroblicky makes free throw 2 of 2.,98088,,true,false,false,Tony,,Wroblicky,,Amer,,10,12,1,1,1,,,,,2,1,12,Free Throw 2 of 2,1,Free Throw Made,,,,245,245,
1,14,16,Frank Kaminsky misses a jump shot from 9 feet out.,110238,,true,false,false,Frank,,Kaminsky,,Wisc,,10,12,1,1,1,,,,,6,2,45,Jump Shot,4,Field Goal Missed,9,2.6,8.4,82,82,
1,14,16,Frank Kaminsky with an offensive rebound.,110238,,true,false,false,Frank,,Kaminsky,,Wisc,,10,12,1,1,1,,,,,6,,,,5,Offensive Rebound,,,,82,82,
1,14,14,Frank Kaminsky with a lost ball turnover: Lost Ball,110238,,true,false,false,Frank,,Kaminsky,,Wisc,,10,12,1,1,1,,,,,6,,2,Lost Ball,7,Turnover,,,,82,82,
1,13,45,Darius Gardner misses a 3-point jump shot from 23 feet out.,98548,,true,false,false,Darius,,Gardner,,Amer,,10,12,1,1,0,,,,,2,3,45,Jump Shot,4,Field Goal Missed,23,-9.3,21.5,245,245,
1,13,45,Sam Dekker with a defensive rebound.,116210,,true,false,false,Sam,,Dekker,,Wisc,,10,12,1,1,0,,,,,2,,,,6,Defensive Rebound,,,,82,82,
1,13,35,Traevon Jackson misses a 3-point jump shot from 27 feet out.,110236,,true,false,false,Traevon,,Jackson,,Wisc,,10,12,1,1,0,,,,,2,3,45,Jump Shot,4,Field Goal Missed,27,-10.1,24.7,82,82,
1,13,35,Tony Wroblicky with a defensive rebound.,98088,,true,false,false,Tony,,Wroblicky,,Amer,,10,12,1,1,1,,,,,2,,,,6,Defensive Rebound,,,,245,245,
1,13,16,Shooting foul committed by Nigel Hayes.,120669,,true,false,false,Nigel,,Hayes,,Wisc,,10,12,1,2,1,,,,,0,,2,Shooting,8,Foul,,,,82,82,
1,13,06,Jesse Reed misses a jump shot from 7 feet out.,116803,,true,false,false,Jesse,,Reed,,Amer,,10,12,1,2,0,,,,,0,2,45,Jump Shot,4,Field Goal Missed,7,-5,4.3,245,245,
1,13,06,Josh Gasser with a defensive rebound.,97377,,true,false,false,Josh,,Gasser,,Wisc,,10,12,1,2,0,,,,,0,,,,6,Defensive Rebound,,,,82,82,
1,12,46,Bronson Koenig misses a 3-point jump shot from 25 feet out.,120671,,true,false,false,Bronson,,Koenig,,Wisc,,10,12,1,2,0,,,,,0,3,45,Jump Shot,4,Field Goal Missed,25,15.2,20.1,82,82,
1,12,46,Darius Gardner with a defensive rebound.,98548,,true,false,false,Darius,,Gardner,,Amer,,10,12,1,2,0,,,,,2,,,,6,Defensive Rebound,,,,245,245,
1,12,30,Marko Vasic misses a jump shot from 10 feet out.,116804,,true,false,false,Marko,,Vasic,,Amer,,10,12,1,2,0,,,,,0,2,45,Jump Shot,4,Field Goal Missed,10,4.3,8.6,245,245,
1,12,30,Sam Dekker with a defensive rebound.,116210,,true,false,false,Sam,,Dekker,,Wisc,,10,12,1,2,0,,,,,2,,,,6,Defensive Rebound,,,,82,82,
1,11,54,Nigel Hayes misses a jump shot from 14 feet out.,120669,,true,false,false,Nigel,,Hayes,,Wisc,,10,12,1,2,1,,,,,0,2,45,Jump Shot,4,Field Goal Missed,14,13.5,2.5,82,82,
1,11,54,Jesse Reed with a defensive rebound.,116803,,true,false,false,Jesse,,Reed,,Amer,,10,12,1,2,0,,,,,0,,,,6,Defensive Rebound,,,,245,245,
1,11,24,Tony Wroblicky makes a jump shot from 6 feet out. Darius Gardner with the assist.,98088,98548,true,true,false,Tony,Darius,Wroblicky,Gardner,Amer,Amer,10,14,1,2,1,,,,,4,2,45,Jump Shot,3,Field Goal Made,6,-1.4,5.5,245,245,
1,11,02,Offensive foul committed by Josh Gasser.,97377,,true,false,false,Josh,,Gasser,,Wisc,,10,14,1,3,1,,,,,0,,4,Offensive,8,Foul,,,,82,82,
1,11,02,Josh Gasser with a  turnover:,97377,,true,false,false,Josh,,Gasser,,Wisc,,10,14,1,3,1,,,,,0,,,,7,Turnover,,,,82,82,
1,11,02,Official TV timeout.,,,false,false,false,,,,,,,10,14,1,3,0,,,,,0,,3,Official TV,11,Timeout,,,,82,82,
1,10,42,Tony Wroblicky with a traveling turnover: Traveling,98088,,true,false,false,Tony,,Wroblicky,,Amer,,10,14,1,3,1,,,,,4,,4,Traveling,7,Turnover,,,,245,245,
1,10,15,Frank Kaminsky misses a jump shot from 17 feet out.,110238,,true,false,false,Frank,,Kaminsky,,Wisc,,10,14,1,3,1,,,,,6,2,45,Jump Shot,4,Field Goal Missed,17,15.6,5.9,82,82,
1,10,15,Jesse Reed with a defensive rebound.,116803,,true,false,false,Jesse,,Reed,,Amer,,10,14,1,3,0,,,,,0,,,,6,Defensive Rebound,,,,245,245,
1,9,52,Jesse Reed makes a 3-point jump shot from 27 feet out. Tony Wroblicky with the assist.,116803,98088,true,true,false,Jesse,Tony,Reed,Wroblicky,Amer,Amer,10,17,1,3,0,,,,,3,3,45,Jump Shot,3,Field Goal Made,27,17.9,20.1,245,245,
1,9,20,Ben Brust makes a 3-point jump shot from 27 feet out. Frank Kaminsky with the assist.,97375,110238,true,true,false,Ben,Frank,Brust,Kaminsky,Wisc,Wisc,13,17,1,3,0,,,,,3,3,45,Jump Shot,3,Field Goal Made,27,-9.9,24.9,82,82,
1,8,51,Tony Wroblicky makes a jump shot from 5 feet out.,98088,,true,false,false,Tony,,Wroblicky,,Amer,,13,19,1,3,1,,,,,6,2,45,Jump Shot,3,Field Goal Made,5,-.6,4.7,245,245,
1,8,30,Frank Kaminsky with a traveling turnover: Traveling,110238,,true,false,false,Frank,,Kaminsky,,Wisc,,13,19,1,3,1,,,,,6,,4,Traveling,7,Turnover,,,,82,82,
1,8,03,Tony Wroblicky misses a jump shot from 11 feet out.,98088,,true,false,false,Tony,,Wroblicky,,Amer,,13,19,1,3,1,,,,,6,2,45,Jump Shot,4,Field Goal Missed,11,-2,11.3,245,245,
1,8,03,Ben Brust with a defensive rebound.,97375,,true,false,false,Ben,,Brust,,Wisc,,13,19,1,3,0,,,,,3,,,,6,Defensive Rebound,,,,82,82,
1,7,51,Frank Kaminsky misses a 3-point jump shot from 28 feet out.,110238,,true,false,false,Frank,,Kaminsky,,Wisc,,13,19,1,3,1,,,,,6,3,45,Jump Shot,4,Field Goal Missed,28,8.4,26.4,82,82,
1,7,51,Darius Gardner with a defensive rebound.,98548,,true,false,false,Darius,,Gardner,,Amer,,13,19,1,3,0,,,,,2,,,,6,Defensive Rebound,,,,245,245,
1,7,22,Jesse Reed misses a 3-point jump shot from 30 feet out.,116803,,true,false,false,Jesse,,Reed,,Amer,,13,19,1,3,0,,,,,3,3,45,Jump Shot,4,Field Goal Missed,30,-17.8,24.6,245,245,
1,7,22,Frank Kaminsky with a defensive rebound.,110238,,true,false,false,Frank,,Kaminsky,,Wisc,,13,19,1,3,1,,,,,6,,,,6,Defensive Rebound,,,,82,82,
1,7,07,Frank Kaminsky misses a 3-point jump shot from 28 feet out.,110238,,true,false,false,Frank,,Kaminsky,,Wisc,,13,19,1,3,1,,,,,6,3,45,Jump Shot,4,Field Goal Missed,28,-16.8,22.4,82,82,
1,7,07,Wisc with an offensive rebound.,,,false,false,false,,,,,,,13,19,1,3,0,,,,,0,,,,5,Offensive Rebound,,,,82,82,
1,7,06,Official TV timeout.,,,false,false,false,,,,,,,13,19,1,3,0,,,,,0,,3,Official TV,11,Timeout,,,,82,82,
1,6,52,Sam Dekker makes a jump shot from 14 feet out.,116210,,true,false,false,Sam,,Dekker,,Wisc,,15,19,1,3,0,,,,,4,2,45,Jump Shot,3,Field Goal Made,14,-5.2,12.5,82,82,
1,6,20,Tony Wroblicky misses a jump shot from 10 feet out.,98088,,true,false,false,Tony,,Wroblicky,,Amer,,15,19,1,3,1,,,,,6,2,45,Jump Shot,4,Field Goal Missed,10,-2.5,9.4,245,245,
1,6,20,Sam Dekker with a defensive rebound.,116210,,true,false,false,Sam,,Dekker,,Wisc,,15,19,1,3,0,,,,,4,,,,6,Defensive Rebound,,,,82,82,
1,6,10,Ben Brust makes a 3-point jump shot from 27 feet out. Traevon Jackson with the assist.,97375,110236,true,true,false,Ben,Traevon,Brust,Jackson,Wisc,Wisc,18,19,1,3,0,,,,,6,3,45,Jump Shot,3,Field Goal Made,27,-7.4,26.1,82,82,
1,5,50,John Schoof misses a jump shot from 13 feet out.,109741,,true,false,false,John,,Schoof,,Amer,,18,19,1,3,0,,,,,8,2,45,Jump Shot,4,Field Goal Missed,13,-5.9,11.5,245,245,
1,5,50,Sam Dekker with a defensive rebound.,116210,,true,false,false,Sam,,Dekker,,Wisc,,18,19,1,3,0,,,,,4,,,,6,Defensive Rebound,,,,82,82,
1,5,42,Sam Dekker misses a jump shot from 15 feet out.,116210,,true,false,false,Sam,,Dekker,,Wisc,,18,19,1,3,0,,,,,4,2,45,Jump Shot,4,Field Goal Missed,15,1.6,15.2,82,82,
1,5,42,Darius Gardner with a defensive rebound.,98548,,true,false,false,Darius,,Gardner,,Amer,,18,19,1,3,0,,,,,2,,,,6,Defensive Rebound,,,,245,245,
1,5,16,Jesse Reed with a out of bounds turnover: Out of Bounds,116803,,true,false,false,Jesse,,Reed,,Amer,,18,19,1,3,0,,,,,3,,3,Out of Bounds,7,Turnover,,,,245,245,
1,5,01,Frank Kaminsky misses a jump shot from 7 feet out.,110238,,true,false,false,Frank,,Kaminsky,,Wisc,,18,19,1,3,1,,,,,6,2,45,Jump Shot,4,Field Goal Missed,7,5.5,4,82,82,
1,5,01,Darius Gardner with a defensive rebound.,98548,,true,false,false,Darius,,Gardner,,Amer,,18,19,1,3,0,,,,,2,,,,6,Defensive Rebound,,,,245,245,
1,4,44,Shooting foul committed by Frank Kaminsky.,110238,,true,false,false,Frank,,Kaminsky,,Wisc,,18,19,1,4,2,,,,,6,,2,Shooting,8,Foul,,,,82,82,
1,4,44,Tony Wroblicky misses free throw 1 of 2.,98088,,true,false,false,Tony,,Wroblicky,,Amer,,18,19,1,4,1,,,,,6,1,11,Free Throw 1 of 2,2,Free Throw Missed,,,,245,245,
1,4,44,Amer with an offensive rebound.,,,false,false,false,,,,,,,18,19,1,4,0,,,,,0,,,,5,Offensive Rebound,,,,245,245,
1,4,44,Tony Wroblicky makes free throw 2 of 2.,98088,,true,false,false,Tony,,Wroblicky,,Amer,,18,20,1,4,1,,,,,7,1,12,Free Throw 2 of 2,1,Free Throw Made,,,,245,245,
1,4,28,Personal foul committed by Marko Vasic.,116804,,true,false,false,Marko,,Vasic,,Amer,,18,20,2,4,1,,,,,0,,1,Personal,8,Foul,,,,245,245,
1,4,07,Ben Brust makes a jump shot from 12 feet out.,97375,,true,false,false,Ben,,Brust,,Wisc,,20,20,2,4,0,,,,,8,2,45,Jump Shot,3,Field Goal Made,12,2.3,12,82,82,
1,3,44,Tony Wroblicky with a lost ball turnover: Lost Ball,98088,,true,false,false,Tony,,Wroblicky,,Amer,,20,20,2,4,1,,,,,7,,2,Lost Ball,7,Turnover,,,,245,245,
1,3,39,Personal foul committed by Marko Vasic.,116804,,true,false,false,Marko,,Vasic,,Amer,,20,20,3,4,2,,,,,0,,1,Personal,8,Foul,,,,245,245,
1,3,39,Official TV timeout.,,,false,false,false,,,,,,,20,20,3,4,0,,,,,0,,3,Official TV,11,Timeout,,,,82,82,
1,3,33,Ben Brust makes a jump shot from 7 feet out. Nigel Hayes with the assist.,97375,120669,true,true,false,Ben,Nigel,Brust,Hayes,Wisc,Wisc,22,20,3,4,0,,,,,10,2,45,Jump Shot,3,Field Goal Made,7,-.9,7.4,82,82,
1,3,33,Shooting foul committed by Charlie Jones.,121549,,true,false,false,Charlie,,Jones,,Amer,,22,20,4,4,1,,,,,0,,2,Shooting,8,Foul,,,,245,245,
1,3,33,Ben Brust makes free throw 1 of 1.,97375,,true,false,false,Ben,,Brust,,Wisc,,23,20,4,4,0,,,,,11,1,10,Free Throw 1 of 1,1,Free Throw Made,,,,82,82,
1,3,16,Darius Gardner with a lost ball turnover: Lost Ball,98548,,true,false,false,Darius,,Gardner,,Amer,,23,20,4,4,0,,,,,2,,2,Lost Ball,7,Turnover,,,,245,245,
1,3,07,Sam Dekker misses a jump shot from 11 feet out.,116210,,true,false,false,Sam,,Dekker,,Wisc,,23,20,4,4,0,,,,,4,2,45,Jump Shot,4,Field Goal Missed,11,6.5,8.2,82,82,
1,3,07,Tony Wroblicky with a defensive rebound.,98088,,true,false,false,Tony,,Wroblicky,,Amer,,23,20,4,4,1,,,,,7,,,,6,Defensive Rebound,,,,245,245,
1,3,03,Darius Gardner makes a jump shot from 8 feet out.,98548,,true,false,false,Darius,,Gardner,,Amer,,23,22,4,4,0,,,,,4,2,45,Jump Shot,3,Field Goal Made,8,.9,7.6,245,245,
1,2,43,Traevon Jackson makes a 3-point jump shot from 26 feet out. Josh Gasser with the assist.,110236,97377,true,true,false,Traevon,Josh,Jackson,Gasser,Wisc,Wisc,26,22,4,4,0,,,,,5,3,45,Jump Shot,3,Field Goal Made,26,14,21.5,82,82,
1,2,06,John Schoof misses a 3-point jump shot from 24 feet out.,109741,,true,false,false,John,,Schoof,,Amer,,26,22,4,4,0,,,,,8,3,45,Jump Shot,4,Field Goal Missed,24,-10.8,21.8,245,245,
1,2,06,Nigel Hayes with a defensive rebound.,120669,,true,false,false,Nigel,,Hayes,,Wisc,,26,22,4,4,1,,,,,0,,,,6,Defensive Rebound,,,,82,82,
1,1,43,Ben Brust misses a 3-point jump shot from 27 feet out.,97375,,true,false,false,Ben,,Brust,,Wisc,,26,22,4,4,0,,,,,11,3,45,Jump Shot,4,Field Goal Missed,27,-9.6,25.4,82,82,
1,1,43,Sam Dekker with an offensive rebound.,116210,,true,false,false,Sam,,Dekker,,Wisc,,26,22,4,4,0,,,,,4,,,,5,Offensive Rebound,,,,82,82,
1,1,40,Shooting foul committed by Charlie Jones.,121549,,true,false,false,Charlie,,Jones,,Amer,,26,22,5,4,2,,,,,0,,2,Shooting,8,Foul,,,,245,245,
1,1,20,Shooting foul committed by Charlie Jones.,121549,,true,false,false,Charlie,,Jones,,Amer,,26,22,6,4,3,,,,,0,,2,Shooting,8,Foul,,,,245,245,
1,1,20,Josh Gasser makes free throw 1 of 2.,97377,,true,false,false,Josh,,Gasser,,Wisc,,27,22,6,4,1,,,,,1,1,11,Free Throw 1 of 2,1,Free Throw Made,,,,82,82,
1,1,20,Josh Gasser makes free throw 2 of 2.,97377,,true,false,false,Josh,,Gasser,,Wisc,,28,22,6,4,1,,,,,2,1,12,Free Throw 2 of 2,1,Free Throw Made,,,,82,82,
1,0,58.9,Jesse Reed with a lost ball turnover: Lost Ball,116803,,true,false,false,Jesse,,Reed,,Amer,,28,22,6,4,0,,,,,3,,2,Lost Ball,7,Turnover,,,,245,245,
1,0,51.4,Personal foul committed by Kyle Kager.,109728,,true,false,false,Kyle,,Kager,,Amer,,28,22,7,4,1,,,,,0,,1,Personal,8,Foul,,,,245,245,
1,0,51.4,Nigel Hayes makes free throw 1 of 2.,120669,,true,false,false,Nigel,,Hayes,,Wisc,,29,22,7,4,1,,,,,1,1,11,Free Throw 1 of 2,1,Free Throw Made,,,,82,82,
1,0,51.4,Nigel Hayes makes free throw 2 of 2.,120669,,true,false,false,Nigel,,Hayes,,Wisc,,30,22,7,4,1,,,,,2,1,12,Free Throw 2 of 2,1,Free Throw Made,,,,82,82,
1,0,17.5,John Schoof misses a jump shot from 10 feet out.,109741,,true,false,false,John,,Schoof,,Amer,,30,22,7,4,0,,,,,8,2,45,Jump Shot,4,Field Goal Missed,10,-2.5,9.4,245,245,
1,0,17.5,Nigel Hayes with a defensive rebound.,120669,,true,false,false,Nigel,,Hayes,,Wisc,,30,22,7,4,1,,,,,2,,,,6,Defensive Rebound,,,,82,82,
1,0,14.9,Wisc take a 20-second timeout.,,,false,false,false,,,,,,,30,22,7,4,0,,,,,0,,2,Short,11,Timeout,,,,82,82,
1,0,08.3,Traevon Jackson makes a jump shot from 13 feet out.,110236,,true,false,false,Traevon,,Jackson,,Wisc,,32,22,7,4,0,,,,,7,2,45,Jump Shot,3,Field Goal Made,13,-6.2,11.6,82,82,
1,0,01.5,Darius Gardner misses a 3-point jump shot from 38 feet out.,98548,,true,false,false,Darius,,Gardner,,Amer,,32,22,7,4,0,,,,,4,3,45,Jump Shot,4,Field Goal Missed,38,11.6,36,245,245,
1,0,01.5,Amer with an offensive rebound.,,,false,false,false,,,,,,,32,22,7,4,0,,,,,0,,,,5,Offensive Rebound,,,,245,245,
1,0,00,End of the 1st Half,,,false,false,false,,,,,,,32,22,7,4,0,,,,,0,,,,15,End Period,,,,82,82,
2,20,00,Start of the 2nd Half,,,false,false,false,,,,,,,32,22,0,0,0,,,,,0,,,,14,Start Period,,,,82,82,
2,19,46,Shooting foul committed by Tony Wroblicky.,98088,,true,false,false,Tony,,Wroblicky,,Amer,,32,22,1,0,2,,,,,7,,2,Shooting,8,Foul,,,,245,245,
2,19,46,Frank Kaminsky makes free throw 1 of 2.,110238,,true,false,false,Frank,,Kaminsky,,Wisc,,33,22,1,0,2,,,,,7,1,11,Free Throw 1 of 2,1,Free Throw Made,,,,82,82,
2,19,46,Frank Kaminsky makes free throw 2 of 2.,110238,,true,false,false,Frank,,Kaminsky,,Wisc,,34,22,1,0,2,,,,,8,1,12,Free Throw 2 of 2,1,Free Throw Made,,,,82,82,
2,19,23,Shooting foul committed by Sam Dekker.,116210,,true,false,false,Sam,,Dekker,,Wisc,,34,22,1,1,1,,,,,4,,2,Shooting,8,Foul,,,,82,82,
2,19,05,Jesse Reed makes a jump shot from 12 feet out. Tony Wroblicky with the assist.,116803,98088,true,true,false,Jesse,Tony,Reed,Wroblicky,Amer,Amer,34,24,1,1,0,,,,,5,2,45,Jump Shot,3,Field Goal Made,12,-.1,11.6,245,245,
2,18,47,Sam Dekker makes a 3-point jump shot from 27 feet out. Traevon Jackson with the assist.,116210,110236,true,true,false,Sam,Traevon,Dekker,Jackson,Wisc,Wisc,37,24,1,1,1,,,,,7,3,45,Jump Shot,3,Field Goal Made,27,14.7,23,82,82,
2,18,34,Tony Wroblicky with a 3 second violation turnover: 3 Second Violation,98088,,true,false,false,Tony,,Wroblicky,,Amer,,37,24,1,1,2,,,,,7,,8,3 Second Violation,7,Turnover,,,,245,245,
2,18,15,Sam Dekker misses a 3-point jump shot from 23 feet out.,116210,,true,false,false,Sam,,Dekker,,Wisc,,37,24,1,1,1,,,,,7,3,45,Jump Shot,4,Field Goal Missed,23,17.1,15.2,82,82,
2,18,15,John Schoof with a defensive rebound.,109741,,true,false,false,John,,Schoof,,Amer,,37,24,1,1,0,,,,,8,,,,6,Defensive Rebound,,,,245,245,
2,18,11,Personal foul committed by Ben Brust.,97375,,true,false,false,Ben,,Brust,,Wisc,,37,24,1,2,1,,,,,11,,1,Personal,8,Foul,,,,82,82,
2,17,47,Jesse Reed misses a jump shot from 7 feet out.,116803,,true,false,false,Jesse,,Reed,,Amer,,37,24,1,2,0,,,,,5,2,45,Jump Shot,4,Field Goal Missed,7,2.1,6.7,245,245,
2,17,47,Frank Kaminsky with a defensive rebound.,110238,,true,false,false,Frank,,Kaminsky,,Wisc,,37,24,1,2,2,,,,,8,,,,6,Defensive Rebound,,,,82,82,
2,17,24,Frank Kaminsky misses a 3-point jump shot from 28 feet out.,110238,,true,false,false,Frank,,Kaminsky,,Wisc,,37,24,1,2,2,,,,,8,3,45,Jump Shot,4,Field Goal Missed,28,-19,21.2,82,82,
2,17,24,Sam Dekker with an offensive rebound.,116210,,true,false,false,Sam,,Dekker,,Wisc,,37,24,1,2,1,,,,,7,,,,5,Offensive Rebound,,,,82,82,
2,17,20,Sam Dekker makes a jump shot from 8 feet out.,116210,,true,false,false,Sam,,Dekker,,Wisc,,39,24,1,2,1,,,,,9,2,45,Jump Shot,3,Field Goal Made,8,-.4,7.6,82,82,
2,16,57,Darius Gardner misses a jump shot from 10 feet out.,98548,,true,false,false,Darius,,Gardner,,Amer,,39,24,1,2,0,,,,,4,2,45,Jump Shot,4,Field Goal Missed,10,8.9,4.8,245,245,
2,16,57,Darius Gardner with an offensive rebound.,98548,,true,false,false,Darius,,Gardner,,Amer,,39,24,1,2,0,,,,,4,,,,5,Offensive Rebound,,,,245,245,
2,16,47,Darius Gardner with a bad pass turnover: Bad Pass,98548,,true,false,false,Darius,,Gardner,,Amer,,39,24,1,2,0,,,,,4,,1,Bad Pass,7,Turnover,,,,245,245,
2,16,41,Personal foul committed by Darius Gardner.,98548,,true,false,false,Darius,,Gardner,,Amer,,39,24,2,2,1,,,,,4,,1,Personal,8,Foul,,,,245,245,
2,16,23,Traevon Jackson misses a 3-point jump shot from 28 feet out.,110236,,true,false,false,Traevon,,Jackson,,Wisc,,39,24,2,2,0,,,,,7,3,45,Jump Shot,4,Field Goal Missed,28,-18.3,21.8,82,82,
2,16,23,John Schoof with a defensive rebound.,109741,,true,false,false,John,,Schoof,,Amer,,39,24,2,2,0,,,,,8,,,,6,Defensive Rebound,,,,245,245,
2,16,05,Jesse Reed misses a 3-point jump shot from 25 feet out.,116803,,true,false,false,Jesse,,Reed,,Amer,,39,24,2,2,0,,,,,5,3,45,Jump Shot,4,Field Goal Missed,25,-17.8,17.4,245,245,
2,16,05,Traevon Jackson with a defensive rebound.,110236,,true,false,false,Traevon,,Jackson,,Wisc,,39,24,2,2,0,,,,,7,,,,6,Defensive Rebound,,,,82,82,
2,16,05,Traevon Jackson with a lost ball turnover: Lost Ball,110236,,true,false,false,Traevon,,Jackson,,Wisc,,39,24,2,2,0,,,,,7,,2,Lost Ball,7,Turnover,,,,82,82,
2,16,03,Darius Gardner with a out of bounds turnover: Out of Bounds,98548,,true,false,false,Darius,,Gardner,,Amer,,39,24,2,2,1,,,,,4,,3,Out of Bounds,7,Turnover,,,,245,245,
2,15,55,Nigel Hayes makes a jump shot from 17 feet out. Duje Dukan with the assist.,120669,97376,true,true,false,Nigel,Duje,Hayes,Dukan,Wisc,Wisc,41,24,2,2,1,,,,,4,2,45,Jump Shot,3,Field Goal Made,17,12.5,11.8,82,82,
2,15,32,Personal foul committed by Bronson Koenig.,120671,,true,false,false,Bronson,,Koenig,,Wisc,,41,24,2,3,1,,,,,0,,1,Personal,8,Foul,,,,82,82,
2,15,32,Official TV timeout.,,,false,false,false,,,,,,,41,24,2,3,0,,,,,0,,3,Official TV,11,Timeout,,,,82,82,
2,15,21,John Schoof with a lost ball turnover: Lost Ball,109741,,true,false,false,John,,Schoof,,Amer,,41,24,2,3,0,,,,,8,,2,Lost Ball,7,Turnover,,,,245,245,
2,14,58,Nigel Hayes makes a jump shot from 14 feet out. Josh Gasser with the assist.,120669,97377,true,true,false,Nigel,Josh,Hayes,Gasser,Wisc,Wisc,43,24,2,3,1,,,,,6,2,45,Jump Shot,3,Field Goal Made,14,-2.6,13.5,82,82,
2,14,24,Jesse Reed misses a 3-point jump shot from 24 feet out.,116803,,true,false,false,Jesse,,Reed,,Amer,,43,24,2,3,0,,,,,5,3,45,Jump Shot,4,Field Goal Missed,24,-8.2,22.7,245,245,
2,14,24,Wisc with a defensive rebound.,,,false,false,false,,,,,,,43,24,2,3,0,,,,,0,,,,6,Defensive Rebound,,,,82,82,
2,14,03,Ben Brust makes a 3-point jump shot from 26 feet out. Josh Gasser with the assist.,97375,97377,true,true,false,Ben,Josh,Brust,Gasser,Wisc,Wisc,46,24,2,3,1,,,,,14,3,45,Jump Shot,3,Field Goal Made,26,20.2,16.4,82,82,
2,13,41,Personal foul committed by Bronson Koenig.,120671,,true,false,false,Bronson,,Koenig,,Wisc,,46,24,2,4,2,,,,,0,,1,Personal,8,Foul,,,,82,82,
2,13,35,Shooting foul committed by Sam Dekker.,116210,,true,false,false,Sam,,Dekker,,Wisc,,46,24,2,5,2,,,,,9,,2,Shooting,8,Foul,,,,82,82,
2,13,35,Jesse Reed makes free throw 1 of 2.,116803,,true,false,false,Jesse,,Reed,,Amer,,46,25,2,5,0,,,,,6,1,11,Free Throw 1 of 2,1,Free Throw Made,,,,245,245,
2,13,35,Jesse Reed misses free throw 2 of 2.,116803,,true,false,false,Jesse,,Reed,,Amer,,46,25,2,5,0,,,,,6,1,12,Free Throw 2 of 2,2,Free Throw Missed,,,,245,245,
2,13,35,Ben Brust with a defensive rebound.,97375,,true,false,false,Ben,,Brust,,Wisc,,46,25,2,5,1,,,,,14,,,,6,Defensive Rebound,,,,82,82,
2,13,05,Ben Brust makes a 3-point jump shot from 24 feet out. Traevon Jackson with the assist.,97375,110236,true,true,false,Ben,Traevon,Brust,Jackson,Wisc,Wisc,49,25,2,5,1,,,,,17,3,45,Jump Shot,3,Field Goal Made,24,-19.5,14.9,82,82,
2,12,36,Jesse Reed misses a 3-point jump shot from 30 feet out.,116803,,true,false,false,Jesse,,Reed,,Amer,,49,25,2,5,0,,,,,6,3,45,Jump Shot,4,Field Goal Missed,30,-17.8,24.4,245,245,
2,12,36,Ben Brust with a defensive rebound.,97375,,true,false,false,Ben,,Brust,,Wisc,,49,25,2,5,1,,,,,17,,,,6,Defensive Rebound,,,,82,82,
2,12,26,Sam Dekker makes a jump shot from 6 feet out. Ben Brust with the assist.,116210,97375,true,true,false,Sam,Ben,Dekker,Brust,Wisc,Wisc,51,25,2,5,2,,,,,11,2,45,Jump Shot,3,Field Goal Made,6,.4,5.9,82,82,
2,12,26,Amer take a 20-second timeout.,,,false,false,false,,,,,,,51,25,2,5,0,,,,,0,,2,Short,11,Timeout,,,,245,245,
2,11,54,Personal foul committed by Frank Kaminsky.,110238,,true,false,false,Frank,,Kaminsky,,Wisc,,51,25,2,6,3,,,,,8,,1,Personal,8,Foul,,,,82,82,
2,11,54,Official TV timeout.,,,false,false,false,,,,,,,51,25,2,6,0,,,,,0,,3,Official TV,11,Timeout,,,,82,82,
2,11,35,John Schoof misses a jump shot from 13 feet out.,109741,,true,false,false,John,,Schoof,,Amer,,51,25,2,6,0,,,,,8,2,45,Jump Shot,4,Field Goal Missed,13,-12.7,2.6,245,245,
2,11,35,Traevon Jackson with a defensive rebound.,110236,,true,false,false,Traevon,,Jackson,,Wisc,,51,25,2,6,0,,,,,7,,,,6,Defensive Rebound,,,,82,82,
2,11,19,Personal foul committed by Tony Wroblicky.,98088,,true,false,false,Tony,,Wroblicky,,Amer,,51,25,3,6,3,,,,,7,,1,Personal,8,Foul,,,,245,245,
2,11,07,Ben Brust misses a 3-point jump shot from 26 feet out.,97375,,true,false,false,Ben,,Brust,,Wisc,,51,25,3,6,1,,,,,17,3,45,Jump Shot,4,Field Goal Missed,26,-11.5,22.9,82,82,
2,11,07,Duje Dukan with an offensive rebound.,97376,,true,false,false,Duje,,Dukan,,Wisc,,51,25,3,6,0,,,,,0,,,,5,Offensive Rebound,,,,82,82,
2,11,01,Duje Dukan makes a jump shot from 4 feet out.,97376,,true,false,false,Duje,,Dukan,,Wisc,,53,25,3,6,0,,,,,2,2,45,Jump Shot,3,Field Goal Made,4,.3,4,82,82,
2,10,43,John Schoof misses a 3-point jump shot from 25 feet out.,109741,,true,false,false,John,,Schoof,,Amer,,53,25,3,6,0,,,,,8,3,45,Jump Shot,4,Field Goal Missed,25,-16.8,18.3,245,245,
2,10,43,Darius Gardner with an offensive rebound.,98548,,true,false,false,Darius,,Gardner,,Amer,,53,25,3,6,1,,,,,4,,,,5,Offensive Rebound,,,,245,245,
2,10,39,Darius Gardner misses a jump shot from 8 feet out.,98548,,true,false,false,Darius,,Gardner,,Amer,,53,25,3,6,1,,,,,4,2,45,Jump Shot,4,Field Goal Missed,8,-7.1,4.5,245,245,
2,10,39,Traevon Jackson with a defensive rebound.,110236,,true,false,false,Traevon,,Jackson,,Wisc,,53,25,3,6,0,,,,,7,,,,6,Defensive Rebound,,,,82,82,
2,10,30,Sam Dekker misses a 3-point jump shot from 28 feet out.,116210,,true,false,false,Sam,,Dekker,,Wisc,,53,25,3,6,2,,,,,11,3,45,Jump Shot,4,Field Goal Missed,28,12.7,24.6,82,82,
2,10,30,Frank Kaminsky with an offensive rebound.,110238,,true,false,false,Frank,,Kaminsky,,Wisc,,53,25,3,6,3,,,,,8,,,,5,Offensive Rebound,,,,82,82,
2,10,23,Duje Dukan with a lost ball turnover: Lost Ball,97376,,true,false,false,Duje,,Dukan,,Wisc,,53,25,3,6,0,,,,,2,,2,Lost Ball,7,Turnover,,,,82,82,
2,10,20,Shooting foul committed by Traevon Jackson.,110236,,true,false,false,Traevon,,Jackson,,Wisc,,53,25,3,7,1,,,,,7,,2,Shooting,8,Foul,,,,82,82,
2,10,20,Jesse Reed misses free throw 1 of 2.,116803,,true,false,false,Jesse,,Reed,,Amer,,53,25,3,7,0,,,,,6,1,11,Free Throw 1 of 2,2,Free Throw Missed,,,,245,245,
2,10,20,Amer with an offensive rebound.,,,false,false,false,,,,,,,53,25,3,7,0,,,,,0,,,,5,Offensive Rebound,,,,245,245,
2,10,20,Jesse Reed makes free throw 2 of 2.,116803,,true,false,false,Jesse,,Reed,,Amer,,53,26,3,7,0,,,,,7,1,12,Free Throw 2 of 2,1,Free Throw Made,,,,245,245,
2,9,51,Traevon Jackson makes a jump shot from 16 feet out.,110236,,true,false,false,Traevon,,Jackson,,Wisc,,55,26,3,7,1,,,,,9,2,45,Jump Shot,3,Field Goal Made,16,-5.2,15.2,82,82,
2,9,46,Darius Gardner with a lost ball turnover: Lost Ball,98548,,true,false,false,Darius,,Gardner,,Amer,,55,26,3,7,1,,,,,4,,2,Lost Ball,7,Turnover,,,,245,245,
2,9,33,Personal foul committed by John Schoof.,109741,,true,false,false,John,,Schoof,,Amer,,55,26,4,7,1,,,,,8,,1,Personal,8,Foul,,,,245,245,
2,9,30,Traevon Jackson makes a jump shot from 5 feet out.,110236,,true,false,false,Traevon,,Jackson,,Wisc,,57,26,4,7,1,,,,,11,2,45,Jump Shot,3,Field Goal Made,5,1.3,5.2,82,82,
2,9,07,Offensive foul committed by Tony Wroblicky.,98088,,true,false,false,Tony,,Wroblicky,,Amer,,57,26,5,7,4,,,,,7,,4,Offensive,8,Foul,,,,245,245,
2,9,07,Tony Wroblicky with a  turnover:,98088,,true,false,false,Tony,,Wroblicky,,Amer,,57,26,5,7,4,,,,,7,,,,7,Turnover,,,,245,245,
2,8,46,Bronson Koenig misses a 3-point jump shot from 29 feet out.,120671,,true,false,false,Bronson,,Koenig,,Wisc,,57,26,5,7,2,,,,,0,3,45,Jump Shot,4,Field Goal Missed,29,16.1,23.5,82,82,
2,8,46,Amer with a defensive rebound.,,,false,false,false,,,,,,,57,26,5,7,0,,,,,0,,,,6,Defensive Rebound,,,,245,245,
2,8,34,Darius Gardner misses a jump shot from 9 feet out.,98548,,true,false,false,Darius,,Gardner,,Amer,,57,26,5,7,1,,,,,4,2,45,Jump Shot,4,Field Goal Missed,9,.8,8.7,245,245,
2,8,34,Nigel Hayes with a defensive rebound.,120669,,true,false,false,Nigel,,Hayes,,Wisc,,57,26,5,7,1,,,,,6,,,,6,Defensive Rebound,,,,82,82,
2,8,23,Josh Gasser makes a 3-point jump shot from 27 feet out. Frank Kaminsky with the assist.,97377,110238,true,true,false,Josh,Frank,Gasser,Kaminsky,Wisc,Wisc,60,26,5,7,1,,,,,5,3,45,Jump Shot,3,Field Goal Made,27,-20.3,18.1,82,82,
2,7,53,Personal foul committed by Frank Kaminsky.,110238,,true,false,false,Frank,,Kaminsky,,Wisc,,60,26,5,8,4,,,,,8,,1,Personal,8,Foul,,,,82,82,
2,7,53,Official TV timeout.,,,false,false,false,,,,,,,60,26,5,8,0,,,,,0,,3,Official TV,11,Timeout,,,,82,82,
2,7,53,Jesse Reed makes free throw 1 of 2.,116803,,true,false,false,Jesse,,Reed,,Amer,,60,27,5,8,0,,,,,8,1,11,Free Throw 1 of 2,1,Free Throw Made,,,,245,245,
2,7,53,Jesse Reed makes free throw 2 of 2.,116803,,true,false,false,Jesse,,Reed,,Amer,,60,28,5,8,0,,,,,9,1,12,Free Throw 2 of 2,1,Free Throw Made,,,,245,245,
2,7,36,Personal foul committed by Zach Elcano.,116801,,true,false,false,Zach,,Elcano,,Amer,,60,28,6,8,1,,,,,0,,1,Personal,8,Foul,,,,245,245,
2,7,07,Shooting foul committed by John Schoof.,109741,,true,false,false,John,,Schoof,,Amer,,60,28,7,8,2,,,,,8,,2,Shooting,8,Foul,,,,245,245,
2,7,07,Josh Gasser makes free throw 1 of 2.,97377,,true,false,false,Josh,,Gasser,,Wisc,,61,28,7,8,1,,,,,6,1,11,Free Throw 1 of 2,1,Free Throw Made,,,,82,82,
2,7,07,Josh Gasser makes free throw 2 of 2.,97377,,true,false,false,Josh,,Gasser,,Wisc,,62,28,7,8,1,,,,,7,1,12,Free Throw 2 of 2,1,Free Throw Made,,,,82,82,
2,6,45,Darius Gardner misses a jump shot from 8 feet out.,98548,,true,false,false,Darius,,Gardner,,Amer,,62,28,7,8,1,,,,,4,2,45,Jump Shot,4,Field Goal Missed,8,-5.5,5.9,245,245,
2,6,45,Nigel Hayes with a defensive rebound.,120669,,true,false,false,Nigel,,Hayes,,Wisc,,62,28,7,8,1,,,,,6,,,,6,Defensive Rebound,,,,82,82,
2,6,27,Personal foul committed by Darius Gardner.,98548,,true,false,false,Darius,,Gardner,,Amer,,62,28,8,8,2,,,,,4,,1,Personal,8,Foul,,,,245,245,
2,6,27,Traevon Jackson makes free throw 1 of 2.,110236,,true,false,false,Traevon,,Jackson,,Wisc,,63,28,8,8,1,,,,,12,1,11,Free Throw 1 of 2,1,Free Throw Made,,,,82,82,
2,6,27,Traevon Jackson makes free throw 2 of 2.,110236,,true,false,false,Traevon,,Jackson,,Wisc,,64,28,8,8,1,,,,,13,1,12,Free Throw 2 of 2,1,Free Throw Made,,,,82,82,
2,6,09,Jesse Reed misses a jump shot from 13 feet out.,116803,,true,false,false,Jesse,,Reed,,Amer,,64,28,8,8,0,,,,,9,2,45,Jump Shot,4,Field Goal Missed,13,-3.1,13,245,245,
2,6,09,Traevon Jackson with a defensive rebound.,110236,,true,false,false,Traevon,,Jackson,,Wisc,,64,28,8,8,1,,,,,13,,,,6,Defensive Rebound,,,,82,82,
2,6,01,Traevon Jackson makes a jump shot from 7 feet out.,110236,,true,false,false,Traevon,,Jackson,,Wisc,,66,28,8,8,1,,,,,15,2,45,Jump Shot,3,Field Goal Made,7,.1,7,82,82,
2,5,40,John Schoof with a lost ball turnover: Lost Ball,109741,,true,false,false,John,,Schoof,,Amer,,66,28,8,8,2,,,,,8,,2,Lost Ball,7,Turnover,,,,245,245,
2,5,32,Wisc take a 20-second timeout.,,,false,false,false,,,,,,,66,28,8,8,0,,,,,0,,2,Short,11,Timeout,,,,82,82,
2,5,26,Traevon Jackson makes a 3-point jump shot from 27 feet out.,110236,,true,false,false,Traevon,,Jackson,,Wisc,,69,28,8,8,1,,,,,18,3,45,Jump Shot,3,Field Goal Made,27,16.2,21.7,82,82,
2,5,26,Personal foul committed by Darius Gardner.,98548,,true,false,false,Darius,,Gardner,,Amer,,69,28,9,8,3,,,,,4,,1,Personal,8,Foul,,,,245,245,
2,5,20,Vitto Brown misses free throw 1 of 1.,120672,,true,false,false,Vitto,,Brown,,Wisc,,69,28,9,8,0,,,,,0,1,10,Free Throw 1 of 1,2,Free Throw Missed,,,,82,82,
2,5,20,Tony Wroblicky with a defensive rebound.,98088,,true,false,false,Tony,,Wroblicky,,Amer,,69,28,9,8,4,,,,,7,,,,6,Defensive Rebound,,,,245,245,
2,5,09,John Schoof makes a 3-point jump shot from 27 feet out. Darius Gardner with the assist.,109741,98548,true,true,false,John,Darius,Schoof,Gardner,Amer,Amer,69,31,9,8,2,,,,,11,3,45,Jump Shot,3,Field Goal Made,27,-13.7,22.9,245,245,
2,4,58,Vitto Brown misses a jump shot from 10 feet out.,120672,,true,false,false,Vitto,,Brown,,Wisc,,69,31,9,8,0,,,,,0,2,45,Jump Shot,4,Field Goal Missed,10,8.9,5.3,82,82,
2,4,58,Jesse Reed with a defensive rebound.,116803,,true,false,false,Jesse,,Reed,,Amer,,69,31,9,8,0,,,,,9,,,,6,Defensive Rebound,,,,245,245,
2,4,54,Marko Vasic misses a 3-point jump shot from 26 feet out.,116804,,true,false,false,Marko,,Vasic,,Amer,,69,31,9,8,2,,,,,0,3,45,Jump Shot,4,Field Goal Missed,26,-17.4,18.8,245,245,
2,4,54,Darius Gardner with an offensive rebound.,98548,,true,false,false,Darius,,Gardner,,Amer,,69,31,9,8,3,,,,,4,,,,5,Offensive Rebound,,,,245,245,
2,4,38,Personal foul committed by Nigel Hayes.,120669,,true,false,false,Nigel,,Hayes,,Wisc,,69,31,9,9,2,,,,,6,,1,Personal,8,Foul,,,,82,82,
2,4,38,Marko Vasic misses free throw 1 of 1.,116804,,true,false,false,Marko,,Vasic,,Amer,,69,31,9,9,2,,,,,0,1,10,Free Throw 1 of 1,2,Free Throw Missed,,,,245,245,
2,4,38,Duje Dukan with a defensive rebound.,97376,,true,false,false,Duje,,Dukan,,Wisc,,69,31,9,9,0,,,,,2,,,,6,Defensive Rebound,,,,82,82,
2,4,07,Vitto Brown misses a jump shot from 12 feet out.,120672,,true,false,false,Vitto,,Brown,,Wisc,,69,31,9,9,0,,,,,0,2,45,Jump Shot,4,Field Goal Missed,12,10.8,6.2,82,82,
2,4,07,John Schoof with a defensive rebound.,109741,,true,false,false,John,,Schoof,,Amer,,69,31,9,9,2,,,,,11,,,,6,Defensive Rebound,,,,245,245,
2,3,55,Shooting foul committed by Vitto Brown.,120672,,true,false,false,Vitto,,Brown,,Wisc,,69,31,9,10,1,,,,,0,,2,Shooting,8,Foul,,,,82,82,
2,3,55,Official TV timeout.,,,false,false,false,,,,,,,69,31,9,10,0,,,,,0,,3,Official TV,11,Timeout,,,,82,82,
2,3,55,Tony Wroblicky makes free throw 1 of 2.,98088,,true,false,false,Tony,,Wroblicky,,Amer,,69,32,9,10,4,,,,,8,1,11,Free Throw 1 of 2,1,Free Throw Made,,,,245,245,
2,3,55,Tony Wroblicky makes free throw 2 of 2.,98088,,true,false,false,Tony,,Wroblicky,,Amer,,69,33,9,10,4,,,,,9,1,12,Free Throw 2 of 2,1,Free Throw Made,,,,245,245,
2,3,24,Bronson Koenig makes a 3-point jump shot from 27 feet out.,120671,,true,false,false,Bronson,,Koenig,,Wisc,,72,33,9,10,2,,,,,3,3,45,Jump Shot,3,Field Goal Made,27,10.1,25.2,82,82,
2,3,06,John Schoof misses a jump shot from 12 feet out.,109741,,true,false,false,John,,Schoof,,Amer,,72,33,9,10,2,,,,,11,2,45,Jump Shot,4,Field Goal Missed,12,-1.8,12.3,245,245,
2,3,06,Josh Gasser with a defensive rebound.,97377,,true,false,false,Josh,,Gasser,,Wisc,,72,33,9,10,1,,,,,7,,,,6,Defensive Rebound,,,,82,82,
2,2,57,Wisc take a 20-second timeout.,,,false,false,false,,,,,,,72,33,9,10,0,,,,,0,,2,Short,11,Timeout,,,,82,82,
2,2,33,Evan Anderson misses a jump shot from 14 feet out.,97374,,true,false,false,Evan,,Anderson,,Wisc,,72,33,9,10,0,,,,,0,2,45,Jump Shot,4,Field Goal Missed,14,9.3,9.9,82,82,
2,2,33,Jesse Reed with a defensive rebound.,116803,,true,false,false,Jesse,,Reed,,Amer,,72,33,9,10,0,,,,,9,,,,6,Defensive Rebound,,,,245,245,
2,2,12,Tony Wroblicky makes a jump shot from 6 feet out. Charlie Jones with the assist.,98088,121549,true,true,false,Tony,Charlie,Wroblicky,Jones,Amer,Amer,72,35,9,10,4,,,,,11,2,45,Jump Shot,3,Field Goal Made,6,.6,6,245,245,
2,1,57,Duje Dukan makes a 3-point jump shot from 25 feet out.,97376,,true,false,false,Duje,,Dukan,,Wisc,,75,35,9,10,0,,,,,5,3,45,Jump Shot,3,Field Goal Made,25,-15.1,20.1,82,82,
2,1,39,Charlie Jones misses a 3-point jump shot from 26 feet out.,121549,,true,false,false,Charlie,,Jones,,Amer,,75,35,9,10,3,,,,,0,3,45,Jump Shot,4,Field Goal Missed,26,-16.8,20.3,245,245,
2,1,39,Jalen Rhea with an offensive rebound.,121553,,true,false,false,Jalen,,Rhea,,Amer,,75,35,9,10,0,,,,,0,,,,5,Offensive Rebound,,,,245,245,
2,1,39,Personal foul committed by Duje Dukan.,97376,,true,false,false,Duje,,Dukan,,Wisc,,75,35,9,11,1,,,,,5,,1,Personal,8,Foul,,,,82,82,
2,1,39,Jalen Rhea misses free throw 1 of 2.,121553,,true,false,false,Jalen,,Rhea,,Amer,,75,35,9,11,0,,,,,0,1,11,Free Throw 1 of 2,2,Free Throw Missed,,,,245,245,
2,1,39,Amer with an offensive rebound.,,,false,false,false,,,,,,,75,35,9,11,0,,,,,0,,,,5,Offensive Rebound,,,,245,245,
2,1,39,Jalen Rhea misses free throw 2 of 2.,121553,,true,false,false,Jalen,,Rhea,,Amer,,75,35,9,11,0,,,,,0,1,12,Free Throw 2 of 2,2,Free Throw Missed,,,,245,245,
2,1,39,Vitto Brown with a defensive rebound.,120672,,true,false,false,Vitto,,Brown,,Wisc,,75,35,9,11,1,,,,,0,,,,6,Defensive Rebound,,,,82,82,
2,1,24,Jordan Hill misses a 3-point jump shot from 27 feet out.,120670,,true,false,false,Jordan,,Hill,,Wisc,,75,35,9,11,0,,,,,0,3,45,Jump Shot,4,Field Goal Missed,27,17.4,20.5,82,82,
2,1,24,Jesse Reed with a defensive rebound.,116803,,true,false,false,Jesse,,Reed,,Amer,,75,35,9,11,0,,,,,9,,,,6,Defensive Rebound,,,,245,245,
2,1,19,Austin Carroll misses a 3-point jump shot from 25 feet out.,97399,,true,false,false,Austin,,Carroll,,Amer,,75,35,9,11,0,,,,,0,3,45,Jump Shot,4,Field Goal Missed,25,-17.8,17.9,245,245,
2,1,19,Duje Dukan with a defensive rebound.,97376,,true,false,false,Duje,,Dukan,,Wisc,,75,35,9,11,1,,,,,5,,,,6,Defensive Rebound,,,,82,82,
2,1,01,Vitto Brown misses a jump shot from 12 feet out.,120672,,true,false,false,Vitto,,Brown,,Wisc,,75,35,9,11,1,,,,,0,2,45,Jump Shot,4,Field Goal Missed,12,7.4,9.4,82,82,
2,1,01,Tony Wroblicky with a defensive rebound.,98088,,true,false,false,Tony,,Wroblicky,,Amer,,75,35,9,11,4,,,,,11,,,,6,Defensive Rebound,,,,245,245,
2,0,55.8,Jalen Rhea misses a 3-point jump shot from 23 feet out.,121553,,true,false,false,Jalen,,Rhea,,Amer,,75,35,9,11,0,,,,,0,3,45,Jump Shot,4,Field Goal Missed,23,-13.4,19.1,245,245,
2,0,55.8,Jordan Hill with a defensive rebound.,120670,,true,false,false,Jordan,,Hill,,Wisc,,75,35,9,11,0,,,,,0,,,,6,Defensive Rebound,,,,82,82,
2,0,26.4,Jordan Hill with a lost ball turnover: Lost Ball,120670,,true,false,false,Jordan,,Hill,,Wisc,,75,35,9,11,0,,,,,0,,2,Lost Ball,7,Turnover,,,,82,82,
2,0,22.6,Austin Carroll with a lost ball turnover: Lost Ball,97399,,true,false,false,Austin,,Carroll,,Amer,,75,35,9,11,0,,,,,0,,2,Lost Ball,7,Turnover,,,,245,245,
2,0,00,End of the 2nd Half,,,false,false,false,,,,,,,75,35,9,11,0,,,,,0,,,,15,End Period,,,,82,82,
2,0,00,End of the Game,,,false,false,false,,,,,,,75,35,9,11,0,,,,,0,,,,19,Game Over,,,,82,82,
