half,time-minutes,time-seconds,details,player1-id,player2-id,player1-linkable,player2-linkable,player3-linkable,player-first-name-1,player-first-name-2,player-last-name-1,player-last-name-2,player-team-alias-1,player-team-alias-2,home-score,visitor-score,visitor-fouls,home-fouls,player-fouls,fastbreak,in-paint,second-chance,off-turnover,player-score,points-type,detail-id,detail-desc,event-id,event-desc,distance,x-coord,y-coord,team-id-1,team-id-2,team-id-3
1,20,00,Start of the 1st Half,,,false,false,false,,,,,,,0,0,0,0,0,,,,,0,,,,14,Start Period,,,,52,52,
1,19,35,C.J. Fair with a lost ball turnover: Lost Ball,97404,,true,false,false,C.J.,,Fair,,Syr,,0,0,0,0,0,,,,,0,,2,Lost Ball,7,Turnover,,,,52,52,
1,19,19,Shayne Whittington with a lost ball turnover: Lost Ball,88468,,true,false,false,Shayne,,Whittington,,WestMi,,0,0,0,0,0,,,,,0,,2,Lost Ball,7,Turnover,,,,176,176,
1,19,06,Personal foul committed by Tucker Haymond.,121545,,true,false,false,Tucker,,Haymond,,WestMi,,0,0,1,0,1,,,,,0,,1,Personal,8,Foul,,,,176,176,
1,19,04,C.J. Fair misses a layup shot.,97404,,true,false,false,C.J.,,Fair,,Syr,,0,0,1,0,0,,,,,0,2,40,Layup Shot,4,Field Goal Missed,0,0,0,52,52,
1,19,04,Connar Tava with a defensive rebound.,116380,,true,false,false,Connar,,Tava,,WestMi,,0,0,1,0,0,,,,,0,,,,6,Defensive Rebound,,,,176,176,
1,18,48,Tucker Haymond with a lost ball turnover: Lost Ball,121545,,true,false,false,Tucker,,Haymond,,WestMi,,0,0,1,0,1,,,,,0,,2,Lost Ball,7,Turnover,,,,176,176,
1,18,44,Jerami Grant makes a dunk shot. Tyler Ennis with the assist.,116757,121072,true,true,false,Jerami,Tyler,Grant,Ennis,Syr,Syr,2,0,1,0,0,,,,,2,2,48,Dunk Shot,3,Field Goal Made,0,0,0,52,52,
1,18,23,Connar Tava makes a layup shot. David Brown with the assist.,116380,88470,true,true,false,Connar,David,Tava,Brown,WestMi,WestMi,2,2,1,0,0,,,,,2,2,40,Layup Shot,3,Field Goal Made,0,0,0,176,176,
1,18,05,C.J. Fair makes a jump shot from 15 feet out. Tyler Ennis with the assist.,97404,121072,true,true,false,C.J.,Tyler,Fair,Ennis,Syr,Syr,4,2,1,0,0,,,,,2,2,45,Jump Shot,3,Field Goal Made,15,12,10,52,52,
1,17,51,Connar Tava with a lost ball turnover: Lost Ball,116380,,true,false,false,Connar,,Tava,,WestMi,,4,2,1,0,0,,,,,2,,2,Lost Ball,7,Turnover,,,,176,176,
1,17,43,Trevor Cooney misses a 3-point jump shot from 24 feet out.,110467,,true,false,false,Trevor,,Cooney,,Syr,,4,2,1,0,0,,,,,0,3,45,Jump Shot,4,Field Goal Missed,24,-21,12,52,52,
1,17,43,WestMi with a defensive rebound.,,,false,false,false,,,,,,,4,2,1,0,0,,,,,0,,,,6,Defensive Rebound,,,,176,176,
1,17,22,David Brown misses a 3-point jump shot from 25 feet out.,88470,,true,false,false,David,,Brown,,WestMi,,4,2,1,0,0,,,,,0,3,45,Jump Shot,4,Field Goal Missed,25,21.3,13.2,176,176,
1,17,22,C.J. Fair with a defensive rebound.,97404,,true,false,false,C.J.,,Fair,,Syr,,4,2,1,0,0,,,,,2,,,,6,Defensive Rebound,,,,52,52,
1,17,02,Jerami Grant misses a jump shot from 11 feet out.,116757,,true,false,false,Jerami,,Grant,,Syr,,4,2,1,0,0,,,,,2,2,45,Jump Shot,4,Field Goal Missed,11,-10.1,5.3,52,52,
1,17,02,Rakeem Christmas with an offensive rebound.,110466,,true,false,false,Rakeem,,Christmas,,Syr,,4,2,1,0,0,,,,,0,,,,5,Offensive Rebound,,,,52,52,
1,16,58,Trevor Cooney makes a 3-point jump shot from 26 feet out. Rakeem Christmas with the assist.,110467,110466,true,true,false,Trevor,Rakeem,Cooney,Christmas,Syr,Syr,7,2,1,0,0,,,,,3,3,45,Jump Shot,3,Field Goal Made,26,14.5,21.2,52,52,
1,16,33,Austin Richie with a lost ball turnover: Lost Ball,109820,,true,false,false,Austin,,Richie,,WestMi,,7,2,1,0,0,,,,,0,,2,Lost Ball,7,Turnover,,,,176,176,
1,16,23,C.J. Fair misses a 3-point jump shot from 24 feet out.,97404,,true,false,false,C.J.,,Fair,,Syr,,7,2,1,0,0,,,,,2,3,45,Jump Shot,4,Field Goal Missed,24,-23.6,1.1,52,52,
1,16,23,Tucker Haymond with a defensive rebound.,121545,,true,false,false,Tucker,,Haymond,,WestMi,,7,2,1,0,1,,,,,0,,,,6,Defensive Rebound,,,,176,176,
1,16,17,Tucker Haymond makes a layup shot.,121545,,true,false,false,Tucker,,Haymond,,WestMi,,7,4,1,0,1,,,,,2,2,40,Layup Shot,3,Field Goal Made,0,0,0,176,176,
1,15,56,Tyler Ennis with a bad pass turnover: Bad Pass,121072,,true,false,false,Tyler,,Ennis,,Syr,,7,4,1,0,0,,,,,0,,1,Bad Pass,7,Turnover,,,,52,52,
1,15,56,Official TV timeout.,,,false,false,false,,,,,,,7,4,1,0,0,,,,,0,,3,Official TV,11,Timeout,,,,52,52,
1,15,35,David Brown with a lost ball turnover: Lost Ball,88470,,true,false,false,David,,Brown,,WestMi,,7,4,1,0,0,,,,,0,,2,Lost Ball,7,Turnover,,,,176,176,
1,15,29,Shooting foul committed by David Brown.,88470,,true,false,false,David,,Brown,,WestMi,,7,4,2,0,1,,,,,0,,2,Shooting,8,Foul,,,,176,176,
1,15,29,Trevor Cooney misses free throw 1 of 2.,110467,,true,false,false,Trevor,,Cooney,,Syr,,7,4,2,0,0,,,,,3,1,11,Free Throw 1 of 2,2,Free Throw Missed,,,,52,52,
1,15,29,Syr with an offensive rebound.,,,false,false,false,,,,,,,7,4,2,0,0,,,,,0,,,,5,Offensive Rebound,,,,52,52,
1,15,29,Trevor Cooney makes free throw 2 of 2.,110467,,true,false,false,Trevor,,Cooney,,Syr,,8,4,2,0,0,,,,,4,1,12,Free Throw 2 of 2,1,Free Throw Made,,,,52,52,
1,15,12,David Brown misses a 3-point jump shot from 27 feet out.,88470,,true,false,false,David,,Brown,,WestMi,,8,4,2,0,1,,,,,0,3,45,Jump Shot,4,Field Goal Missed,27,16.9,20.5,176,176,
1,15,12,Jerami Grant with a defensive rebound.,116757,,true,false,false,Jerami,,Grant,,Syr,,8,4,2,0,0,,,,,2,,,,6,Defensive Rebound,,,,52,52,
1,14,50,Offensive foul committed by Jerami Grant.,116757,,true,false,false,Jerami,,Grant,,Syr,,8,4,2,1,1,,,,,2,,4,Offensive,8,Foul,,,,52,52,
1,14,50,Jerami Grant with a  turnover:,116757,,true,false,false,Jerami,,Grant,,Syr,,8,4,2,1,1,,,,,2,,,,7,Turnover,,,,52,52,
1,14,27,Shayne Whittington misses a jump shot from 15 feet out.,88468,,true,false,false,Shayne,,Whittington,,WestMi,,8,4,2,1,0,,,,,0,2,45,Jump Shot,4,Field Goal Missed,15,-1.1,15,176,176,
1,14,27,Trevor Cooney with a defensive rebound.,110467,,true,false,false,Trevor,,Cooney,,Syr,,8,4,2,1,0,,,,,4,,,,6,Defensive Rebound,,,,52,52,
1,14,16,Tyler Ennis makes a jump shot from 13 feet out.,121072,,true,false,false,Tyler,,Ennis,,Syr,,10,4,2,1,0,,,,,2,2,45,Jump Shot,3,Field Goal Made,13,13.4,-.6,52,52,
1,13,41,David Brown misses a 3-point jump shot from 27 feet out.,88470,,true,false,false,David,,Brown,,WestMi,,10,4,2,1,1,,,,,0,3,45,Jump Shot,4,Field Goal Missed,27,-19.3,19.3,176,176,
1,13,41,Rakeem Christmas with a defensive rebound.,110466,,true,false,false,Rakeem,,Christmas,,Syr,,10,4,2,1,0,,,,,0,,,,6,Defensive Rebound,,,,52,52,
1,13,20,Jerami Grant makes a dunk shot. Tyler Ennis with the assist.,116757,121072,true,true,false,Jerami,Tyler,Grant,Ennis,Syr,Syr,12,4,2,1,1,,,,,4,2,48,Dunk Shot,3,Field Goal Made,0,0,0,52,52,
1,13,16,WestMi take a full timeout.,,,false,false,false,,,,,,,12,4,2,1,0,,,,,0,,1,Regular,11,Timeout,,,,176,176,
1,13,00,David Brown with a lost ball turnover: Lost Ball,88470,,true,false,false,David,,Brown,,WestMi,,12,4,2,1,1,,,,,0,,2,Lost Ball,7,Turnover,,,,176,176,
1,12,57,Personal foul committed by Austin Richie.,109820,,true,false,false,Austin,,Richie,,WestMi,,12,4,3,1,1,,,,,0,,1,Personal,8,Foul,,,,176,176,
1,12,51,Trevor Cooney makes a 3-point jump shot from 27 feet out. Tyler Ennis with the assist.,110467,121072,true,true,false,Trevor,Tyler,Cooney,Ennis,Syr,Syr,15,4,3,1,0,,,,,7,3,45,Jump Shot,3,Field Goal Made,27,20,17.8,52,52,
1,12,23,Connar Tava misses a layup shot.,116380,,true,false,false,Connar,,Tava,,WestMi,,15,4,3,1,0,,,,,2,2,40,Layup Shot,4,Field Goal Missed,0,0,0,176,176,
1,12,23,C.J. Fair with a defensive rebound.,97404,,true,false,false,C.J.,,Fair,,Syr,,15,4,3,1,0,,,,,2,,,,6,Defensive Rebound,,,,52,52,
1,12,07,Tyler Ennis makes a layup shot. Rakeem Christmas with the assist.,121072,110466,true,true,false,Tyler,Rakeem,Ennis,Christmas,Syr,Syr,17,4,3,1,0,,,,,4,2,40,Layup Shot,3,Field Goal Made,0,0,0,52,52,
1,11,40,David Brown makes a 3-point jump shot from 25 feet out. Connar Tava with the assist.,88470,116380,true,true,false,David,Connar,Brown,Tava,WestMi,WestMi,17,7,3,1,1,,,,,3,3,45,Jump Shot,3,Field Goal Made,25,-18.1,17.6,176,176,
1,11,10,Trevor Cooney misses a 3-point jump shot from 27 feet out.,110467,,true,false,false,Trevor,,Cooney,,Syr,,17,7,3,1,0,,,,,7,3,45,Jump Shot,4,Field Goal Missed,27,11,24.2,52,52,
1,11,10,Connar Tava with a defensive rebound.,116380,,true,false,false,Connar,,Tava,,WestMi,,17,7,3,1,0,,,,,2,,,,6,Defensive Rebound,,,,176,176,
1,11,04,Tucker Haymond makes a layup shot. Connar Tava with the assist.,121545,116380,true,true,false,Tucker,Connar,Haymond,Tava,WestMi,WestMi,17,9,3,1,1,,,,,4,2,40,Layup Shot,3,Field Goal Made,0,0,0,176,176,
1,10,38,Personal foul committed by Tucker Haymond.,121545,,true,false,false,Tucker,,Haymond,,WestMi,,17,9,4,1,2,,,,,4,,1,Personal,8,Foul,,,,176,176,
1,10,38,Official TV timeout.,,,false,false,false,,,,,,,17,9,4,1,0,,,,,0,,3,Official TV,11,Timeout,,,,52,52,
1,10,35,Tyler Ennis makes a layup shot. Trevor Cooney with the assist.,121072,110467,true,true,false,Tyler,Trevor,Ennis,Cooney,Syr,Syr,19,9,4,1,0,,,,,6,2,40,Layup Shot,3,Field Goal Made,0,0,0,52,52,
1,10,11,Connar Tava misses a layup shot.,116380,,true,false,false,Connar,,Tava,,WestMi,,19,9,4,1,0,,,,,2,2,40,Layup Shot,4,Field Goal Missed,0,0,0,176,176,
1,10,11,Taylor Perry with an offensive rebound.,116384,,true,false,false,Taylor,,Perry,,WestMi,,19,9,4,1,0,,,,,0,,,,5,Offensive Rebound,,,,176,176,
1,10,10,Taylor Perry makes a layup shot.,116384,,true,false,false,Taylor,,Perry,,WestMi,,19,11,4,1,0,,,,,2,2,40,Layup Shot,3,Field Goal Made,0,0,0,176,176,
1,9,40,C.J. Fair with a bad pass turnover: Bad Pass,97404,,true,false,false,C.J.,,Fair,,Syr,,19,11,4,1,0,,,,,2,,1,Bad Pass,7,Turnover,,,,52,52,
1,9,22,Connar Tava with a bad pass turnover: Bad Pass,116380,,true,false,false,Connar,,Tava,,WestMi,,19,11,4,1,0,,,,,2,,1,Bad Pass,7,Turnover,,,,176,176,
1,8,59,Jerami Grant makes a dunk shot. Michael Gbinije with the assist.,116757,109414,true,true,false,Jerami,Michael,Grant,Gbinije,Syr,Syr,21,11,4,1,1,,,,,6,2,48,Dunk Shot,3,Field Goal Made,0,0,0,52,52,
1,8,40,David Brown with a lost ball turnover: Lost Ball,88470,,true,false,false,David,,Brown,,WestMi,,21,11,4,1,1,,,,,3,,2,Lost Ball,7,Turnover,,,,176,176,
1,8,22,C.J. Fair misses a jump shot from 10 feet out.,97404,,true,false,false,C.J.,,Fair,,Syr,,21,11,4,1,0,,,,,2,2,45,Jump Shot,4,Field Goal Missed,10,-3.7,9.8,52,52,
1,8,22,Connar Tava with a defensive rebound.,116380,,true,false,false,Connar,,Tava,,WestMi,,21,11,4,1,0,,,,,2,,,,6,Defensive Rebound,,,,176,176,
1,8,14,Personal foul committed by Michael Gbinije.,109414,,true,false,false,Michael,,Gbinije,,Syr,,21,11,4,2,1,,,,,0,,1,Personal,8,Foul,,,,52,52,
1,7,52,A.J. Avery with a lost ball turnover: Lost Ball,116385,,true,false,false,A.J.,,Avery,,WestMi,,21,11,4,2,0,,,,,0,,2,Lost Ball,7,Turnover,,,,176,176,
1,7,33,Shooting foul committed by Austin Richie.,109820,,true,false,false,Austin,,Richie,,WestMi,,21,11,5,2,2,,,,,0,,2,Shooting,8,Foul,,,,176,176,
1,7,33,Official TV timeout.,,,false,false,false,,,,,,,21,11,5,2,0,,,,,0,,3,Official TV,11,Timeout,,,,52,52,
1,7,33,Trevor Cooney misses free throw 1 of 3.,110467,,true,false,false,Trevor,,Cooney,,Syr,,21,11,5,2,0,,,,,7,1,13,Free Throw 1 of 3,2,Free Throw Missed,,,,52,52,
1,7,33,Syr with an offensive rebound.,,,false,false,false,,,,,,,21,11,5,2,0,,,,,0,,,,5,Offensive Rebound,,,,52,52,
1,7,33,Trevor Cooney makes free throw 2 of 3.,110467,,true,false,false,Trevor,,Cooney,,Syr,,22,11,5,2,0,,,,,8,1,14,Free Throw 2 of 3,1,Free Throw Made,,,,52,52,
1,7,33,Trevor Cooney makes free throw 3 of 3.,110467,,true,false,false,Trevor,,Cooney,,Syr,,23,11,5,2,0,,,,,9,1,15,Free Throw 3 of 3,1,Free Throw Made,,,,52,52,
1,7,18,David Brown misses a 3-point jump shot from 26 feet out.,88470,,true,false,false,David,,Brown,,WestMi,,23,11,5,2,1,,,,,3,3,45,Jump Shot,4,Field Goal Missed,26,-1.1,26.3,176,176,
1,7,18,Baye-Moussa Keita with a defensive rebound.,97403,,true,false,false,Baye-Moussa,,Keita,,Syr,,23,11,5,2,0,,,,,0,,,,6,Defensive Rebound,,,,52,52,
1,7,16,Personal foul committed by A.J. Avery.,116385,,true,false,false,A.J.,,Avery,,WestMi,,23,11,6,2,1,,,,,0,,1,Personal,8,Foul,,,,176,176,
1,6,45,Jerami Grant misses a layup shot.,116757,,true,false,false,Jerami,,Grant,,Syr,,23,11,6,2,1,,,,,6,2,40,Layup Shot,4,Field Goal Missed,0,0,0,52,52,
1,6,45,Baye-Moussa Keita with an offensive rebound.,97403,,true,false,false,Baye-Moussa,,Keita,,Syr,,23,11,6,2,0,,,,,0,,,,5,Offensive Rebound,,,,52,52,
1,6,42,Baye-Moussa Keita misses a layup shot.,97403,,true,false,false,Baye-Moussa,,Keita,,Syr,,23,11,6,2,0,,,,,0,2,40,Layup Shot,4,Field Goal Missed,0,0,0,52,52,
1,6,42,Syr with an offensive rebound.,,,false,false,false,,,,,,,23,11,6,2,0,,,,,0,,,,5,Offensive Rebound,,,,52,52,
1,6,23,Personal foul committed by David Brown.,88470,,true,false,false,David,,Brown,,WestMi,,23,11,7,2,2,,,,,3,,1,Personal,8,Foul,,,,176,176,
1,6,23,Rakeem Christmas makes free throw 1st of 1-and-1.,110466,,true,false,false,Rakeem,,Christmas,,Syr,,24,11,7,2,0,,,,,1,1,8,Free Throw 1st of 1-and-1,1,Free Throw Made,,,,52,52,
1,6,23,Rakeem Christmas makes free throw 2nd of 1-and-1.,110466,,true,false,false,Rakeem,,Christmas,,Syr,,25,11,7,2,0,,,,,2,1,9,Free Throw 2nd of 1-and-1,1,Free Throw Made,,,,52,52,
1,6,14,Shayne Whittington makes a jump shot from 14 feet out. David Brown with the assist.,88468,88470,true,true,false,Shayne,David,Whittington,Brown,WestMi,WestMi,25,13,7,2,0,,,,,2,2,45,Jump Shot,3,Field Goal Made,14,11.1,8.9,176,176,
1,5,48,C.J. Fair misses a jump shot from 13 feet out.,97404,,true,false,false,C.J.,,Fair,,Syr,,25,13,7,2,0,,,,,2,2,45,Jump Shot,4,Field Goal Missed,13,13.4,1.4,52,52,
1,5,48,C.J. Fair with an offensive rebound.,97404,,true,false,false,C.J.,,Fair,,Syr,,25,13,7,2,0,,,,,2,,,,5,Offensive Rebound,,,,52,52,
1,5,42,C.J. Fair makes a layup shot.,97404,,true,false,false,C.J.,,Fair,,Syr,,27,13,7,2,0,,,,,4,2,40,Layup Shot,3,Field Goal Made,0,0,0,52,52,
1,5,42,Shooting foul committed by Connar Tava.,116380,,true,false,false,Connar,,Tava,,WestMi,,27,13,8,2,1,,,,,2,,2,Shooting,8,Foul,,,,176,176,
1,5,42,C.J. Fair makes free throw 1 of 1.,97404,,true,false,false,C.J.,,Fair,,Syr,,28,13,8,2,0,,,,,5,1,10,Free Throw 1 of 1,1,Free Throw Made,,,,52,52,
1,5,28,Connar Tava with a bad pass turnover: Bad Pass,116380,,true,false,false,Connar,,Tava,,WestMi,,28,13,8,2,1,,,,,2,,1,Bad Pass,7,Turnover,,,,176,176,
1,4,57,Trevor Cooney misses a 3-point jump shot from 30 feet out.,110467,,true,false,false,Trevor,,Cooney,,Syr,,28,13,8,2,0,,,,,9,3,45,Jump Shot,4,Field Goal Missed,30,-1.4,29.5,52,52,
1,4,57,C.J. Fair with an offensive rebound.,97404,,true,false,false,C.J.,,Fair,,Syr,,28,13,8,2,0,,,,,5,,,,5,Offensive Rebound,,,,52,52,
1,4,47,Trevor Cooney misses a 3-point jump shot from 28 feet out.,110467,,true,false,false,Trevor,,Cooney,,Syr,,28,13,8,2,0,,,,,9,3,45,Jump Shot,4,Field Goal Missed,28,-23.7,14.5,52,52,
1,4,47,Austin Richie with a defensive rebound.,109820,,true,false,false,Austin,,Richie,,WestMi,,28,13,8,2,2,,,,,0,,,,6,Defensive Rebound,,,,176,176,
1,4,44,Personal foul committed by C.J. Fair.,97404,,true,false,false,C.J.,,Fair,,Syr,,28,13,8,3,1,,,,,5,,1,Personal,8,Foul,,,,52,52,
1,4,29,Connar Tava with a bad pass turnover: Bad Pass,116380,,true,false,false,Connar,,Tava,,WestMi,,28,13,8,3,1,,,,,2,,1,Bad Pass,7,Turnover,,,,176,176,
1,4,29,WestMi take a 20-second timeout.,,,false,false,false,,,,,,,28,13,8,3,0,,,,,0,,2,Short,11,Timeout,,,,176,176,
1,4,11,Tyler Ennis makes a 3-point jump shot from 25 feet out. Jerami Grant with the assist.,121072,116757,true,true,false,Tyler,Jerami,Ennis,Grant,Syr,Syr,31,13,8,3,0,,,,,9,3,45,Jump Shot,3,Field Goal Made,25,-20,15.2,52,52,
1,3,57,Personal foul committed by Rakeem Christmas.,110466,,true,false,false,Rakeem,,Christmas,,Syr,,31,13,8,4,1,,,,,2,,1,Personal,8,Foul,,,,52,52,
1,3,57,Official TV timeout.,,,false,false,false,,,,,,,31,13,8,4,0,,,,,0,,3,Official TV,11,Timeout,,,,52,52,
1,3,43,Connar Tava misses a jump shot from 12 feet out.,116380,,true,false,false,Connar,,Tava,,WestMi,,31,13,8,4,1,,,,,2,2,45,Jump Shot,4,Field Goal Missed,12,5.4,10.6,176,176,
1,3,43,C.J. Fair with a defensive rebound.,97404,,true,false,false,C.J.,,Fair,,Syr,,31,13,8,4,1,,,,,5,,,,6,Defensive Rebound,,,,52,52,
1,3,16,Rakeem Christmas misses a jump shot from 12 feet out.,110466,,true,false,false,Rakeem,,Christmas,,Syr,,31,13,8,4,1,,,,,2,2,45,Jump Shot,4,Field Goal Missed,12,-8.9,7.7,52,52,
1,3,16,WestMi with a defensive rebound.,,,false,false,false,,,,,,,31,13,8,4,0,,,,,0,,,,6,Defensive Rebound,,,,176,176,
1,2,59,Connar Tava misses a layup shot.,116380,,true,false,false,Connar,,Tava,,WestMi,,31,13,8,4,1,,,,,2,2,40,Layup Shot,4,Field Goal Missed,0,0,0,176,176,
1,2,59,Trevor Cooney with a defensive rebound.,110467,,true,false,false,Trevor,,Cooney,,Syr,,31,13,8,4,0,,,,,9,,,,6,Defensive Rebound,,,,52,52,
1,2,53,Tyler Ennis makes a layup shot.,121072,,true,false,false,Tyler,,Ennis,,Syr,,33,13,8,4,0,,,,,11,2,40,Layup Shot,3,Field Goal Made,0,0,0,52,52,
1,2,33,Personal foul committed by Jerami Grant.,116757,,true,false,false,Jerami,,Grant,,Syr,,33,13,8,5,2,,,,,6,,1,Personal,8,Foul,,,,52,52,
1,2,21,Shayne Whittington makes a hook shot from 5 feet out. Tucker Haymond with the assist.,88468,121545,true,true,false,Shayne,Tucker,Whittington,Haymond,WestMi,WestMi,33,15,8,5,0,,,,,4,2,55,Hook Shot,3,Field Goal Made,5,1,5,176,176,
1,2,21,Shooting foul committed by Rakeem Christmas.,110466,,true,false,false,Rakeem,,Christmas,,Syr,,33,15,8,6,2,,,,,2,,2,Shooting,8,Foul,,,,52,52,
1,2,21,Shayne Whittington makes free throw 1 of 1.,88468,,true,false,false,Shayne,,Whittington,,WestMi,,33,16,8,6,0,,,,,5,1,10,Free Throw 1 of 1,1,Free Throw Made,,,,176,176,
1,2,09,C.J. Fair misses a jump shot from 8 feet out.,97404,,true,false,false,C.J.,,Fair,,Syr,,33,16,8,6,1,,,,,5,2,45,Jump Shot,4,Field Goal Missed,8,-6.7,4.3,52,52,
1,2,09,Austin Richie with a defensive rebound.,109820,,true,false,false,Austin,,Richie,,WestMi,,33,16,8,6,2,,,,,0,,,,6,Defensive Rebound,,,,176,176,
1,1,55,Shooting foul committed by Baye-Moussa Keita.,97403,,true,false,false,Baye-Moussa,,Keita,,Syr,,33,16,8,7,1,,,,,0,,2,Shooting,8,Foul,,,,52,52,
1,1,55,David Brown makes free throw 1 of 2.,88470,,true,false,false,David,,Brown,,WestMi,,33,17,8,7,2,,,,,4,1,11,Free Throw 1 of 2,1,Free Throw Made,,,,176,176,
1,1,55,David Brown makes free throw 2 of 2.,88470,,true,false,false,David,,Brown,,WestMi,,33,18,8,7,2,,,,,5,1,12,Free Throw 2 of 2,1,Free Throw Made,,,,176,176,
1,1,34,Baye-Moussa Keita makes a dunk shot. Michael Gbinije with the assist.,97403,109414,true,true,false,Baye-Moussa,Michael,Keita,Gbinije,Syr,Syr,35,18,8,7,1,,,,,2,2,48,Dunk Shot,3,Field Goal Made,0,0,0,52,52,
1,1,19,Austin Richie makes a 3-point jump shot from 27 feet out.,109820,,true,false,false,Austin,,Richie,,WestMi,,35,21,8,7,2,,,,,3,3,45,Jump Shot,3,Field Goal Made,27,10.1,25.4,176,176,
1,0,59.3,Trevor Cooney makes a 3-point jump shot from 25 feet out. Tyler Ennis with the assist.,110467,121072,true,true,false,Trevor,Tyler,Cooney,Ennis,Syr,Syr,38,21,8,7,0,,,,,12,3,45,Jump Shot,3,Field Goal Made,25,-19.1,16.7,52,52,
1,0,43.9,Tucker Haymond misses a 3-point jump shot from 26 feet out.,121545,,true,false,false,Tucker,,Haymond,,WestMi,,38,21,8,7,2,,,,,4,3,45,Jump Shot,4,Field Goal Missed,26,-18.6,17.8,176,176,
1,0,43.9,Baye-Moussa Keita with a defensive rebound.,97403,,true,false,false,Baye-Moussa,,Keita,,Syr,,38,21,8,7,1,,,,,2,,,,6,Defensive Rebound,,,,52,52,
1,0,29.5,Syr take a 20-second timeout.,,,false,false,false,,,,,,,38,21,8,7,0,,,,,0,,2,Short,11,Timeout,,,,52,52,
1,0,11.2,Tyler Ennis misses a jump shot from 9 feet out.,121072,,true,false,false,Tyler,,Ennis,,Syr,,38,21,8,7,0,,,,,11,2,45,Jump Shot,4,Field Goal Missed,9,7.6,5.2,52,52,
1,0,11.2,C.J. Fair with an offensive rebound.,97404,,true,false,false,C.J.,,Fair,,Syr,,38,21,8,7,1,,,,,5,,,,5,Offensive Rebound,,,,52,52,
1,0,07.9,C.J. Fair makes a layup shot.,97404,,true,false,false,C.J.,,Fair,,Syr,,40,21,8,7,1,,,,,7,2,40,Layup Shot,3,Field Goal Made,0,0,0,52,52,
1,0,01.0,David Brown misses a 3-point jump shot from 25 feet out.,88470,,true,false,false,David,,Brown,,WestMi,,40,21,8,7,2,,,,,5,3,45,Jump Shot,4,Field Goal Missed,25,-6.7,23.9,176,176,
1,0,01.0,Baye-Moussa Keita with a defensive rebound.,97403,,true,false,false,Baye-Moussa,,Keita,,Syr,,40,21,8,7,1,,,,,2,,,,6,Defensive Rebound,,,,52,52,
1,0,00,End of the 1st Half,,,false,false,false,,,,,,,40,21,8,7,0,,,,,0,,,,15,End Period,,,,52,52,
2,20,00,Start of the 2nd Half,,,false,false,false,,,,,,,40,21,0,0,0,,,,,0,,,,14,Start Period,,,,52,52,
2,19,49,David Brown misses a jump shot from 18 feet out.,88470,,true,false,false,David,,Brown,,WestMi,,40,21,0,0,2,,,,,5,2,45,Jump Shot,4,Field Goal Missed,18,13.2,12.3,176,176,
2,19,49,Trevor Cooney with a defensive rebound.,110467,,true,false,false,Trevor,,Cooney,,Syr,,40,21,0,0,0,,,,,12,,,,6,Defensive Rebound,,,,52,52,
2,19,41,Trevor Cooney with a lost ball turnover: Lost Ball,110467,,true,false,false,Trevor,,Cooney,,Syr,,40,21,0,0,0,,,,,12,,2,Lost Ball,7,Turnover,,,,52,52,
2,19,37,Tucker Haymond makes a layup shot. David Brown with the assist.,121545,88470,true,true,false,Tucker,David,Haymond,Brown,WestMi,WestMi,40,23,0,0,2,,,,,6,2,40,Layup Shot,3,Field Goal Made,0,0,0,176,176,
2,19,13,Trevor Cooney makes a jump shot from 16 feet out.,110467,,true,false,false,Trevor,,Cooney,,Syr,,42,23,0,0,0,,,,,14,2,45,Jump Shot,3,Field Goal Made,16,9.9,12.2,52,52,
2,18,52,Tucker Haymond misses a 3-point jump shot from 25 feet out.,121545,,true,false,false,Tucker,,Haymond,,WestMi,,42,23,0,0,2,,,,,6,3,45,Jump Shot,4,Field Goal Missed,25,-20.2,14.2,176,176,
2,18,52,WestMi with an offensive rebound.,,,false,false,false,,,,,,,42,23,0,0,0,,,,,0,,,,5,Offensive Rebound,,,,176,176,
2,18,50,Personal foul committed by Rakeem Christmas.,110466,,true,false,false,Rakeem,,Christmas,,Syr,,42,23,0,1,3,,,,,2,,1,Personal,8,Foul,,,,52,52,
2,18,44,Tucker Haymond makes a layup shot. Connar Tava with the assist.,121545,116380,true,true,false,Tucker,Connar,Haymond,Tava,WestMi,WestMi,42,25,0,1,2,,,,,8,2,40,Layup Shot,3,Field Goal Made,0,0,0,176,176,
2,18,25,Tyler Ennis misses a jump shot from 15 feet out.,121072,,true,false,false,Tyler,,Ennis,,Syr,,42,25,0,1,0,,,,,11,2,45,Jump Shot,4,Field Goal Missed,15,15.2,-.4,52,52,
2,18,25,David Brown with a defensive rebound.,88470,,true,false,false,David,,Brown,,WestMi,,42,25,0,1,2,,,,,5,,,,6,Defensive Rebound,,,,176,176,
2,18,19,David Brown misses a layup shot.,88470,,true,false,false,David,,Brown,,WestMi,,42,25,0,1,2,,,,,5,2,40,Layup Shot,4,Field Goal Missed,0,0,0,176,176,
2,18,19,Tucker Haymond with an offensive rebound.,121545,,true,false,false,Tucker,,Haymond,,WestMi,,42,25,0,1,2,,,,,8,,,,5,Offensive Rebound,,,,176,176,
2,18,17,Shooting foul committed by C.J. Fair.,97404,,true,false,false,C.J.,,Fair,,Syr,,42,25,0,2,2,,,,,7,,2,Shooting,8,Foul,,,,52,52,
2,18,17,Tucker Haymond misses free throw 1 of 2.,121545,,true,false,false,Tucker,,Haymond,,WestMi,,42,25,0,2,2,,,,,8,1,11,Free Throw 1 of 2,2,Free Throw Missed,,,,176,176,
2,18,17,WestMi with an offensive rebound.,,,false,false,false,,,,,,,42,25,0,2,0,,,,,0,,,,5,Offensive Rebound,,,,176,176,
2,18,17,Tucker Haymond makes free throw 2 of 2.,121545,,true,false,false,Tucker,,Haymond,,WestMi,,42,26,0,2,2,,,,,9,1,12,Free Throw 2 of 2,1,Free Throw Made,,,,176,176,
2,17,57,C.J. Fair with a lost ball turnover: Lost Ball,97404,,true,false,false,C.J.,,Fair,,Syr,,42,26,0,2,2,,,,,7,,2,Lost Ball,7,Turnover,,,,52,52,
2,17,35,Tucker Haymond misses a layup shot.,121545,,true,false,false,Tucker,,Haymond,,WestMi,,42,26,0,2,2,,,,,9,2,40,Layup Shot,4,Field Goal Missed,0,0,0,176,176,
2,17,35,WestMi with an offensive rebound.,,,false,false,false,,,,,,,42,26,0,2,0,,,,,0,,,,5,Offensive Rebound,,,,176,176,
2,17,35,David Brown misses a 3-point jump shot from 22 feet out.,88470,,true,false,false,David,,Brown,,WestMi,,42,26,0,2,2,,,,,5,3,45,Jump Shot,4,Field Goal Missed,22,22,2.5,176,176,
2,17,35,Tucker Haymond with an offensive rebound.,121545,,true,false,false,Tucker,,Haymond,,WestMi,,42,26,0,2,2,,,,,9,,,,5,Offensive Rebound,,,,176,176,
2,17,25,Shayne Whittington with a lost ball turnover: Lost Ball,88468,,true,false,false,Shayne,,Whittington,,WestMi,,42,26,0,2,0,,,,,5,,2,Lost Ball,7,Turnover,,,,176,176,
2,17,10,Trevor Cooney makes a 3-point jump shot from 25 feet out. Jerami Grant with the assist.,110467,116757,true,true,false,Trevor,Jerami,Cooney,Grant,Syr,Syr,45,26,0,2,0,,,,,17,3,45,Jump Shot,3,Field Goal Made,25,-20,14,52,52,
2,17,09,Shooting foul committed by Austin Richie.,109820,,true,false,false,Austin,,Richie,,WestMi,,45,26,1,2,3,,,,,3,,2,Shooting,8,Foul,,,,176,176,
2,17,09,Trevor Cooney makes free throw 1 of 1.,110467,,true,false,false,Trevor,,Cooney,,Syr,,46,26,1,2,0,,,,,18,1,10,Free Throw 1 of 1,1,Free Throw Made,,,,52,52,
2,16,59,Offensive foul committed by David Brown.,88470,,true,false,false,David,,Brown,,WestMi,,46,26,2,2,3,,,,,5,,4,Offensive,8,Foul,,,,176,176,
2,16,59,David Brown with a  turnover:,88470,,true,false,false,David,,Brown,,WestMi,,46,26,2,2,3,,,,,5,,,,7,Turnover,,,,176,176,
2,16,46,C.J. Fair makes a layup shot.,97404,,true,false,false,C.J.,,Fair,,Syr,,48,26,2,2,2,,,,,9,2,40,Layup Shot,3,Field Goal Made,0,0,0,52,52,
2,16,30,Tucker Haymond makes a jump shot from 10 feet out.,121545,,true,false,false,Tucker,,Haymond,,WestMi,,48,28,2,2,2,,,,,11,2,45,Jump Shot,3,Field Goal Made,10,-.9,10.4,176,176,
2,16,11,Offensive foul committed by Baye-Moussa Keita.,97403,,true,false,false,Baye-Moussa,,Keita,,Syr,,48,28,2,3,2,,,,,2,,4,Offensive,8,Foul,,,,52,52,
2,16,11,Baye-Moussa Keita with a  turnover:,97403,,true,false,false,Baye-Moussa,,Keita,,Syr,,48,28,2,3,2,,,,,2,,,,7,Turnover,,,,52,52,
2,15,52,Connar Tava misses a layup shot.,116380,,true,false,false,Connar,,Tava,,WestMi,,48,28,2,3,1,,,,,2,2,40,Layup Shot,4,Field Goal Missed,0,0,0,176,176,
2,15,52,Baye-Moussa Keita with a defensive rebound.,97403,,true,false,false,Baye-Moussa,,Keita,,Syr,,48,28,2,3,2,,,,,2,,,,6,Defensive Rebound,,,,52,52,
2,15,26,Jerami Grant makes a dunk shot. Tyler Ennis with the assist.,116757,121072,true,true,false,Jerami,Tyler,Grant,Ennis,Syr,Syr,50,28,2,3,2,,,,,8,2,48,Dunk Shot,3,Field Goal Made,0,0,0,52,52,
2,15,06,Shooting foul committed by Baye-Moussa Keita.,97403,,true,false,false,Baye-Moussa,,Keita,,Syr,,50,28,2,4,3,,,,,2,,2,Shooting,8,Foul,,,,52,52,
2,15,06,Official TV timeout.,,,false,false,false,,,,,,,50,28,2,4,0,,,,,0,,3,Official TV,11,Timeout,,,,52,52,
2,15,06,Connar Tava makes free throw 1 of 2.,116380,,true,false,false,Connar,,Tava,,WestMi,,50,29,2,4,1,,,,,3,1,11,Free Throw 1 of 2,1,Free Throw Made,,,,176,176,
2,15,06,Connar Tava makes free throw 2 of 2.,116380,,true,false,false,Connar,,Tava,,WestMi,,50,30,2,4,1,,,,,4,1,12,Free Throw 2 of 2,1,Free Throw Made,,,,176,176,
2,14,51,C.J. Fair with a traveling turnover: Traveling,97404,,true,false,false,C.J.,,Fair,,Syr,,50,30,2,4,2,,,,,9,,4,Traveling,7,Turnover,,,,52,52,
2,14,24,Tucker Haymond misses a jump shot from 13 feet out.,121545,,true,false,false,Tucker,,Haymond,,WestMi,,50,30,2,4,2,,,,,11,2,45,Jump Shot,4,Field Goal Missed,13,5.5,11.6,176,176,
2,14,24,WestMi with an offensive rebound.,,,false,false,false,,,,,,,50,30,2,4,0,,,,,0,,,,5,Offensive Rebound,,,,176,176,
2,14,15,Shayne Whittington misses a hook shot from 4 feet out.,88468,,true,false,false,Shayne,,Whittington,,WestMi,,50,30,2,4,0,,,,,5,2,55,Hook Shot,4,Field Goal Missed,4,-2,3.5,176,176,
2,14,15,C.J. Fair with a defensive rebound.,97404,,true,false,false,C.J.,,Fair,,Syr,,50,30,2,4,2,,,,,9,,,,6,Defensive Rebound,,,,52,52,
2,13,53,Shooting foul committed by Shayne Whittington.,88468,,true,false,false,Shayne,,Whittington,,WestMi,,50,30,3,4,1,,,,,5,,2,Shooting,8,Foul,,,,176,176,
2,13,53,Jerami Grant makes free throw 1 of 2.,116757,,true,false,false,Jerami,,Grant,,Syr,,51,30,3,4,2,,,,,9,1,11,Free Throw 1 of 2,1,Free Throw Made,,,,52,52,
2,13,53,Jerami Grant makes free throw 2 of 2.,116757,,true,false,false,Jerami,,Grant,,Syr,,52,30,3,4,2,,,,,10,1,12,Free Throw 2 of 2,1,Free Throw Made,,,,52,52,
2,13,33,Shayne Whittington makes a dunk shot. Connar Tava with the assist.,88468,116380,true,true,false,Shayne,Connar,Whittington,Tava,WestMi,WestMi,52,32,3,4,1,,,,,7,2,48,Dunk Shot,3,Field Goal Made,0,0,0,176,176,
2,13,05,Tyler Ennis misses a layup shot.,121072,,true,false,false,Tyler,,Ennis,,Syr,,52,32,3,4,0,,,,,11,2,40,Layup Shot,4,Field Goal Missed,0,0,0,52,52,
2,13,05,Jerami Grant with an offensive rebound.,116757,,true,false,false,Jerami,,Grant,,Syr,,52,32,3,4,2,,,,,10,,,,5,Offensive Rebound,,,,52,52,
2,13,01,Jerami Grant makes a layup shot.,116757,,true,false,false,Jerami,,Grant,,Syr,,54,32,3,4,2,,,,,12,2,40,Layup Shot,3,Field Goal Made,0,0,0,52,52,
2,12,46,Connar Tava misses a layup shot.,116380,,true,false,false,Connar,,Tava,,WestMi,,54,32,3,4,1,,,,,4,2,40,Layup Shot,4,Field Goal Missed,0,0,0,176,176,
2,12,46,Baye-Moussa Keita with a defensive rebound.,97403,,true,false,false,Baye-Moussa,,Keita,,Syr,,54,32,3,4,3,,,,,2,,,,6,Defensive Rebound,,,,52,52,
2,12,35,Jerami Grant makes a layup shot.,116757,,true,false,false,Jerami,,Grant,,Syr,,56,32,3,4,2,,,,,14,2,40,Layup Shot,3,Field Goal Made,0,0,0,52,52,
2,12,19,Shayne Whittington misses a jump shot from 13 feet out.,88468,,true,false,false,Shayne,,Whittington,,WestMi,,56,32,3,4,1,,,,,7,2,45,Jump Shot,4,Field Goal Missed,13,5.9,11.8,176,176,
2,12,19,C.J. Fair with a defensive rebound.,97404,,true,false,false,C.J.,,Fair,,Syr,,56,32,3,4,2,,,,,9,,,,6,Defensive Rebound,,,,52,52,
2,12,10,Jerami Grant with a bad pass turnover: Bad Pass,116757,,true,false,false,Jerami,,Grant,,Syr,,56,32,3,4,2,,,,,14,,1,Bad Pass,7,Turnover,,,,52,52,
2,11,59,David Brown makes a 3-point jump shot from 25 feet out. Connar Tava with the assist.,88470,116380,true,true,false,David,Connar,Brown,Tava,WestMi,WestMi,56,35,3,4,3,,,,,8,3,45,Jump Shot,3,Field Goal Made,25,-19.5,16.1,176,176,
2,11,41,C.J. Fair with a lost ball turnover: Lost Ball,97404,,true,false,false,C.J.,,Fair,,Syr,,56,35,3,4,2,,,,,9,,2,Lost Ball,7,Turnover,,,,52,52,
2,11,41,Official TV timeout.,,,false,false,false,,,,,,,56,35,3,4,0,,,,,0,,3,Official TV,11,Timeout,,,,52,52,
2,11,22,Connar Tava misses a jump shot from 9 feet out.,116380,,true,false,false,Connar,,Tava,,WestMi,,56,35,3,4,1,,,,,4,2,45,Jump Shot,4,Field Goal Missed,9,-5.7,7.4,176,176,
2,11,22,Jerami Grant with a defensive rebound.,116757,,true,false,false,Jerami,,Grant,,Syr,,56,35,3,4,2,,,,,14,,,,6,Defensive Rebound,,,,52,52,
2,11,06,Shooting foul committed by Shayne Whittington.,88468,,true,false,false,Shayne,,Whittington,,WestMi,,56,35,4,4,2,,,,,7,,2,Shooting,8,Foul,,,,176,176,
2,11,06,Jerami Grant makes free throw 1 of 2.,116757,,true,false,false,Jerami,,Grant,,Syr,,57,35,4,4,2,,,,,15,1,11,Free Throw 1 of 2,1,Free Throw Made,,,,52,52,
2,11,06,Jerami Grant makes free throw 2 of 2.,116757,,true,false,false,Jerami,,Grant,,Syr,,58,35,4,4,2,,,,,16,1,12,Free Throw 2 of 2,1,Free Throw Made,,,,52,52,
2,10,54,Jared Klein misses a 3-point jump shot from 23 feet out.,116381,,true,false,false,Jared,,Klein,,WestMi,,58,35,4,4,0,,,,,0,3,45,Jump Shot,4,Field Goal Missed,23,-23,.6,176,176,
2,10,54,C.J. Fair with a defensive rebound.,97404,,true,false,false,C.J.,,Fair,,Syr,,58,35,4,4,2,,,,,9,,,,6,Defensive Rebound,,,,52,52,
2,10,34,Michael Gbinije misses a 3-point jump shot from 28 feet out.,109414,,true,false,false,Michael,,Gbinije,,Syr,,58,35,4,4,1,,,,,0,3,45,Jump Shot,4,Field Goal Missed,28,16.8,22.2,52,52,
2,10,34,Syr with an offensive rebound.,,,false,false,false,,,,,,,58,35,4,4,0,,,,,0,,,,5,Offensive Rebound,,,,52,52,
2,10,32,Shooting foul committed by Austin Richie.,109820,,true,false,false,Austin,,Richie,,WestMi,,58,35,5,4,4,,,,,3,,2,Shooting,8,Foul,,,,176,176,
2,10,27,Tyler Ennis misses a 3-point jump shot from 26 feet out.,121072,,true,false,false,Tyler,,Ennis,,Syr,,58,35,5,4,0,,,,,11,3,45,Jump Shot,4,Field Goal Missed,26,-3.8,25.2,52,52,
2,10,27,C.J. Fair with an offensive rebound.,97404,,true,false,false,C.J.,,Fair,,Syr,,58,35,5,4,2,,,,,9,,,,5,Offensive Rebound,,,,52,52,
2,10,23,C.J. Fair makes a jump shot from 14 feet out.,97404,,true,false,false,C.J.,,Fair,,Syr,,60,35,5,4,2,,,,,11,2,45,Jump Shot,3,Field Goal Made,14,-11.5,8.7,52,52,
2,10,23,Shooting foul committed by David Brown.,88470,,true,false,false,David,,Brown,,WestMi,,60,35,6,4,4,,,,,8,,2,Shooting,8,Foul,,,,176,176,
2,10,23,C.J. Fair makes free throw 1 of 1.,97404,,true,false,false,C.J.,,Fair,,Syr,,61,35,6,4,2,,,,,12,1,10,Free Throw 1 of 1,1,Free Throw Made,,,,52,52,
2,10,13,Personal foul committed by Michael Gbinije.,109414,,true,false,false,Michael,,Gbinije,,Syr,,61,35,6,5,2,,,,,0,,1,Personal,8,Foul,,,,52,52,
2,10,02,Personal foul committed by Tyler Ennis.,121072,,true,false,false,Tyler,,Ennis,,Syr,,61,35,6,6,1,,,,,11,,1,Personal,8,Foul,,,,52,52,
2,9,46,Shooting foul committed by Michael Gbinije.,109414,,true,false,false,Michael,,Gbinije,,Syr,,61,35,6,7,3,,,,,0,,2,Shooting,8,Foul,,,,52,52,
2,9,46,Jared Klein makes free throw 1 of 2.,116381,,true,false,false,Jared,,Klein,,WestMi,,61,36,6,7,0,,,,,1,1,11,Free Throw 1 of 2,1,Free Throw Made,,,,176,176,
2,9,46,Jared Klein misses free throw 2 of 2.,116381,,true,false,false,Jared,,Klein,,WestMi,,61,36,6,7,0,,,,,1,1,12,Free Throw 2 of 2,2,Free Throw Missed,,,,176,176,
2,9,46,Baye-Moussa Keita with a defensive rebound.,97403,,true,false,false,Baye-Moussa,,Keita,,Syr,,61,36,6,7,3,,,,,2,,,,6,Defensive Rebound,,,,52,52,
2,9,22,C.J. Fair misses a 3-point jump shot from 25 feet out.,97404,,true,false,false,C.J.,,Fair,,Syr,,61,36,6,7,2,,,,,12,3,45,Jump Shot,4,Field Goal Missed,25,17.3,17.6,52,52,
2,9,22,Jared Klein with a defensive rebound.,116381,,true,false,false,Jared,,Klein,,WestMi,,61,36,6,7,0,,,,,1,,,,6,Defensive Rebound,,,,176,176,
2,9,17,Personal foul committed by Tyler Ennis.,121072,,true,false,false,Tyler,,Ennis,,Syr,,61,36,6,8,2,,,,,11,,1,Personal,8,Foul,,,,52,52,
2,9,17,Jared Klein makes free throw 1st of 1-and-1.,116381,,true,false,false,Jared,,Klein,,WestMi,,61,37,6,8,0,,,,,2,1,8,Free Throw 1st of 1-and-1,1,Free Throw Made,,,,176,176,
2,9,17,Jared Klein makes free throw 2nd of 1-and-1.,116381,,true,false,false,Jared,,Klein,,WestMi,,61,38,6,8,0,,,,,3,1,9,Free Throw 2nd of 1-and-1,1,Free Throw Made,,,,176,176,
2,9,03,Trevor Cooney misses a jump shot from 16 feet out.,110467,,true,false,false,Trevor,,Cooney,,Syr,,61,38,6,8,0,,,,,18,2,45,Jump Shot,4,Field Goal Missed,16,16.4,1.6,52,52,
2,9,03,Jerami Grant with an offensive rebound.,116757,,true,false,false,Jerami,,Grant,,Syr,,61,38,6,8,2,,,,,16,,,,5,Offensive Rebound,,,,52,52,
2,8,57,Jerami Grant misses a tip shot from 2 feet out.,116757,,true,false,false,Jerami,,Grant,,Syr,,61,38,6,8,2,,,,,16,2,53,Tip Shot,4,Field Goal Missed,2,.4,1.6,52,52,
2,8,57,Jared Klein with a defensive rebound.,116381,,true,false,false,Jared,,Klein,,WestMi,,61,38,6,8,0,,,,,3,,,,6,Defensive Rebound,,,,176,176,
2,8,50,Tucker Haymond misses a layup shot.,121545,,true,false,false,Tucker,,Haymond,,WestMi,,61,38,6,8,2,,,,,11,2,40,Layup Shot,4,Field Goal Missed,0,0,0,176,176,
2,8,50,Tyler Roberson with a defensive rebound.,122113,,true,false,false,Tyler,,Roberson,,Syr,,61,38,6,8,0,,,,,0,,,,6,Defensive Rebound,,,,52,52,
2,8,47,Personal foul committed by Michael Gbinije.,109414,,true,false,false,Michael,,Gbinije,,Syr,,61,38,6,9,4,,,,,0,,1,Personal,8,Foul,,,,52,52,
2,8,47,Official's timeout.,,,false,false,false,,,,,,,61,38,6,9,0,,,,,0,,4,Official,11,Timeout,,,,52,52,
2,8,30,David Brown misses a 3-point jump shot from 25 feet out.,88470,,true,false,false,David,,Brown,,WestMi,,61,38,6,9,4,,,,,8,3,45,Jump Shot,4,Field Goal Missed,25,18.1,17.8,176,176,
2,8,30,Jerami Grant with a defensive rebound.,116757,,true,false,false,Jerami,,Grant,,Syr,,61,38,6,9,2,,,,,16,,,,6,Defensive Rebound,,,,52,52,
2,7,58,Shooting foul committed by A.J. Avery.,116385,,true,false,false,A.J.,,Avery,,WestMi,,61,38,7,9,2,,,,,0,,2,Shooting,8,Foul,,,,176,176,
2,7,58,Official TV timeout.,,,false,false,false,,,,,,,61,38,7,9,0,,,,,0,,3,Official TV,11,Timeout,,,,52,52,
2,7,58,Tyler Roberson makes free throw 1 of 2.,122113,,true,false,false,Tyler,,Roberson,,Syr,,62,38,7,9,0,,,,,1,1,11,Free Throw 1 of 2,1,Free Throw Made,,,,52,52,
2,7,58,Tyler Roberson misses free throw 2 of 2.,122113,,true,false,false,Tyler,,Roberson,,Syr,,62,38,7,9,0,,,,,1,1,12,Free Throw 2 of 2,2,Free Throw Missed,,,,52,52,
2,7,58,Shayne Whittington with a defensive rebound.,88468,,true,false,false,Shayne,,Whittington,,WestMi,,62,38,7,9,2,,,,,7,,,,6,Defensive Rebound,,,,176,176,
2,7,41,Shooting foul committed by Baye-Moussa Keita.,97403,,true,false,false,Baye-Moussa,,Keita,,Syr,,62,38,7,10,4,,,,,2,,2,Shooting,8,Foul,,,,52,52,
2,7,41,David Brown makes free throw 1 of 2.,88470,,true,false,false,David,,Brown,,WestMi,,62,39,7,10,4,,,,,9,1,11,Free Throw 1 of 2,1,Free Throw Made,,,,176,176,
2,7,41,David Brown misses free throw 2 of 2.,88470,,true,false,false,David,,Brown,,WestMi,,62,39,7,10,4,,,,,9,1,12,Free Throw 2 of 2,2,Free Throw Missed,,,,176,176,
2,7,41,Rakeem Christmas with a defensive rebound.,110466,,true,false,false,Rakeem,,Christmas,,Syr,,62,39,7,10,3,,,,,2,,,,6,Defensive Rebound,,,,52,52,
2,7,29,Trevor Cooney with a bad pass turnover: Bad Pass,110467,,true,false,false,Trevor,,Cooney,,Syr,,62,39,7,10,0,,,,,18,,1,Bad Pass,7,Turnover,,,,52,52,
2,7,14,Tucker Haymond misses a jump shot from 10 feet out.,121545,,true,false,false,Tucker,,Haymond,,WestMi,,62,39,7,10,2,,,,,11,2,45,Jump Shot,4,Field Goal Missed,10,3.5,9.3,176,176,
2,7,14,WestMi with an offensive rebound.,,,false,false,false,,,,,,,62,39,7,10,0,,,,,0,,,,5,Offensive Rebound,,,,176,176,
2,7,09,Connar Tava misses a layup shot.,116380,,true,false,false,Connar,,Tava,,WestMi,,62,39,7,10,1,,,,,4,2,40,Layup Shot,4,Field Goal Missed,0,0,0,176,176,
2,7,09,C.J. Fair with a defensive rebound.,97404,,true,false,false,C.J.,,Fair,,Syr,,62,39,7,10,2,,,,,12,,,,6,Defensive Rebound,,,,52,52,
2,7,03,Tyler Ennis makes a layup shot.,121072,,true,false,false,Tyler,,Ennis,,Syr,,64,39,7,10,2,,,,,13,2,40,Layup Shot,3,Field Goal Made,0,0,0,52,52,
2,6,34,Shooting foul committed by Tyler Roberson.,122113,,true,false,false,Tyler,,Roberson,,Syr,,64,39,7,11,1,,,,,1,,2,Shooting,8,Foul,,,,52,52,
2,6,34,Connar Tava makes free throw 1 of 2.,116380,,true,false,false,Connar,,Tava,,WestMi,,64,40,7,11,1,,,,,5,1,11,Free Throw 1 of 2,1,Free Throw Made,,,,176,176,
2,6,34,Connar Tava makes free throw 2 of 2.,116380,,true,false,false,Connar,,Tava,,WestMi,,64,41,7,11,1,,,,,6,1,12,Free Throw 2 of 2,1,Free Throw Made,,,,176,176,
2,6,15,Tyler Roberson makes a jump shot from 16 feet out. Michael Gbinije with the assist.,122113,109414,true,true,false,Tyler,Michael,Roberson,Gbinije,Syr,Syr,66,41,7,11,1,,,,,3,2,45,Jump Shot,3,Field Goal Made,16,-15.9,-.4,52,52,
2,6,00,Shayne Whittington makes a dunk shot. Connar Tava with the assist.,88468,116380,true,true,false,Shayne,Connar,Whittington,Tava,WestMi,WestMi,66,43,7,11,2,,,,,9,2,48,Dunk Shot,3,Field Goal Made,0,0,0,176,176,
2,5,41,C.J. Fair misses a jump shot from 10 feet out.,97404,,true,false,false,C.J.,,Fair,,Syr,,66,43,7,11,2,,,,,12,2,45,Jump Shot,4,Field Goal Missed,10,4,10,52,52,
2,5,41,Michael Gbinije with an offensive rebound.,109414,,true,false,false,Michael,,Gbinije,,Syr,,66,43,7,11,4,,,,,0,,,,5,Offensive Rebound,,,,52,52,
2,5,23,Michael Gbinije misses a 3-point jump shot from 26 feet out.,109414,,true,false,false,Michael,,Gbinije,,Syr,,66,43,7,11,4,,,,,0,3,45,Jump Shot,4,Field Goal Missed,26,-20.3,15.6,52,52,
2,5,23,Tyler Roberson with an offensive rebound.,122113,,true,false,false,Tyler,,Roberson,,Syr,,66,43,7,11,1,,,,,3,,,,5,Offensive Rebound,,,,52,52,
2,5,17,Tyler Roberson misses a layup shot.,122113,,true,false,false,Tyler,,Roberson,,Syr,,66,43,7,11,1,,,,,3,2,40,Layup Shot,4,Field Goal Missed,0,0,0,52,52,
2,5,17,Shayne Whittington with a defensive rebound.,88468,,true,false,false,Shayne,,Whittington,,WestMi,,66,43,7,11,2,,,,,9,,,,6,Defensive Rebound,,,,176,176,
2,5,04,David Brown misses a 3-point jump shot from 28 feet out.,88470,,true,false,false,David,,Brown,,WestMi,,66,43,7,11,4,,,,,9,3,45,Jump Shot,4,Field Goal Missed,28,-22,16.6,176,176,
2,5,04,Tyler Ennis with a defensive rebound.,121072,,true,false,false,Tyler,,Ennis,,Syr,,66,43,7,11,2,,,,,13,,,,6,Defensive Rebound,,,,52,52,
2,4,41,C.J. Fair makes a jump shot from 14 feet out.,97404,,true,false,false,C.J.,,Fair,,Syr,,68,43,7,11,2,,,,,14,2,45,Jump Shot,3,Field Goal Made,14,-13.7,3.1,52,52,
2,4,14,Austin Richie misses a 3-point jump shot from 24 feet out.,109820,,true,false,false,Austin,,Richie,,WestMi,,68,43,7,11,4,,,,,3,3,45,Jump Shot,4,Field Goal Missed,24,-20.8,11.6,176,176,
2,4,14,Rakeem Christmas with a defensive rebound.,110466,,true,false,false,Rakeem,,Christmas,,Syr,,68,43,7,11,3,,,,,2,,,,6,Defensive Rebound,,,,52,52,
2,3,55,Tyler Ennis makes a jump shot from 16 feet out.,121072,,true,false,false,Tyler,,Ennis,,Syr,,70,43,7,11,2,,,,,15,2,45,Jump Shot,3,Field Goal Made,16,-.3,15.9,52,52,
2,3,54,Shooting foul committed by Austin Richie.,109820,,true,false,false,Austin,,Richie,,WestMi,,70,43,8,11,5,,,,,3,,2,Shooting,8,Foul,,,,176,176,
2,3,54,Official TV timeout.,,,false,false,false,,,,,,,70,43,8,11,0,,,,,0,,3,Official TV,11,Timeout,,,,52,52,
2,3,54,Tyler Ennis makes free throw 1 of 1.,121072,,true,false,false,Tyler,,Ennis,,Syr,,71,43,8,11,2,,,,,16,1,10,Free Throw 1 of 1,1,Free Throw Made,,,,52,52,
2,3,41,Shooting foul committed by Rakeem Christmas.,110466,,true,false,false,Rakeem,,Christmas,,Syr,,71,43,8,12,4,,,,,2,,2,Shooting,8,Foul,,,,52,52,
2,3,41,Shayne Whittington makes free throw 1 of 2.,88468,,true,false,false,Shayne,,Whittington,,WestMi,,71,44,8,12,2,,,,,10,1,11,Free Throw 1 of 2,1,Free Throw Made,,,,176,176,
2,3,41,Shayne Whittington makes free throw 2 of 2.,88468,,true,false,false,Shayne,,Whittington,,WestMi,,71,45,8,12,2,,,,,11,1,12,Free Throw 2 of 2,1,Free Throw Made,,,,176,176,
2,3,18,B.J. Johnson misses a jump shot from 12 feet out.,121071,,true,false,false,B.J.,,Johnson,,Syr,,71,45,8,12,0,,,,,0,2,45,Jump Shot,4,Field Goal Missed,12,12,1.4,52,52,
2,3,18,Kellen McCormick with a defensive rebound.,116387,,true,false,false,Kellen,,McCormick,,WestMi,,71,45,8,12,0,,,,,0,,,,6,Defensive Rebound,,,,176,176,
2,2,58,Mario Matasovic misses a layup shot.,121547,,true,false,false,Mario,,Matasovic,,WestMi,,71,45,8,12,0,,,,,0,2,40,Layup Shot,4,Field Goal Missed,0,0,0,176,176,
2,2,58,Tyler Roberson with a defensive rebound.,122113,,true,false,false,Tyler,,Roberson,,Syr,,71,45,8,12,1,,,,,3,,,,6,Defensive Rebound,,,,52,52,
2,2,39,Tyler Roberson misses a jump shot from 16 feet out.,122113,,true,false,false,Tyler,,Roberson,,Syr,,71,45,8,12,1,,,,,3,2,45,Jump Shot,4,Field Goal Missed,16,12.3,10.1,52,52,
2,2,39,Von Washington III with a defensive rebound.,116382,,true,false,false,Von,,Washington III,,WestMi,,71,45,8,12,0,,,,,0,,,,6,Defensive Rebound,,,,176,176,
2,2,18,Kellen McCormick makes a layup shot. Mario Matasovic with the assist.,116387,121547,true,true,false,Kellen,Mario,McCormick,Matasovic,WestMi,WestMi,71,47,8,12,0,,,,,2,2,40,Layup Shot,3,Field Goal Made,0,0,0,176,176,
2,1,52,B.J. Johnson misses a 3-point jump shot from 26 feet out.,121071,,true,false,false,B.J.,,Johnson,,Syr,,71,47,8,12,0,,,,,0,3,45,Jump Shot,4,Field Goal Missed,26,19.1,17.1,52,52,
2,1,52,Tucker Haymond with a defensive rebound.,121545,,true,false,false,Tucker,,Haymond,,WestMi,,71,47,8,12,2,,,,,11,,,,6,Defensive Rebound,,,,176,176,
2,1,44,WestMi take a 20-second timeout.,,,false,false,false,,,,,,,71,47,8,12,0,,,,,0,,2,Short,11,Timeout,,,,176,176,
2,1,34,Hayden Hoerdemann makes a 3-point jump shot from 27 feet out. Charles Harris with the assist.,109819,116386,true,true,false,Hayden,Charles,Hoerdemann,Harris,WestMi,WestMi,71,50,8,12,0,,,,,3,3,45,Jump Shot,3,Field Goal Made,27,5.9,26.3,176,176,
2,1,11,Ron Patterson misses a jump shot from 12 feet out.,121073,,true,false,false,Ron,,Patterson,,Syr,,71,50,8,12,0,,,,,0,2,45,Jump Shot,4,Field Goal Missed,12,8.9,8.4,52,52,
2,1,11,Kellen McCormick with a defensive rebound.,116387,,true,false,false,Kellen,,McCormick,,WestMi,,71,50,8,12,0,,,,,2,,,,6,Defensive Rebound,,,,176,176,
2,1,04,Von Washington III misses a 3-point jump shot from 25 feet out.,116382,,true,false,false,Von,,Washington III,,WestMi,,71,50,8,12,0,,,,,0,3,45,Jump Shot,4,Field Goal Missed,25,19.3,15.4,176,176,
2,1,04,Charles Harris with an offensive rebound.,116386,,true,false,false,Charles,,Harris,,WestMi,,71,50,8,12,0,,,,,0,,,,5,Offensive Rebound,,,,176,176,
2,0,56.8,Charles Harris makes a jump shot from 5 feet out.,116386,,true,false,false,Charles,,Harris,,WestMi,,71,52,8,12,0,,,,,2,2,45,Jump Shot,3,Field Goal Made,5,.8,4.8,176,176,
2,0,56.8,Shooting foul committed by Russ DeRemer.,100513,,true,false,false,Russ,,DeRemer,,Syr,,71,52,8,13,1,,,,,0,,2,Shooting,8,Foul,,,,52,52,
2,0,56.8,Charles Harris misses free throw 1 of 1.,116386,,true,false,false,Charles,,Harris,,WestMi,,71,52,8,13,0,,,,,2,1,10,Free Throw 1 of 1,2,Free Throw Missed,,,,176,176,
2,0,56.8,B.J. Johnson with a defensive rebound.,121071,,true,false,false,B.J.,,Johnson,,Syr,,71,52,8,13,0,,,,,0,,,,6,Defensive Rebound,,,,52,52,
2,0,39.4,Ron Patterson makes a 3-point jump shot from 26 feet out.,121073,,true,false,false,Ron,,Patterson,,Syr,,74,52,8,13,0,,,,,3,3,45,Jump Shot,3,Field Goal Made,26,-20.8,16.1,52,52,
2,0,32.1,Shooting foul committed by Russ DeRemer.,100513,,true,false,false,Russ,,DeRemer,,Syr,,74,52,8,14,2,,,,,0,,2,Shooting,8,Foul,,,,52,52,
2,0,32.1,Von Washington III makes free throw 1 of 2.,116382,,true,false,false,Von,,Washington III,,WestMi,,74,53,8,14,0,,,,,1,1,11,Free Throw 1 of 2,1,Free Throw Made,,,,176,176,
2,0,32.1,Von Washington III misses free throw 2 of 2.,116382,,true,false,false,Von,,Washington III,,WestMi,,74,53,8,14,0,,,,,1,1,12,Free Throw 2 of 2,2,Free Throw Missed,,,,176,176,
2,0,32.1,B.J. Johnson with a defensive rebound.,121071,,true,false,false,B.J.,,Johnson,,Syr,,74,53,8,14,0,,,,,0,,,,6,Defensive Rebound,,,,52,52,
2,0,21.0,Ron Patterson makes a 3-point jump shot from 23 feet out.,121073,,true,false,false,Ron,,Patterson,,Syr,,77,53,8,14,0,,,,,6,3,45,Jump Shot,3,Field Goal Made,23,-22,7.7,52,52,
2,0,15.4,Tim Brennan misses a 3-point jump shot from 28 feet out.,114520,,true,false,false,Tim,,Brennan,,WestMi,,77,53,8,14,0,,,,,0,3,45,Jump Shot,4,Field Goal Missed,28,-2.3,28.1,176,176,
2,0,15.4,Albert Nassar with a defensive rebound.,110885,,true,false,false,Albert,,Nassar,,Syr,,77,53,8,14,0,,,,,0,,,,6,Defensive Rebound,,,,52,52,
2,0,04.2,Ron Patterson misses a 3-point jump shot from 26 feet out.,121073,,true,false,false,Ron,,Patterson,,Syr,,77,53,8,14,0,,,,,6,3,45,Jump Shot,4,Field Goal Missed,26,-17.6,19.6,52,52,
2,0,04.2,Nolan Hart with an offensive rebound.,100512,,true,false,false,Nolan,,Hart,,Syr,,77,53,8,14,0,,,,,0,,,,5,Offensive Rebound,,,,52,52,
2,0,00,End of the 2nd Half,,,false,false,false,,,,,,,77,53,8,14,0,,,,,0,,,,15,End Period,,,,52,52,
2,0,00,End of the Game,,,false,false,false,,,,,,,77,53,8,14,0,,,,,0,,,,19,Game Over,,,,52,52,
