half,time-minutes,time-seconds,details,player1-id,player2-id,player1-linkable,player2-linkable,player3-linkable,player-first-name-1,player-first-name-2,player-last-name-1,player-last-name-2,player-team-alias-1,player-team-alias-2,home-score,visitor-score,visitor-fouls,home-fouls,player-fouls,fastbreak,in-paint,second-chance,off-turnover,player-score,points-type,detail-id,detail-desc,event-id,event-desc,distance,x-coord,y-coord,team-id-1,team-id-2,team-id-3
1,20,00,Start of the 1st Half,,,false,false,false,,,,,,,0,0,0,0,0,,,,,0,,,,14,Start Period,,,,84,84,
1,19,25,Lamar Patterson misses a 3-point jump shot from 23 feet out.,88282,,true,false,false,Lamar,,Patterson,,Pitt,,0,0,0,0,0,,,,,0,3,45,Jump Shot,4,Field Goal Missed,23,-19,12.5,47,47,
1,19,25,Josh Scott with a defensive rebound.,116833,,true,false,false,Josh,,Scott,,Colo,,0,0,0,0,0,,,,,0,,,,6,Defensive Rebound,,,,84,84,
1,18,56,Askia Booker with a lost ball turnover: Lost Ball,109659,,true,false,false,Askia,,Booker,,Colo,,0,0,0,0,0,,,,,0,,2,Lost Ball,7,Turnover,,,,84,84,
1,18,52,Cameron Wright makes a layup shot.,97236,,true,false,false,Cameron,,Wright,,Pitt,,0,2,0,0,0,,,,,2,2,40,Layup Shot,3,Field Goal Made,0,0,0,47,47,
1,18,26,Xavier Johnson misses a 3-point jump shot from 23 feet out.,116832,,true,false,false,Xavier,,Johnson,,Colo,,0,2,0,0,0,,,,,0,3,45,Jump Shot,4,Field Goal Missed,23,-18.2,14,84,84,
1,18,26,James Robinson with a defensive rebound.,116087,,true,false,false,James,,Robinson,,Pitt,,0,2,0,0,0,,,,,0,,,,6,Defensive Rebound,,,,47,47,
1,18,10,Michael Young makes a 3-point jump shot from 23 feet out. Lamar Patterson with the assist.,120761,88282,true,true,false,Michael,Lamar,Young,Patterson,Pitt,Pitt,0,5,0,0,0,,,,,3,3,45,Jump Shot,3,Field Goal Made,23,-17.7,14.4,47,47,
1,17,36,Xavier Johnson with a lost ball turnover: Lost Ball,116832,,true,false,false,Xavier,,Johnson,,Colo,,0,5,0,0,0,,,,,0,,2,Lost Ball,7,Turnover,,,,84,84,
1,17,30,James Robinson misses a layup shot.,116087,,true,false,false,James,,Robinson,,Pitt,,0,5,0,0,0,,,,,0,2,40,Layup Shot,4,Field Goal Missed,0,0,0,47,47,
1,17,30,Talib Zanna with an offensive rebound.,88283,,true,false,false,Talib,,Zanna,,Pitt,,0,5,0,0,0,,,,,0,,,,5,Offensive Rebound,,,,47,47,
1,17,27,Talib Zanna makes a layup shot.,88283,,true,false,false,Talib,,Zanna,,Pitt,,0,7,0,0,0,,,,,2,2,40,Layup Shot,3,Field Goal Made,0,0,0,47,47,
1,17,26,Colo take a 20-second timeout.,,,false,false,false,,,,,,,0,7,0,0,0,,,,,0,,2,Short,11,Timeout,,,,84,84,
1,17,05,Xavier Johnson misses a 3-point jump shot from 22 feet out.,116832,,true,false,false,Xavier,,Johnson,,Colo,,0,7,0,0,0,,,,,0,3,45,Jump Shot,4,Field Goal Missed,22,-20.6,8.7,84,84,
1,17,05,Cameron Wright with a defensive rebound.,97236,,true,false,false,Cameron,,Wright,,Pitt,,0,7,0,0,0,,,,,2,,,,6,Defensive Rebound,,,,47,47,
1,16,55,Talib Zanna makes a layup shot. James Robinson with the assist.,88283,116087,true,true,false,Talib,James,Zanna,Robinson,Pitt,Pitt,0,9,0,0,0,,,,,4,2,40,Layup Shot,3,Field Goal Made,0,0,0,47,47,
1,16,23,Askia Booker misses a 3-point jump shot from 25 feet out.,109659,,true,false,false,Askia,,Booker,,Colo,,0,9,0,0,0,,,,,0,3,45,Jump Shot,4,Field Goal Missed,25,14.2,20.1,84,84,
1,16,23,Michael Young with a defensive rebound.,120761,,true,false,false,Michael,,Young,,Pitt,,0,9,0,0,0,,,,,3,,,,6,Defensive Rebound,,,,47,47,
1,16,04,Lamar Patterson misses a 3-point jump shot from 24 feet out.,88282,,true,false,false,Lamar,,Patterson,,Pitt,,0,9,0,0,0,,,,,0,3,45,Jump Shot,4,Field Goal Missed,24,10.8,21.4,47,47,
1,16,04,Xavier Talton with a defensive rebound.,116835,,true,false,false,Xavier,,Talton,,Colo,,0,9,0,0,0,,,,,0,,,,6,Defensive Rebound,,,,84,84,
1,15,49,Official TV timeout.,,,false,false,false,,,,,,,0,9,0,0,0,,,,,0,,3,Official TV,11,Timeout,,,,84,84,
1,15,39,Josh Scott with a lost ball turnover: Lost Ball,116833,,true,false,false,Josh,,Scott,,Colo,,0,9,0,0,0,,,,,0,,2,Lost Ball,7,Turnover,,,,84,84,
1,15,34,Cameron Wright misses a layup shot.,97236,,true,false,false,Cameron,,Wright,,Pitt,,0,9,0,0,0,,,,,2,2,40,Layup Shot,4,Field Goal Missed,0,0,0,47,47,
1,15,34,Askia Booker with a defensive rebound.,109659,,true,false,false,Askia,,Booker,,Colo,,0,9,0,0,0,,,,,0,,,,6,Defensive Rebound,,,,84,84,
1,15,26,Askia Booker misses a jump shot from 7 feet out.,109659,,true,false,false,Askia,,Booker,,Colo,,0,9,0,0,0,,,,,0,2,45,Jump Shot,4,Field Goal Missed,7,-.3,7.2,84,84,
1,15,26,James Robinson with a defensive rebound.,116087,,true,false,false,James,,Robinson,,Pitt,,0,9,0,0,0,,,,,0,,,,6,Defensive Rebound,,,,47,47,
1,15,20,Talib Zanna makes a layup shot. James Robinson with the assist.,88283,116087,true,true,false,Talib,James,Zanna,Robinson,Pitt,Pitt,0,11,0,0,0,,,,,6,2,40,Layup Shot,3,Field Goal Made,0,0,0,47,47,
1,15,03,Xavier Johnson with a bad pass turnover: Bad Pass,116832,,true,false,false,Xavier,,Johnson,,Colo,,0,11,0,0,0,,,,,0,,1,Bad Pass,7,Turnover,,,,84,84,
1,14,51,Shooting foul committed by Xavier Talton.,116835,,true,false,false,Xavier,,Talton,,Colo,,0,11,0,1,1,,,,,0,,2,Shooting,8,Foul,,,,84,84,
1,14,51,Talib Zanna makes free throw 1 of 2.,88283,,true,false,false,Talib,,Zanna,,Pitt,,0,12,0,1,0,,,,,7,1,11,Free Throw 1 of 2,1,Free Throw Made,,,,47,47,
1,14,51,Talib Zanna makes free throw 2 of 2.,88283,,true,false,false,Talib,,Zanna,,Pitt,,0,13,0,1,0,,,,,8,1,12,Free Throw 2 of 2,1,Free Throw Made,,,,47,47,
1,14,19,Wesley Gordon makes a 3-point jump shot from 22 feet out.,116830,,true,false,false,Wesley,,Gordon,,Colo,,3,13,0,1,0,,,,,3,3,45,Jump Shot,3,Field Goal Made,22,16.2,15.5,84,84,
1,14,04,Cameron Wright makes a jump shot from 15 feet out.,97236,,true,false,false,Cameron,,Wright,,Pitt,,3,15,0,1,0,,,,,4,2,45,Jump Shot,3,Field Goal Made,15,5.6,14.2,47,47,
1,13,41,Wesley Gordon misses a layup shot.,116830,,true,false,false,Wesley,,Gordon,,Colo,,3,15,0,1,0,,,,,3,2,40,Layup Shot,4,Field Goal Missed,0,0,0,84,84,
1,13,41,James Robinson with a defensive rebound.,116087,,true,false,false,James,,Robinson,,Pitt,,3,15,0,1,0,,,,,0,,,,6,Defensive Rebound,,,,47,47,
1,13,09,Talib Zanna misses a layup shot.,88283,,true,false,false,Talib,,Zanna,,Pitt,,3,15,0,1,0,,,,,8,2,40,Layup Shot,4,Field Goal Missed,0,0,0,47,47,
1,13,09,Xavier Johnson with a defensive rebound.,116832,,true,false,false,Xavier,,Johnson,,Colo,,3,15,0,1,0,,,,,0,,,,6,Defensive Rebound,,,,84,84,
1,12,59,Personal foul committed by Michael Young.,120761,,true,false,false,Michael,,Young,,Pitt,,3,15,1,1,1,,,,,3,,1,Personal,8,Foul,,,,47,47,
1,12,45,Josh Scott makes a jump shot from 18 feet out.,116833,,true,false,false,Josh,,Scott,,Colo,,5,15,1,1,0,,,,,2,2,45,Jump Shot,3,Field Goal Made,18,.3,17.9,84,84,
1,12,11,Cameron Wright makes a jump shot from 15 feet out. Josh Newkirk with the assist.,97236,120759,true,true,false,Cameron,Josh,Wright,Newkirk,Pitt,Pitt,5,17,1,1,0,,,,,6,2,45,Jump Shot,3,Field Goal Made,15,-14.5,3.1,47,47,
1,11,44,Askia Booker with a lost ball turnover: Lost Ball,109659,,true,false,false,Askia,,Booker,,Colo,,5,17,1,1,0,,,,,0,,2,Lost Ball,7,Turnover,,,,84,84,
1,11,39,Lamar Patterson misses a layup shot.,88282,,true,false,false,Lamar,,Patterson,,Pitt,,5,17,1,1,0,,,,,0,2,40,Layup Shot,4,Field Goal Missed,0,0,0,47,47,
1,11,39,Dustin Thomas with a defensive rebound.,120677,,true,false,false,Dustin,,Thomas,,Colo,,5,17,1,1,0,,,,,0,,,,6,Defensive Rebound,,,,84,84,
1,11,28,Askia Booker misses a jump shot from 19 feet out.,109659,,true,false,false,Askia,,Booker,,Colo,,5,17,1,1,0,,,,,0,2,45,Jump Shot,4,Field Goal Missed,19,13.4,13.5,84,84,
1,11,28,Jamel Artis with a defensive rebound.,120758,,true,false,false,Jamel,,Artis,,Pitt,,5,17,1,1,0,,,,,0,,,,6,Defensive Rebound,,,,47,47,
1,11,14,Cameron Wright makes a jump shot from 3 feet out.,97236,,true,false,false,Cameron,,Wright,,Pitt,,5,19,1,1,0,,,,,8,2,45,Jump Shot,3,Field Goal Made,3,-2.5,2,47,47,
1,11,06,Josh Scott misses a layup shot.,116833,,true,false,false,Josh,,Scott,,Colo,,5,19,1,1,0,,,,,2,2,40,Layup Shot,4,Field Goal Missed,0,0,0,84,84,
1,11,06,Talib Zanna with a defensive rebound.,88283,,true,false,false,Talib,,Zanna,,Pitt,,5,19,1,1,0,,,,,8,,,,6,Defensive Rebound,,,,47,47,
1,10,59,Jamel Artis makes a layup shot. Cameron Wright with the assist.,120758,97236,true,true,false,Jamel,Cameron,Artis,Wright,Pitt,Pitt,5,21,1,1,0,,,,,2,2,40,Layup Shot,3,Field Goal Made,0,0,0,47,47,
1,10,57,Colo take a 20-second timeout.,,,false,false,false,,,,,,,5,21,1,1,0,,,,,0,,2,Short,11,Timeout,,,,84,84,
1,10,42,Xavier Talton misses a layup shot.,116835,,true,false,false,Xavier,,Talton,,Colo,,5,21,1,1,1,,,,,0,2,40,Layup Shot,4,Field Goal Missed,0,0,0,84,84,
1,10,42,Cameron Wright with a defensive rebound.,97236,,true,false,false,Cameron,,Wright,,Pitt,,5,21,1,1,0,,,,,8,,,,6,Defensive Rebound,,,,47,47,
1,10,11,Jamel Artis misses a 3-point jump shot from 23 feet out.,120758,,true,false,false,Jamel,,Artis,,Pitt,,5,21,1,1,0,,,,,2,3,45,Jump Shot,4,Field Goal Missed,23,15.1,17,47,47,
1,10,11,Tre'Shaun Fletcher with a defensive rebound.,120674,,true,false,false,Tre'Shaun,,Fletcher,,Colo,,5,21,1,1,0,,,,,0,,,,6,Defensive Rebound,,,,84,84,
1,10,04,Personal foul committed by Josh Newkirk.,120759,,true,false,false,Josh,,Newkirk,,Pitt,,5,21,2,1,1,,,,,0,,1,Personal,8,Foul,,,,47,47,
1,10,04,Official TV timeout.,,,false,false,false,,,,,,,5,21,2,1,0,,,,,0,,3,Official TV,11,Timeout,,,,84,84,
1,9,38,Dustin Thomas misses a jump shot from 7 feet out.,120677,,true,false,false,Dustin,,Thomas,,Colo,,5,21,2,1,0,,,,,0,2,45,Jump Shot,4,Field Goal Missed,7,3.1,6.1,84,84,
1,9,38,James Robinson with a defensive rebound.,116087,,true,false,false,James,,Robinson,,Pitt,,5,21,2,1,0,,,,,0,,,,6,Defensive Rebound,,,,47,47,
1,9,00,Talib Zanna makes a layup shot. Jamel Artis with the assist.,88283,120758,true,true,false,Talib,Jamel,Zanna,Artis,Pitt,Pitt,5,23,2,1,0,,,,,10,2,40,Layup Shot,3,Field Goal Made,0,0,0,47,47,
1,8,38,Shooting foul committed by Cameron Wright.,97236,,true,false,false,Cameron,,Wright,,Pitt,,5,23,3,1,1,,,,,8,,2,Shooting,8,Foul,,,,47,47,
1,8,38,Tre'Shaun Fletcher makes free throw 1 of 2.,120674,,true,false,false,Tre'Shaun,,Fletcher,,Colo,,6,23,3,1,0,,,,,1,1,11,Free Throw 1 of 2,1,Free Throw Made,,,,84,84,
1,8,38,Tre'Shaun Fletcher makes free throw 2 of 2.,120674,,true,false,false,Tre'Shaun,,Fletcher,,Colo,,7,23,3,1,0,,,,,2,1,12,Free Throw 2 of 2,1,Free Throw Made,,,,84,84,
1,8,15,Lamar Patterson makes a 3-point jump shot from 23 feet out. James Robinson with the assist.,88282,116087,true,true,false,Lamar,James,Patterson,Robinson,Pitt,Pitt,7,26,3,1,0,,,,,3,3,45,Jump Shot,3,Field Goal Made,23,17.9,14.6,47,47,
1,7,48,Xavier Johnson with a lost ball turnover: Lost Ball,116832,,true,false,false,Xavier,,Johnson,,Colo,,7,26,3,1,0,,,,,0,,2,Lost Ball,7,Turnover,,,,84,84,
1,7,41,Josh Newkirk makes a layup shot. James Robinson with the assist.,120759,116087,true,true,false,Josh,James,Newkirk,Robinson,Pitt,Pitt,7,28,3,1,1,,,,,2,2,40,Layup Shot,3,Field Goal Made,0,0,0,47,47,
1,7,26,Wesley Gordon with a lost ball turnover: Lost Ball,116830,,true,false,false,Wesley,,Gordon,,Colo,,7,28,3,1,0,,,,,3,,2,Lost Ball,7,Turnover,,,,84,84,
1,7,21,Talib Zanna makes a dunk shot. Lamar Patterson with the assist.,88283,88282,true,true,false,Talib,Lamar,Zanna,Patterson,Pitt,Pitt,7,30,3,1,0,,,,,12,2,48,Dunk Shot,3,Field Goal Made,0,0,0,47,47,
1,7,19,Colo take a 20-second timeout.,,,false,false,false,,,,,,,7,30,3,1,0,,,,,0,,2,Short,11,Timeout,,,,84,84,
1,6,52,Xavier Johnson makes a jump shot from 20 feet out.,116832,,true,false,false,Xavier,,Johnson,,Colo,,9,30,3,1,0,,,,,2,2,45,Jump Shot,3,Field Goal Made,20,-13.1,15.3,84,84,
1,6,21,Lamar Patterson makes a 3-point jump shot from 25 feet out. James Robinson with the assist.,88282,116087,true,true,false,Lamar,James,Patterson,Robinson,Pitt,Pitt,9,33,3,1,0,,,,,6,3,45,Jump Shot,3,Field Goal Made,25,-18.4,16.2,47,47,
1,6,04,Xavier Johnson misses a 3-point jump shot from 24 feet out.,116832,,true,false,false,Xavier,,Johnson,,Colo,,9,33,3,1,0,,,,,2,3,45,Jump Shot,4,Field Goal Missed,24,-3.4,23.3,84,84,
1,6,04,Talib Zanna with a defensive rebound.,88283,,true,false,false,Talib,,Zanna,,Pitt,,9,33,3,1,0,,,,,12,,,,6,Defensive Rebound,,,,47,47,
1,5,57,Talib Zanna with a lost ball turnover: Lost Ball,88283,,true,false,false,Talib,,Zanna,,Pitt,,9,33,3,1,0,,,,,12,,2,Lost Ball,7,Turnover,,,,47,47,
1,5,41,Shooting foul committed by Josh Newkirk.,120759,,true,false,false,Josh,,Newkirk,,Pitt,,9,33,4,1,2,,,,,2,,2,Shooting,8,Foul,,,,47,47,
1,5,41,Official TV timeout.,,,false,false,false,,,,,,,9,33,4,1,0,,,,,0,,3,Official TV,11,Timeout,,,,84,84,
1,5,41,Askia Booker makes free throw 1 of 2.,109659,,true,false,false,Askia,,Booker,,Colo,,10,33,4,1,0,,,,,1,1,11,Free Throw 1 of 2,1,Free Throw Made,,,,84,84,
1,5,41,Askia Booker makes free throw 2 of 2.,109659,,true,false,false,Askia,,Booker,,Colo,,11,33,4,1,0,,,,,2,1,12,Free Throw 2 of 2,1,Free Throw Made,,,,84,84,
1,5,11,Derrick Randall makes a layup shot. Cameron Wright with the assist.,110181,97236,true,true,false,Derrick,Cameron,Randall,Wright,Pitt,Pitt,11,35,4,1,0,,,,,2,2,40,Layup Shot,3,Field Goal Made,0,0,0,47,47,
1,5,11,Shooting foul committed by Tre'Shaun Fletcher.,120674,,true,false,false,Tre'Shaun,,Fletcher,,Colo,,11,35,4,2,1,,,,,2,,2,Shooting,8,Foul,,,,84,84,
1,5,11,Derrick Randall makes free throw 1 of 1.,110181,,true,false,false,Derrick,,Randall,,Pitt,,11,36,4,2,0,,,,,3,1,10,Free Throw 1 of 1,1,Free Throw Made,,,,47,47,
1,5,03,Josh Scott makes a layup shot.,116833,,true,false,false,Josh,,Scott,,Colo,,13,36,4,2,0,,,,,4,2,40,Layup Shot,3,Field Goal Made,0,0,0,84,84,
1,5,03,Shooting foul committed by Derrick Randall.,110181,,true,false,false,Derrick,,Randall,,Pitt,,13,36,5,2,1,,,,,3,,2,Shooting,8,Foul,,,,47,47,
1,5,03,Josh Scott makes free throw 1 of 1.,116833,,true,false,false,Josh,,Scott,,Colo,,14,36,5,2,0,,,,,5,1,10,Free Throw 1 of 1,1,Free Throw Made,,,,84,84,
1,4,44,Personal foul committed by Xavier Talton.,116835,,true,false,false,Xavier,,Talton,,Colo,,14,36,5,3,2,,,,,0,,1,Personal,8,Foul,,,,84,84,
1,4,25,Talib Zanna makes a jump shot from 11 feet out. Lamar Patterson with the assist.,88283,88282,true,true,false,Talib,Lamar,Zanna,Patterson,Pitt,Pitt,14,38,5,3,0,,,,,14,2,45,Jump Shot,3,Field Goal Made,11,-10.5,3.1,47,47,
1,4,07,Josh Scott with a traveling turnover: Traveling,116833,,true,false,false,Josh,,Scott,,Colo,,14,38,5,3,0,,,,,5,,4,Traveling,7,Turnover,,,,84,84,
1,3,51,James Robinson misses a jump shot from 15 feet out.,116087,,true,false,false,James,,Robinson,,Pitt,,14,38,5,3,0,,,,,0,2,45,Jump Shot,4,Field Goal Missed,15,2.5,15.1,47,47,
1,3,51,Xavier Johnson with a defensive rebound.,116832,,true,false,false,Xavier,,Johnson,,Colo,,14,38,5,3,0,,,,,2,,,,6,Defensive Rebound,,,,84,84,
1,3,41,Xavier Talton misses a 3-point jump shot from 23 feet out.,116835,,true,false,false,Xavier,,Talton,,Colo,,14,38,5,3,2,,,,,0,3,45,Jump Shot,4,Field Goal Missed,23,-19.7,11.6,84,84,
1,3,41,Wesley Gordon with an offensive rebound.,116830,,true,false,false,Wesley,,Gordon,,Colo,,14,38,5,3,0,,,,,3,,,,5,Offensive Rebound,,,,84,84,
1,3,35,Wesley Gordon makes a tip shot from 3 feet out.,116830,,true,false,false,Wesley,,Gordon,,Colo,,16,38,5,3,0,,,,,5,2,53,Tip Shot,3,Field Goal Made,3,.5,3.3,84,84,
1,3,21,Michael Young makes a layup shot.,120761,,true,false,false,Michael,,Young,,Pitt,,16,40,5,3,1,,,,,5,2,40,Layup Shot,3,Field Goal Made,0,0,0,47,47,
1,3,18,Pitt take a 20-second timeout.,,,false,false,false,,,,,,,16,40,5,3,0,,,,,0,,2,Short,11,Timeout,,,,47,47,
1,3,03,Official TV timeout.,,,false,false,false,,,,,,,16,40,5,3,0,,,,,0,,3,Official TV,11,Timeout,,,,84,84,
1,2,53,Askia Booker with a lost ball turnover: Lost Ball,109659,,true,false,false,Askia,,Booker,,Colo,,16,40,5,3,0,,,,,2,,2,Lost Ball,7,Turnover,,,,84,84,
1,2,49,Lamar Patterson makes a layup shot. James Robinson with the assist.,88282,116087,true,true,false,Lamar,James,Patterson,Robinson,Pitt,Pitt,16,42,5,3,0,,,,,8,2,40,Layup Shot,3,Field Goal Made,0,0,0,47,47,
1,2,11,Askia Booker misses a 3-point jump shot from 24 feet out.,109659,,true,false,false,Askia,,Booker,,Colo,,16,42,5,3,0,,,,,2,3,45,Jump Shot,4,Field Goal Missed,24,16.9,17.2,84,84,
1,2,11,Lamar Patterson with a defensive rebound.,88282,,true,false,false,Lamar,,Patterson,,Pitt,,16,42,5,3,0,,,,,8,,,,6,Defensive Rebound,,,,47,47,
1,1,55,Shooting foul committed by Dustin Thomas.,120677,,true,false,false,Dustin,,Thomas,,Colo,,16,42,5,4,1,,,,,0,,2,Shooting,8,Foul,,,,84,84,
1,1,55,Talib Zanna makes free throw 1 of 2.,88283,,true,false,false,Talib,,Zanna,,Pitt,,16,43,5,4,0,,,,,15,1,11,Free Throw 1 of 2,1,Free Throw Made,,,,47,47,
1,1,55,Talib Zanna makes free throw 2 of 2.,88283,,true,false,false,Talib,,Zanna,,Pitt,,16,44,5,4,0,,,,,16,1,12,Free Throw 2 of 2,1,Free Throw Made,,,,47,47,
1,1,37,Shooting foul committed by James Robinson.,116087,,true,false,false,James,,Robinson,,Pitt,,16,44,6,4,1,,,,,0,,2,Shooting,8,Foul,,,,47,47,
1,1,37,Jaron Hopkins makes free throw 1 of 2.,120675,,true,false,false,Jaron,,Hopkins,,Colo,,17,44,6,4,0,,,,,1,1,11,Free Throw 1 of 2,1,Free Throw Made,,,,84,84,
1,1,37,Jaron Hopkins makes free throw 2 of 2.,120675,,true,false,false,Jaron,,Hopkins,,Colo,,18,44,6,4,0,,,,,2,1,12,Free Throw 2 of 2,1,Free Throw Made,,,,84,84,
1,1,15,James Robinson misses a jump shot from 17 feet out.,116087,,true,false,false,James,,Robinson,,Pitt,,18,44,6,4,1,,,,,0,2,45,Jump Shot,4,Field Goal Missed,17,14.9,8.7,47,47,
1,1,15,Jamel Artis with an offensive rebound.,120758,,true,false,false,Jamel,,Artis,,Pitt,,18,44,6,4,0,,,,,2,,,,5,Offensive Rebound,,,,47,47,
1,0,55.7,Shooting foul committed by Tre'Shaun Fletcher.,120674,,true,false,false,Tre'Shaun,,Fletcher,,Colo,,18,44,6,5,2,,,,,2,,2,Shooting,8,Foul,,,,84,84,
1,0,55.7,Cameron Wright makes free throw 1 of 2.,97236,,true,false,false,Cameron,,Wright,,Pitt,,18,45,6,5,1,,,,,9,1,11,Free Throw 1 of 2,1,Free Throw Made,,,,47,47,
1,0,55.7,Cameron Wright makes free throw 2 of 2.,97236,,true,false,false,Cameron,,Wright,,Pitt,,18,46,6,5,1,,,,,10,1,12,Free Throw 2 of 2,1,Free Throw Made,,,,47,47,
1,0,39.1,Dustin Thomas with a lost ball turnover: Lost Ball,120677,,true,false,false,Dustin,,Thomas,,Colo,,18,46,6,5,1,,,,,0,,2,Lost Ball,7,Turnover,,,,84,84,
1,0,07.5,Personal foul committed by Tre'Shaun Fletcher.,120674,,true,false,false,Tre'Shaun,,Fletcher,,Colo,,18,46,6,6,3,,,,,2,,1,Personal,8,Foul,,,,84,84,
1,0,01.8,Cameron Wright misses a jump shot from 8 feet out.,97236,,true,false,false,Cameron,,Wright,,Pitt,,18,46,6,6,1,,,,,10,2,45,Jump Shot,4,Field Goal Missed,8,-3.1,7.2,47,47,
1,0,01.8,Lamar Patterson with an offensive rebound.,88282,,true,false,false,Lamar,,Patterson,,Pitt,,18,46,6,6,0,,,,,8,,,,5,Offensive Rebound,,,,47,47,
1,0,00,Lamar Patterson misses a layup shot.,88282,,true,false,false,Lamar,,Patterson,,Pitt,,18,46,6,6,0,,,,,8,2,40,Layup Shot,4,Field Goal Missed,0,0,0,47,47,
1,0,00,Pitt with an offensive rebound.,,,false,false,false,,,,,,,18,46,6,6,0,,,,,0,,,,5,Offensive Rebound,,,,47,47,
1,0,00,End of the 1st Half,,,false,false,false,,,,,,,18,46,6,6,0,,,,,0,,,,15,End Period,,,,84,84,
2,20,00,Start of the 2nd Half,,,false,false,false,,,,,,,18,46,0,0,0,,,,,0,,,,14,Start Period,,,,84,84,
2,19,34,Michael Young makes a layup shot. James Robinson with the assist.,120761,116087,true,true,false,Michael,James,Young,Robinson,Pitt,Pitt,18,48,0,0,1,,,,,7,2,40,Layup Shot,3,Field Goal Made,0,0,0,47,47,
2,19,13,Xavier Talton makes a 3-point jump shot from 23 feet out. Wesley Gordon with the assist.,116835,116830,true,true,false,Xavier,Wesley,Talton,Gordon,Colo,Colo,21,48,0,0,2,,,,,3,3,45,Jump Shot,3,Field Goal Made,23,-21.2,8.1,84,84,
2,19,01,Lamar Patterson makes a layup shot.,88282,,true,false,false,Lamar,,Patterson,,Pitt,,21,50,0,0,0,,,,,10,2,40,Layup Shot,3,Field Goal Made,0,0,0,47,47,
2,18,56,Xavier Johnson with a lost ball turnover: Lost Ball,116832,,true,false,false,Xavier,,Johnson,,Colo,,21,50,0,0,0,,,,,2,,2,Lost Ball,7,Turnover,,,,84,84,
2,18,55,Shooting foul committed by Xavier Johnson.,116832,,true,false,false,Xavier,,Johnson,,Colo,,21,50,0,1,1,,,,,2,,2,Shooting,8,Foul,,,,84,84,
2,18,55,Talib Zanna makes free throw 1 of 2.,88283,,true,false,false,Talib,,Zanna,,Pitt,,21,51,0,1,0,,,,,17,1,11,Free Throw 1 of 2,1,Free Throw Made,,,,47,47,
2,18,55,Talib Zanna makes free throw 2 of 2.,88283,,true,false,false,Talib,,Zanna,,Pitt,,21,52,0,1,0,,,,,18,1,12,Free Throw 2 of 2,1,Free Throw Made,,,,47,47,
2,18,48,Josh Scott misses a layup shot.,116833,,true,false,false,Josh,,Scott,,Colo,,21,52,0,1,0,,,,,5,2,40,Layup Shot,4,Field Goal Missed,0,0,0,84,84,
2,18,48,Talib Zanna with a defensive rebound.,88283,,true,false,false,Talib,,Zanna,,Pitt,,21,52,0,1,0,,,,,18,,,,6,Defensive Rebound,,,,47,47,
2,18,27,Cameron Wright misses a jump shot from 12 feet out.,97236,,true,false,false,Cameron,,Wright,,Pitt,,21,52,0,1,1,,,,,10,2,45,Jump Shot,4,Field Goal Missed,12,-11.6,4,47,47,
2,18,27,Xavier Johnson with a defensive rebound.,116832,,true,false,false,Xavier,,Johnson,,Colo,,21,52,0,1,1,,,,,2,,,,6,Defensive Rebound,,,,84,84,
2,18,07,Xavier Talton misses a 3-point jump shot from 23 feet out.,116835,,true,false,false,Xavier,,Talton,,Colo,,21,52,0,1,2,,,,,3,3,45,Jump Shot,4,Field Goal Missed,23,-16.2,16.1,84,84,
2,18,07,Cameron Wright with a defensive rebound.,97236,,true,false,false,Cameron,,Wright,,Pitt,,21,52,0,1,1,,,,,10,,,,6,Defensive Rebound,,,,47,47,
2,17,47,Michael Young misses a hook shot from 6 feet out.,120761,,true,false,false,Michael,,Young,,Pitt,,21,52,0,1,1,,,,,7,2,55,Hook Shot,4,Field Goal Missed,6,5.5,1.4,47,47,
2,17,47,Josh Scott with a defensive rebound.,116833,,true,false,false,Josh,,Scott,,Colo,,21,52,0,1,0,,,,,5,,,,6,Defensive Rebound,,,,84,84,
2,17,39,Xavier Talton misses a layup shot.,116835,,true,false,false,Xavier,,Talton,,Colo,,21,52,0,1,2,,,,,3,2,40,Layup Shot,4,Field Goal Missed,0,0,0,84,84,
2,17,39,Colo with an offensive rebound.,,,false,false,false,,,,,,,21,52,0,1,0,,,,,0,,,,5,Offensive Rebound,,,,84,84,
2,17,37,Shooting foul committed by Lamar Patterson.,88282,,true,false,false,Lamar,,Patterson,,Pitt,,21,52,1,1,1,,,,,10,,2,Shooting,8,Foul,,,,47,47,
2,17,37,Wesley Gordon makes free throw 1 of 2.,116830,,true,false,false,Wesley,,Gordon,,Colo,,22,52,1,1,0,,,,,6,1,11,Free Throw 1 of 2,1,Free Throw Made,,,,84,84,
2,17,37,Wesley Gordon misses free throw 2 of 2.,116830,,true,false,false,Wesley,,Gordon,,Colo,,22,52,1,1,0,,,,,6,1,12,Free Throw 2 of 2,2,Free Throw Missed,,,,84,84,
2,17,37,Talib Zanna with a defensive rebound.,88283,,true,false,false,Talib,,Zanna,,Pitt,,22,52,1,1,0,,,,,18,,,,6,Defensive Rebound,,,,47,47,
2,17,16,James Robinson misses a 3-point jump shot from 22 feet out.,116087,,true,false,false,James,,Robinson,,Pitt,,22,52,1,1,1,,,,,0,3,45,Jump Shot,4,Field Goal Missed,22,-22.1,2.5,47,47,
2,17,16,Michael Young with an offensive rebound.,120761,,true,false,false,Michael,,Young,,Pitt,,22,52,1,1,1,,,,,7,,,,5,Offensive Rebound,,,,47,47,
2,16,53,James Robinson misses a jump shot from 11 feet out.,116087,,true,false,false,James,,Robinson,,Pitt,,22,52,1,1,1,,,,,0,2,45,Jump Shot,4,Field Goal Missed,11,-2.9,10.7,47,47,
2,16,53,Askia Booker with a defensive rebound.,109659,,true,false,false,Askia,,Booker,,Colo,,22,52,1,1,0,,,,,2,,,,6,Defensive Rebound,,,,84,84,
2,16,46,Askia Booker misses a layup shot.,109659,,true,false,false,Askia,,Booker,,Colo,,22,52,1,1,0,,,,,2,2,40,Layup Shot,4,Field Goal Missed,0,0,0,84,84,
2,16,46,Wesley Gordon with an offensive rebound.,116830,,true,false,false,Wesley,,Gordon,,Colo,,22,52,1,1,0,,,,,6,,,,5,Offensive Rebound,,,,84,84,
2,16,37,Wesley Gordon misses a tip shot from 3 feet out.,116830,,true,false,false,Wesley,,Gordon,,Colo,,22,52,1,1,0,,,,,6,2,53,Tip Shot,4,Field Goal Missed,3,.3,3.5,84,84,
2,16,37,Askia Booker with an offensive rebound.,109659,,true,false,false,Askia,,Booker,,Colo,,22,52,1,1,0,,,,,2,,,,5,Offensive Rebound,,,,84,84,
2,16,33,Askia Booker misses a layup shot.,109659,,true,false,false,Askia,,Booker,,Colo,,22,52,1,1,0,,,,,2,2,40,Layup Shot,4,Field Goal Missed,0,0,0,84,84,
2,16,33,Cameron Wright with a defensive rebound.,97236,,true,false,false,Cameron,,Wright,,Pitt,,22,52,1,1,1,,,,,10,,,,6,Defensive Rebound,,,,47,47,
2,16,33,Shooting foul committed by Xavier Talton.,116835,,true,false,false,Xavier,,Talton,,Colo,,22,52,1,2,3,,,,,3,,2,Shooting,8,Foul,,,,84,84,
2,16,33,Cameron Wright makes free throw 1 of 2.,97236,,true,false,false,Cameron,,Wright,,Pitt,,22,53,1,2,1,,,,,11,1,11,Free Throw 1 of 2,1,Free Throw Made,,,,47,47,
2,16,33,Cameron Wright misses free throw 2 of 2.,97236,,true,false,false,Cameron,,Wright,,Pitt,,22,53,1,2,1,,,,,11,1,12,Free Throw 2 of 2,2,Free Throw Missed,,,,47,47,
2,16,33,Josh Scott with a defensive rebound.,116833,,true,false,false,Josh,,Scott,,Colo,,22,53,1,2,0,,,,,5,,,,6,Defensive Rebound,,,,84,84,
2,16,25,Xavier Talton with a lost ball turnover: Lost Ball,116835,,true,false,false,Xavier,,Talton,,Colo,,22,53,1,2,3,,,,,3,,2,Lost Ball,7,Turnover,,,,84,84,
2,16,19,Josh Newkirk misses a layup shot.,120759,,true,false,false,Josh,,Newkirk,,Pitt,,22,53,1,2,2,,,,,2,2,40,Layup Shot,4,Field Goal Missed,0,0,0,47,47,
2,16,19,Wesley Gordon with a defensive rebound.,116830,,true,false,false,Wesley,,Gordon,,Colo,,22,53,1,2,0,,,,,6,,,,6,Defensive Rebound,,,,84,84,
2,16,12,Askia Booker makes a jump shot from 15 feet out. Xavier Johnson with the assist.,109659,116832,true,true,false,Askia,Xavier,Booker,Johnson,Colo,Colo,24,53,1,2,0,,,,,4,2,45,Jump Shot,3,Field Goal Made,15,12.7,8.8,84,84,
2,15,53,Josh Newkirk misses a jump shot from 16 feet out.,120759,,true,false,false,Josh,,Newkirk,,Pitt,,24,53,1,2,2,,,,,2,2,45,Jump Shot,4,Field Goal Missed,16,5.3,15.3,47,47,
2,15,53,Askia Booker with a defensive rebound.,109659,,true,false,false,Askia,,Booker,,Colo,,24,53,1,2,0,,,,,4,,,,6,Defensive Rebound,,,,84,84,
2,15,41,Askia Booker misses a layup shot.,109659,,true,false,false,Askia,,Booker,,Colo,,24,53,1,2,0,,,,,4,2,40,Layup Shot,4,Field Goal Missed,0,0,0,84,84,
2,15,41,Lamar Patterson with a defensive rebound.,88282,,true,false,false,Lamar,,Patterson,,Pitt,,24,53,1,2,1,,,,,10,,,,6,Defensive Rebound,,,,47,47,
2,15,32,Cameron Wright misses a layup shot.,97236,,true,false,false,Cameron,,Wright,,Pitt,,24,53,1,2,1,,,,,11,2,40,Layup Shot,4,Field Goal Missed,0,0,0,47,47,
2,15,32,Josh Scott with a defensive rebound.,116833,,true,false,false,Josh,,Scott,,Colo,,24,53,1,2,0,,,,,5,,,,6,Defensive Rebound,,,,84,84,
2,15,21,Askia Booker misses a layup shot.,109659,,true,false,false,Askia,,Booker,,Colo,,24,53,1,2,0,,,,,4,2,40,Layup Shot,4,Field Goal Missed,0,0,0,84,84,
2,15,21,Josh Scott with an offensive rebound.,116833,,true,false,false,Josh,,Scott,,Colo,,24,53,1,2,0,,,,,5,,,,5,Offensive Rebound,,,,84,84,
2,15,21,Shooting foul committed by Jamel Artis.,120758,,true,false,false,Jamel,,Artis,,Pitt,,24,53,2,2,1,,,,,2,,2,Shooting,8,Foul,,,,47,47,
2,15,21,Official TV timeout.,,,false,false,false,,,,,,,24,53,2,2,0,,,,,0,,3,Official TV,11,Timeout,,,,84,84,
2,15,21,Josh Scott makes free throw 1 of 2.,116833,,true,false,false,Josh,,Scott,,Colo,,25,53,2,2,0,,,,,6,1,11,Free Throw 1 of 2,1,Free Throw Made,,,,84,84,
2,15,21,Josh Scott misses free throw 2 of 2.,116833,,true,false,false,Josh,,Scott,,Colo,,25,53,2,2,0,,,,,6,1,12,Free Throw 2 of 2,2,Free Throw Missed,,,,84,84,
2,15,21,Lamar Patterson with a defensive rebound.,88282,,true,false,false,Lamar,,Patterson,,Pitt,,25,53,2,2,1,,,,,10,,,,6,Defensive Rebound,,,,47,47,
2,14,54,Jamel Artis makes a layup shot. Josh Newkirk with the assist.,120758,120759,true,true,false,Jamel,Josh,Artis,Newkirk,Pitt,Pitt,25,55,2,2,1,,,,,4,2,40,Layup Shot,3,Field Goal Made,0,0,0,47,47,
2,14,53,Shooting foul committed by Josh Scott.,116833,,true,false,false,Josh,,Scott,,Colo,,25,55,2,3,1,,,,,6,,2,Shooting,8,Foul,,,,84,84,
2,14,53,Jamel Artis makes free throw 1 of 1.,120758,,true,false,false,Jamel,,Artis,,Pitt,,25,56,2,3,1,,,,,5,1,10,Free Throw 1 of 1,1,Free Throw Made,,,,47,47,
2,14,31,Josh Scott makes a layup shot.,116833,,true,false,false,Josh,,Scott,,Colo,,27,56,2,3,1,,,,,8,2,40,Layup Shot,3,Field Goal Made,0,0,0,84,84,
2,13,53,Josh Newkirk misses a 3-point jump shot from 24 feet out.,120759,,true,false,false,Josh,,Newkirk,,Pitt,,27,56,2,3,2,,,,,2,3,45,Jump Shot,4,Field Goal Missed,24,16.8,17.4,47,47,
2,13,53,Colo with a defensive rebound.,,,false,false,false,,,,,,,27,56,2,3,0,,,,,0,,,,6,Defensive Rebound,,,,84,84,
2,13,39,Personal foul committed by Cameron Wright.,97236,,true,false,false,Cameron,,Wright,,Pitt,,27,56,3,3,2,,,,,11,,1,Personal,8,Foul,,,,47,47,
2,13,11,Jaron Hopkins misses a 3-point jump shot from 22 feet out.,120675,,true,false,false,Jaron,,Hopkins,,Colo,,27,56,3,3,0,,,,,2,3,45,Jump Shot,4,Field Goal Missed,22,21.9,1.6,84,84,
2,13,11,Pitt with a defensive rebound.,,,false,false,false,,,,,,,27,56,3,3,0,,,,,0,,,,6,Defensive Rebound,,,,47,47,
2,12,48,James Robinson with a lost ball turnover: Lost Ball,116087,,true,false,false,James,,Robinson,,Pitt,,27,56,3,3,1,,,,,0,,2,Lost Ball,7,Turnover,,,,47,47,
2,12,38,Xavier Talton with a bad pass turnover: Bad Pass,116835,,true,false,false,Xavier,,Talton,,Colo,,27,56,3,3,3,,,,,3,,1,Bad Pass,7,Turnover,,,,84,84,
2,12,20,Jamel Artis makes a jump shot from 16 feet out. James Robinson with the assist.,120758,116087,true,true,false,Jamel,James,Artis,Robinson,Pitt,Pitt,27,58,3,3,1,,,,,7,2,45,Jump Shot,3,Field Goal Made,16,15.6,4.6,47,47,
2,12,04,Xavier Johnson makes a dunk shot. Dustin Thomas with the assist.,116832,120677,true,true,false,Xavier,Dustin,Johnson,Thomas,Colo,Colo,29,58,3,3,1,,,,,4,2,48,Dunk Shot,3,Field Goal Made,0,0,0,84,84,
2,11,30,Personal foul committed by Josh Scott.,116833,,true,false,false,Josh,,Scott,,Colo,,29,58,3,4,2,,,,,8,,1,Personal,8,Foul,,,,84,84,
2,11,30,Official TV timeout.,,,false,false,false,,,,,,,29,58,3,4,0,,,,,0,,3,Official TV,11,Timeout,,,,84,84,
2,11,04,James Robinson makes a 3-point jump shot from 22 feet out. Lamar Patterson with the assist.,116087,88282,true,true,false,James,Lamar,Robinson,Patterson,Pitt,Pitt,29,61,3,4,1,,,,,3,3,45,Jump Shot,3,Field Goal Made,22,-21.2,5.7,47,47,
2,10,40,Xavier Johnson makes a 3-point jump shot from 23 feet out. Tre'Shaun Fletcher with the assist.,116832,120674,true,true,false,Xavier,Tre'Shaun,Johnson,Fletcher,Colo,Colo,32,61,3,4,1,,,,,7,3,45,Jump Shot,3,Field Goal Made,23,1.9,23.1,84,84,
2,10,14,Lamar Patterson misses a 3-point jump shot from 24 feet out.,88282,,true,false,false,Lamar,,Patterson,,Pitt,,32,61,3,4,1,,,,,10,3,45,Jump Shot,4,Field Goal Missed,24,12.9,20.5,47,47,
2,10,14,Tre'Shaun Fletcher with a defensive rebound.,120674,,true,false,false,Tre'Shaun,,Fletcher,,Colo,,32,61,3,4,3,,,,,2,,,,6,Defensive Rebound,,,,84,84,
2,10,04,Jaron Hopkins misses a 3-point jump shot from 23 feet out.,120675,,true,false,false,Jaron,,Hopkins,,Colo,,32,61,3,4,0,,,,,2,3,45,Jump Shot,4,Field Goal Missed,23,15.8,16.1,84,84,
2,10,04,James Robinson with a defensive rebound.,116087,,true,false,false,James,,Robinson,,Pitt,,32,61,3,4,1,,,,,3,,,,6,Defensive Rebound,,,,47,47,
2,9,55,Josh Newkirk misses a 3-point jump shot from 23 feet out.,120759,,true,false,false,Josh,,Newkirk,,Pitt,,32,61,3,4,2,,,,,2,3,45,Jump Shot,4,Field Goal Missed,23,-21.4,7.5,47,47,
2,9,55,Pitt with an offensive rebound.,,,false,false,false,,,,,,,32,61,3,4,0,,,,,0,,,,5,Offensive Rebound,,,,47,47,
2,9,55,Personal foul committed by Xavier Johnson.,116832,,true,false,false,Xavier,,Johnson,,Colo,,32,61,3,5,2,,,,,7,,1,Personal,8,Foul,,,,84,84,
2,9,31,Lamar Patterson misses a jump shot from 15 feet out.,88282,,true,false,false,Lamar,,Patterson,,Pitt,,32,61,3,5,1,,,,,10,2,45,Jump Shot,4,Field Goal Missed,15,6.8,12.9,47,47,
2,9,31,Jaron Hopkins with a defensive rebound.,120675,,true,false,false,Jaron,,Hopkins,,Colo,,32,61,3,5,0,,,,,2,,,,6,Defensive Rebound,,,,84,84,
2,9,17,Shooting foul committed by Derrick Randall.,110181,,true,false,false,Derrick,,Randall,,Pitt,,32,61,4,5,2,,,,,3,,2,Shooting,8,Foul,,,,47,47,
2,9,17,Josh Scott makes free throw 1 of 2.,116833,,true,false,false,Josh,,Scott,,Colo,,33,61,4,5,2,,,,,9,1,11,Free Throw 1 of 2,1,Free Throw Made,,,,84,84,
2,9,17,Josh Scott makes free throw 2 of 2.,116833,,true,false,false,Josh,,Scott,,Colo,,34,61,4,5,2,,,,,10,1,12,Free Throw 2 of 2,1,Free Throw Made,,,,84,84,
2,8,51,Lamar Patterson misses a jump shot from 11 feet out.,88282,,true,false,false,Lamar,,Patterson,,Pitt,,34,61,4,5,1,,,,,10,2,45,Jump Shot,4,Field Goal Missed,11,-6.6,8.5,47,47,
2,8,51,James Robinson with an offensive rebound.,116087,,true,false,false,James,,Robinson,,Pitt,,34,61,4,5,1,,,,,3,,,,5,Offensive Rebound,,,,47,47,
2,8,45,Chris Jones makes a layup shot.,116086,,true,false,false,Chris,,Jones,,Pitt,,34,63,4,5,0,,,,,2,2,40,Layup Shot,3,Field Goal Made,0,0,0,47,47,
2,8,28,Askia Booker makes a jump shot from 17 feet out.,109659,,true,false,false,Askia,,Booker,,Colo,,36,63,4,5,0,,,,,6,2,45,Jump Shot,3,Field Goal Made,17,4.4,16.8,84,84,
2,7,55,Michael Young misses a jump shot from 20 feet out.,120761,,true,false,false,Michael,,Young,,Pitt,,36,63,4,5,1,,,,,7,2,45,Jump Shot,4,Field Goal Missed,20,-19,7.7,47,47,
2,7,55,Askia Booker with a defensive rebound.,109659,,true,false,false,Askia,,Booker,,Colo,,36,63,4,5,0,,,,,6,,,,6,Defensive Rebound,,,,84,84,
2,7,51,Wesley Gordon with a lost ball turnover: Lost Ball,116830,,true,false,false,Wesley,,Gordon,,Colo,,36,63,4,5,0,,,,,6,,2,Lost Ball,7,Turnover,,,,84,84,
2,7,50,Chris Jones makes a layup shot.,116086,,true,false,false,Chris,,Jones,,Pitt,,36,65,4,5,0,,,,,4,2,40,Layup Shot,3,Field Goal Made,0,0,0,47,47,
2,7,50,Pitt take a 20-second timeout.,,,false,false,false,,,,,,,36,65,4,5,0,,,,,0,,2,Short,11,Timeout,,,,47,47,
2,7,21,Shooting foul committed by James Robinson.,116087,,true,false,false,James,,Robinson,,Pitt,,36,65,5,5,2,,,,,3,,2,Shooting,8,Foul,,,,47,47,
2,7,21,Official TV timeout.,,,false,false,false,,,,,,,36,65,5,5,0,,,,,0,,3,Official TV,11,Timeout,,,,84,84,
2,7,21,Dustin Thomas makes free throw 1 of 2.,120677,,true,false,false,Dustin,,Thomas,,Colo,,37,65,5,5,1,,,,,1,1,11,Free Throw 1 of 2,1,Free Throw Made,,,,84,84,
2,7,21,Dustin Thomas misses free throw 2 of 2.,120677,,true,false,false,Dustin,,Thomas,,Colo,,37,65,5,5,1,,,,,1,1,12,Free Throw 2 of 2,2,Free Throw Missed,,,,84,84,
2,7,21,Michael Young with a defensive rebound.,120761,,true,false,false,Michael,,Young,,Pitt,,37,65,5,5,1,,,,,7,,,,6,Defensive Rebound,,,,47,47,
2,6,48,Michael Young makes a layup shot.,120761,,true,false,false,Michael,,Young,,Pitt,,37,67,5,5,1,,,,,9,2,40,Layup Shot,3,Field Goal Made,0,0,0,47,47,
2,6,40,Askia Booker with a out of bounds turnover: Out of Bounds,109659,,true,false,false,Askia,,Booker,,Colo,,37,67,5,5,0,,,,,6,,3,Out of Bounds,7,Turnover,,,,84,84,
2,6,29,Derrick Randall makes a layup shot.,110181,,true,false,false,Derrick,,Randall,,Pitt,,37,69,5,5,2,,,,,5,2,40,Layup Shot,3,Field Goal Made,0,0,0,47,47,
2,6,12,Eli Stalzer misses a 3-point jump shot from 22 feet out.,116834,,true,false,false,Eli,,Stalzer,,Colo,,37,69,5,5,0,,,,,0,3,45,Jump Shot,4,Field Goal Missed,22,-21.8,2,84,84,
2,6,12,Josh Scott with an offensive rebound.,116833,,true,false,false,Josh,,Scott,,Colo,,37,69,5,5,2,,,,,10,,,,5,Offensive Rebound,,,,84,84,
2,6,05,Josh Scott misses a layup shot.,116833,,true,false,false,Josh,,Scott,,Colo,,37,69,5,5,2,,,,,10,2,40,Layup Shot,4,Field Goal Missed,0,0,0,84,84,
2,6,05,Jamel Artis with a defensive rebound.,120758,,true,false,false,Jamel,,Artis,,Pitt,,37,69,5,5,1,,,,,7,,,,6,Defensive Rebound,,,,47,47,
2,5,59,Cameron Wright with a bad pass turnover: Bad Pass,97236,,true,false,false,Cameron,,Wright,,Pitt,,37,69,5,5,2,,,,,11,,1,Bad Pass,7,Turnover,,,,47,47,
2,5,43,Xavier Johnson makes a jump shot from 15 feet out.,116832,,true,false,false,Xavier,,Johnson,,Colo,,39,69,5,5,2,,,,,9,2,45,Jump Shot,3,Field Goal Made,15,-13.6,7,84,84,
2,5,26,Personal foul committed by Xavier Johnson.,116832,,true,false,false,Xavier,,Johnson,,Colo,,39,69,5,6,3,,,,,9,,1,Personal,8,Foul,,,,84,84,
2,5,13,Cameron Wright misses a layup shot.,97236,,true,false,false,Cameron,,Wright,,Pitt,,39,69,5,6,2,,,,,11,2,40,Layup Shot,4,Field Goal Missed,0,0,0,47,47,
2,5,13,Dustin Thomas with a defensive rebound.,120677,,true,false,false,Dustin,,Thomas,,Colo,,39,69,5,6,1,,,,,1,,,,6,Defensive Rebound,,,,84,84,
2,5,04,Xavier Talton misses a 3-point jump shot from 24 feet out.,116835,,true,false,false,Xavier,,Talton,,Colo,,39,69,5,6,3,,,,,3,3,45,Jump Shot,4,Field Goal Missed,24,17.9,16.1,84,84,
2,5,04,Xavier Johnson with an offensive rebound.,116832,,true,false,false,Xavier,,Johnson,,Colo,,39,69,5,6,3,,,,,9,,,,5,Offensive Rebound,,,,84,84,
2,5,02,Xavier Johnson makes a layup shot.,116832,,true,false,false,Xavier,,Johnson,,Colo,,41,69,5,6,3,,,,,11,2,40,Layup Shot,3,Field Goal Made,0,0,0,84,84,
2,5,02,Shooting foul committed by Jamel Artis.,120758,,true,false,false,Jamel,,Artis,,Pitt,,41,69,6,6,2,,,,,7,,2,Shooting,8,Foul,,,,47,47,
2,5,02,Xavier Johnson misses free throw 1 of 1.,116832,,true,false,false,Xavier,,Johnson,,Colo,,41,69,6,6,3,,,,,11,1,10,Free Throw 1 of 1,2,Free Throw Missed,,,,84,84,
2,5,02,Derrick Randall with a defensive rebound.,110181,,true,false,false,Derrick,,Randall,,Pitt,,41,69,6,6,2,,,,,5,,,,6,Defensive Rebound,,,,47,47,
2,4,48,Josh Newkirk misses a layup shot.,120759,,true,false,false,Josh,,Newkirk,,Pitt,,41,69,6,6,2,,,,,2,2,40,Layup Shot,4,Field Goal Missed,0,0,0,47,47,
2,4,48,Josh Scott with a defensive rebound.,116833,,true,false,false,Josh,,Scott,,Colo,,41,69,6,6,2,,,,,10,,,,6,Defensive Rebound,,,,84,84,
2,4,31,Xavier Talton with a lost ball turnover: Lost Ball,116835,,true,false,false,Xavier,,Talton,,Colo,,41,69,6,6,3,,,,,3,,2,Lost Ball,7,Turnover,,,,84,84,
2,4,01,Joseph Uchebo makes a jump shot from 8 feet out. Jamel Artis with the assist.,120760,120758,true,true,false,Joseph,Jamel,Uchebo,Artis,Pitt,Pitt,41,71,6,6,0,,,,,2,2,45,Jump Shot,3,Field Goal Made,8,3.4,7.4,47,47,
2,3,36,Shooting foul committed by Joseph Uchebo.,120760,,true,false,false,Joseph,,Uchebo,,Pitt,,41,71,7,6,1,,,,,2,,2,Shooting,8,Foul,,,,47,47,
2,3,36,Official TV timeout.,,,false,false,false,,,,,,,41,71,7,6,0,,,,,0,,3,Official TV,11,Timeout,,,,84,84,
2,3,36,Josh Scott makes free throw 1 of 2.,116833,,true,false,false,Josh,,Scott,,Colo,,42,71,7,6,2,,,,,11,1,11,Free Throw 1 of 2,1,Free Throw Made,,,,84,84,
2,3,36,Josh Scott makes free throw 2 of 2.,116833,,true,false,false,Josh,,Scott,,Colo,,43,71,7,6,2,,,,,12,1,12,Free Throw 2 of 2,1,Free Throw Made,,,,84,84,
2,3,22,Chris Jones makes a layup shot.,116086,,true,false,false,Chris,,Jones,,Pitt,,43,73,7,6,0,,,,,6,2,40,Layup Shot,3,Field Goal Made,0,0,0,47,47,
2,3,10,Josh Scott makes a layup shot.,116833,,true,false,false,Josh,,Scott,,Colo,,45,73,7,6,2,,,,,14,2,40,Layup Shot,3,Field Goal Made,0,0,0,84,84,
2,2,29,Joseph Uchebo misses a hook shot from 6 feet out.,120760,,true,false,false,Joseph,,Uchebo,,Pitt,,45,73,7,6,1,,,,,2,2,55,Hook Shot,4,Field Goal Missed,6,0,6,47,47,
2,2,29,Pitt with an offensive rebound.,,,false,false,false,,,,,,,45,73,7,6,0,,,,,0,,,,5,Offensive Rebound,,,,47,47,
2,2,08,Mike Lecak misses a 3-point jump shot from 25 feet out.,117736,,true,false,false,Mike,,Lecak,,Pitt,,45,73,7,6,0,,,,,0,3,45,Jump Shot,4,Field Goal Missed,25,17.1,18.3,47,47,
2,2,08,Ben Mills with a defensive rebound.,97034,,true,false,false,Ben,,Mills,,Colo,,45,73,7,6,0,,,,,0,,,,6,Defensive Rebound,,,,84,84,
2,1,59,Beau Gamble with a bad pass turnover: Bad Pass,97272,,true,false,false,Beau,,Gamble,,Colo,,45,73,7,6,0,,,,,0,,1,Bad Pass,7,Turnover,,,,84,84,
2,1,32,Chris Jones makes a jump shot from 19 feet out.,116086,,true,false,false,Chris,,Jones,,Pitt,,45,75,7,6,0,,,,,8,2,45,Jump Shot,3,Field Goal Made,19,.3,19.4,47,47,
2,1,05,George King misses a jump shot from 17 feet out.,120676,,true,false,false,George,,King,,Colo,,45,75,7,6,0,,,,,0,2,45,Jump Shot,4,Field Goal Missed,17,11.4,12.5,84,84,
2,1,05,Joseph Uchebo with a defensive rebound.,120760,,true,false,false,Joseph,,Uchebo,,Pitt,,45,75,7,6,1,,,,,2,,,,6,Defensive Rebound,,,,47,47,
2,0,56.0,Pitt take a 20-second timeout.,,,false,false,false,,,,,,,45,75,7,6,0,,,,,0,,2,Short,11,Timeout,,,,47,47,
2,0,44.4,Mike Lecak misses a 3-point jump shot from 23 feet out.,117736,,true,false,false,Mike,,Lecak,,Pitt,,45,75,7,6,0,,,,,0,3,45,Jump Shot,4,Field Goal Missed,23,18.1,14.2,47,47,
2,0,44.4,Eli Stalzer with a defensive rebound.,116834,,true,false,false,Eli,,Stalzer,,Colo,,45,75,7,6,0,,,,,0,,,,6,Defensive Rebound,,,,84,84,
2,0,25.0,Ben Mills misses a jump shot from 11 feet out.,97034,,true,false,false,Ben,,Mills,,Colo,,45,75,7,6,0,,,,,0,2,45,Jump Shot,4,Field Goal Missed,11,-6.6,8.5,84,84,
2,0,25.0,Chris Jones with a defensive rebound.,116086,,true,false,false,Chris,,Jones,,Pitt,,45,75,7,6,0,,,,,8,,,,6,Defensive Rebound,,,,47,47,
2,0,17.6,Joshua Ko misses a 3-point jump shot from 23 feet out.,122112,,true,false,false,Joshua,,Ko,,Pitt,,45,75,7,6,0,,,,,0,3,45,Jump Shot,4,Field Goal Missed,23,17.5,14.2,47,47,
2,0,17.6,Aron Nwankwo with an offensive rebound.,97235,,true,false,false,Aron,,Nwankwo,,Pitt,,45,75,7,6,0,,,,,0,,,,5,Offensive Rebound,,,,47,47,
2,0,07.9,Aron Nwankwo makes a jump shot from 3 feet out.,97235,,true,false,false,Aron,,Nwankwo,,Pitt,,45,77,7,6,0,,,,,2,2,45,Jump Shot,3,Field Goal Made,3,.6,3.1,47,47,
2,0,00.3,Beau Gamble misses a 3-point jump shot from 23 feet out.,97272,,true,false,false,Beau,,Gamble,,Colo,,45,77,7,6,0,,,,,0,3,45,Jump Shot,4,Field Goal Missed,23,21.4,8.3,84,84,
2,0,00.3,Colo with an offensive rebound.,,,false,false,false,,,,,,,45,77,7,6,0,,,,,0,,,,5,Offensive Rebound,,,,84,84,
2,0,00,Beau Gamble makes a 3-point jump shot from 22 feet out. Eli Stalzer with the assist.,97272,116834,true,true,false,Beau,Eli,Gamble,Stalzer,Colo,Colo,48,77,7,6,0,,,,,3,3,45,Jump Shot,3,Field Goal Made,22,21.6,2.7,84,84,
2,0,00,End of the 2nd Half,,,false,false,false,,,,,,,48,77,7,6,0,,,,,0,,,,15,End Period,,,,84,84,
2,0,00,End of the Game,,,false,false,false,,,,,,,48,77,7,6,0,,,,,0,,,,19,Game Over,,,,84,84,
