half,time-minutes,time-seconds,details,player1-id,player2-id,player1-linkable,player2-linkable,player3-linkable,player-first-name-1,player-first-name-2,player-last-name-1,player-last-name-2,player-team-alias-1,player-team-alias-2,home-score,visitor-score,visitor-fouls,home-fouls,player-fouls,fastbreak,in-paint,second-chance,off-turnover,player-score,points-type,detail-id,detail-desc,event-id,event-desc,distance,x-coord,y-coord,team-id-1,team-id-2,team-id-3
1,20,00,Start of the 1st Half,,,false,false,false,,,,,,,0,0,0,0,0,,,,,0,,,,14,Start Period,,,,85,85,
1,19,49,Kennedy Meeks misses a jump shot from 13 feet out.,121345,,true,false,false,Kennedy,,Meeks,,UNC,,0,0,0,0,0,,,,,0,2,45,Jump Shot,4,Field Goal Missed,13,11.8,6.4,15,15,
1,19,49,DeAndre Kane with a defensive rebound.,88849,,true,false,false,DeAndre,,Kane,,IaSt,,0,0,0,0,0,,,,,0,,,,6,Defensive Rebound,,,,85,85,
1,19,37,DeAndre Kane misses a layup shot.,88849,,true,false,false,DeAndre,,Kane,,IaSt,,0,0,0,0,0,,,,,0,2,40,Layup Shot,4,Field Goal Missed,0,0,0,85,85,
1,19,37,Kennedy Meeks with a defensive rebound.,121345,,true,false,false,Kennedy,,Meeks,,UNC,,0,0,0,0,0,,,,,0,,,,6,Defensive Rebound,,,,15,15,
1,19,28,James Michael McAdoo misses a jump shot from 8 feet out.,110437,,true,false,false,James Michael,,McAdoo,,UNC,,0,0,0,0,0,,,,,0,2,45,Jump Shot,4,Field Goal Missed,8,-1,8.1,15,15,
1,19,28,DeAndre Kane with a defensive rebound.,88849,,true,false,false,DeAndre,,Kane,,IaSt,,0,0,0,0,0,,,,,0,,,,6,Defensive Rebound,,,,85,85,
1,19,19,Melvin Ejim misses a jump shot from 9 feet out.,97037,,true,false,false,Melvin,,Ejim,,IaSt,,0,0,0,0,0,,,,,0,2,45,Jump Shot,4,Field Goal Missed,9,5.3,7.2,85,85,
1,19,19,Daniel Edozie with an offensive rebound.,120621,,true,false,false,Daniel,,Edozie,,IaSt,,0,0,0,0,0,,,,,0,,,,5,Offensive Rebound,,,,85,85,
1,19,13,Daniel Edozie misses a layup shot.,120621,,true,false,false,Daniel,,Edozie,,IaSt,,0,0,0,0,0,,,,,0,2,40,Layup Shot,4,Field Goal Missed,0,0,0,85,85,
1,19,13,UNC with a defensive rebound.,,,false,false,false,,,,,,,0,0,0,0,0,,,,,0,,,,6,Defensive Rebound,,,,15,15,
1,19,13,Personal foul committed by Dustin Hogue.,120619,,true,false,false,Dustin,,Hogue,,IaSt,,0,0,0,1,1,,,,,0,,1,Personal,8,Foul,,,,85,85,
1,18,55,Marcus Paige misses a 3-point jump shot from 24 feet out.,116587,,true,false,false,Marcus,,Paige,,UNC,,0,0,0,1,0,,,,,0,3,45,Jump Shot,4,Field Goal Missed,24,-6.4,22.7,15,15,
1,18,55,DeAndre Kane with a defensive rebound.,88849,,true,false,false,DeAndre,,Kane,,IaSt,,0,0,0,1,0,,,,,0,,,,6,Defensive Rebound,,,,85,85,
1,18,48,Monte Morris makes a 3-point jump shot from 22 feet out. Dustin Hogue with the assist.,120617,120619,true,true,false,Monte,Dustin,Morris,Hogue,IaSt,IaSt,3,0,0,1,0,,,,,3,3,45,Jump Shot,3,Field Goal Made,22,-21.9,4.6,85,85,
1,18,36,Leslie McDonald makes a jump shot from 7 feet out.,88220,,true,false,false,Leslie,,McDonald,,UNC,,3,2,0,1,0,,,,,2,2,45,Jump Shot,3,Field Goal Made,7,-4.9,4.8,15,15,
1,18,16,Dustin Hogue with a traveling turnover: Traveling,120619,,true,false,false,Dustin,,Hogue,,IaSt,,3,2,0,1,1,,,,,0,,4,Traveling,7,Turnover,,,,85,85,
1,18,09,J.P. Tokoto makes a jump shot from 17 feet out.,116589,,true,false,false,J.P.,,Tokoto,,UNC,,3,4,0,1,0,,,,,2,2,45,Jump Shot,3,Field Goal Made,17,-10.5,13.7,15,15,
1,17,50,Shooting foul committed by J.P. Tokoto.,116589,,true,false,false,J.P.,,Tokoto,,UNC,,3,4,1,1,1,,,,,2,,2,Shooting,8,Foul,,,,15,15,
1,17,50,Dustin Hogue makes free throw 1 of 2.,120619,,true,false,false,Dustin,,Hogue,,IaSt,,4,4,1,1,1,,,,,1,1,11,Free Throw 1 of 2,1,Free Throw Made,,,,85,85,
1,17,50,Dustin Hogue makes free throw 2 of 2.,120619,,true,false,false,Dustin,,Hogue,,IaSt,,5,4,1,1,1,,,,,2,1,12,Free Throw 2 of 2,1,Free Throw Made,,,,85,85,
1,17,38,James Michael McAdoo misses a jump shot from 6 feet out.,110437,,true,false,false,James Michael,,McAdoo,,UNC,,5,4,1,1,0,,,,,0,2,45,Jump Shot,4,Field Goal Missed,6,.1,6.2,15,15,
1,17,38,DeAndre Kane with a defensive rebound.,88849,,true,false,false,DeAndre,,Kane,,IaSt,,5,4,1,1,0,,,,,0,,,,6,Defensive Rebound,,,,85,85,
1,17,17,Melvin Ejim misses a layup shot.,97037,,true,false,false,Melvin,,Ejim,,IaSt,,5,4,1,1,0,,,,,0,2,40,Layup Shot,4,Field Goal Missed,0,0,0,85,85,
1,17,17,Daniel Edozie with an offensive rebound.,120621,,true,false,false,Daniel,,Edozie,,IaSt,,5,4,1,1,0,,,,,0,,,,5,Offensive Rebound,,,,85,85,
1,17,13,Daniel Edozie misses a tip shot from 3 feet out.,120621,,true,false,false,Daniel,,Edozie,,IaSt,,5,4,1,1,0,,,,,0,2,53,Tip Shot,4,Field Goal Missed,3,.5,2.9,85,85,
1,17,13,Kennedy Meeks with a defensive rebound.,121345,,true,false,false,Kennedy,,Meeks,,UNC,,5,4,1,1,0,,,,,0,,,,6,Defensive Rebound,,,,15,15,
1,17,09,Marcus Paige makes a layup shot.,116587,,true,false,false,Marcus,,Paige,,UNC,,5,6,1,1,0,,,,,2,2,40,Layup Shot,3,Field Goal Made,0,0,0,15,15,
1,16,52,Melvin Ejim misses a 3-point jump shot from 22 feet out.,97037,,true,false,false,Melvin,,Ejim,,IaSt,,5,6,1,1,0,,,,,0,3,45,Jump Shot,4,Field Goal Missed,22,19,11.6,85,85,
1,16,52,Kennedy Meeks with a defensive rebound.,121345,,true,false,false,Kennedy,,Meeks,,UNC,,5,6,1,1,0,,,,,0,,,,6,Defensive Rebound,,,,15,15,
1,16,41,Shooting foul committed by Melvin Ejim.,97037,,true,false,false,Melvin,,Ejim,,IaSt,,5,6,1,2,1,,,,,0,,2,Shooting,8,Foul,,,,85,85,
1,16,41,James Michael McAdoo misses free throw 1 of 2.,110437,,true,false,false,James Michael,,McAdoo,,UNC,,5,6,1,2,0,,,,,0,1,11,Free Throw 1 of 2,2,Free Throw Missed,,,,15,15,
1,16,41,UNC with an offensive rebound.,,,false,false,false,,,,,,,5,6,1,2,0,,,,,0,,,,5,Offensive Rebound,,,,15,15,
1,16,41,James Michael McAdoo makes free throw 2 of 2.,110437,,true,false,false,James Michael,,McAdoo,,UNC,,5,7,1,2,0,,,,,1,1,12,Free Throw 2 of 2,1,Free Throw Made,,,,15,15,
1,16,33,Personal foul committed by J.P. Tokoto.,116589,,true,false,false,J.P.,,Tokoto,,UNC,,5,7,2,2,2,,,,,2,,1,Personal,8,Foul,,,,15,15,
1,16,24,DeAndre Kane misses a 3-point jump shot from 23 feet out.,88849,,true,false,false,DeAndre,,Kane,,IaSt,,5,7,2,2,0,,,,,0,3,45,Jump Shot,4,Field Goal Missed,23,17.5,14.8,85,85,
1,16,24,James Michael McAdoo with a defensive rebound.,110437,,true,false,false,James Michael,,McAdoo,,UNC,,5,7,2,2,0,,,,,1,,,,6,Defensive Rebound,,,,15,15,
1,16,11,Leslie McDonald makes a 3-point jump shot from 24 feet out. James Michael McAdoo with the assist.,88220,110437,true,true,false,Leslie,James Michael,McDonald,McAdoo,UNC,UNC,5,10,2,2,0,,,,,5,3,45,Jump Shot,3,Field Goal Made,24,-3.8,23.5,15,15,
1,15,55,Melvin Ejim with a lost ball turnover: Lost Ball,97037,,true,false,false,Melvin,,Ejim,,IaSt,,5,10,2,2,1,,,,,0,,2,Lost Ball,7,Turnover,,,,85,85,
1,15,48,James Michael McAdoo misses a dunk shot.,110437,,true,false,false,James Michael,,McAdoo,,UNC,,5,10,2,2,0,,,,,1,2,48,Dunk Shot,4,Field Goal Missed,0,0,0,15,15,
1,15,48,Leslie McDonald with an offensive rebound.,88220,,true,false,false,Leslie,,McDonald,,UNC,,5,10,2,2,0,,,,,5,,,,5,Offensive Rebound,,,,15,15,
1,15,42,Brice Johnson makes a jump shot from 6 feet out. Leslie McDonald with the assist.,116588,88220,true,true,false,Brice,Leslie,Johnson,McDonald,UNC,UNC,5,12,2,2,0,,,,,2,2,45,Jump Shot,3,Field Goal Made,6,-1.8,6.2,15,15,
1,15,30,Shooting foul committed by Nate Britt.,121344,,true,false,false,Nate,,Britt,,UNC,,5,12,3,2,1,,,,,0,,2,Shooting,8,Foul,,,,15,15,
1,15,30,Official TV timeout.,,,false,false,false,,,,,,,5,12,3,2,0,,,,,0,,3,Official TV,11,Timeout,,,,85,85,
1,15,30,Monte Morris makes free throw 1 of 2.,120617,,true,false,false,Monte,,Morris,,IaSt,,6,12,3,2,0,,,,,4,1,11,Free Throw 1 of 2,1,Free Throw Made,,,,85,85,
1,15,30,Monte Morris makes free throw 2 of 2.,120617,,true,false,false,Monte,,Morris,,IaSt,,7,12,3,2,0,,,,,5,1,12,Free Throw 2 of 2,1,Free Throw Made,,,,85,85,
1,15,17,Marcus Paige misses a 3-point jump shot from 23 feet out.,116587,,true,false,false,Marcus,,Paige,,UNC,,7,12,3,2,0,,,,,2,3,45,Jump Shot,4,Field Goal Missed,23,8.1,22,15,15,
1,15,17,IaSt with a defensive rebound.,,,false,false,false,,,,,,,7,12,3,2,0,,,,,0,,,,6,Defensive Rebound,,,,85,85,
1,15,17,Personal foul committed by Brice Johnson.,116588,,true,false,false,Brice,,Johnson,,UNC,,7,12,4,2,1,,,,,2,,1,Personal,8,Foul,,,,15,15,
1,15,07,Dustin Hogue with a lost ball turnover: Lost Ball,120619,,true,false,false,Dustin,,Hogue,,IaSt,,7,12,4,2,1,,,,,2,,2,Lost Ball,7,Turnover,,,,85,85,
1,14,59,Leslie McDonald misses a jump shot from 6 feet out.,88220,,true,false,false,Leslie,,McDonald,,UNC,,7,12,4,2,0,,,,,5,2,45,Jump Shot,4,Field Goal Missed,6,-.1,6.1,15,15,
1,14,59,Brice Johnson with an offensive rebound.,116588,,true,false,false,Brice,,Johnson,,UNC,,7,12,4,2,1,,,,,2,,,,5,Offensive Rebound,,,,15,15,
1,14,50,Brice Johnson misses a layup shot.,116588,,true,false,false,Brice,,Johnson,,UNC,,7,12,4,2,1,,,,,2,2,40,Layup Shot,4,Field Goal Missed,0,0,0,15,15,
1,14,50,Brice Johnson with an offensive rebound.,116588,,true,false,false,Brice,,Johnson,,UNC,,7,12,4,2,1,,,,,2,,,,5,Offensive Rebound,,,,15,15,
1,14,45,Leslie McDonald misses a 3-point jump shot from 23 feet out.,88220,,true,false,false,Leslie,,McDonald,,UNC,,7,12,4,2,0,,,,,5,3,45,Jump Shot,4,Field Goal Missed,23,22.7,2.7,15,15,
1,14,45,DeAndre Kane with a defensive rebound.,88849,,true,false,false,DeAndre,,Kane,,IaSt,,7,12,4,2,0,,,,,0,,,,6,Defensive Rebound,,,,85,85,
1,14,42,Naz Long misses a 3-point jump shot from 23 feet out.,116068,,true,false,false,Naz,,Long,,IaSt,,7,12,4,2,0,,,,,0,3,45,Jump Shot,4,Field Goal Missed,23,-18.2,14.6,85,85,
1,14,42,Dustin Hogue with an offensive rebound.,120619,,true,false,false,Dustin,,Hogue,,IaSt,,7,12,4,2,1,,,,,2,,,,5,Offensive Rebound,,,,85,85,
1,14,42,Dustin Hogue misses a layup shot.,120619,,true,false,false,Dustin,,Hogue,,IaSt,,7,12,4,2,1,,,,,2,2,40,Layup Shot,4,Field Goal Missed,0,0,0,85,85,
1,14,42,DeAndre Kane with an offensive rebound.,88849,,true,false,false,DeAndre,,Kane,,IaSt,,7,12,4,2,0,,,,,0,,,,5,Offensive Rebound,,,,85,85,
1,14,41,Offensive foul committed by DeAndre Kane.,88849,,true,false,false,DeAndre,,Kane,,IaSt,,7,12,4,3,1,,,,,0,,4,Offensive,8,Foul,,,,85,85,
1,14,41,DeAndre Kane with a  turnover:,88849,,true,false,false,DeAndre,,Kane,,IaSt,,7,12,4,3,1,,,,,0,,,,7,Turnover,,,,85,85,
1,14,26,Nate Britt makes a jump shot from 18 feet out.,121344,,true,false,false,Nate,,Britt,,UNC,,7,14,4,3,1,,,,,2,2,45,Jump Shot,3,Field Goal Made,18,-1.6,17.7,15,15,
1,14,17,Dustin Hogue makes a 3-point jump shot from 23 feet out. DeAndre Kane with the assist.,120619,88849,true,true,false,Dustin,DeAndre,Hogue,Kane,IaSt,IaSt,10,14,4,3,1,,,,,5,3,45,Jump Shot,3,Field Goal Made,23,21.9,5.5,85,85,
1,14,02,Offensive foul committed by Desmond Hubert.,110434,,true,false,false,Desmond,,Hubert,,UNC,,10,14,5,3,1,,,,,0,,4,Offensive,8,Foul,,,,15,15,
1,14,02,Desmond Hubert with a  turnover:,110434,,true,false,false,Desmond,,Hubert,,UNC,,10,14,5,3,1,,,,,0,,,,7,Turnover,,,,15,15,
1,13,48,Melvin Ejim makes a jump shot from 19 feet out.,97037,,true,false,false,Melvin,,Ejim,,IaSt,,12,14,5,3,1,,,,,2,2,45,Jump Shot,3,Field Goal Made,19,8.6,16.6,85,85,
1,13,32,Leslie McDonald misses a jump shot from 6 feet out.,88220,,true,false,false,Leslie,,McDonald,,UNC,,12,14,5,3,0,,,,,5,2,45,Jump Shot,4,Field Goal Missed,6,-4,4.9,15,15,
1,13,32,Matt Thomas with a defensive rebound.,120618,,true,false,false,Matt,,Thomas,,IaSt,,12,14,5,3,0,,,,,0,,,,6,Defensive Rebound,,,,85,85,
1,13,18,Melvin Ejim misses a layup shot.,97037,,true,false,false,Melvin,,Ejim,,IaSt,,12,14,5,3,1,,,,,2,2,40,Layup Shot,4,Field Goal Missed,0,0,0,85,85,
1,13,18,Melvin Ejim with an offensive rebound.,97037,,true,false,false,Melvin,,Ejim,,IaSt,,12,14,5,3,1,,,,,2,,,,5,Offensive Rebound,,,,85,85,
1,13,18,Personal foul committed by James Michael McAdoo.,110437,,true,false,false,James Michael,,McAdoo,,UNC,,12,14,6,3,1,,,,,1,,1,Personal,8,Foul,,,,15,15,
1,13,11,DeAndre Kane makes a layup shot.,88849,,true,false,false,DeAndre,,Kane,,IaSt,,14,14,6,3,1,,,,,2,2,40,Layup Shot,3,Field Goal Made,0,0,0,85,85,
1,12,57,Marcus Paige makes a 3-point jump shot from 23 feet out. J.P. Tokoto with the assist.,116587,116589,true,true,false,Marcus,J.P.,Paige,Tokoto,UNC,UNC,14,17,6,3,0,,,,,5,3,45,Jump Shot,3,Field Goal Made,23,-1.4,22.9,15,15,
1,12,42,Melvin Ejim misses a 3-point jump shot from 23 feet out.,97037,,true,false,false,Melvin,,Ejim,,IaSt,,14,17,6,3,1,,,,,2,3,45,Jump Shot,4,Field Goal Missed,23,-5.3,22.5,85,85,
1,12,42,J.P. Tokoto with a defensive rebound.,116589,,true,false,false,J.P.,,Tokoto,,UNC,,14,17,6,3,2,,,,,2,,,,6,Defensive Rebound,,,,15,15,
1,12,29,Nate Britt with a out of bounds turnover: Out of Bounds,121344,,true,false,false,Nate,,Britt,,UNC,,14,17,6,3,1,,,,,2,,3,Out of Bounds,7,Turnover,,,,15,15,
1,12,19,DeAndre Kane with a bad pass turnover: Bad Pass,88849,,true,false,false,DeAndre,,Kane,,IaSt,,14,17,6,3,1,,,,,2,,1,Bad Pass,7,Turnover,,,,85,85,
1,11,59,Marcus Paige misses a 3-point jump shot from 23 feet out.,116587,,true,false,false,Marcus,,Paige,,UNC,,14,17,6,3,0,,,,,5,3,45,Jump Shot,4,Field Goal Missed,23,-21.2,8.3,15,15,
1,11,59,IaSt with a defensive rebound.,,,false,false,false,,,,,,,14,17,6,3,0,,,,,0,,,,6,Defensive Rebound,,,,85,85,
1,11,58,Official TV timeout.,,,false,false,false,,,,,,,14,17,6,3,0,,,,,0,,3,Official TV,11,Timeout,,,,85,85,
1,11,44,Naz Long makes a 3-point jump shot from 25 feet out. Matt Thomas with the assist.,116068,120618,true,true,false,Naz,Matt,Long,Thomas,IaSt,IaSt,17,17,6,3,0,,,,,3,3,45,Jump Shot,3,Field Goal Made,25,-7.5,24.2,85,85,
1,11,25,J.P. Tokoto misses a 3-point jump shot from 22 feet out.,116589,,true,false,false,J.P.,,Tokoto,,UNC,,17,17,6,3,2,,,,,2,3,45,Jump Shot,4,Field Goal Missed,22,-9.9,19.6,15,15,
1,11,25,J.P. Tokoto with an offensive rebound.,116589,,true,false,false,J.P.,,Tokoto,,UNC,,17,17,6,3,2,,,,,2,,,,5,Offensive Rebound,,,,15,15,
1,11,18,Isaiah Hicks makes a layup shot.,121346,,true,false,false,Isaiah,,Hicks,,UNC,,17,19,6,3,0,,,,,2,2,40,Layup Shot,3,Field Goal Made,0,0,0,15,15,
1,11,06,Shooting foul committed by Isaiah Hicks.,121346,,true,false,false,Isaiah,,Hicks,,UNC,,17,19,7,3,1,,,,,2,,2,Shooting,8,Foul,,,,15,15,
1,11,06,Melvin Ejim misses free throw 1 of 2.,97037,,true,false,false,Melvin,,Ejim,,IaSt,,17,19,7,3,1,,,,,2,1,11,Free Throw 1 of 2,2,Free Throw Missed,,,,85,85,
1,11,06,IaSt with an offensive rebound.,,,false,false,false,,,,,,,17,19,7,3,0,,,,,0,,,,5,Offensive Rebound,,,,85,85,
1,11,06,Melvin Ejim makes free throw 2 of 2.,97037,,true,false,false,Melvin,,Ejim,,IaSt,,18,19,7,3,1,,,,,3,1,12,Free Throw 2 of 2,1,Free Throw Made,,,,85,85,
1,10,54,J.P. Tokoto misses a jump shot from 14 feet out.,116589,,true,false,false,J.P.,,Tokoto,,UNC,,18,19,7,3,2,,,,,2,2,45,Jump Shot,4,Field Goal Missed,14,-9,10.3,15,15,
1,10,54,DeAndre Kane with a defensive rebound.,88849,,true,false,false,DeAndre,,Kane,,IaSt,,18,19,7,3,1,,,,,2,,,,6,Defensive Rebound,,,,85,85,
1,10,47,DeAndre Kane makes a layup shot.,88849,,true,false,false,DeAndre,,Kane,,IaSt,,20,19,7,3,1,,,,,4,2,40,Layup Shot,3,Field Goal Made,0,0,0,85,85,
1,10,47,Shooting foul committed by Isaiah Hicks.,121346,,true,false,false,Isaiah,,Hicks,,UNC,,20,19,8,3,2,,,,,2,,2,Shooting,8,Foul,,,,15,15,
1,10,47,DeAndre Kane misses free throw 1 of 1.,88849,,true,false,false,DeAndre,,Kane,,IaSt,,20,19,8,3,1,,,,,4,1,10,Free Throw 1 of 1,2,Free Throw Missed,,,,85,85,
1,10,47,UNC with a defensive rebound.,,,false,false,false,,,,,,,20,19,8,3,0,,,,,0,,,,6,Defensive Rebound,,,,15,15,
1,10,33,Kennedy Meeks makes a layup shot.,121345,,true,false,false,Kennedy,,Meeks,,UNC,,20,21,8,3,0,,,,,2,2,40,Layup Shot,3,Field Goal Made,0,0,0,15,15,
1,10,14,Melvin Ejim misses a jump shot from 8 feet out.,97037,,true,false,false,Melvin,,Ejim,,IaSt,,20,21,8,3,1,,,,,3,2,45,Jump Shot,4,Field Goal Missed,8,-6.6,5.3,85,85,
1,10,14,IaSt with an offensive rebound.,,,false,false,false,,,,,,,20,21,8,3,0,,,,,0,,,,5,Offensive Rebound,,,,85,85,
1,9,56,Matt Thomas misses a jump shot from 8 feet out.,120618,,true,false,false,Matt,,Thomas,,IaSt,,20,21,8,3,0,,,,,0,2,45,Jump Shot,4,Field Goal Missed,8,-7.7,2.5,85,85,
1,9,56,Leslie McDonald with a defensive rebound.,88220,,true,false,false,Leslie,,McDonald,,UNC,,20,21,8,3,0,,,,,5,,,,6,Defensive Rebound,,,,15,15,
1,9,37,Offensive foul committed by James Michael McAdoo.,110437,,true,false,false,James Michael,,McAdoo,,UNC,,20,21,9,3,2,,,,,1,,4,Offensive,8,Foul,,,,15,15,
1,9,37,James Michael McAdoo with a  turnover:,110437,,true,false,false,James Michael,,McAdoo,,UNC,,20,21,9,3,2,,,,,1,,,,7,Turnover,,,,15,15,
1,9,26,Matt Thomas makes a 3-point jump shot from 24 feet out. Melvin Ejim with the assist.,120618,97037,true,true,false,Matt,Melvin,Thomas,Ejim,IaSt,IaSt,23,21,9,3,0,,,,,3,3,45,Jump Shot,3,Field Goal Made,24,-8.1,22.7,85,85,
1,9,08,James Michael McAdoo misses a jump shot from 11 feet out.,110437,,true,false,false,James Michael,,McAdoo,,UNC,,23,21,9,3,2,,,,,1,2,45,Jump Shot,4,Field Goal Missed,11,8.4,7.5,15,15,
1,9,08,DeAndre Kane with a defensive rebound.,88849,,true,false,false,DeAndre,,Kane,,IaSt,,23,21,9,3,1,,,,,4,,,,6,Defensive Rebound,,,,85,85,
1,8,59,DeAndre Kane misses a jump shot from 8 feet out.,88849,,true,false,false,DeAndre,,Kane,,IaSt,,23,21,9,3,1,,,,,4,2,45,Jump Shot,4,Field Goal Missed,8,5.3,5.5,85,85,
1,8,59,Marcus Paige with a defensive rebound.,116587,,true,false,false,Marcus,,Paige,,UNC,,23,21,9,3,0,,,,,5,,,,6,Defensive Rebound,,,,15,15,
1,8,54,Marcus Paige with a lost ball turnover: Lost Ball,116587,,true,false,false,Marcus,,Paige,,UNC,,23,21,9,3,0,,,,,5,,2,Lost Ball,7,Turnover,,,,15,15,
1,8,33,DeAndre Kane with a lost ball turnover: Lost Ball,88849,,true,false,false,DeAndre,,Kane,,IaSt,,23,21,9,3,1,,,,,4,,2,Lost Ball,7,Turnover,,,,85,85,
1,8,32,Personal foul committed by Matt Thomas.,120618,,true,false,false,Matt,,Thomas,,IaSt,,23,21,9,4,1,,,,,3,,1,Personal,8,Foul,,,,85,85,
1,8,18,Joel James misses a jump shot from 15 feet out.,116586,,true,false,false,Joel,,James,,UNC,,23,21,9,4,0,,,,,0,2,45,Jump Shot,4,Field Goal Missed,15,14.5,3.5,15,15,
1,8,18,Matt Thomas with a defensive rebound.,120618,,true,false,false,Matt,,Thomas,,IaSt,,23,21,9,4,1,,,,,3,,,,6,Defensive Rebound,,,,85,85,
1,7,46,DeAndre Kane makes a dunk shot.,88849,,true,false,false,DeAndre,,Kane,,IaSt,,25,21,9,4,1,,,,,6,2,48,Dunk Shot,3,Field Goal Made,0,0,0,85,85,
1,7,39,Nate Britt with a lost ball turnover: Lost Ball,121344,,true,false,false,Nate,,Britt,,UNC,,25,21,9,4,1,,,,,2,,2,Lost Ball,7,Turnover,,,,15,15,
1,7,32,Monte Morris misses a jump shot from 16 feet out.,120617,,true,false,false,Monte,,Morris,,IaSt,,25,21,9,4,0,,,,,5,2,45,Jump Shot,4,Field Goal Missed,16,-7.1,14.6,85,85,
1,7,32,J.P. Tokoto with a defensive rebound.,116589,,true,false,false,J.P.,,Tokoto,,UNC,,25,21,9,4,2,,,,,2,,,,6,Defensive Rebound,,,,15,15,
1,7,22,Leslie McDonald makes a 3-point jump shot from 24 feet out. Nate Britt with the assist.,88220,121344,true,true,false,Leslie,Nate,McDonald,Britt,UNC,UNC,25,24,9,4,0,,,,,8,3,45,Jump Shot,3,Field Goal Made,24,16.6,16.8,15,15,
1,7,00,Monte Morris makes a 3-point jump shot from 24 feet out. Dustin Hogue with the assist.,120617,120619,true,true,false,Monte,Dustin,Morris,Hogue,IaSt,IaSt,28,24,9,4,0,,,,,8,3,45,Jump Shot,3,Field Goal Made,24,14.2,19,85,85,
1,6,43,J.P. Tokoto misses a jump shot from 17 feet out.,116589,,true,false,false,J.P.,,Tokoto,,UNC,,28,24,9,4,2,,,,,2,2,45,Jump Shot,4,Field Goal Missed,17,-14.5,9,15,15,
1,6,43,Monte Morris with a defensive rebound.,120617,,true,false,false,Monte,,Morris,,IaSt,,28,24,9,4,0,,,,,8,,,,6,Defensive Rebound,,,,85,85,
1,6,43,Official TV timeout.,,,false,false,false,,,,,,,28,24,9,4,0,,,,,0,,3,Official TV,11,Timeout,,,,85,85,
1,6,29,Naz Long misses a 3-point jump shot from 22 feet out.,116068,,true,false,false,Naz,,Long,,IaSt,,28,24,9,4,0,,,,,3,3,45,Jump Shot,4,Field Goal Missed,22,22.1,2.9,85,85,
1,6,29,Dustin Hogue with an offensive rebound.,120619,,true,false,false,Dustin,,Hogue,,IaSt,,28,24,9,4,1,,,,,5,,,,5,Offensive Rebound,,,,85,85,
1,6,17,Melvin Ejim makes a 3-point jump shot from 23 feet out. DeAndre Kane with the assist.,97037,88849,true,true,false,Melvin,DeAndre,Ejim,Kane,IaSt,IaSt,31,24,9,4,1,,,,,6,3,45,Jump Shot,3,Field Goal Made,23,16.8,15.5,85,85,
1,6,02,Personal foul committed by Melvin Ejim.,97037,,true,false,false,Melvin,,Ejim,,IaSt,,31,24,9,5,2,,,,,6,,1,Personal,8,Foul,,,,85,85,
1,5,53,Leslie McDonald makes a jump shot from 16 feet out.,88220,,true,false,false,Leslie,,McDonald,,UNC,,31,26,9,5,0,,,,,10,2,45,Jump Shot,3,Field Goal Made,16,-15.1,3.7,15,15,
1,5,42,Personal foul committed by Leslie McDonald.,88220,,true,false,false,Leslie,,McDonald,,UNC,,31,26,10,5,1,,,,,10,,1,Personal,8,Foul,,,,15,15,
1,5,42,DeAndre Kane makes free throw 1 of 2.,88849,,true,false,false,DeAndre,,Kane,,IaSt,,32,26,10,5,1,,,,,7,1,11,Free Throw 1 of 2,1,Free Throw Made,,,,85,85,
1,5,42,DeAndre Kane makes free throw 2 of 2.,88849,,true,false,false,DeAndre,,Kane,,IaSt,,33,26,10,5,1,,,,,8,1,12,Free Throw 2 of 2,1,Free Throw Made,,,,85,85,
1,5,32,Leslie McDonald misses a jump shot from 17 feet out.,88220,,true,false,false,Leslie,,McDonald,,UNC,,33,26,10,5,1,,,,,10,2,45,Jump Shot,4,Field Goal Missed,17,-9.5,14.6,15,15,
1,5,32,Monte Morris with a defensive rebound.,120617,,true,false,false,Monte,,Morris,,IaSt,,33,26,10,5,0,,,,,8,,,,6,Defensive Rebound,,,,85,85,
1,5,21,DeAndre Kane makes a jump shot from 6 feet out.,88849,,true,false,false,DeAndre,,Kane,,IaSt,,35,26,10,5,1,,,,,10,2,45,Jump Shot,3,Field Goal Made,6,2.9,5.7,85,85,
1,5,05,Shooting foul committed by Daniel Edozie.,120621,,true,false,false,Daniel,,Edozie,,IaSt,,35,26,10,6,1,,,,,0,,2,Shooting,8,Foul,,,,85,85,
1,5,05,Kennedy Meeks makes free throw 1 of 2.,121345,,true,false,false,Kennedy,,Meeks,,UNC,,35,27,10,6,0,,,,,3,1,11,Free Throw 1 of 2,1,Free Throw Made,,,,15,15,
1,5,05,Kennedy Meeks makes free throw 2 of 2.,121345,,true,false,false,Kennedy,,Meeks,,UNC,,35,28,10,6,0,,,,,4,1,12,Free Throw 2 of 2,1,Free Throw Made,,,,15,15,
1,4,53,Naz Long misses a 3-point jump shot from 22 feet out.,116068,,true,false,false,Naz,,Long,,IaSt,,35,28,10,6,0,,,,,3,3,45,Jump Shot,4,Field Goal Missed,22,-22.1,2.5,85,85,
1,4,53,Kennedy Meeks with a defensive rebound.,121345,,true,false,false,Kennedy,,Meeks,,UNC,,35,28,10,6,0,,,,,4,,,,6,Defensive Rebound,,,,15,15,
1,4,42,Marcus Paige misses a 3-point jump shot from 22 feet out.,116587,,true,false,false,Marcus,,Paige,,UNC,,35,28,10,6,0,,,,,5,3,45,Jump Shot,4,Field Goal Missed,22,-7.5,21.1,15,15,
1,4,42,Daniel Edozie with a defensive rebound.,120621,,true,false,false,Daniel,,Edozie,,IaSt,,35,28,10,6,1,,,,,0,,,,6,Defensive Rebound,,,,85,85,
1,4,12,Monte Morris misses a jump shot from 10 feet out.,120617,,true,false,false,Monte,,Morris,,IaSt,,35,28,10,6,0,,,,,8,2,45,Jump Shot,4,Field Goal Missed,10,-1.6,9.9,85,85,
1,4,12,Kennedy Meeks with a defensive rebound.,121345,,true,false,false,Kennedy,,Meeks,,UNC,,35,28,10,6,0,,,,,4,,,,6,Defensive Rebound,,,,15,15,
1,4,03,Marcus Paige with a lost ball turnover: Lost Ball,116587,,true,false,false,Marcus,,Paige,,UNC,,35,28,10,6,0,,,,,5,,2,Lost Ball,7,Turnover,,,,15,15,
1,3,56,Monte Morris misses a layup shot.,120617,,true,false,false,Monte,,Morris,,IaSt,,35,28,10,6,0,,,,,8,2,40,Layup Shot,4,Field Goal Missed,0,0,0,85,85,
1,3,56,Kennedy Meeks with a defensive rebound.,121345,,true,false,false,Kennedy,,Meeks,,UNC,,35,28,10,6,0,,,,,4,,,,6,Defensive Rebound,,,,15,15,
1,3,45,Marcus Paige misses a layup shot.,116587,,true,false,false,Marcus,,Paige,,UNC,,35,28,10,6,0,,,,,5,2,40,Layup Shot,4,Field Goal Missed,0,0,0,15,15,
1,3,45,Kennedy Meeks with an offensive rebound.,121345,,true,false,false,Kennedy,,Meeks,,UNC,,35,28,10,6,0,,,,,4,,,,5,Offensive Rebound,,,,15,15,
1,3,45,Shooting foul committed by Daniel Edozie.,120621,,true,false,false,Daniel,,Edozie,,IaSt,,35,28,10,7,2,,,,,0,,2,Shooting,8,Foul,,,,85,85,
1,3,45,Official TV timeout.,,,false,false,false,,,,,,,35,28,10,7,0,,,,,0,,3,Official TV,11,Timeout,,,,85,85,
1,3,45,Kennedy Meeks misses free throw 1 of 2.,121345,,true,false,false,Kennedy,,Meeks,,UNC,,35,28,10,7,0,,,,,4,1,11,Free Throw 1 of 2,2,Free Throw Missed,,,,15,15,
1,3,45,UNC with an offensive rebound.,,,false,false,false,,,,,,,35,28,10,7,0,,,,,0,,,,5,Offensive Rebound,,,,15,15,
1,3,45,Kennedy Meeks makes free throw 2 of 2.,121345,,true,false,false,Kennedy,,Meeks,,UNC,,35,29,10,7,0,,,,,5,1,12,Free Throw 2 of 2,1,Free Throw Made,,,,15,15,
1,3,28,DeAndre Kane makes a 3-point jump shot from 25 feet out. Monte Morris with the assist.,88849,120617,true,true,false,DeAndre,Monte,Kane,Morris,IaSt,IaSt,38,29,10,7,1,,,,,13,3,45,Jump Shot,3,Field Goal Made,25,12.5,22,85,85,
1,3,15,Marcus Paige makes a 3-point jump shot from 24 feet out.,116587,,true,false,false,Marcus,,Paige,,UNC,,38,32,10,7,0,,,,,8,3,45,Jump Shot,3,Field Goal Made,24,-17.9,15.3,15,15,
1,2,50,Dustin Hogue misses a 3-point jump shot from 23 feet out.,120619,,true,false,false,Dustin,,Hogue,,IaSt,,38,32,10,7,1,,,,,5,3,45,Jump Shot,4,Field Goal Missed,23,16,16.8,85,85,
1,2,50,Nate Britt with a defensive rebound.,121344,,true,false,false,Nate,,Britt,,UNC,,38,32,10,7,1,,,,,2,,,,6,Defensive Rebound,,,,15,15,
1,2,44,Personal foul committed by Dustin Hogue.,120619,,true,false,false,Dustin,,Hogue,,IaSt,,38,32,10,8,2,,,,,5,,1,Personal,8,Foul,,,,85,85,
1,2,44,James Michael McAdoo misses free throw 1st of 1-and-1.,110437,,true,false,false,James Michael,,McAdoo,,UNC,,38,32,10,8,2,,,,,1,1,8,Free Throw 1st of 1-and-1,2,Free Throw Missed,,,,15,15,
1,2,44,Daniel Edozie with a defensive rebound.,120621,,true,false,false,Daniel,,Edozie,,IaSt,,38,32,10,8,2,,,,,0,,,,6,Defensive Rebound,,,,85,85,
1,2,29,DeAndre Kane misses a layup shot.,88849,,true,false,false,DeAndre,,Kane,,IaSt,,38,32,10,8,1,,,,,13,2,40,Layup Shot,4,Field Goal Missed,0,0,0,85,85,
1,2,29,UNC with a defensive rebound.,,,false,false,false,,,,,,,38,32,10,8,0,,,,,0,,,,6,Defensive Rebound,,,,15,15,
1,2,06,Nate Britt with a lost ball turnover: Lost Ball,121344,,true,false,false,Nate,,Britt,,UNC,,38,32,10,8,1,,,,,2,,2,Lost Ball,7,Turnover,,,,15,15,
1,2,01,Monte Morris misses a layup shot.,120617,,true,false,false,Monte,,Morris,,IaSt,,38,32,10,8,0,,,,,8,2,40,Layup Shot,4,Field Goal Missed,0,0,0,85,85,
1,2,01,Isaiah Hicks with a defensive rebound.,121346,,true,false,false,Isaiah,,Hicks,,UNC,,38,32,10,8,2,,,,,2,,,,6,Defensive Rebound,,,,15,15,
1,1,52,Leslie McDonald misses a 3-point jump shot from 23 feet out.,88220,,true,false,false,Leslie,,McDonald,,UNC,,38,32,10,8,1,,,,,10,3,45,Jump Shot,4,Field Goal Missed,23,-20.6,10.9,15,15,
1,1,52,Kennedy Meeks with an offensive rebound.,121345,,true,false,false,Kennedy,,Meeks,,UNC,,38,32,10,8,0,,,,,5,,,,5,Offensive Rebound,,,,15,15,
1,1,45,Kennedy Meeks makes a jump shot from 6 feet out.,121345,,true,false,false,Kennedy,,Meeks,,UNC,,38,34,10,8,0,,,,,7,2,45,Jump Shot,3,Field Goal Made,6,5.5,3.1,15,15,
1,1,30,Shooting foul committed by Isaiah Hicks.,121346,,true,false,false,Isaiah,,Hicks,,UNC,,38,34,11,8,3,,,,,2,,2,Shooting,8,Foul,,,,15,15,
1,1,30,DeAndre Kane makes free throw 1 of 2.,88849,,true,false,false,DeAndre,,Kane,,IaSt,,39,34,11,8,1,,,,,14,1,11,Free Throw 1 of 2,1,Free Throw Made,,,,85,85,
1,1,30,DeAndre Kane makes free throw 2 of 2.,88849,,true,false,false,DeAndre,,Kane,,IaSt,,40,34,11,8,1,,,,,15,1,12,Free Throw 2 of 2,1,Free Throw Made,,,,85,85,
1,1,16,Personal foul committed by Monte Morris.,120617,,true,false,false,Monte,,Morris,,IaSt,,40,34,11,9,1,,,,,8,,1,Personal,8,Foul,,,,85,85,
1,1,16,Marcus Paige makes free throw 1st of 1-and-1.,116587,,true,false,false,Marcus,,Paige,,UNC,,40,35,11,9,0,,,,,9,1,8,Free Throw 1st of 1-and-1,1,Free Throw Made,,,,15,15,
1,1,16,Marcus Paige misses free throw 2nd of 1-and-1.,116587,,true,false,false,Marcus,,Paige,,UNC,,40,35,11,9,0,,,,,9,1,9,Free Throw 2nd of 1-and-1,2,Free Throw Missed,,,,15,15,
1,1,16,Percy Gibson with a defensive rebound.,109480,,true,false,false,Percy,,Gibson,,IaSt,,40,35,11,9,0,,,,,0,,,,6,Defensive Rebound,,,,85,85,
1,0,54.5,IaSt take a 20-second timeout.,,,false,false,false,,,,,,,40,35,11,9,0,,,,,0,,2,Short,11,Timeout,,,,85,85,
1,0,44.9,Monte Morris misses a 3-point jump shot from 22 feet out.,120617,,true,false,false,Monte,,Morris,,IaSt,,40,35,11,9,1,,,,,8,3,45,Jump Shot,4,Field Goal Missed,22,-22.1,1.6,85,85,
1,0,44.9,Nate Britt with a defensive rebound.,121344,,true,false,false,Nate,,Britt,,UNC,,40,35,11,9,1,,,,,2,,,,6,Defensive Rebound,,,,15,15,
1,0,40.0,Leslie McDonald makes a dunk shot. Nate Britt with the assist.,88220,121344,true,true,false,Leslie,Nate,McDonald,Britt,UNC,UNC,40,37,11,9,1,,,,,12,2,48,Dunk Shot,3,Field Goal Made,0,0,0,15,15,
1,0,03.2,Offensive foul committed by DeAndre Kane.,88849,,true,false,false,DeAndre,,Kane,,IaSt,,40,37,11,10,2,,,,,15,,4,Offensive,8,Foul,,,,85,85,
1,0,03.2,DeAndre Kane with a  turnover:,88849,,true,false,false,DeAndre,,Kane,,IaSt,,40,37,11,10,2,,,,,15,,,,7,Turnover,,,,85,85,
1,0,03.2,UNC take a 20-second timeout.,,,false,false,false,,,,,,,40,37,11,10,0,,,,,0,,2,Short,11,Timeout,,,,15,15,
1,0,00,Leslie McDonald misses a 3-point jump shot from 23 feet out.,88220,,true,false,false,Leslie,,McDonald,,UNC,,40,37,11,10,1,,,,,12,3,45,Jump Shot,4,Field Goal Missed,23,1.6,22.9,15,15,
1,0,00,UNC with an offensive rebound.,,,false,false,false,,,,,,,40,37,11,10,0,,,,,0,,,,5,Offensive Rebound,,,,15,15,
1,0,00,End of the 1st Half,,,false,false,false,,,,,,,40,37,11,10,0,,,,,0,,,,15,End Period,,,,85,85,
2,20,00,Start of the 2nd Half,,,false,false,false,,,,,,,40,37,0,0,0,,,,,0,,,,14,Start Period,,,,85,85,
2,19,45,DeAndre Kane misses a 3-point jump shot from 22 feet out.,88849,,true,false,false,DeAndre,,Kane,,IaSt,,40,37,0,0,2,,,,,15,3,45,Jump Shot,4,Field Goal Missed,22,22.3,2.4,85,85,
2,19,45,Dustin Hogue with an offensive rebound.,120619,,true,false,false,Dustin,,Hogue,,IaSt,,40,37,0,0,2,,,,,5,,,,5,Offensive Rebound,,,,85,85,
2,19,41,Shooting foul committed by Kennedy Meeks.,121345,,true,false,false,Kennedy,,Meeks,,UNC,,40,37,1,0,1,,,,,7,,2,Shooting,8,Foul,,,,15,15,
2,19,41,DeAndre Kane misses free throw 1 of 2.,88849,,true,false,false,DeAndre,,Kane,,IaSt,,40,37,1,0,2,,,,,15,1,11,Free Throw 1 of 2,2,Free Throw Missed,,,,85,85,
2,19,41,IaSt with an offensive rebound.,,,false,false,false,,,,,,,40,37,1,0,0,,,,,0,,,,5,Offensive Rebound,,,,85,85,
2,19,41,DeAndre Kane makes free throw 2 of 2.,88849,,true,false,false,DeAndre,,Kane,,IaSt,,41,37,1,0,2,,,,,16,1,12,Free Throw 2 of 2,1,Free Throw Made,,,,85,85,
2,19,26,Kennedy Meeks makes a layup shot. James Michael McAdoo with the assist.,121345,110437,true,true,false,Kennedy,James Michael,Meeks,McAdoo,UNC,UNC,41,39,1,0,1,,,,,9,2,40,Layup Shot,3,Field Goal Made,0,0,0,15,15,
2,19,08,Dustin Hogue misses a jump shot from 8 feet out.,120619,,true,false,false,Dustin,,Hogue,,IaSt,,41,39,1,0,2,,,,,5,2,45,Jump Shot,4,Field Goal Missed,8,1.6,7.4,85,85,
2,19,08,J.P. Tokoto with a defensive rebound.,116589,,true,false,false,J.P.,,Tokoto,,UNC,,41,39,1,0,2,,,,,2,,,,6,Defensive Rebound,,,,15,15,
2,18,51,Leslie McDonald misses a 3-point jump shot from 24 feet out.,88220,,true,false,false,Leslie,,McDonald,,UNC,,41,39,1,0,1,,,,,12,3,45,Jump Shot,4,Field Goal Missed,24,-17.5,16.1,15,15,
2,18,51,J.P. Tokoto with an offensive rebound.,116589,,true,false,false,J.P.,,Tokoto,,UNC,,41,39,1,0,2,,,,,2,,,,5,Offensive Rebound,,,,15,15,
2,18,49,J.P. Tokoto makes a layup shot.,116589,,true,false,false,J.P.,,Tokoto,,UNC,,41,41,1,0,2,,,,,4,2,40,Layup Shot,3,Field Goal Made,0,0,0,15,15,
2,18,38,Melvin Ejim makes a layup shot.,97037,,true,false,false,Melvin,,Ejim,,IaSt,,43,41,1,0,2,,,,,8,2,40,Layup Shot,3,Field Goal Made,0,0,0,85,85,
2,18,22,Marcus Paige with a bad pass turnover: Bad Pass,116587,,true,false,false,Marcus,,Paige,,UNC,,43,41,1,0,0,,,,,9,,1,Bad Pass,7,Turnover,,,,15,15,
2,17,58,Melvin Ejim makes a 3-point jump shot from 23 feet out. Dustin Hogue with the assist.,97037,120619,true,true,false,Melvin,Dustin,Ejim,Hogue,IaSt,IaSt,46,41,1,0,2,,,,,11,3,45,Jump Shot,3,Field Goal Made,23,20.8,9.2,85,85,
2,17,48,James Michael McAdoo misses a jump shot from 7 feet out.,110437,,true,false,false,James Michael,,McAdoo,,UNC,,46,41,1,0,2,,,,,1,2,45,Jump Shot,4,Field Goal Missed,7,-.1,6.8,15,15,
2,17,48,Dustin Hogue with a defensive rebound.,120619,,true,false,false,Dustin,,Hogue,,IaSt,,46,41,1,0,2,,,,,5,,,,6,Defensive Rebound,,,,85,85,
2,17,40,Personal foul committed by Leslie McDonald.,88220,,true,false,false,Leslie,,McDonald,,UNC,,46,41,2,0,2,,,,,12,,1,Personal,8,Foul,,,,15,15,
2,17,23,Offensive foul committed by DeAndre Kane.,88849,,true,false,false,DeAndre,,Kane,,IaSt,,46,41,2,1,3,,,,,16,,4,Offensive,8,Foul,,,,85,85,
2,17,23,DeAndre Kane with a  turnover:,88849,,true,false,false,DeAndre,,Kane,,IaSt,,46,41,2,1,3,,,,,16,,,,7,Turnover,,,,85,85,
2,17,02,Kennedy Meeks misses a jump shot from 6 feet out.,121345,,true,false,false,Kennedy,,Meeks,,UNC,,46,41,2,1,1,,,,,9,2,45,Jump Shot,4,Field Goal Missed,6,-3.8,4.2,15,15,
2,17,02,Dustin Hogue with a defensive rebound.,120619,,true,false,false,Dustin,,Hogue,,IaSt,,46,41,2,1,2,,,,,5,,,,6,Defensive Rebound,,,,85,85,
2,16,59,Personal foul committed by Jackson Simmons.,110436,,true,false,false,Jackson,,Simmons,,UNC,,46,41,3,1,1,,,,,0,,1,Personal,8,Foul,,,,15,15,
2,16,45,Naz Long misses a 3-point jump shot from 23 feet out.,116068,,true,false,false,Naz,,Long,,IaSt,,46,41,3,1,0,,,,,3,3,45,Jump Shot,4,Field Goal Missed,23,16,16.2,85,85,
2,16,45,James Michael McAdoo with a defensive rebound.,110437,,true,false,false,James Michael,,McAdoo,,UNC,,46,41,3,1,2,,,,,1,,,,6,Defensive Rebound,,,,15,15,
2,16,33,James Michael McAdoo misses a jump shot from 8 feet out.,110437,,true,false,false,James Michael,,McAdoo,,UNC,,46,41,3,1,2,,,,,1,2,45,Jump Shot,4,Field Goal Missed,8,2.5,7.2,15,15,
2,16,33,IaSt with a defensive rebound.,,,false,false,false,,,,,,,46,41,3,1,0,,,,,0,,,,6,Defensive Rebound,,,,85,85,
2,16,14,Melvin Ejim makes a layup shot.,97037,,true,false,false,Melvin,,Ejim,,IaSt,,48,41,3,1,2,,,,,13,2,40,Layup Shot,3,Field Goal Made,0,0,0,85,85,
2,15,57,James Michael McAdoo makes a jump shot from 7 feet out.,110437,,true,false,false,James Michael,,McAdoo,,UNC,,48,43,3,1,2,,,,,3,2,45,Jump Shot,3,Field Goal Made,7,-1,6.8,15,15,
2,15,35,DeAndre Kane with a lost ball turnover: Lost Ball,88849,,true,false,false,DeAndre,,Kane,,IaSt,,48,43,3,1,3,,,,,16,,2,Lost Ball,7,Turnover,,,,85,85,
2,15,29,J.P. Tokoto makes a dunk shot.,116589,,true,false,false,J.P.,,Tokoto,,UNC,,48,45,3,1,2,,,,,6,2,48,Dunk Shot,3,Field Goal Made,0,0,0,15,15,
2,15,07,Melvin Ejim makes a layup shot.,97037,,true,false,false,Melvin,,Ejim,,IaSt,,50,45,3,1,2,,,,,15,2,40,Layup Shot,3,Field Goal Made,0,0,0,85,85,
2,15,02,Leslie McDonald with a lost ball turnover: Lost Ball,88220,,true,false,false,Leslie,,McDonald,,UNC,,50,45,3,1,2,,,,,12,,2,Lost Ball,7,Turnover,,,,15,15,
2,14,57,DeAndre Kane makes a layup shot. Naz Long with the assist.,88849,116068,true,true,false,DeAndre,Naz,Kane,Long,IaSt,IaSt,52,45,3,1,3,,,,,18,2,40,Layup Shot,3,Field Goal Made,0,0,0,85,85,
2,14,53,Marcus Paige makes a jump shot from 5 feet out.,116587,,true,false,false,Marcus,,Paige,,UNC,,52,47,3,1,0,,,,,11,2,45,Jump Shot,3,Field Goal Made,5,-3.6,3.8,15,15,
2,14,28,Monte Morris misses a jump shot from 11 feet out.,120617,,true,false,false,Monte,,Morris,,IaSt,,52,47,3,1,1,,,,,8,2,45,Jump Shot,4,Field Goal Missed,11,-5.5,9.8,85,85,
2,14,28,James Michael McAdoo with a defensive rebound.,110437,,true,false,false,James Michael,,McAdoo,,UNC,,52,47,3,1,2,,,,,3,,,,6,Defensive Rebound,,,,15,15,
2,14,17,Kennedy Meeks misses a layup shot.,121345,,true,false,false,Kennedy,,Meeks,,UNC,,52,47,3,1,1,,,,,9,2,40,Layup Shot,4,Field Goal Missed,0,0,0,15,15,
2,14,17,Melvin Ejim with a defensive rebound.,97037,,true,false,false,Melvin,,Ejim,,IaSt,,52,47,3,1,2,,,,,15,,,,6,Defensive Rebound,,,,85,85,
2,14,04,DeAndre Kane misses a 3-point jump shot from 23 feet out.,88849,,true,false,false,DeAndre,,Kane,,IaSt,,52,47,3,1,3,,,,,18,3,45,Jump Shot,4,Field Goal Missed,23,-11.4,19.6,85,85,
2,14,04,James Michael McAdoo with a defensive rebound.,110437,,true,false,false,James Michael,,McAdoo,,UNC,,52,47,3,1,2,,,,,3,,,,6,Defensive Rebound,,,,15,15,
2,13,55,James Michael McAdoo makes a jump shot from 8 feet out.,110437,,true,false,false,James Michael,,McAdoo,,UNC,,52,49,3,1,2,,,,,5,2,45,Jump Shot,3,Field Goal Made,8,5.8,4.8,15,15,
2,13,50,IaSt take a 20-second timeout.,,,false,false,false,,,,,,,52,49,3,1,0,,,,,0,,2,Short,11,Timeout,,,,85,85,
2,13,33,Matt Thomas misses a 3-point jump shot from 25 feet out.,120618,,true,false,false,Matt,,Thomas,,IaSt,,52,49,3,1,1,,,,,3,3,45,Jump Shot,4,Field Goal Missed,25,.1,25.1,85,85,
2,13,33,James Michael McAdoo with a defensive rebound.,110437,,true,false,false,James Michael,,McAdoo,,UNC,,52,49,3,1,2,,,,,5,,,,6,Defensive Rebound,,,,15,15,
2,13,17,Leslie McDonald makes a 3-point jump shot from 23 feet out.,88220,,true,false,false,Leslie,,McDonald,,UNC,,52,52,3,1,2,,,,,15,3,45,Jump Shot,3,Field Goal Made,23,-15.3,17.2,15,15,
2,12,45,Melvin Ejim misses a 3-point jump shot from 22 feet out.,97037,,true,false,false,Melvin,,Ejim,,IaSt,,52,52,3,1,2,,,,,15,3,45,Jump Shot,4,Field Goal Missed,22,22.1,2.2,85,85,
2,12,45,Melvin Ejim with an offensive rebound.,97037,,true,false,false,Melvin,,Ejim,,IaSt,,52,52,3,1,2,,,,,15,,,,5,Offensive Rebound,,,,85,85,
2,12,42,Shooting foul committed by Leslie McDonald.,88220,,true,false,false,Leslie,,McDonald,,UNC,,52,52,4,1,3,,,,,15,,2,Shooting,8,Foul,,,,15,15,
2,12,42,Official TV timeout.,,,false,false,false,,,,,,,52,52,4,1,0,,,,,0,,3,Official TV,11,Timeout,,,,85,85,
2,12,42,Dustin Hogue misses free throw 1 of 2.,120619,,true,false,false,Dustin,,Hogue,,IaSt,,52,52,4,1,2,,,,,5,1,11,Free Throw 1 of 2,2,Free Throw Missed,,,,85,85,
2,12,42,IaSt with an offensive rebound.,,,false,false,false,,,,,,,52,52,4,1,0,,,,,0,,,,5,Offensive Rebound,,,,85,85,
2,12,42,Dustin Hogue makes free throw 2 of 2.,120619,,true,false,false,Dustin,,Hogue,,IaSt,,53,52,4,1,2,,,,,6,1,12,Free Throw 2 of 2,1,Free Throw Made,,,,85,85,
2,12,25,Marcus Paige misses a 3-point jump shot from 23 feet out.,116587,,true,false,false,Marcus,,Paige,,UNC,,53,52,4,1,0,,,,,11,3,45,Jump Shot,4,Field Goal Missed,23,11.2,20.1,15,15,
2,12,25,DeAndre Kane with a defensive rebound.,88849,,true,false,false,DeAndre,,Kane,,IaSt,,53,52,4,1,3,,,,,18,,,,6,Defensive Rebound,,,,85,85,
2,12,15,Matt Thomas with a lost ball turnover: Lost Ball,120618,,true,false,false,Matt,,Thomas,,IaSt,,53,52,4,1,1,,,,,3,,2,Lost Ball,7,Turnover,,,,85,85,
2,12,11,Shooting foul committed by Matt Thomas.,120618,,true,false,false,Matt,,Thomas,,IaSt,,53,52,4,2,2,,,,,3,,2,Shooting,8,Foul,,,,85,85,
2,12,11,J.P. Tokoto makes free throw 1 of 2.,116589,,true,false,false,J.P.,,Tokoto,,UNC,,53,53,4,2,2,,,,,7,1,11,Free Throw 1 of 2,1,Free Throw Made,,,,15,15,
2,12,11,J.P. Tokoto misses free throw 2 of 2.,116589,,true,false,false,J.P.,,Tokoto,,UNC,,53,53,4,2,2,,,,,7,1,12,Free Throw 2 of 2,2,Free Throw Missed,,,,15,15,
2,12,11,Dustin Hogue with a defensive rebound.,120619,,true,false,false,Dustin,,Hogue,,IaSt,,53,53,4,2,2,,,,,6,,,,6,Defensive Rebound,,,,85,85,
2,11,57,DeAndre Kane makes a layup shot.,88849,,true,false,false,DeAndre,,Kane,,IaSt,,55,53,4,2,3,,,,,20,2,40,Layup Shot,3,Field Goal Made,0,0,0,85,85,
2,11,43,James Michael McAdoo misses a jump shot from 6 feet out.,110437,,true,false,false,James Michael,,McAdoo,,UNC,,55,53,4,2,2,,,,,5,2,45,Jump Shot,4,Field Goal Missed,6,4.5,4.4,15,15,
2,11,43,Melvin Ejim with a defensive rebound.,97037,,true,false,false,Melvin,,Ejim,,IaSt,,55,53,4,2,2,,,,,15,,,,6,Defensive Rebound,,,,85,85,
2,11,30,Melvin Ejim with a traveling turnover: Traveling,97037,,true,false,false,Melvin,,Ejim,,IaSt,,55,53,4,2,2,,,,,15,,4,Traveling,7,Turnover,,,,85,85,
2,11,30,Official TV timeout.,,,false,false,false,,,,,,,55,53,4,2,0,,,,,0,,3,Official TV,11,Timeout,,,,85,85,
2,11,15,Marcus Paige makes a 3-point jump shot from 23 feet out.,116587,,true,false,false,Marcus,,Paige,,UNC,,55,56,4,2,0,,,,,14,3,45,Jump Shot,3,Field Goal Made,23,-.3,23.5,15,15,
2,10,59,Dustin Hogue makes a layup shot. Melvin Ejim with the assist.,120619,97037,true,true,false,Dustin,Melvin,Hogue,Ejim,IaSt,IaSt,57,56,4,2,2,,,,,8,2,40,Layup Shot,3,Field Goal Made,0,0,0,85,85,
2,10,59,Shooting foul committed by Kennedy Meeks.,121345,,true,false,false,Kennedy,,Meeks,,UNC,,57,56,5,2,2,,,,,9,,2,Shooting,8,Foul,,,,15,15,
2,10,59,Dustin Hogue makes free throw 1 of 1.,120619,,true,false,false,Dustin,,Hogue,,IaSt,,58,56,5,2,2,,,,,9,1,10,Free Throw 1 of 1,1,Free Throw Made,,,,85,85,
2,10,44,James Michael McAdoo misses a layup shot.,110437,,true,false,false,James Michael,,McAdoo,,UNC,,58,56,5,2,2,,,,,5,2,40,Layup Shot,4,Field Goal Missed,0,0,0,15,15,
2,10,44,IaSt with a defensive rebound.,,,false,false,false,,,,,,,58,56,5,2,0,,,,,0,,,,6,Defensive Rebound,,,,85,85,
2,10,28,Melvin Ejim makes a layup shot.,97037,,true,false,false,Melvin,,Ejim,,IaSt,,60,56,5,2,2,,,,,17,2,40,Layup Shot,3,Field Goal Made,0,0,0,85,85,
2,10,17,J.P. Tokoto makes a jump shot from 15 feet out.,116589,,true,false,false,J.P.,,Tokoto,,UNC,,60,58,5,2,2,,,,,9,2,45,Jump Shot,3,Field Goal Made,15,13.6,6.6,15,15,
2,9,56,Melvin Ejim misses a 3-point jump shot from 25 feet out.,97037,,true,false,false,Melvin,,Ejim,,IaSt,,60,58,5,2,2,,,,,17,3,45,Jump Shot,4,Field Goal Missed,25,18.8,16.1,85,85,
2,9,56,J.P. Tokoto with a defensive rebound.,116589,,true,false,false,J.P.,,Tokoto,,UNC,,60,58,5,2,2,,,,,9,,,,6,Defensive Rebound,,,,15,15,
2,9,43,James Michael McAdoo makes a jump shot from 6 feet out.,110437,,true,false,false,James Michael,,McAdoo,,UNC,,60,60,5,2,2,,,,,7,2,45,Jump Shot,3,Field Goal Made,6,4.4,4.4,15,15,
2,9,27,DeAndre Kane misses a layup shot.,88849,,true,false,false,DeAndre,,Kane,,IaSt,,60,60,5,2,3,,,,,20,2,40,Layup Shot,4,Field Goal Missed,0,0,0,85,85,
2,9,27,Kennedy Meeks with a defensive rebound.,121345,,true,false,false,Kennedy,,Meeks,,UNC,,60,60,5,2,2,,,,,9,,,,6,Defensive Rebound,,,,15,15,
2,9,13,Shooting foul committed by Dustin Hogue.,120619,,true,false,false,Dustin,,Hogue,,IaSt,,60,60,5,3,3,,,,,9,,2,Shooting,8,Foul,,,,85,85,
2,9,13,James Michael McAdoo misses free throw 1 of 2.,110437,,true,false,false,James Michael,,McAdoo,,UNC,,60,60,5,3,2,,,,,7,1,11,Free Throw 1 of 2,2,Free Throw Missed,,,,15,15,
2,9,13,UNC with an offensive rebound.,,,false,false,false,,,,,,,60,60,5,3,0,,,,,0,,,,5,Offensive Rebound,,,,15,15,
2,9,13,James Michael McAdoo makes free throw 2 of 2.,110437,,true,false,false,James Michael,,McAdoo,,UNC,,60,61,5,3,2,,,,,8,1,12,Free Throw 2 of 2,1,Free Throw Made,,,,15,15,
2,9,00,Monte Morris with a lost ball turnover: Lost Ball,120617,,true,false,false,Monte,,Morris,,IaSt,,60,61,5,3,1,,,,,8,,2,Lost Ball,7,Turnover,,,,85,85,
2,8,51,Kennedy Meeks makes a layup shot. Nate Britt with the assist.,121345,121344,true,true,false,Kennedy,Nate,Meeks,Britt,UNC,UNC,60,63,5,3,2,,,,,11,2,40,Layup Shot,3,Field Goal Made,0,0,0,15,15,
2,8,29,Matt Thomas misses a jump shot from 16 feet out.,120618,,true,false,false,Matt,,Thomas,,IaSt,,60,63,5,3,2,,,,,3,2,45,Jump Shot,4,Field Goal Missed,16,-12.1,10.1,85,85,
2,8,29,Kennedy Meeks with a defensive rebound.,121345,,true,false,false,Kennedy,,Meeks,,UNC,,60,63,5,3,2,,,,,11,,,,6,Defensive Rebound,,,,15,15,
2,8,19,Marcus Paige makes a 3-point jump shot from 23 feet out.,116587,,true,false,false,Marcus,,Paige,,UNC,,60,66,5,3,0,,,,,17,3,45,Jump Shot,3,Field Goal Made,23,-.8,23.5,15,15,
2,8,17,IaSt take a 20-second timeout.,,,false,false,false,,,,,,,60,66,5,3,0,,,,,0,,2,Short,11,Timeout,,,,85,85,
2,8,08,Personal foul committed by Marcus Paige.,116587,,true,false,false,Marcus,,Paige,,UNC,,60,66,6,3,1,,,,,17,,1,Personal,8,Foul,,,,15,15,
2,7,56,Shooting foul committed by Kennedy Meeks.,121345,,true,false,false,Kennedy,,Meeks,,UNC,,60,66,7,3,3,,,,,11,,2,Shooting,8,Foul,,,,15,15,
2,7,56,Official TV timeout.,,,false,false,false,,,,,,,60,66,7,3,0,,,,,0,,3,Official TV,11,Timeout,,,,85,85,
2,7,56,Dustin Hogue makes free throw 1 of 2.,120619,,true,false,false,Dustin,,Hogue,,IaSt,,61,66,7,3,3,,,,,10,1,11,Free Throw 1 of 2,1,Free Throw Made,,,,85,85,
2,7,56,Dustin Hogue makes free throw 2 of 2.,120619,,true,false,false,Dustin,,Hogue,,IaSt,,62,66,7,3,3,,,,,11,1,12,Free Throw 2 of 2,1,Free Throw Made,,,,85,85,
2,7,38,Kennedy Meeks with a lost ball turnover: Lost Ball,121345,,true,false,false,Kennedy,,Meeks,,UNC,,62,66,7,3,3,,,,,11,,2,Lost Ball,7,Turnover,,,,15,15,
2,7,07,Dustin Hogue misses a jump shot from 13 feet out.,120619,,true,false,false,Dustin,,Hogue,,IaSt,,62,66,7,3,3,,,,,11,2,45,Jump Shot,4,Field Goal Missed,13,2.1,12.9,85,85,
2,7,07,James Michael McAdoo with a defensive rebound.,110437,,true,false,false,James Michael,,McAdoo,,UNC,,62,66,7,3,2,,,,,8,,,,6,Defensive Rebound,,,,15,15,
2,7,05,Personal foul committed by Melvin Ejim.,97037,,true,false,false,Melvin,,Ejim,,IaSt,,62,66,7,4,3,,,,,17,,1,Personal,8,Foul,,,,85,85,
2,6,46,Kennedy Meeks misses a jump shot from 8 feet out.,121345,,true,false,false,Kennedy,,Meeks,,UNC,,62,66,7,4,3,,,,,11,2,45,Jump Shot,4,Field Goal Missed,8,-3.2,7,15,15,
2,6,46,James Michael McAdoo with an offensive rebound.,110437,,true,false,false,James Michael,,McAdoo,,UNC,,62,66,7,4,2,,,,,8,,,,5,Offensive Rebound,,,,15,15,
2,6,41,James Michael McAdoo makes a layup shot.,110437,,true,false,false,James Michael,,McAdoo,,UNC,,62,68,7,4,2,,,,,10,2,40,Layup Shot,3,Field Goal Made,0,0,0,15,15,
2,6,32,DeAndre Kane misses a jump shot from 6 feet out.,88849,,true,false,false,DeAndre,,Kane,,IaSt,,62,68,7,4,3,,,,,20,2,45,Jump Shot,4,Field Goal Missed,6,-1.6,5.7,85,85,
2,6,32,IaSt with an offensive rebound.,,,false,false,false,,,,,,,62,68,7,4,0,,,,,0,,,,5,Offensive Rebound,,,,85,85,
2,6,31,DeAndre Kane with a lost ball turnover: Lost Ball,88849,,true,false,false,DeAndre,,Kane,,IaSt,,62,68,7,4,3,,,,,20,,2,Lost Ball,7,Turnover,,,,85,85,
2,6,26,Marcus Paige makes a layup shot.,116587,,true,false,false,Marcus,,Paige,,UNC,,62,70,7,4,1,,,,,19,2,40,Layup Shot,3,Field Goal Made,0,0,0,15,15,
2,6,13,Monte Morris makes a jump shot from 7 feet out.,120617,,true,false,false,Monte,,Morris,,IaSt,,64,70,7,4,1,,,,,10,2,45,Jump Shot,3,Field Goal Made,7,-.6,6.6,85,85,
2,6,02,Marcus Paige misses a jump shot from 7 feet out.,116587,,true,false,false,Marcus,,Paige,,UNC,,64,70,7,4,1,,,,,19,2,45,Jump Shot,4,Field Goal Missed,7,-.6,6.6,15,15,
2,6,02,Monte Morris with a defensive rebound.,120617,,true,false,false,Monte,,Morris,,IaSt,,64,70,7,4,1,,,,,10,,,,6,Defensive Rebound,,,,85,85,
2,5,47,Monte Morris misses a layup shot.,120617,,true,false,false,Monte,,Morris,,IaSt,,64,70,7,4,1,,,,,10,2,40,Layup Shot,4,Field Goal Missed,0,0,0,85,85,
2,5,47,UNC with a defensive rebound.,,,false,false,false,,,,,,,64,70,7,4,0,,,,,0,,,,6,Defensive Rebound,,,,15,15,
2,5,45,Personal foul committed by Dustin Hogue.,120619,,true,false,false,Dustin,,Hogue,,IaSt,,64,70,7,5,4,,,,,11,,1,Personal,8,Foul,,,,85,85,
2,5,29,Leslie McDonald misses a 3-point jump shot from 24 feet out.,88220,,true,false,false,Leslie,,McDonald,,UNC,,64,70,7,5,3,,,,,15,3,45,Jump Shot,4,Field Goal Missed,24,-4.9,23.1,15,15,
2,5,29,Kennedy Meeks with an offensive rebound.,121345,,true,false,false,Kennedy,,Meeks,,UNC,,64,70,7,5,3,,,,,11,,,,5,Offensive Rebound,,,,15,15,
2,5,23,Kennedy Meeks makes a layup shot.,121345,,true,false,false,Kennedy,,Meeks,,UNC,,64,72,7,5,3,,,,,13,2,40,Layup Shot,3,Field Goal Made,0,0,0,15,15,
2,5,10,Naz Long makes a 3-point jump shot from 23 feet out. Monte Morris with the assist.,116068,120617,true,true,false,Naz,Monte,Long,Morris,IaSt,IaSt,67,72,7,5,0,,,,,6,3,45,Jump Shot,3,Field Goal Made,23,20.1,11.2,85,85,
2,5,07,IaSt take a 20-second timeout.,,,false,false,false,,,,,,,67,72,7,5,0,,,,,0,,2,Short,11,Timeout,,,,85,85,
2,4,57,J.P. Tokoto makes a layup shot.,116589,,true,false,false,J.P.,,Tokoto,,UNC,,67,74,7,5,2,,,,,11,2,40,Layup Shot,3,Field Goal Made,0,0,0,15,15,
2,4,43,Shooting foul committed by Leslie McDonald.,88220,,true,false,false,Leslie,,McDonald,,UNC,,67,74,8,5,4,,,,,15,,2,Shooting,8,Foul,,,,15,15,
2,4,43,Dustin Hogue misses free throw 1 of 2.,120619,,true,false,false,Dustin,,Hogue,,IaSt,,67,74,8,5,4,,,,,11,1,11,Free Throw 1 of 2,2,Free Throw Missed,,,,85,85,
2,4,43,IaSt with an offensive rebound.,,,false,false,false,,,,,,,67,74,8,5,0,,,,,0,,,,5,Offensive Rebound,,,,85,85,
2,4,43,Dustin Hogue makes free throw 2 of 2.,120619,,true,false,false,Dustin,,Hogue,,IaSt,,68,74,8,5,4,,,,,12,1,12,Free Throw 2 of 2,1,Free Throw Made,,,,85,85,
2,4,24,Kennedy Meeks makes a layup shot. J.P. Tokoto with the assist.,121345,116589,true,true,false,Kennedy,J.P.,Meeks,Tokoto,UNC,UNC,68,76,8,5,3,,,,,15,2,40,Layup Shot,3,Field Goal Made,0,0,0,15,15,
2,4,04,Naz Long with a lost ball turnover: Lost Ball,116068,,true,false,false,Naz,,Long,,IaSt,,68,76,8,5,0,,,,,6,,2,Lost Ball,7,Turnover,,,,85,85,
2,3,53,Marcus Paige misses a 3-point jump shot from 24 feet out.,116587,,true,false,false,Marcus,,Paige,,UNC,,68,76,8,5,1,,,,,19,3,45,Jump Shot,4,Field Goal Missed,24,-17.7,15.7,15,15,
2,3,53,Naz Long with a defensive rebound.,116068,,true,false,false,Naz,,Long,,IaSt,,68,76,8,5,0,,,,,6,,,,6,Defensive Rebound,,,,85,85,
2,3,44,Naz Long makes a 3-point jump shot from 23 feet out. DeAndre Kane with the assist.,116068,88849,true,true,false,Naz,DeAndre,Long,Kane,IaSt,IaSt,71,76,8,5,0,,,,,9,3,45,Jump Shot,3,Field Goal Made,23,-19.9,10.9,85,85,
2,3,35,UNC take a 20-second timeout.,,,false,false,false,,,,,,,71,76,8,5,0,,,,,0,,2,Short,11,Timeout,,,,15,15,
2,3,14,Offensive foul committed by James Michael McAdoo.,110437,,true,false,false,James Michael,,McAdoo,,UNC,,71,76,9,5,3,,,,,10,,4,Offensive,8,Foul,,,,15,15,
2,3,14,James Michael McAdoo with a  turnover:,110437,,true,false,false,James Michael,,McAdoo,,UNC,,71,76,9,5,3,,,,,10,,,,7,Turnover,,,,15,15,
2,3,14,Official TV timeout.,,,false,false,false,,,,,,,71,76,9,5,0,,,,,0,,3,Official TV,11,Timeout,,,,85,85,
2,2,59,Monte Morris makes a 3-point jump shot from 23 feet out. DeAndre Kane with the assist.,120617,88849,true,true,false,Monte,DeAndre,Morris,Kane,IaSt,IaSt,74,76,9,5,1,,,,,13,3,45,Jump Shot,3,Field Goal Made,23,-22.3,4.8,85,85,
2,2,38,James Michael McAdoo misses a jump shot from 7 feet out.,110437,,true,false,false,James Michael,,McAdoo,,UNC,,74,76,9,5,3,,,,,10,2,45,Jump Shot,4,Field Goal Missed,7,1.2,7,15,15,
2,2,38,UNC with an offensive rebound.,,,false,false,false,,,,,,,74,76,9,5,0,,,,,0,,,,5,Offensive Rebound,,,,15,15,
2,2,10,Nate Britt misses a jump shot from 7 feet out.,121344,,true,false,false,Nate,,Britt,,UNC,,74,76,9,5,1,,,,,2,2,45,Jump Shot,4,Field Goal Missed,7,4,5.3,15,15,
2,2,10,Kennedy Meeks with an offensive rebound.,121345,,true,false,false,Kennedy,,Meeks,,UNC,,74,76,9,5,3,,,,,15,,,,5,Offensive Rebound,,,,15,15,
2,2,02,Kennedy Meeks misses a layup shot.,121345,,true,false,false,Kennedy,,Meeks,,UNC,,74,76,9,5,3,,,,,15,2,40,Layup Shot,4,Field Goal Missed,0,0,0,15,15,
2,2,02,DeAndre Kane with a defensive rebound.,88849,,true,false,false,DeAndre,,Kane,,IaSt,,74,76,9,5,3,,,,,20,,,,6,Defensive Rebound,,,,85,85,
2,2,02,Melvin Ejim makes a layup shot. DeAndre Kane with the assist.,97037,88849,true,true,false,Melvin,DeAndre,Ejim,Kane,IaSt,IaSt,76,76,9,5,3,,,,,19,2,40,Layup Shot,3,Field Goal Made,0,0,0,85,85,
2,2,02,Shooting foul committed by J.P. Tokoto.,116589,,true,false,false,J.P.,,Tokoto,,UNC,,76,76,10,5,3,,,,,11,,2,Shooting,8,Foul,,,,15,15,
2,2,02,Melvin Ejim misses free throw 1 of 1.,97037,,true,false,false,Melvin,,Ejim,,IaSt,,76,76,10,5,3,,,,,19,1,10,Free Throw 1 of 1,2,Free Throw Missed,,,,85,85,
2,2,02,Kennedy Meeks with a defensive rebound.,121345,,true,false,false,Kennedy,,Meeks,,UNC,,76,76,10,5,3,,,,,15,,,,6,Defensive Rebound,,,,15,15,
2,1,54,UNC take a 20-second timeout.,,,false,false,false,,,,,,,76,76,10,5,0,,,,,0,,2,Short,11,Timeout,,,,15,15,
2,1,40,Marcus Paige misses a layup shot.,116587,,true,false,false,Marcus,,Paige,,UNC,,76,76,10,5,1,,,,,19,2,40,Layup Shot,4,Field Goal Missed,0,0,0,15,15,
2,1,40,UNC with an offensive rebound.,,,false,false,false,,,,,,,76,76,10,5,0,,,,,0,,,,5,Offensive Rebound,,,,15,15,
2,1,32,Leslie McDonald makes a 3-point jump shot from 23 feet out. Kennedy Meeks with the assist.,88220,121345,true,true,false,Leslie,Kennedy,McDonald,Meeks,UNC,UNC,76,79,10,5,4,,,,,18,3,45,Jump Shot,3,Field Goal Made,23,-21.9,5.5,15,15,
2,1,08,DeAndre Kane misses a layup shot.,88849,,true,false,false,DeAndre,,Kane,,IaSt,,76,79,10,5,3,,,,,20,2,40,Layup Shot,4,Field Goal Missed,0,0,0,85,85,
2,1,08,Dustin Hogue with an offensive rebound.,120619,,true,false,false,Dustin,,Hogue,,IaSt,,76,79,10,5,4,,,,,12,,,,5,Offensive Rebound,,,,85,85,
2,1,05,Dustin Hogue makes a layup shot.,120619,,true,false,false,Dustin,,Hogue,,IaSt,,78,79,10,5,4,,,,,14,2,40,Layup Shot,3,Field Goal Made,0,0,0,85,85,
2,0,56.9,James Michael McAdoo makes a jump shot from 7 feet out. Leslie McDonald with the assist.,110437,88220,true,true,false,James Michael,Leslie,McAdoo,McDonald,UNC,UNC,78,81,10,5,3,,,,,12,2,45,Jump Shot,3,Field Goal Made,7,0,7,15,15,
2,0,49.3,Naz Long makes a 3-point jump shot from 22 feet out. DeAndre Kane with the assist.,116068,88849,true,true,false,Naz,DeAndre,Long,Kane,IaSt,IaSt,81,81,10,5,0,,,,,12,3,45,Jump Shot,3,Field Goal Made,22,-20.8,7.2,85,85,
2,0,32.9,Marcus Paige with a lost ball turnover: Lost Ball,116587,,true,false,false,Marcus,,Paige,,UNC,,81,81,10,5,1,,,,,19,,2,Lost Ball,7,Turnover,,,,15,15,
2,0,28.1,DeAndre Kane makes a layup shot. Melvin Ejim with the assist.,88849,97037,true,true,false,DeAndre,Melvin,Kane,Ejim,IaSt,IaSt,83,81,10,5,3,,,,,22,2,40,Layup Shot,3,Field Goal Made,0,0,0,85,85,
2,0,22.6,Personal foul committed by Monte Morris.,120617,,true,false,false,Monte,,Morris,,IaSt,,83,81,10,6,2,,,,,13,,1,Personal,8,Foul,,,,85,85,
2,0,15.8,Shooting foul committed by Dustin Hogue.,120619,,true,false,false,Dustin,,Hogue,,IaSt,,83,81,10,7,5,,,,,14,,2,Shooting,8,Foul,,,,85,85,
2,0,15.8,James Michael McAdoo makes free throw 1 of 2.,110437,,true,false,false,James Michael,,McAdoo,,UNC,,83,82,10,7,3,,,,,13,1,11,Free Throw 1 of 2,1,Free Throw Made,,,,15,15,
2,0,15.8,James Michael McAdoo makes free throw 2 of 2.,110437,,true,false,false,James Michael,,McAdoo,,UNC,,83,83,10,7,3,,,,,14,1,12,Free Throw 2 of 2,1,Free Throw Made,,,,15,15,
2,0,01.9,DeAndre Kane makes a jump shot from 4 feet out.,88849,,true,false,false,DeAndre,,Kane,,IaSt,,85,83,10,7,3,,,,,24,2,45,Jump Shot,3,Field Goal Made,4,.3,4,85,85,
2,0,00,End of the 2nd Half,,,false,false,false,,,,,,,85,83,10,7,0,,,,,0,,,,15,End Period,,,,85,85,
2,0,00,End of the Game,,,false,false,false,,,,,,,85,83,10,7,0,,,,,0,,,,19,Game Over,,,,85,85,
