half,time-minutes,time-seconds,details,player1-id,player2-id,player1-linkable,player2-linkable,player3-linkable,player-first-name-1,player-first-name-2,player-last-name-1,player-last-name-2,player-team-alias-1,player-team-alias-2,home-score,visitor-score,visitor-fouls,home-fouls,player-fouls,fastbreak,in-paint,second-chance,off-turnover,player-score,points-type,detail-id,detail-desc,event-id,event-desc,distance,x-coord,y-coord,team-id-1,team-id-2,team-id-3
1,20,00,Start of the 1st Half,,,false,false,false,,,,,,,0,0,0,0,0,,,,,0,,,,14,Start Period,,,,238,238,
1,19,45,Tyler Haws makes a jump shot from 14 feet out. Matt Carlino with the assist.,88516,97371,true,true,false,Tyler,Matt,Haws,Carlino,BYU,BYU,0,2,0,0,0,,,,,2,2,45,Jump Shot,3,Field Goal Made,14,9.8,9.6,207,207,
1,19,28,Damyean Dotson makes a jump shot from 15 feet out.,116609,,true,false,false,Damyean,,Dotson,,Oregon,,2,2,0,0,0,,,,,2,2,45,Jump Shot,3,Field Goal Made,15,14.5,4.5,238,238,
1,19,02,Eric Mika with a lost ball turnover: Lost Ball,121157,,true,false,false,Eric,,Mika,,BYU,,2,2,0,0,0,,,,,0,,2,Lost Ball,7,Turnover,,,,207,207,
1,18,57,Joseph Young makes a jump shot from 7 feet out. Mike Moser with the assist.,97687,88881,true,true,false,Joseph,Mike,Young,Moser,Oregon,Oregon,4,2,0,0,0,,,,,2,2,45,Jump Shot,3,Field Goal Made,7,-1.4,6.9,238,238,
1,18,43,Anson Winder misses a 3-point jump shot from 28 feet out.,97803,,true,false,false,Anson,,Winder,,BYU,,4,2,0,0,0,,,,,0,3,45,Jump Shot,4,Field Goal Missed,28,18.5,21.3,207,207,
1,18,43,Nate Austin with an offensive rebound.,110532,,true,false,false,Nate,,Austin,,BYU,,4,2,0,0,0,,,,,0,,,,5,Offensive Rebound,,,,207,207,
1,18,35,Matt Carlino misses a 3-point jump shot from 27 feet out.,97371,,true,false,false,Matt,,Carlino,,BYU,,4,2,0,0,0,,,,,0,3,45,Jump Shot,4,Field Goal Missed,27,-18.6,19.1,207,207,
1,18,35,Oregon with a defensive rebound.,,,false,false,false,,,,,,,4,2,0,0,0,,,,,0,,,,6,Defensive Rebound,,,,238,238,
1,18,16,Damyean Dotson makes a jump shot from 6 feet out.,116609,,true,false,false,Damyean,,Dotson,,Oregon,,6,2,0,0,0,,,,,4,2,45,Jump Shot,3,Field Goal Made,6,-4.2,4.3,238,238,
1,17,53,Shooting foul committed by Waverly Austin.,116631,,true,false,false,Waverly,,Austin,,Oregon,,6,2,0,1,1,,,,,0,,2,Shooting,8,Foul,,,,238,238,
1,17,53,Eric Mika makes free throw 1 of 2.,121157,,true,false,false,Eric,,Mika,,BYU,,6,3,0,1,0,,,,,1,1,11,Free Throw 1 of 2,1,Free Throw Made,,,,207,207,
1,17,53,Eric Mika makes free throw 2 of 2.,121157,,true,false,false,Eric,,Mika,,BYU,,6,4,0,1,0,,,,,2,1,12,Free Throw 2 of 2,1,Free Throw Made,,,,207,207,
1,17,28,Mike Moser makes a jump shot from 9 feet out. Johnathan Loyd with the assist.,88881,97344,true,true,false,Mike,Johnathan,Moser,Loyd,Oregon,Oregon,8,4,0,1,0,,,,,2,2,45,Jump Shot,3,Field Goal Made,9,-.8,9.3,238,238,
1,17,09,Personal foul committed by Waverly Austin.,116631,,true,false,false,Waverly,,Austin,,Oregon,,8,4,0,2,2,,,,,0,,1,Personal,8,Foul,,,,238,238,
1,17,07,Tyler Haws misses a jump shot from 15 feet out.,88516,,true,false,false,Tyler,,Haws,,BYU,,8,4,0,2,0,,,,,2,2,45,Jump Shot,4,Field Goal Missed,15,-11.8,8.6,207,207,
1,17,07,Richard Amardi with a defensive rebound.,120681,,true,false,false,Richard,,Amardi,,Oregon,,8,4,0,2,0,,,,,0,,,,6,Defensive Rebound,,,,238,238,
1,16,57,Joseph Young misses a 3-point jump shot from 24 feet out.,97687,,true,false,false,Joseph,,Young,,Oregon,,8,4,0,2,0,,,,,2,3,45,Jump Shot,4,Field Goal Missed,24,16.4,17.9,238,238,
1,16,57,Matt Carlino with a defensive rebound.,97371,,true,false,false,Matt,,Carlino,,BYU,,8,4,0,2,0,,,,,0,,,,6,Defensive Rebound,,,,207,207,
1,16,51,Shooting foul committed by Richard Amardi.,120681,,true,false,false,Richard,,Amardi,,Oregon,,8,4,0,3,1,,,,,0,,2,Shooting,8,Foul,,,,238,238,
1,16,51,Matt Carlino makes free throw 1 of 2.,97371,,true,false,false,Matt,,Carlino,,BYU,,8,5,0,3,0,,,,,1,1,11,Free Throw 1 of 2,1,Free Throw Made,,,,207,207,
1,16,51,Matt Carlino misses free throw 2 of 2.,97371,,true,false,false,Matt,,Carlino,,BYU,,8,5,0,3,0,,,,,1,1,12,Free Throw 2 of 2,2,Free Throw Missed,,,,207,207,
1,16,51,Mike Moser with a defensive rebound.,88881,,true,false,false,Mike,,Moser,,Oregon,,8,5,0,3,0,,,,,2,,,,6,Defensive Rebound,,,,238,238,
1,16,25,Mike Moser misses a 3-point jump shot from 27 feet out.,88881,,true,false,false,Mike,,Moser,,Oregon,,8,5,0,3,0,,,,,2,3,45,Jump Shot,4,Field Goal Missed,27,-20.5,17.6,238,238,
1,16,25,Eric Mika with a defensive rebound.,121157,,true,false,false,Eric,,Mika,,BYU,,8,5,0,3,0,,,,,2,,,,6,Defensive Rebound,,,,207,207,
1,16,14,Matt Carlino misses a jump shot from 11 feet out.,97371,,true,false,false,Matt,,Carlino,,BYU,,8,5,0,3,0,,,,,1,2,45,Jump Shot,4,Field Goal Missed,11,-1.1,11.3,207,207,
1,16,14,Richard Amardi with a defensive rebound.,120681,,true,false,false,Richard,,Amardi,,Oregon,,8,5,0,3,1,,,,,0,,,,6,Defensive Rebound,,,,238,238,
1,16,04,Shooting foul committed by Eric Mika.,121157,,true,false,false,Eric,,Mika,,BYU,,8,5,1,3,1,,,,,2,,2,Shooting,8,Foul,,,,207,207,
1,16,04,Joseph Young misses free throw 1 of 2.,97687,,true,false,false,Joseph,,Young,,Oregon,,8,5,1,3,0,,,,,2,1,11,Free Throw 1 of 2,2,Free Throw Missed,,,,238,238,
1,16,04,Oregon with an offensive rebound.,,,false,false,false,,,,,,,8,5,1,3,0,,,,,0,,,,5,Offensive Rebound,,,,238,238,
1,16,04,Joseph Young makes free throw 2 of 2.,97687,,true,false,false,Joseph,,Young,,Oregon,,9,5,1,3,0,,,,,3,1,12,Free Throw 2 of 2,1,Free Throw Made,,,,238,238,
1,15,50,Nate Austin makes a jump shot from 6 feet out. Anson Winder with the assist.,110532,97803,true,true,false,Nate,Anson,Austin,Winder,BYU,BYU,9,7,1,3,0,,,,,2,2,45,Jump Shot,3,Field Goal Made,6,-2.5,5,207,207,
1,15,30,Jason Calliste with a lost ball turnover: Lost Ball,89763,,true,false,false,Jason,,Calliste,,Oregon,,9,7,1,3,0,,,,,0,,2,Lost Ball,7,Turnover,,,,238,238,
1,15,28,Official TV timeout.,,,false,false,false,,,,,,,9,7,1,3,0,,,,,0,,3,Official TV,11,Timeout,,,,238,238,
1,15,14,Tyler Haws misses a jump shot from 11 feet out.,88516,,true,false,false,Tyler,,Haws,,BYU,,9,7,1,3,0,,,,,2,2,45,Jump Shot,4,Field Goal Missed,11,.8,11.3,207,207,
1,15,14,Mike Moser with a defensive rebound.,88881,,true,false,false,Mike,,Moser,,Oregon,,9,7,1,3,0,,,,,2,,,,6,Defensive Rebound,,,,238,238,
1,14,54,Joseph Young misses a jump shot from 8 feet out.,97687,,true,false,false,Joseph,,Young,,Oregon,,9,7,1,3,0,,,,,3,2,45,Jump Shot,4,Field Goal Missed,8,6.7,4,238,238,
1,14,54,Mike Moser with an offensive rebound.,88881,,true,false,false,Mike,,Moser,,Oregon,,9,7,1,3,0,,,,,2,,,,5,Offensive Rebound,,,,238,238,
1,14,51,Shooting foul committed by Tyler Haws.,88516,,true,false,false,Tyler,,Haws,,BYU,,9,7,2,3,1,,,,,2,,2,Shooting,8,Foul,,,,207,207,
1,14,51,Jason Calliste makes free throw 1 of 2.,89763,,true,false,false,Jason,,Calliste,,Oregon,,10,7,2,3,0,,,,,1,1,11,Free Throw 1 of 2,1,Free Throw Made,,,,238,238,
1,14,51,Jason Calliste makes free throw 2 of 2.,89763,,true,false,false,Jason,,Calliste,,Oregon,,11,7,2,3,0,,,,,2,1,12,Free Throw 2 of 2,1,Free Throw Made,,,,238,238,
1,14,29,Matt Carlino misses a 3-point jump shot from 30 feet out.,97371,,true,false,false,Matt,,Carlino,,BYU,,11,7,2,3,0,,,,,1,3,45,Jump Shot,4,Field Goal Missed,30,-16.1,25.6,207,207,
1,14,29,Nate Austin with an offensive rebound.,110532,,true,false,false,Nate,,Austin,,BYU,,11,7,2,3,0,,,,,2,,,,5,Offensive Rebound,,,,207,207,
1,14,22,Nate Austin misses a jump shot from 9 feet out.,110532,,true,false,false,Nate,,Austin,,BYU,,11,7,2,3,0,,,,,2,2,45,Jump Shot,4,Field Goal Missed,9,1.4,8.7,207,207,
1,14,22,Johnathan Loyd with a defensive rebound.,97344,,true,false,false,Johnathan,,Loyd,,Oregon,,11,7,2,3,0,,,,,0,,,,6,Defensive Rebound,,,,238,238,
1,14,22,Flagrant foul committed by Nate Austin.,110532,,true,false,false,Nate,,Austin,,BYU,,11,7,3,3,1,,,,,2,,21,Flagrant,8,Foul,,,,207,207,
1,14,22,Ben Carter makes free throw 1 of 2.,116608,,true,false,false,Ben,,Carter,,Oregon,,12,7,3,3,0,,,,,1,1,11,Free Throw 1 of 2,1,Free Throw Made,,,,238,238,
1,14,22,Ben Carter makes free throw 2 of 2.,116608,,true,false,false,Ben,,Carter,,Oregon,,13,7,3,3,0,,,,,2,1,12,Free Throw 2 of 2,1,Free Throw Made,,,,238,238,
1,14,09,Shooting foul committed by Eric Mika.,121157,,true,false,false,Eric,,Mika,,BYU,,13,7,4,3,2,,,,,2,,2,Shooting,8,Foul,,,,207,207,
1,14,09,Jason Calliste makes free throw 1 of 2.,89763,,true,false,false,Jason,,Calliste,,Oregon,,14,7,4,3,0,,,,,3,1,11,Free Throw 1 of 2,1,Free Throw Made,,,,238,238,
1,14,09,Jason Calliste makes free throw 2 of 2.,89763,,true,false,false,Jason,,Calliste,,Oregon,,15,7,4,3,0,,,,,4,1,12,Free Throw 2 of 2,1,Free Throw Made,,,,238,238,
1,13,56,Personal foul committed by Ben Carter.,116608,,true,false,false,Ben,,Carter,,Oregon,,15,7,4,4,1,,,,,2,,1,Personal,8,Foul,,,,238,238,
1,13,45,Anson Winder makes a 3-point jump shot from 25 feet out. Matt Carlino with the assist.,97803,97371,true,true,false,Anson,Matt,Winder,Carlino,BYU,BYU,15,10,4,4,0,,,,,3,3,45,Jump Shot,3,Field Goal Made,25,-15.7,19.8,207,207,
1,13,36,Damyean Dotson misses a jump shot from 15 feet out.,116609,,true,false,false,Damyean,,Dotson,,Oregon,,15,10,4,4,0,,,,,4,2,45,Jump Shot,4,Field Goal Missed,15,14.4,2.3,238,238,
1,13,36,BYU with a defensive rebound.,,,false,false,false,,,,,,,15,10,4,4,0,,,,,0,,,,6,Defensive Rebound,,,,207,207,
1,13,34,Personal foul committed by Ben Carter.,116608,,true,false,false,Ben,,Carter,,Oregon,,15,10,4,5,2,,,,,2,,1,Personal,8,Foul,,,,238,238,
1,13,22,Personal foul committed by Jason Calliste.,89763,,true,false,false,Jason,,Calliste,,Oregon,,15,10,4,6,1,,,,,4,,1,Personal,8,Foul,,,,238,238,
1,12,58,Offensive foul committed by Luke Worthington.,121158,,true,false,false,Luke,,Worthington,,BYU,,15,10,5,6,1,,,,,0,,4,Offensive,8,Foul,,,,207,207,
1,12,58,Luke Worthington with a  turnover:,121158,,true,false,false,Luke,,Worthington,,BYU,,15,10,5,6,1,,,,,0,,,,7,Turnover,,,,207,207,
1,12,38,Richard Amardi misses a jump shot from 13 feet out.,120681,,true,false,false,Richard,,Amardi,,Oregon,,15,10,5,6,1,,,,,0,2,45,Jump Shot,4,Field Goal Missed,13,6.4,10.8,238,238,
1,12,38,Matt Carlino with a defensive rebound.,97371,,true,false,false,Matt,,Carlino,,BYU,,15,10,5,6,0,,,,,1,,,,6,Defensive Rebound,,,,207,207,
1,12,26,Tyler Haws makes a jump shot from 15 feet out. Josh Sharp with the assist.,88516,81950,true,true,false,Tyler,Josh,Haws,Sharp,BYU,BYU,15,12,5,6,1,,,,,4,2,45,Jump Shot,3,Field Goal Made,15,-14,5.9,207,207,
1,12,09,Damyean Dotson misses a 3-point jump shot from 26 feet out.,116609,,true,false,false,Damyean,,Dotson,,Oregon,,15,12,5,6,0,,,,,4,3,45,Jump Shot,4,Field Goal Missed,26,-12.5,22.4,238,238,
1,12,09,Luke Worthington with a defensive rebound.,121158,,true,false,false,Luke,,Worthington,,BYU,,15,12,5,6,1,,,,,0,,,,6,Defensive Rebound,,,,207,207,
1,11,54,Tyler Haws misses a jump shot from 9 feet out.,88516,,true,false,false,Tyler,,Haws,,BYU,,15,12,5,6,1,,,,,4,2,45,Jump Shot,4,Field Goal Missed,9,-6.2,6.4,207,207,
1,11,54,Jason Calliste with a defensive rebound.,89763,,true,false,false,Jason,,Calliste,,Oregon,,15,12,5,6,1,,,,,4,,,,6,Defensive Rebound,,,,238,238,
1,11,53,Personal foul committed by Josh Sharp.,81950,,true,false,false,Josh,,Sharp,,BYU,,15,12,6,6,1,,,,,0,,1,Personal,8,Foul,,,,207,207,
1,11,53,Official TV timeout.,,,false,false,false,,,,,,,15,12,6,6,0,,,,,0,,3,Official TV,11,Timeout,,,,238,238,
1,11,40,Jason Calliste misses a 3-point jump shot from 28 feet out.,89763,,true,false,false,Jason,,Calliste,,Oregon,,15,12,6,6,1,,,,,4,3,45,Jump Shot,4,Field Goal Missed,28,13,25.2,238,238,
1,11,40,Luke Worthington with a defensive rebound.,121158,,true,false,false,Luke,,Worthington,,BYU,,15,12,6,6,1,,,,,0,,,,6,Defensive Rebound,,,,207,207,
1,11,21,Skyler Halford misses a 3-point jump shot from 25 feet out.,81090,,true,false,false,Skyler,,Halford,,BYU,,15,12,6,6,0,,,,,0,3,45,Jump Shot,4,Field Goal Missed,25,-9.1,22.9,207,207,
1,11,21,Richard Amardi with a defensive rebound.,120681,,true,false,false,Richard,,Amardi,,Oregon,,15,12,6,6,1,,,,,0,,,,6,Defensive Rebound,,,,238,238,
1,11,02,Elgin Cook makes a jump shot from 10 feet out. Damyean Dotson with the assist.,120680,116609,true,true,false,Elgin,Damyean,Cook,Dotson,Oregon,Oregon,17,12,6,6,0,,,,,2,2,45,Jump Shot,3,Field Goal Made,10,-1.3,9.9,238,238,
1,10,52,Tyler Haws makes a jump shot from 14 feet out. Skyler Halford with the assist.,88516,81090,true,true,false,Tyler,Skyler,Haws,Halford,BYU,BYU,17,14,6,6,1,,,,,6,2,45,Jump Shot,3,Field Goal Made,14,-9.3,10.1,207,207,
1,10,33,Elgin Cook makes a jump shot from 4 feet out. Dominic Artis with the assist.,120680,116606,true,true,false,Elgin,Dominic,Cook,Artis,Oregon,Oregon,19,14,6,6,0,,,,,4,2,45,Jump Shot,3,Field Goal Made,4,3.1,3.1,238,238,
1,10,32,Shooting foul committed by Nate Austin.,110532,,true,false,false,Nate,,Austin,,BYU,,19,14,7,6,2,,,,,2,,2,Shooting,8,Foul,,,,207,207,
1,10,32,Elgin Cook makes free throw 1 of 1.,120680,,true,false,false,Elgin,,Cook,,Oregon,,20,14,7,6,0,,,,,5,1,10,Free Throw 1 of 1,1,Free Throw Made,,,,238,238,
1,10,17,Tyler Haws misses a jump shot from 14 feet out.,88516,,true,false,false,Tyler,,Haws,,BYU,,20,14,7,6,1,,,,,6,2,45,Jump Shot,4,Field Goal Missed,14,-12,8.1,207,207,
1,10,17,Elgin Cook with a defensive rebound.,120680,,true,false,false,Elgin,,Cook,,Oregon,,20,14,7,6,0,,,,,5,,,,6,Defensive Rebound,,,,238,238,
1,10,00,Personal foul committed by Luke Worthington.,121158,,true,false,false,Luke,,Worthington,,BYU,,20,14,8,6,2,,,,,0,,1,Personal,8,Foul,,,,207,207,
1,10,00,Jason Calliste makes free throw 1 of 2.,89763,,true,false,false,Jason,,Calliste,,Oregon,,21,14,8,6,1,,,,,5,1,11,Free Throw 1 of 2,1,Free Throw Made,,,,238,238,
1,10,00,Jason Calliste misses free throw 2 of 2.,89763,,true,false,false,Jason,,Calliste,,Oregon,,21,14,8,6,1,,,,,5,1,12,Free Throw 2 of 2,2,Free Throw Missed,,,,238,238,
1,10,00,Skyler Halford with a defensive rebound.,81090,,true,false,false,Skyler,,Halford,,BYU,,21,14,8,6,0,,,,,0,,,,6,Defensive Rebound,,,,207,207,
1,9,43,Frank Bartley IV misses a jump shot from 13 feet out.,121156,,true,false,false,Frank,,Bartley IV,,BYU,,21,14,8,6,0,,,,,0,2,45,Jump Shot,4,Field Goal Missed,13,-10.8,6.5,207,207,
1,9,43,Oregon with a defensive rebound.,,,false,false,false,,,,,,,21,14,8,6,0,,,,,0,,,,6,Defensive Rebound,,,,238,238,
1,9,40,Personal foul committed by Frank Bartley IV.,121156,,true,false,false,Frank,,Bartley IV,,BYU,,21,14,9,6,1,,,,,0,,1,Personal,8,Foul,,,,207,207,
1,9,40,Elgin Cook misses free throw 1 of 1.,120680,,true,false,false,Elgin,,Cook,,Oregon,,21,14,9,6,0,,,,,5,1,10,Free Throw 1 of 1,2,Free Throw Missed,,,,238,238,
1,9,40,Frank Bartley IV with a defensive rebound.,121156,,true,false,false,Frank,,Bartley IV,,BYU,,21,14,9,6,1,,,,,0,,,,6,Defensive Rebound,,,,207,207,
1,9,36,Matt Carlino misses a 3-point jump shot from 28 feet out.,97371,,true,false,false,Matt,,Carlino,,BYU,,21,14,9,6,0,,,,,1,3,45,Jump Shot,4,Field Goal Missed,28,-17.9,21.7,207,207,
1,9,36,Oregon with a defensive rebound.,,,false,false,false,,,,,,,21,14,9,6,0,,,,,0,,,,6,Defensive Rebound,,,,238,238,
1,9,04,Joseph Young makes a jump shot from 14 feet out. Damyean Dotson with the assist.,97687,116609,true,true,false,Joseph,Damyean,Young,Dotson,Oregon,Oregon,23,14,9,6,0,,,,,5,2,45,Jump Shot,3,Field Goal Made,14,12.3,5.7,238,238,
1,8,39,Shooting foul committed by Mike Moser.,88881,,true,false,false,Mike,,Moser,,Oregon,,23,14,9,7,1,,,,,2,,2,Shooting,8,Foul,,,,238,238,
1,8,39,Frank Bartley IV misses free throw 1 of 2.,121156,,true,false,false,Frank,,Bartley IV,,BYU,,23,14,9,7,1,,,,,0,1,11,Free Throw 1 of 2,2,Free Throw Missed,,,,207,207,
1,8,39,BYU with an offensive rebound.,,,false,false,false,,,,,,,23,14,9,7,0,,,,,0,,,,5,Offensive Rebound,,,,207,207,
1,8,39,Frank Bartley IV makes free throw 2 of 2.,121156,,true,false,false,Frank,,Bartley IV,,BYU,,23,15,9,7,1,,,,,1,1,12,Free Throw 2 of 2,1,Free Throw Made,,,,207,207,
1,8,20,Mike Moser misses a jump shot from 12 feet out.,88881,,true,false,false,Mike,,Moser,,Oregon,,23,15,9,7,1,,,,,2,2,45,Jump Shot,4,Field Goal Missed,12,12,-3.3,238,238,
1,8,20,Mike Moser with an offensive rebound.,88881,,true,false,false,Mike,,Moser,,Oregon,,23,15,9,7,1,,,,,2,,,,5,Offensive Rebound,,,,238,238,
1,8,14,Mike Moser misses a jump shot from 6 feet out.,88881,,true,false,false,Mike,,Moser,,Oregon,,23,15,9,7,1,,,,,2,2,45,Jump Shot,4,Field Goal Missed,6,4,4.8,238,238,
1,8,14,Elgin Cook with an offensive rebound.,120680,,true,false,false,Elgin,,Cook,,Oregon,,23,15,9,7,0,,,,,5,,,,5,Offensive Rebound,,,,238,238,
1,8,14,Elgin Cook makes a jump shot from 9 feet out.,120680,,true,false,false,Elgin,,Cook,,Oregon,,25,15,9,7,0,,,,,7,2,45,Jump Shot,3,Field Goal Made,9,2,8.9,238,238,
1,8,14,Shooting foul committed by Tyler Haws.,88516,,true,false,false,Tyler,,Haws,,BYU,,25,15,10,7,2,,,,,6,,2,Shooting,8,Foul,,,,207,207,
1,8,14,Elgin Cook makes free throw 1 of 1.,120680,,true,false,false,Elgin,,Cook,,Oregon,,26,15,10,7,0,,,,,8,1,10,Free Throw 1 of 1,1,Free Throw Made,,,,238,238,
1,8,07,Frank Bartley IV misses a jump shot from 11 feet out.,121156,,true,false,false,Frank,,Bartley IV,,BYU,,26,15,10,7,1,,,,,1,2,45,Jump Shot,4,Field Goal Missed,11,-6.7,8.9,207,207,
1,8,07,Mike Moser with a defensive rebound.,88881,,true,false,false,Mike,,Moser,,Oregon,,26,15,10,7,1,,,,,2,,,,6,Defensive Rebound,,,,238,238,
1,7,33,Johnathan Loyd misses a 3-point jump shot from 26 feet out.,97344,,true,false,false,Johnathan,,Loyd,,Oregon,,26,15,10,7,0,,,,,0,3,45,Jump Shot,4,Field Goal Missed,26,-15.4,21.5,238,238,
1,7,33,BYU with a defensive rebound.,,,false,false,false,,,,,,,26,15,10,7,0,,,,,0,,,,6,Defensive Rebound,,,,207,207,
1,7,31,Official TV timeout.,,,false,false,false,,,,,,,26,15,10,7,0,,,,,0,,3,Official TV,11,Timeout,,,,238,238,
1,7,16,Eric Mika makes a jump shot from 9 feet out. Anson Winder with the assist.,121157,97803,true,true,false,Eric,Anson,Mika,Winder,BYU,BYU,26,17,10,7,2,,,,,4,2,45,Jump Shot,3,Field Goal Made,9,7.7,5.2,207,207,
1,7,06,Elgin Cook makes a jump shot from 8 feet out. Johnathan Loyd with the assist.,120680,97344,true,true,false,Elgin,Johnathan,Cook,Loyd,Oregon,Oregon,28,17,10,7,0,,,,,10,2,45,Jump Shot,3,Field Goal Made,8,5.2,6.5,238,238,
1,6,56,Matt Carlino misses a jump shot from 14 feet out.,97371,,true,false,false,Matt,,Carlino,,BYU,,28,17,10,7,0,,,,,1,2,45,Jump Shot,4,Field Goal Missed,14,-7.1,11.6,207,207,
1,6,56,BYU with an offensive rebound.,,,false,false,false,,,,,,,28,17,10,7,0,,,,,0,,,,5,Offensive Rebound,,,,207,207,
1,6,56,Personal foul committed by Mike Moser.,88881,,true,false,false,Mike,,Moser,,Oregon,,28,17,10,8,2,,,,,2,,1,Personal,8,Foul,,,,238,238,
1,6,56,Eric Mika makes free throw 1 of 2.,121157,,true,false,false,Eric,,Mika,,BYU,,28,18,10,8,2,,,,,5,1,11,Free Throw 1 of 2,1,Free Throw Made,,,,207,207,
1,6,56,Eric Mika makes free throw 2 of 2.,121157,,true,false,false,Eric,,Mika,,BYU,,28,19,10,8,2,,,,,6,1,12,Free Throw 2 of 2,1,Free Throw Made,,,,207,207,
1,6,37,Mike Moser makes a 3-point jump shot from 28 feet out. Damyean Dotson with the assist.,88881,116609,true,true,false,Mike,Damyean,Moser,Dotson,Oregon,Oregon,31,19,10,8,2,,,,,5,3,45,Jump Shot,3,Field Goal Made,28,9.9,26.1,238,238,
1,6,17,Shooting foul committed by Elgin Cook.,120680,,true,false,false,Elgin,,Cook,,Oregon,,31,19,10,9,1,,,,,10,,2,Shooting,8,Foul,,,,238,238,
1,6,17,Matt Carlino makes free throw 1 of 2.,97371,,true,false,false,Matt,,Carlino,,BYU,,31,20,10,9,0,,,,,2,1,11,Free Throw 1 of 2,1,Free Throw Made,,,,207,207,
1,6,17,Matt Carlino makes free throw 2 of 2.,97371,,true,false,false,Matt,,Carlino,,BYU,,31,21,10,9,0,,,,,3,1,12,Free Throw 2 of 2,1,Free Throw Made,,,,207,207,
1,6,03,Jason Calliste misses a 3-point jump shot from 25 feet out.,89763,,true,false,false,Jason,,Calliste,,Oregon,,31,21,10,9,1,,,,,5,3,45,Jump Shot,4,Field Goal Missed,25,-15.4,19.6,238,238,
1,6,03,Eric Mika with a defensive rebound.,121157,,true,false,false,Eric,,Mika,,BYU,,31,21,10,9,2,,,,,6,,,,6,Defensive Rebound,,,,207,207,
1,5,53,Eric Mika misses a jump shot from 6 feet out.,121157,,true,false,false,Eric,,Mika,,BYU,,31,21,10,9,2,,,,,6,2,45,Jump Shot,4,Field Goal Missed,6,1.1,5.7,207,207,
1,5,53,Richard Amardi with a defensive rebound.,120681,,true,false,false,Richard,,Amardi,,Oregon,,31,21,10,9,1,,,,,0,,,,6,Defensive Rebound,,,,238,238,
1,5,32,Personal foul committed by Skyler Halford.,81090,,true,false,false,Skyler,,Halford,,BYU,,31,21,11,9,1,,,,,0,,1,Personal,8,Foul,,,,207,207,
1,5,32,Joseph Young makes free throw 1 of 2.,97687,,true,false,false,Joseph,,Young,,Oregon,,32,21,11,9,0,,,,,6,1,11,Free Throw 1 of 2,1,Free Throw Made,,,,238,238,
1,5,32,Joseph Young makes free throw 2 of 2.,97687,,true,false,false,Joseph,,Young,,Oregon,,33,21,11,9,0,,,,,7,1,12,Free Throw 2 of 2,1,Free Throw Made,,,,238,238,
1,5,20,Tyler Haws misses a 3-point jump shot from 24 feet out.,88516,,true,false,false,Tyler,,Haws,,BYU,,33,21,11,9,2,,,,,6,3,45,Jump Shot,4,Field Goal Missed,24,-13.9,20,207,207,
1,5,20,Joseph Young with a defensive rebound.,97687,,true,false,false,Joseph,,Young,,Oregon,,33,21,11,9,0,,,,,7,,,,6,Defensive Rebound,,,,238,238,
1,4,58,Mike Moser makes a jump shot from 9 feet out. Richard Amardi with the assist.,88881,120681,true,true,false,Mike,Richard,Moser,Amardi,Oregon,Oregon,35,21,11,9,2,,,,,7,2,45,Jump Shot,3,Field Goal Made,9,3,8,238,238,
1,4,58,BYU take a full timeout.,,,false,false,false,,,,,,,35,21,11,9,0,,,,,0,,1,Regular,11,Timeout,,,,207,207,
1,4,45,Tyler Haws makes a 3-point jump shot from 24 feet out.,88516,,true,false,false,Tyler,,Haws,,BYU,,35,24,11,9,2,,,,,9,3,45,Jump Shot,3,Field Goal Made,24,-12,21.3,207,207,
1,4,24,Joseph Young misses a jump shot from 14 feet out.,97687,,true,false,false,Joseph,,Young,,Oregon,,35,24,11,9,0,,,,,7,2,45,Jump Shot,4,Field Goal Missed,14,12,8,238,238,
1,4,24,Dominic Artis with an offensive rebound.,116606,,true,false,false,Dominic,,Artis,,Oregon,,35,24,11,9,0,,,,,0,,,,5,Offensive Rebound,,,,238,238,
1,4,24,Dominic Artis with a lost ball turnover: Lost Ball,116606,,true,false,false,Dominic,,Artis,,Oregon,,35,24,11,9,0,,,,,0,,2,Lost Ball,7,Turnover,,,,238,238,
1,4,11,Tyler Haws misses a jump shot from 7 feet out.,88516,,true,false,false,Tyler,,Haws,,BYU,,35,24,11,9,2,,,,,9,2,45,Jump Shot,4,Field Goal Missed,7,-5.5,3.5,207,207,
1,4,11,Joseph Young with a defensive rebound.,97687,,true,false,false,Joseph,,Young,,Oregon,,35,24,11,9,0,,,,,7,,,,6,Defensive Rebound,,,,238,238,
1,4,05,Dominic Artis makes a jump shot from 9 feet out. Jason Calliste with the assist.,116606,89763,true,true,false,Dominic,Jason,Artis,Calliste,Oregon,Oregon,37,24,11,9,0,,,,,2,2,45,Jump Shot,3,Field Goal Made,9,7.6,5.2,238,238,
1,3,58,Matt Carlino misses a jump shot from 10 feet out.,97371,,true,false,false,Matt,,Carlino,,BYU,,37,24,11,9,0,,,,,3,2,45,Jump Shot,4,Field Goal Missed,10,-3,9.8,207,207,
1,3,58,BYU with an offensive rebound.,,,false,false,false,,,,,,,37,24,11,9,0,,,,,0,,,,5,Offensive Rebound,,,,207,207,
1,3,58,Official TV timeout.,,,false,false,false,,,,,,,37,24,11,9,0,,,,,0,,3,Official TV,11,Timeout,,,,238,238,
1,3,57,BYU with a turnover: 5 Second Violation,,,false,false,false,,,,,,,37,24,11,9,0,,,,,0,,9,5 Second Violation,7,Turnover,,,,207,207,
1,3,45,Mike Moser misses a 3-point jump shot from 29 feet out.,88881,,true,false,false,Mike,,Moser,,Oregon,,37,24,11,9,2,,,,,7,3,45,Jump Shot,4,Field Goal Missed,29,15.9,24.7,238,238,
1,3,45,Frank Bartley IV with a defensive rebound.,121156,,true,false,false,Frank,,Bartley IV,,BYU,,37,24,11,9,1,,,,,1,,,,6,Defensive Rebound,,,,207,207,
1,3,34,Skyler Halford misses a 3-point jump shot from 25 feet out.,81090,,true,false,false,Skyler,,Halford,,BYU,,37,24,11,9,1,,,,,0,3,45,Jump Shot,4,Field Goal Missed,25,-11,22.4,207,207,
1,3,34,Joseph Young with a defensive rebound.,97687,,true,false,false,Joseph,,Young,,Oregon,,37,24,11,9,0,,,,,7,,,,6,Defensive Rebound,,,,238,238,
1,3,07,Shooting foul committed by Luke Worthington.,121158,,true,false,false,Luke,,Worthington,,BYU,,37,24,12,9,3,,,,,0,,2,Shooting,8,Foul,,,,207,207,
1,3,07,Jason Calliste makes free throw 1 of 2.,89763,,true,false,false,Jason,,Calliste,,Oregon,,38,24,12,9,1,,,,,6,1,11,Free Throw 1 of 2,1,Free Throw Made,,,,238,238,
1,3,07,Jason Calliste makes free throw 2 of 2.,89763,,true,false,false,Jason,,Calliste,,Oregon,,39,24,12,9,1,,,,,7,1,12,Free Throw 2 of 2,1,Free Throw Made,,,,238,238,
1,2,55,Tyler Haws misses a 3-point jump shot from 29 feet out.,88516,,true,false,false,Tyler,,Haws,,BYU,,39,24,12,9,2,,,,,9,3,45,Jump Shot,4,Field Goal Missed,29,-19.8,20.8,207,207,
1,2,55,Nate Austin with an offensive rebound.,110532,,true,false,false,Nate,,Austin,,BYU,,39,24,12,9,2,,,,,2,,,,5,Offensive Rebound,,,,207,207,
1,2,44,Personal foul committed by Dominic Artis.,116606,,true,false,false,Dominic,,Artis,,Oregon,,39,24,12,10,1,,,,,2,,1,Personal,8,Foul,,,,238,238,
1,2,44,Frank Bartley IV makes free throw 1 of 2.,121156,,true,false,false,Frank,,Bartley IV,,BYU,,39,25,12,10,1,,,,,2,1,11,Free Throw 1 of 2,1,Free Throw Made,,,,207,207,
1,2,44,Frank Bartley IV makes free throw 2 of 2.,121156,,true,false,false,Frank,,Bartley IV,,BYU,,39,26,12,10,1,,,,,3,1,12,Free Throw 2 of 2,1,Free Throw Made,,,,207,207,
1,2,29,Joseph Young with a out of bounds turnover: Out of Bounds,97687,,true,false,false,Joseph,,Young,,Oregon,,39,26,12,10,0,,,,,7,,3,Out of Bounds,7,Turnover,,,,238,238,
1,2,20,Matt Carlino misses a jump shot from 13 feet out.,97371,,true,false,false,Matt,,Carlino,,BYU,,39,26,12,10,0,,,,,3,2,45,Jump Shot,4,Field Goal Missed,13,-12.3,3.1,207,207,
1,2,20,Josh Sharp with an offensive rebound.,81950,,true,false,false,Josh,,Sharp,,BYU,,39,26,12,10,1,,,,,0,,,,5,Offensive Rebound,,,,207,207,
1,2,09,Frank Bartley IV makes a jump shot from 7 feet out. Matt Carlino with the assist.,121156,97371,true,true,false,Frank,Matt,Bartley IV,Carlino,BYU,BYU,39,28,12,10,1,,,,,5,2,45,Jump Shot,3,Field Goal Made,7,3.5,6.2,207,207,
1,1,57,Mike Moser misses a jump shot from 16 feet out.,88881,,true,false,false,Mike,,Moser,,Oregon,,39,28,12,10,2,,,,,7,2,45,Jump Shot,4,Field Goal Missed,16,1.4,15.9,238,238,
1,1,57,Anson Winder with a defensive rebound.,97803,,true,false,false,Anson,,Winder,,BYU,,39,28,12,10,0,,,,,3,,,,6,Defensive Rebound,,,,207,207,
1,1,47,Frank Bartley IV misses a 3-point jump shot from 28 feet out.,121156,,true,false,false,Frank,,Bartley IV,,BYU,,39,28,12,10,1,,,,,5,3,45,Jump Shot,4,Field Goal Missed,28,-14.9,23.2,207,207,
1,1,47,Richard Amardi with a defensive rebound.,120681,,true,false,false,Richard,,Amardi,,Oregon,,39,28,12,10,1,,,,,0,,,,6,Defensive Rebound,,,,238,238,
1,1,41,Offensive foul committed by Mike Moser.,88881,,true,false,false,Mike,,Moser,,Oregon,,39,28,12,11,3,,,,,7,,4,Offensive,8,Foul,,,,238,238,
1,1,41,Mike Moser with a  turnover:,88881,,true,false,false,Mike,,Moser,,Oregon,,39,28,12,11,3,,,,,7,,,,7,Turnover,,,,238,238,
1,1,23,Eric Mika misses a jump shot from 10 feet out.,121157,,true,false,false,Eric,,Mika,,BYU,,39,28,12,11,2,,,,,6,2,45,Jump Shot,4,Field Goal Missed,10,-6.2,7.2,207,207,
1,1,23,Josh Sharp with an offensive rebound.,81950,,true,false,false,Josh,,Sharp,,BYU,,39,28,12,11,1,,,,,0,,,,5,Offensive Rebound,,,,207,207,
1,1,19,Matt Carlino makes a jump shot from 9 feet out. Josh Sharp with the assist.,97371,81950,true,true,false,Matt,Josh,Carlino,Sharp,BYU,BYU,39,30,12,11,0,,,,,5,2,45,Jump Shot,3,Field Goal Made,9,3.1,8.1,207,207,
1,0,52.3,Damyean Dotson misses a jump shot from 10 feet out.,116609,,true,false,false,Damyean,,Dotson,,Oregon,,39,30,12,11,0,,,,,4,2,45,Jump Shot,4,Field Goal Missed,10,-.1,10.1,238,238,
1,0,52.3,Eric Mika with a defensive rebound.,121157,,true,false,false,Eric,,Mika,,BYU,,39,30,12,11,2,,,,,6,,,,6,Defensive Rebound,,,,207,207,
1,0,41.5,Shooting foul committed by Johnathan Loyd.,97344,,true,false,false,Johnathan,,Loyd,,Oregon,,39,30,12,12,1,,,,,0,,2,Shooting,8,Foul,,,,238,238,
1,0,41.5,Eric Mika misses free throw 1 of 2.,121157,,true,false,false,Eric,,Mika,,BYU,,39,30,12,12,2,,,,,6,1,11,Free Throw 1 of 2,2,Free Throw Missed,,,,207,207,
1,0,41.5,BYU with an offensive rebound.,,,false,false,false,,,,,,,39,30,12,12,0,,,,,0,,,,5,Offensive Rebound,,,,207,207,
1,0,41.5,Eric Mika makes free throw 2 of 2.,121157,,true,false,false,Eric,,Mika,,BYU,,39,31,12,12,2,,,,,7,1,12,Free Throw 2 of 2,1,Free Throw Made,,,,207,207,
1,0,28.2,Shooting foul committed by Skyler Halford.,81090,,true,false,false,Skyler,,Halford,,BYU,,39,31,13,12,2,,,,,0,,2,Shooting,8,Foul,,,,207,207,
1,0,28.2,Elgin Cook misses free throw 1 of 2.,120680,,true,false,false,Elgin,,Cook,,Oregon,,39,31,13,12,1,,,,,10,1,11,Free Throw 1 of 2,2,Free Throw Missed,,,,238,238,
1,0,28.2,Oregon with an offensive rebound.,,,false,false,false,,,,,,,39,31,13,12,0,,,,,0,,,,5,Offensive Rebound,,,,238,238,
1,0,28.2,Elgin Cook misses free throw 2 of 2.,120680,,true,false,false,Elgin,,Cook,,Oregon,,39,31,13,12,1,,,,,10,1,12,Free Throw 2 of 2,2,Free Throw Missed,,,,238,238,
1,0,28.2,Eric Mika with a defensive rebound.,121157,,true,false,false,Eric,,Mika,,BYU,,39,31,13,12,2,,,,,7,,,,6,Defensive Rebound,,,,207,207,
1,0,05.8,Tyler Haws with a lost ball turnover: Lost Ball,88516,,true,false,false,Tyler,,Haws,,BYU,,39,31,13,12,2,,,,,9,,2,Lost Ball,7,Turnover,,,,207,207,
1,0,00,End of the 1st Half,,,false,false,false,,,,,,,39,31,13,12,0,,,,,0,,,,15,End Period,,,,238,238,
2,20,00,Start of the 2nd Half,,,false,false,false,,,,,,,39,31,0,0,0,,,,,0,,,,14,Start Period,,,,238,238,
2,19,46,Anson Winder with a lost ball turnover: Lost Ball,97803,,true,false,false,Anson,,Winder,,BYU,,39,31,0,0,0,,,,,3,,2,Lost Ball,7,Turnover,,,,207,207,
2,19,38,Personal foul committed by Johnathan Loyd.,97344,,true,false,false,Johnathan,,Loyd,,Oregon,,39,31,0,1,2,,,,,0,,1,Personal,8,Foul,,,,238,238,
2,19,23,Tyler Haws makes a jump shot from 15 feet out. Matt Carlino with the assist.,88516,97371,true,true,false,Tyler,Matt,Haws,Carlino,BYU,BYU,39,33,0,1,2,,,,,11,2,45,Jump Shot,3,Field Goal Made,15,5.7,14,207,207,
2,19,04,Joseph Young makes a jump shot from 13 feet out. Waverly Austin with the assist.,97687,116631,true,true,false,Joseph,Waverly,Young,Austin,Oregon,Oregon,41,33,0,1,0,,,,,9,2,45,Jump Shot,3,Field Goal Made,13,-8.8,10.1,238,238,
2,18,35,Josh Sharp misses a jump shot from 16 feet out.,81950,,true,false,false,Josh,,Sharp,,BYU,,41,33,0,1,1,,,,,0,2,45,Jump Shot,4,Field Goal Missed,16,15.2,3.5,207,207,
2,18,35,Josh Sharp with an offensive rebound.,81950,,true,false,false,Josh,,Sharp,,BYU,,41,33,0,1,1,,,,,0,,,,5,Offensive Rebound,,,,207,207,
2,18,25,Anson Winder misses a 3-point jump shot from 26 feet out.,97803,,true,false,false,Anson,,Winder,,BYU,,41,33,0,1,0,,,,,3,3,45,Jump Shot,4,Field Goal Missed,26,-15.2,21.3,207,207,
2,18,25,Damyean Dotson with a defensive rebound.,116609,,true,false,false,Damyean,,Dotson,,Oregon,,41,33,0,1,0,,,,,4,,,,6,Defensive Rebound,,,,238,238,
2,18,22,Mike Moser with a out of bounds turnover: Out of Bounds,88881,,true,false,false,Mike,,Moser,,Oregon,,41,33,0,1,3,,,,,7,,3,Out of Bounds,7,Turnover,,,,238,238,
2,18,01,Shooting foul committed by Mike Moser.,88881,,true,false,false,Mike,,Moser,,Oregon,,41,33,0,2,4,,,,,7,,2,Shooting,8,Foul,,,,238,238,
2,18,01,Eric Mika misses free throw 1 of 2.,121157,,true,false,false,Eric,,Mika,,BYU,,41,33,0,2,2,,,,,7,1,11,Free Throw 1 of 2,2,Free Throw Missed,,,,207,207,
2,18,01,BYU with an offensive rebound.,,,false,false,false,,,,,,,41,33,0,2,0,,,,,0,,,,5,Offensive Rebound,,,,207,207,
2,18,01,Eric Mika makes free throw 2 of 2.,121157,,true,false,false,Eric,,Mika,,BYU,,41,34,0,2,2,,,,,8,1,12,Free Throw 2 of 2,1,Free Throw Made,,,,207,207,
2,17,48,Waverly Austin makes a jump shot from 11 feet out. Elgin Cook with the assist.,116631,120680,true,true,false,Waverly,Elgin,Austin,Cook,Oregon,Oregon,43,34,0,2,2,,,,,2,2,45,Jump Shot,3,Field Goal Made,11,1.4,11.1,238,238,
2,17,32,Shooting foul committed by Waverly Austin.,116631,,true,false,false,Waverly,,Austin,,Oregon,,43,34,0,3,3,,,,,2,,2,Shooting,8,Foul,,,,238,238,
2,17,32,Eric Mika misses free throw 1 of 2.,121157,,true,false,false,Eric,,Mika,,BYU,,43,34,0,3,2,,,,,8,1,11,Free Throw 1 of 2,2,Free Throw Missed,,,,207,207,
2,17,32,BYU with an offensive rebound.,,,false,false,false,,,,,,,43,34,0,3,0,,,,,0,,,,5,Offensive Rebound,,,,207,207,
2,17,32,Eric Mika makes free throw 2 of 2.,121157,,true,false,false,Eric,,Mika,,BYU,,43,35,0,3,2,,,,,9,1,12,Free Throw 2 of 2,1,Free Throw Made,,,,207,207,
2,17,13,Johnathan Loyd misses a jump shot from 15 feet out.,97344,,true,false,false,Johnathan,,Loyd,,Oregon,,43,35,0,3,2,,,,,0,2,45,Jump Shot,4,Field Goal Missed,15,9.6,11,238,238,
2,17,13,Elgin Cook with an offensive rebound.,120680,,true,false,false,Elgin,,Cook,,Oregon,,43,35,0,3,1,,,,,10,,,,5,Offensive Rebound,,,,238,238,
2,17,03,Elgin Cook misses a jump shot from 9 feet out.,120680,,true,false,false,Elgin,,Cook,,Oregon,,43,35,0,3,1,,,,,10,2,45,Jump Shot,4,Field Goal Missed,9,7.1,6,238,238,
2,17,03,Tyler Haws with a defensive rebound.,88516,,true,false,false,Tyler,,Haws,,BYU,,43,35,0,3,2,,,,,11,,,,6,Defensive Rebound,,,,207,207,
2,16,56,Tyler Haws misses a jump shot from 15 feet out.,88516,,true,false,false,Tyler,,Haws,,BYU,,43,35,0,3,2,,,,,11,2,45,Jump Shot,4,Field Goal Missed,15,-13,7.4,207,207,
2,16,56,Richard Amardi with a defensive rebound.,120681,,true,false,false,Richard,,Amardi,,Oregon,,43,35,0,3,1,,,,,0,,,,6,Defensive Rebound,,,,238,238,
2,16,47,Joseph Young misses a 3-point jump shot from 28 feet out.,97687,,true,false,false,Joseph,,Young,,Oregon,,43,35,0,3,0,,,,,9,3,45,Jump Shot,4,Field Goal Missed,28,-16.8,22.7,238,238,
2,16,47,Elgin Cook with an offensive rebound.,120680,,true,false,false,Elgin,,Cook,,Oregon,,43,35,0,3,1,,,,,10,,,,5,Offensive Rebound,,,,238,238,
2,16,42,Elgin Cook makes a jump shot from 2 feet out.,120680,,true,false,false,Elgin,,Cook,,Oregon,,45,35,0,3,1,,,,,12,2,45,Jump Shot,3,Field Goal Made,2,1.8,1.3,238,238,
2,16,37,Matt Carlino misses a 3-point jump shot from 27 feet out.,97371,,true,false,false,Matt,,Carlino,,BYU,,45,35,0,3,0,,,,,5,3,45,Jump Shot,4,Field Goal Missed,27,6.5,26.4,207,207,
2,16,37,Richard Amardi with a defensive rebound.,120681,,true,false,false,Richard,,Amardi,,Oregon,,45,35,0,3,1,,,,,0,,,,6,Defensive Rebound,,,,238,238,
2,16,29,Johnathan Loyd misses a jump shot from 9 feet out.,97344,,true,false,false,Johnathan,,Loyd,,Oregon,,45,35,0,3,2,,,,,0,2,45,Jump Shot,4,Field Goal Missed,9,-1.8,9.3,238,238,
2,16,29,Elgin Cook with an offensive rebound.,120680,,true,false,false,Elgin,,Cook,,Oregon,,45,35,0,3,1,,,,,12,,,,5,Offensive Rebound,,,,238,238,
2,16,26,Elgin Cook makes a jump shot from 8 feet out.,120680,,true,false,false,Elgin,,Cook,,Oregon,,47,35,0,3,1,,,,,14,2,45,Jump Shot,3,Field Goal Made,8,1.8,7.7,238,238,
2,16,26,BYU take a full timeout.,,,false,false,false,,,,,,,47,35,0,3,0,,,,,0,,1,Regular,11,Timeout,,,,207,207,
2,16,02,Matt Carlino makes a jump shot from 12 feet out.,97371,,true,false,false,Matt,,Carlino,,BYU,,47,37,0,3,0,,,,,7,2,45,Jump Shot,3,Field Goal Made,12,4.7,10.8,207,207,
2,15,51,Personal foul committed by Josh Sharp.,81950,,true,false,false,Josh,,Sharp,,BYU,,47,37,1,3,2,,,,,0,,1,Personal,8,Foul,,,,207,207,
2,15,51,Official TV timeout.,,,false,false,false,,,,,,,47,37,1,3,0,,,,,0,,3,Official TV,11,Timeout,,,,238,238,
2,15,51,Elgin Cook makes free throw 1 of 2.,120680,,true,false,false,Elgin,,Cook,,Oregon,,48,37,1,3,1,,,,,15,1,11,Free Throw 1 of 2,1,Free Throw Made,,,,238,238,
2,15,51,Elgin Cook makes free throw 2 of 2.,120680,,true,false,false,Elgin,,Cook,,Oregon,,49,37,1,3,1,,,,,16,1,12,Free Throw 2 of 2,1,Free Throw Made,,,,238,238,
2,15,29,Personal foul committed by Elgin Cook.,120680,,true,false,false,Elgin,,Cook,,Oregon,,49,37,1,4,2,,,,,16,,1,Personal,8,Foul,,,,238,238,
2,15,28,Tyler Haws misses a jump shot from 7 feet out.,88516,,true,false,false,Tyler,,Haws,,BYU,,49,37,1,4,2,,,,,11,2,45,Jump Shot,4,Field Goal Missed,7,-2.8,6.4,207,207,
2,15,28,Tyler Haws with an offensive rebound.,88516,,true,false,false,Tyler,,Haws,,BYU,,49,37,1,4,2,,,,,11,,,,5,Offensive Rebound,,,,207,207,
2,15,24,Shooting foul committed by Richard Amardi.,120681,,true,false,false,Richard,,Amardi,,Oregon,,49,37,1,5,2,,,,,0,,2,Shooting,8,Foul,,,,238,238,
2,15,24,Tyler Haws makes free throw 1 of 2.,88516,,true,false,false,Tyler,,Haws,,BYU,,49,38,1,5,2,,,,,12,1,11,Free Throw 1 of 2,1,Free Throw Made,,,,207,207,
2,15,24,Tyler Haws makes free throw 1 of 2.,88516,,true,false,false,Tyler,,Haws,,BYU,,49,39,1,5,2,,,,,13,1,11,Free Throw 1 of 2,1,Free Throw Made,,,,207,207,
2,15,07,Joseph Young makes a jump shot from 10 feet out. Jason Calliste with the assist.,97687,89763,true,true,false,Joseph,Jason,Young,Calliste,Oregon,Oregon,51,39,1,5,0,,,,,11,2,45,Jump Shot,3,Field Goal Made,10,.8,9.6,238,238,
2,14,53,Frank Bartley IV makes a jump shot from 18 feet out.,121156,,true,false,false,Frank,,Bartley IV,,BYU,,51,41,1,5,1,,,,,7,2,45,Jump Shot,3,Field Goal Made,18,12.5,12.8,207,207,
2,14,34,Joseph Young misses a 3-point jump shot from 26 feet out.,97687,,true,false,false,Joseph,,Young,,Oregon,,51,41,1,5,0,,,,,11,3,45,Jump Shot,4,Field Goal Missed,26,14,21.5,238,238,
2,14,34,Tyler Haws with a defensive rebound.,88516,,true,false,false,Tyler,,Haws,,BYU,,51,41,1,5,2,,,,,13,,,,6,Defensive Rebound,,,,207,207,
2,14,22,Shooting foul committed by Mike Moser.,88881,,true,false,false,Mike,,Moser,,Oregon,,51,41,1,6,5,,,,,7,,2,Shooting,8,Foul,,,,238,238,
2,14,22,Eric Mika makes free throw 1 of 2.,121157,,true,false,false,Eric,,Mika,,BYU,,51,42,1,6,2,,,,,10,1,11,Free Throw 1 of 2,1,Free Throw Made,,,,207,207,
2,14,22,Eric Mika misses free throw 2 of 2.,121157,,true,false,false,Eric,,Mika,,BYU,,51,42,1,6,2,,,,,10,1,12,Free Throw 2 of 2,2,Free Throw Missed,,,,207,207,
2,14,22,Oregon with a defensive rebound.,,,false,false,false,,,,,,,51,42,1,6,0,,,,,0,,,,6,Defensive Rebound,,,,238,238,
2,14,04,Richard Amardi makes free throw 1 of 2.,120681,,true,false,false,Richard,,Amardi,,Oregon,,52,42,1,6,2,,,,,1,1,11,Free Throw 1 of 2,1,Free Throw Made,,,,238,238,
2,14,04,Richard Amardi misses free throw 2 of 2.,120681,,true,false,false,Richard,,Amardi,,Oregon,,52,42,1,6,2,,,,,1,1,12,Free Throw 2 of 2,2,Free Throw Missed,,,,238,238,
2,14,04,Oregon with an offensive rebound.,,,false,false,false,,,,,,,52,42,1,6,0,,,,,0,,,,5,Offensive Rebound,,,,238,238,
2,14,03,Shooting foul committed by Nate Austin.,110532,,true,false,false,Nate,,Austin,,BYU,,52,42,2,6,3,,,,,2,,2,Shooting,8,Foul,,,,207,207,
2,14,03,Personal foul committed by Nate Austin.,110532,,true,false,false,Nate,,Austin,,BYU,,52,42,3,6,4,,,,,2,,1,Personal,8,Foul,,,,207,207,
2,13,50,Damyean Dotson misses a jump shot from 12 feet out.,116609,,true,false,false,Damyean,,Dotson,,Oregon,,52,42,3,6,0,,,,,4,2,45,Jump Shot,4,Field Goal Missed,12,9.8,7.2,238,238,
2,13,50,Nate Austin with a defensive rebound.,110532,,true,false,false,Nate,,Austin,,BYU,,52,42,3,6,4,,,,,2,,,,6,Defensive Rebound,,,,207,207,
2,13,42,Frank Bartley IV makes a 3-point jump shot from 24 feet out. Matt Carlino with the assist.,121156,97371,true,true,false,Frank,Matt,Bartley IV,Carlino,BYU,BYU,52,45,3,6,1,,,,,10,3,45,Jump Shot,3,Field Goal Made,24,-15.2,18.8,207,207,
2,13,20,Richard Amardi makes a jump shot from 13 feet out. Joseph Young with the assist.,120681,97687,true,true,false,Richard,Joseph,Amardi,Young,Oregon,Oregon,54,45,3,6,2,,,,,3,2,45,Jump Shot,3,Field Goal Made,13,-13.4,-.8,238,238,
2,13,19,Oregon take a 20-second timeout.,,,false,false,false,,,,,,,54,45,3,6,0,,,,,0,,2,Short,11,Timeout,,,,238,238,
2,12,59,Matt Carlino makes a 3-point jump shot from 27 feet out.,97371,,true,false,false,Matt,,Carlino,,BYU,,54,48,3,6,0,,,,,10,3,45,Jump Shot,3,Field Goal Made,27,11.1,24.6,207,207,
2,12,45,Richard Amardi makes a jump shot from 14 feet out. Johnathan Loyd with the assist.,120681,97344,true,true,false,Richard,Johnathan,Amardi,Loyd,Oregon,Oregon,56,48,3,6,2,,,,,5,2,45,Jump Shot,3,Field Goal Made,14,13.4,4.2,238,238,
2,12,31,Frank Bartley IV misses a 3-point jump shot from 29 feet out.,121156,,true,false,false,Frank,,Bartley IV,,BYU,,56,48,3,6,1,,,,,10,3,45,Jump Shot,4,Field Goal Missed,29,17.4,22.9,207,207,
2,12,31,Eric Mika with an offensive rebound.,121157,,true,false,false,Eric,,Mika,,BYU,,56,48,3,6,2,,,,,10,,,,5,Offensive Rebound,,,,207,207,
2,12,26,Eric Mika makes a jump shot from 4 feet out.,121157,,true,false,false,Eric,,Mika,,BYU,,56,50,3,6,2,,,,,12,2,45,Jump Shot,3,Field Goal Made,4,-1.3,3.8,207,207,
2,12,08,Richard Amardi misses a jump shot from 15 feet out.,120681,,true,false,false,Richard,,Amardi,,Oregon,,56,50,3,6,2,,,,,5,2,45,Jump Shot,4,Field Goal Missed,15,-7.2,12.8,238,238,
2,12,08,Frank Bartley IV with a defensive rebound.,121156,,true,false,false,Frank,,Bartley IV,,BYU,,56,50,3,6,1,,,,,10,,,,6,Defensive Rebound,,,,207,207,
2,12,03,Matt Carlino makes a 3-point jump shot from 25 feet out. Josh Sharp with the assist.,97371,81950,true,true,false,Matt,Josh,Carlino,Sharp,BYU,BYU,56,53,3,6,0,,,,,13,3,45,Jump Shot,3,Field Goal Made,25,-16.1,19.1,207,207,
2,11,55,Oregon take a full timeout.,,,false,false,false,,,,,,,56,53,3,6,0,,,,,0,,1,Regular,11,Timeout,,,,238,238,
2,11,40,Elgin Cook makes a jump shot from 7 feet out. Johnathan Loyd with the assist.,120680,97344,true,true,false,Elgin,Johnathan,Cook,Loyd,Oregon,Oregon,58,53,3,6,2,,,,,18,2,45,Jump Shot,3,Field Goal Made,7,-1.4,6.4,238,238,
2,11,40,Shooting foul committed by Matt Carlino.,97371,,true,false,false,Matt,,Carlino,,BYU,,58,53,4,6,1,,,,,13,,2,Shooting,8,Foul,,,,207,207,
2,11,40,Official TV timeout.,,,false,false,false,,,,,,,58,53,4,6,0,,,,,0,,3,Official TV,11,Timeout,,,,238,238,
2,11,40,Elgin Cook makes free throw 1 of 1.,120680,,true,false,false,Elgin,,Cook,,Oregon,,59,53,4,6,2,,,,,19,1,10,Free Throw 1 of 1,1,Free Throw Made,,,,238,238,
2,11,27,Eric Mika with a bad pass turnover: Bad Pass,121157,,true,false,false,Eric,,Mika,,BYU,,59,53,4,6,2,,,,,12,,1,Bad Pass,7,Turnover,,,,207,207,
2,11,20,Joseph Young makes a jump shot from 16 feet out. Johnathan Loyd with the assist.,97687,97344,true,true,false,Joseph,Johnathan,Young,Loyd,Oregon,Oregon,61,53,4,6,0,,,,,13,2,45,Jump Shot,3,Field Goal Made,16,3,15.9,238,238,
2,11,02,Personal foul committed by Ben Carter.,116608,,true,false,false,Ben,,Carter,,Oregon,,61,53,4,7,3,,,,,2,,1,Personal,8,Foul,,,,238,238,
2,11,02,Eric Mika makes free throw 1 of 2.,121157,,true,false,false,Eric,,Mika,,BYU,,61,54,4,7,2,,,,,13,1,11,Free Throw 1 of 2,1,Free Throw Made,,,,207,207,
2,11,02,Eric Mika makes free throw 2 of 2.,121157,,true,false,false,Eric,,Mika,,BYU,,61,55,4,7,2,,,,,14,1,12,Free Throw 2 of 2,1,Free Throw Made,,,,207,207,
2,10,52,Shooting foul committed by Josh Sharp.,81950,,true,false,false,Josh,,Sharp,,BYU,,61,55,5,7,3,,,,,0,,2,Shooting,8,Foul,,,,207,207,
2,10,52,Elgin Cook makes free throw 1 of 2.,120680,,true,false,false,Elgin,,Cook,,Oregon,,62,55,5,7,2,,,,,20,1,11,Free Throw 1 of 2,1,Free Throw Made,,,,238,238,
2,10,52,Elgin Cook makes free throw 2 of 2.,120680,,true,false,false,Elgin,,Cook,,Oregon,,63,55,5,7,2,,,,,21,1,12,Free Throw 2 of 2,1,Free Throw Made,,,,238,238,
2,10,39,Matt Carlino misses a jump shot from 13 feet out.,97371,,true,false,false,Matt,,Carlino,,BYU,,63,55,5,7,1,,,,,13,2,45,Jump Shot,4,Field Goal Missed,13,-5.2,11.6,207,207,
2,10,39,Elgin Cook with a defensive rebound.,120680,,true,false,false,Elgin,,Cook,,Oregon,,63,55,5,7,2,,,,,21,,,,6,Defensive Rebound,,,,238,238,
2,10,15,Personal foul committed by Eric Mika.,121157,,true,false,false,Eric,,Mika,,BYU,,63,55,6,7,3,,,,,14,,1,Personal,8,Foul,,,,207,207,
2,9,58,Johnathan Loyd makes a jump shot from 12 feet out. Jason Calliste with the assist.,97344,89763,true,true,false,Johnathan,Jason,Loyd,Calliste,Oregon,Oregon,65,55,6,7,2,,,,,2,2,45,Jump Shot,3,Field Goal Made,12,-.9,12.3,238,238,
2,9,45,Tyler Haws with a lost ball turnover: Lost Ball,88516,,true,false,false,Tyler,,Haws,,BYU,,65,55,6,7,2,,,,,13,,2,Lost Ball,7,Turnover,,,,207,207,
2,9,39,Shooting foul committed by Tyler Haws.,88516,,true,false,false,Tyler,,Haws,,BYU,,65,55,7,7,3,,,,,13,,2,Shooting,8,Foul,,,,207,207,
2,9,39,Jason Calliste makes free throw 1 of 2.,89763,,true,false,false,Jason,,Calliste,,Oregon,,66,55,7,7,1,,,,,8,1,11,Free Throw 1 of 2,1,Free Throw Made,,,,238,238,
2,9,39,Jason Calliste makes free throw 2 of 2.,89763,,true,false,false,Jason,,Calliste,,Oregon,,67,55,7,7,1,,,,,9,1,12,Free Throw 2 of 2,1,Free Throw Made,,,,238,238,
2,9,26,Tyler Haws makes a jump shot from 19 feet out. Eric Mika with the assist.,88516,121157,true,true,false,Tyler,Eric,Haws,Mika,BYU,BYU,67,57,7,7,3,,,,,15,2,45,Jump Shot,3,Field Goal Made,19,-16,10,207,207,
2,9,09,Joseph Young makes a jump shot from 9 feet out. Ben Carter with the assist.,97687,116608,true,true,false,Joseph,Ben,Young,Carter,Oregon,Oregon,69,57,7,7,0,,,,,15,2,45,Jump Shot,3,Field Goal Made,9,-8.6,4,238,238,
2,8,56,Matt Carlino misses a 3-point jump shot from 27 feet out.,97371,,true,false,false,Matt,,Carlino,,BYU,,69,57,7,7,1,,,,,13,3,45,Jump Shot,4,Field Goal Missed,27,-12.2,24.1,207,207,
2,8,56,Jason Calliste with a defensive rebound.,89763,,true,false,false,Jason,,Calliste,,Oregon,,69,57,7,7,1,,,,,9,,,,6,Defensive Rebound,,,,238,238,
2,8,29,Shooting foul committed by Anson Winder.,97803,,true,false,false,Anson,,Winder,,BYU,,69,57,8,7,1,,,,,3,,2,Shooting,8,Foul,,,,207,207,
2,8,29,Joseph Young makes free throw 1 of 2.,97687,,true,false,false,Joseph,,Young,,Oregon,,70,57,8,7,0,,,,,16,1,11,Free Throw 1 of 2,1,Free Throw Made,,,,238,238,
2,8,29,Joseph Young makes free throw 2 of 2.,97687,,true,false,false,Joseph,,Young,,Oregon,,71,57,8,7,0,,,,,17,1,12,Free Throw 2 of 2,1,Free Throw Made,,,,238,238,
2,8,17,Personal foul committed by Ben Carter.,116608,,true,false,false,Ben,,Carter,,Oregon,,71,57,8,8,4,,,,,2,,1,Personal,8,Foul,,,,238,238,
2,8,17,Matt Carlino makes free throw 1 of 2.,97371,,true,false,false,Matt,,Carlino,,BYU,,71,58,8,8,1,,,,,14,1,11,Free Throw 1 of 2,1,Free Throw Made,,,,207,207,
2,8,17,Matt Carlino makes free throw 2 of 2.,97371,,true,false,false,Matt,,Carlino,,BYU,,71,59,8,8,1,,,,,15,1,12,Free Throw 2 of 2,1,Free Throw Made,,,,207,207,
2,7,58,Elgin Cook makes a jump shot from 8 feet out. Joseph Young with the assist.,120680,97687,true,true,false,Elgin,Joseph,Cook,Young,Oregon,Oregon,73,59,8,8,2,,,,,23,2,45,Jump Shot,3,Field Goal Made,8,-.1,7.7,238,238,
2,7,44,Frank Bartley IV misses a jump shot from 18 feet out.,121156,,true,false,false,Frank,,Bartley IV,,BYU,,73,59,8,8,1,,,,,10,2,45,Jump Shot,4,Field Goal Missed,18,-3,17.4,207,207,
2,7,44,Oregon with a defensive rebound.,,,false,false,false,,,,,,,73,59,8,8,0,,,,,0,,,,6,Defensive Rebound,,,,238,238,
2,7,42,Official TV timeout.,,,false,false,false,,,,,,,73,59,8,8,0,,,,,0,,3,Official TV,11,Timeout,,,,238,238,
2,7,09,Joseph Young with a lost ball turnover: Lost Ball,97687,,true,false,false,Joseph,,Young,,Oregon,,73,59,8,8,0,,,,,17,,2,Lost Ball,7,Turnover,,,,238,238,
2,7,04,Frank Bartley IV misses a jump shot from 13 feet out.,121156,,true,false,false,Frank,,Bartley IV,,BYU,,73,59,8,8,1,,,,,10,2,45,Jump Shot,4,Field Goal Missed,13,7.1,11.1,207,207,
2,7,04,Frank Bartley IV with an offensive rebound.,121156,,true,false,false,Frank,,Bartley IV,,BYU,,73,59,8,8,1,,,,,10,,,,5,Offensive Rebound,,,,207,207,
2,7,00,Frank Bartley IV misses a jump shot from 7 feet out.,121156,,true,false,false,Frank,,Bartley IV,,BYU,,73,59,8,8,1,,,,,10,2,45,Jump Shot,4,Field Goal Missed,7,2.1,6.7,207,207,
2,7,00,Jason Calliste with a defensive rebound.,89763,,true,false,false,Jason,,Calliste,,Oregon,,73,59,8,8,1,,,,,9,,,,6,Defensive Rebound,,,,238,238,
2,7,00,Personal foul committed by Eric Mika.,121157,,true,false,false,Eric,,Mika,,BYU,,73,59,9,8,4,,,,,14,,1,Personal,8,Foul,,,,207,207,
2,7,00,Jason Calliste makes free throw 1 of 2.,89763,,true,false,false,Jason,,Calliste,,Oregon,,74,59,9,8,1,,,,,10,1,11,Free Throw 1 of 2,1,Free Throw Made,,,,238,238,
2,7,00,Jason Calliste makes free throw 2 of 2.,89763,,true,false,false,Jason,,Calliste,,Oregon,,75,59,9,8,1,,,,,11,1,12,Free Throw 2 of 2,1,Free Throw Made,,,,238,238,
2,6,52,Tyler Haws misses a 3-point jump shot from 25 feet out.,88516,,true,false,false,Tyler,,Haws,,BYU,,75,59,9,8,3,,,,,15,3,45,Jump Shot,4,Field Goal Missed,25,18.3,17.8,207,207,
2,6,52,Oregon with a defensive rebound.,,,false,false,false,,,,,,,75,59,9,8,0,,,,,0,,,,6,Defensive Rebound,,,,238,238,
2,6,38,Jason Calliste makes a 3-point jump shot from 24 feet out. Joseph Young with the assist.,89763,97687,true,true,false,Jason,Joseph,Calliste,Young,Oregon,Oregon,78,59,9,8,1,,,,,14,3,45,Jump Shot,3,Field Goal Made,24,14.2,19.5,238,238,
2,6,28,Matt Carlino misses a jump shot from 18 feet out.,97371,,true,false,false,Matt,,Carlino,,BYU,,78,59,9,8,1,,,,,15,2,45,Jump Shot,4,Field Goal Missed,18,-.4,17.6,207,207,
2,6,28,Richard Amardi with a defensive rebound.,120681,,true,false,false,Richard,,Amardi,,Oregon,,78,59,9,8,2,,,,,5,,,,6,Defensive Rebound,,,,238,238,
2,6,12,Richard Amardi with a out of bounds turnover: Out of Bounds,120681,,true,false,false,Richard,,Amardi,,Oregon,,78,59,9,8,2,,,,,5,,3,Out of Bounds,7,Turnover,,,,238,238,
2,6,00,Tyler Haws makes a jump shot from 13 feet out.,88516,,true,false,false,Tyler,,Haws,,BYU,,78,61,9,8,3,,,,,17,2,45,Jump Shot,3,Field Goal Made,13,10.5,8.2,207,207,
2,5,42,Johnathan Loyd makes a jump shot from 14 feet out. Jason Calliste with the assist.,97344,89763,true,true,false,Johnathan,Jason,Loyd,Calliste,Oregon,Oregon,80,61,9,8,2,,,,,4,2,45,Jump Shot,3,Field Goal Made,14,.4,13.5,238,238,
2,5,35,Tyler Haws misses a jump shot from 15 feet out.,88516,,true,false,false,Tyler,,Haws,,BYU,,80,61,9,8,3,,,,,17,2,45,Jump Shot,4,Field Goal Missed,15,10.1,11.5,207,207,
2,5,35,Elgin Cook with a defensive rebound.,120680,,true,false,false,Elgin,,Cook,,Oregon,,80,61,9,8,2,,,,,23,,,,6,Defensive Rebound,,,,238,238,
2,5,01,Joseph Young makes a jump shot from 12 feet out.,97687,,true,false,false,Joseph,,Young,,Oregon,,82,61,9,8,0,,,,,19,2,45,Jump Shot,3,Field Goal Made,12,1.8,11.5,238,238,
2,4,40,Matt Carlino misses a jump shot from 17 feet out.,97371,,true,false,false,Matt,,Carlino,,BYU,,82,61,9,8,1,,,,,15,2,45,Jump Shot,4,Field Goal Missed,17,11,12.8,207,207,
2,4,40,Elgin Cook with a defensive rebound.,120680,,true,false,false,Elgin,,Cook,,Oregon,,82,61,9,8,2,,,,,23,,,,6,Defensive Rebound,,,,238,238,
2,4,14,Personal foul committed by Matt Carlino.,97371,,true,false,false,Matt,,Carlino,,BYU,,82,61,10,8,2,,,,,15,,1,Personal,8,Foul,,,,207,207,
2,4,14,Johnathan Loyd makes free throw 1 of 2.,97344,,true,false,false,Johnathan,,Loyd,,Oregon,,83,61,10,8,2,,,,,5,1,11,Free Throw 1 of 2,1,Free Throw Made,,,,238,238,
2,4,14,Johnathan Loyd makes free throw 2 of 2.,97344,,true,false,false,Johnathan,,Loyd,,Oregon,,84,61,10,8,2,,,,,6,1,12,Free Throw 2 of 2,1,Free Throw Made,,,,238,238,
2,3,55,Skyler Halford misses a jump shot from 12 feet out.,81090,,true,false,false,Skyler,,Halford,,BYU,,84,61,10,8,2,,,,,0,2,45,Jump Shot,4,Field Goal Missed,12,3,11.1,207,207,
2,3,55,Eric Mika with an offensive rebound.,121157,,true,false,false,Eric,,Mika,,BYU,,84,61,10,8,4,,,,,14,,,,5,Offensive Rebound,,,,207,207,
2,3,55,Eric Mika misses a jump shot from 8 feet out.,121157,,true,false,false,Eric,,Mika,,BYU,,84,61,10,8,4,,,,,14,2,45,Jump Shot,4,Field Goal Missed,8,-4,6.9,207,207,
2,3,55,Nate Austin with an offensive rebound.,110532,,true,false,false,Nate,,Austin,,BYU,,84,61,10,8,4,,,,,2,,,,5,Offensive Rebound,,,,207,207,
2,3,51,Nate Austin with a traveling turnover: Traveling,110532,,true,false,false,Nate,,Austin,,BYU,,84,61,10,8,4,,,,,2,,4,Traveling,7,Turnover,,,,207,207,
2,3,51,Official TV timeout.,,,false,false,false,,,,,,,84,61,10,8,0,,,,,0,,3,Official TV,11,Timeout,,,,238,238,
2,3,29,Personal foul committed by Anson Winder.,97803,,true,false,false,Anson,,Winder,,BYU,,84,61,11,8,2,,,,,3,,1,Personal,8,Foul,,,,207,207,
2,3,29,Jalil Abdul-Bassit makes free throw 1 of 2.,120679,,true,false,false,Jalil,,Abdul-Bassit,,Oregon,,85,61,11,8,0,,,,,1,1,11,Free Throw 1 of 2,1,Free Throw Made,,,,238,238,
2,3,29,Jalil Abdul-Bassit makes free throw 2 of 2.,120679,,true,false,false,Jalil,,Abdul-Bassit,,Oregon,,86,61,11,8,0,,,,,2,1,12,Free Throw 2 of 2,1,Free Throw Made,,,,238,238,
2,3,21,Shooting foul committed by Richard Amardi.,120681,,true,false,false,Richard,,Amardi,,Oregon,,86,61,11,9,3,,,,,5,,2,Shooting,8,Foul,,,,238,238,
2,3,21,Eric Mika misses free throw 1 of 2.,121157,,true,false,false,Eric,,Mika,,BYU,,86,61,11,9,4,,,,,14,1,11,Free Throw 1 of 2,2,Free Throw Missed,,,,207,207,
2,3,21,BYU with an offensive rebound.,,,false,false,false,,,,,,,86,61,11,9,0,,,,,0,,,,5,Offensive Rebound,,,,207,207,
2,3,21,Eric Mika makes free throw 2 of 2.,121157,,true,false,false,Eric,,Mika,,BYU,,86,62,11,9,4,,,,,15,1,12,Free Throw 2 of 2,1,Free Throw Made,,,,207,207,
2,2,57,Richard Amardi misses a jump shot from 8 feet out.,120681,,true,false,false,Richard,,Amardi,,Oregon,,86,62,11,9,3,,,,,5,2,45,Jump Shot,4,Field Goal Missed,8,6.7,4.7,238,238,
2,2,57,Damyean Dotson with an offensive rebound.,116609,,true,false,false,Damyean,,Dotson,,Oregon,,86,62,11,9,0,,,,,4,,,,5,Offensive Rebound,,,,238,238,
2,2,18,Damyean Dotson misses a jump shot from 9 feet out.,116609,,true,false,false,Damyean,,Dotson,,Oregon,,86,62,11,9,0,,,,,4,2,45,Jump Shot,4,Field Goal Missed,9,6.7,6.2,238,238,
2,2,18,Eric Mika with a defensive rebound.,121157,,true,false,false,Eric,,Mika,,BYU,,86,62,11,9,4,,,,,15,,,,6,Defensive Rebound,,,,207,207,
2,2,14,Skyler Halford misses a 3-point jump shot from 24 feet out.,81090,,true,false,false,Skyler,,Halford,,BYU,,86,62,11,9,2,,,,,0,3,45,Jump Shot,4,Field Goal Missed,24,-17.4,17.1,207,207,
2,2,14,Mike Moser with a defensive rebound.,88881,,true,false,false,Mike,,Moser,,Oregon,,86,62,11,9,5,,,,,7,,,,6,Defensive Rebound,,,,238,238,
2,2,01,Personal foul committed by Skyler Halford.,81090,,true,false,false,Skyler,,Halford,,BYU,,86,62,12,9,3,,,,,0,,1,Personal,8,Foul,,,,207,207,
2,2,01,Dominic Artis misses free throw 1 of 2.,116606,,true,false,false,Dominic,,Artis,,Oregon,,86,62,12,9,1,,,,,2,1,11,Free Throw 1 of 2,2,Free Throw Missed,,,,238,238,
2,2,01,Oregon with an offensive rebound.,,,false,false,false,,,,,,,86,62,12,9,0,,,,,0,,,,5,Offensive Rebound,,,,238,238,
2,2,01,Dominic Artis makes free throw 2 of 2.,116606,,true,false,false,Dominic,,Artis,,Oregon,,87,62,12,9,1,,,,,3,1,12,Free Throw 2 of 2,1,Free Throw Made,,,,238,238,
2,1,52,Anson Winder makes a jump shot from 7 feet out. Tyler Haws with the assist.,97803,88516,true,true,false,Anson,Tyler,Winder,Haws,BYU,BYU,87,64,12,9,2,,,,,5,2,45,Jump Shot,3,Field Goal Made,7,2.6,6,207,207,
2,1,18,Brian Crow misses a 3-point jump shot from 27 feet out.,122289,,true,false,false,Brian,,Crow,,Oregon,,87,64,12,9,0,,,,,0,3,45,Jump Shot,4,Field Goal Missed,27,14.2,23,238,238,
2,1,18,Tyler Haws with a defensive rebound.,88516,,true,false,false,Tyler,,Haws,,BYU,,87,64,12,9,3,,,,,17,,,,6,Defensive Rebound,,,,207,207,
2,1,14,Shooting foul committed by Richard Amardi.,120681,,true,false,false,Richard,,Amardi,,Oregon,,87,64,12,10,4,,,,,5,,2,Shooting,8,Foul,,,,238,238,
2,1,14,Tyler Haws makes free throw 1 of 2.,88516,,true,false,false,Tyler,,Haws,,BYU,,87,65,12,10,3,,,,,18,1,11,Free Throw 1 of 2,1,Free Throw Made,,,,207,207,
2,1,14,Tyler Haws makes free throw 2 of 2.,88516,,true,false,false,Tyler,,Haws,,BYU,,87,66,12,10,3,,,,,19,1,12,Free Throw 2 of 2,1,Free Throw Made,,,,207,207,
2,0,43.0,Jalil Abdul-Bassit misses a jump shot from 9 feet out.,120679,,true,false,false,Jalil,,Abdul-Bassit,,Oregon,,87,66,12,10,0,,,,,2,2,45,Jump Shot,4,Field Goal Missed,9,3.8,8.4,238,238,
2,0,43.0,Anson Winder with a defensive rebound.,97803,,true,false,false,Anson,,Winder,,BYU,,87,66,12,10,2,,,,,5,,,,6,Defensive Rebound,,,,207,207,
2,0,34.2,Anson Winder makes a jump shot from 12 feet out.,97803,,true,false,false,Anson,,Winder,,BYU,,87,68,12,10,2,,,,,7,2,45,Jump Shot,3,Field Goal Made,12,6.4,10.4,207,207,
2,0,00,Nicholas Lucenti misses a 3-point jump shot from 25 feet out.,102498,,true,false,false,Nicholas,,Lucenti,,Oregon,,87,68,12,10,0,,,,,0,3,45,Jump Shot,4,Field Goal Missed,25,16.2,18.8,238,238,
2,0,00,Oregon with an offensive rebound.,,,false,false,false,,,,,,,87,68,12,10,0,,,,,0,,,,5,Offensive Rebound,,,,238,238,
2,0,00,End of the 2nd Half,,,false,false,false,,,,,,,87,68,12,10,0,,,,,0,,,,15,End Period,,,,238,238,
2,0,00,End of the Game,,,false,false,false,,,,,,,87,68,12,10,0,,,,,0,,,,19,Game Over,,,,238,238,
