half,time-minutes,time-seconds,details,player1-id,player2-id,player1-linkable,player2-linkable,player3-linkable,player-first-name-1,player-first-name-2,player-last-name-1,player-last-name-2,player-team-alias-1,player-team-alias-2,home-score,visitor-score,visitor-fouls,home-fouls,player-fouls,fastbreak,in-paint,second-chance,off-turnover,player-score,points-type,detail-id,detail-desc,event-id,event-desc,distance,x-coord,y-coord,team-id-1,team-id-2,team-id-3
1,20,00,Start of the 1st Half,,,false,false,false,,,,,,,0,0,0,0,0,,,,,0,,,,14,Start Period,,,,219,219,
1,19,38,Peter Hooley misses a 3-point jump shot from 22 feet out.,109721,,true,false,false,Peter,,Hooley,,Albany,,0,0,0,0,0,,,,,0,3,45,Jump Shot,4,Field Goal Missed,22,-19.1,9.9,1,1,
1,19,38,John Puk with an offensive rebound.,88997,,true,false,false,John,,Puk,,Albany,,0,0,0,0,0,,,,,0,,,,5,Offensive Rebound,,,,1,1,
1,19,34,John Puk misses a jump shot from 6 feet out.,88997,,true,false,false,John,,Puk,,Albany,,0,0,0,0,0,,,,,0,2,45,Jump Shot,4,Field Goal Missed,6,-1.8,6.2,1,1,
1,19,34,Taylor Danaher with a defensive rebound.,111110,,true,false,false,Taylor,,Danaher,,MSM,,0,0,0,0,0,,,,,0,,,,6,Defensive Rebound,,,,219,219,
1,19,33,Personal foul committed by DJ Evans.,116790,,true,false,false,DJ,,Evans,,Albany,,0,0,1,0,1,,,,,0,,1,Personal,8,Foul,,,,1,1,
1,19,10,Sam Prescott misses a 3-point jump shot from 24 feet out.,91410,,true,false,false,Sam,,Prescott,,MSM,,0,0,1,0,0,,,,,0,3,45,Jump Shot,4,Field Goal Missed,24,-13.5,19.5,219,219,
1,19,10,Sam Rowley with a defensive rebound.,109724,,true,false,false,Sam,,Rowley,,Albany,,0,0,1,0,0,,,,,0,,,,6,Defensive Rebound,,,,1,1,
1,18,59,Personal foul committed by Rashad Whack.,89142,,true,false,false,Rashad,,Whack,,MSM,,0,0,1,1,1,,,,,0,,1,Personal,8,Foul,,,,219,219,
1,18,50,Gary Johnson makes a jump shot from 9 feet out.,116791,,true,false,false,Gary,,Johnson,,Albany,,0,2,1,1,0,,,,,2,2,45,Jump Shot,3,Field Goal Made,9,2.5,8.4,1,1,
1,18,31,Personal foul committed by John Puk.,88997,,true,false,false,John,,Puk,,Albany,,0,2,2,1,1,,,,,0,,1,Personal,8,Foul,,,,1,1,
1,18,18,Rashad Whack misses a 3-point jump shot from 24 feet out.,89142,,true,false,false,Rashad,,Whack,,MSM,,0,2,2,1,1,,,,,0,3,45,Jump Shot,4,Field Goal Missed,24,16.2,17.8,219,219,
1,18,18,Sam Rowley with a defensive rebound.,109724,,true,false,false,Sam,,Rowley,,Albany,,0,2,2,1,0,,,,,0,,,,6,Defensive Rebound,,,,1,1,
1,18,00,DJ Evans makes a jump shot from 16 feet out.,116790,,true,false,false,DJ,,Evans,,Albany,,0,4,2,1,1,,,,,2,2,45,Jump Shot,3,Field Goal Made,16,-14.7,7.2,1,1,
1,17,29,Sam Prescott misses a 3-point jump shot from 22 feet out.,91410,,true,false,false,Sam,,Prescott,,MSM,,0,4,2,1,0,,,,,0,3,45,Jump Shot,4,Field Goal Missed,22,21.5,1.4,219,219,
1,17,29,Sam Rowley with a defensive rebound.,109724,,true,false,false,Sam,,Rowley,,Albany,,0,4,2,1,0,,,,,0,,,,6,Defensive Rebound,,,,1,1,
1,16,59,DJ Evans makes a 3-point jump shot from 26 feet out.,116790,,true,false,false,DJ,,Evans,,Albany,,0,7,2,1,1,,,,,5,3,45,Jump Shot,3,Field Goal Made,26,-6.9,24.9,1,1,
1,16,39,Rashad Whack misses a 3-point jump shot from 24 feet out.,89142,,true,false,false,Rashad,,Whack,,MSM,,0,7,2,1,1,,,,,0,3,45,Jump Shot,4,Field Goal Missed,24,11.5,21.2,219,219,
1,16,39,Byron Ashe with an offensive rebound.,121420,,true,false,false,Byron,,Ashe,,MSM,,0,7,2,1,0,,,,,0,,,,5,Offensive Rebound,,,,219,219,
1,16,23,Julian Norfleet misses a jump shot from 6 feet out.,98388,,true,false,false,Julian,,Norfleet,,MSM,,0,7,2,1,0,,,,,0,2,45,Jump Shot,4,Field Goal Missed,6,-1.8,6.2,219,219,
1,16,23,Peter Hooley with a defensive rebound.,109721,,true,false,false,Peter,,Hooley,,Albany,,0,7,2,1,0,,,,,0,,,,6,Defensive Rebound,,,,1,1,
1,16,16,DJ Evans misses a layup shot.,116790,,true,false,false,DJ,,Evans,,Albany,,0,7,2,1,1,,,,,5,2,40,Layup Shot,4,Field Goal Missed,0,0,0,1,1,
1,16,16,Byron Ashe with a defensive rebound.,121420,,true,false,false,Byron,,Ashe,,MSM,,0,7,2,1,0,,,,,0,,,,6,Defensive Rebound,,,,219,219,
1,16,10,Julian Norfleet misses a 3-point jump shot from 22 feet out.,98388,,true,false,false,Julian,,Norfleet,,MSM,,0,7,2,1,0,,,,,0,3,45,Jump Shot,4,Field Goal Missed,22,17.9,13.5,219,219,
1,16,10,Rashad Whack with an offensive rebound.,89142,,true,false,false,Rashad,,Whack,,MSM,,0,7,2,1,1,,,,,0,,,,5,Offensive Rebound,,,,219,219,
1,16,06,Rashad Whack misses a jump shot from 17 feet out.,89142,,true,false,false,Rashad,,Whack,,MSM,,0,7,2,1,1,,,,,0,2,45,Jump Shot,4,Field Goal Missed,17,-13,10.6,219,219,
1,16,06,Sam Rowley with a defensive rebound.,109724,,true,false,false,Sam,,Rowley,,Albany,,0,7,2,1,0,,,,,0,,,,6,Defensive Rebound,,,,1,1,
1,15,53,Shooting foul committed by Taylor Danaher.,111110,,true,false,false,Taylor,,Danaher,,MSM,,0,7,2,2,1,,,,,0,,2,Shooting,8,Foul,,,,219,219,
1,15,53,Official TV timeout.,,,false,false,false,,,,,,,0,7,2,2,0,,,,,0,,3,Official TV,11,Timeout,,,,219,219,
1,15,53,John Puk makes free throw 1 of 2.,88997,,true,false,false,John,,Puk,,Albany,,0,8,2,2,1,,,,,1,1,11,Free Throw 1 of 2,1,Free Throw Made,,,,1,1,
1,15,53,John Puk makes free throw 2 of 2.,88997,,true,false,false,John,,Puk,,Albany,,0,9,2,2,1,,,,,2,1,12,Free Throw 2 of 2,1,Free Throw Made,,,,1,1,
1,15,25,Rashad Whack misses a layup shot.,89142,,true,false,false,Rashad,,Whack,,MSM,,0,9,2,2,1,,,,,0,2,40,Layup Shot,4,Field Goal Missed,0,0,0,219,219,
1,15,25,Sam Rowley with a defensive rebound.,109724,,true,false,false,Sam,,Rowley,,Albany,,0,9,2,2,0,,,,,0,,,,6,Defensive Rebound,,,,1,1,
1,15,18,Peter Hooley misses a layup shot.,109721,,true,false,false,Peter,,Hooley,,Albany,,0,9,2,2,0,,,,,0,2,40,Layup Shot,4,Field Goal Missed,0,0,0,1,1,
1,15,18,Khalid Nwandu with a defensive rebound.,121423,,true,false,false,Khalid,,Nwandu,,MSM,,0,9,2,2,0,,,,,0,,,,6,Defensive Rebound,,,,219,219,
1,14,55,Sam Prescott misses a jump shot from 14 feet out.,91410,,true,false,false,Sam,,Prescott,,MSM,,0,9,2,2,0,,,,,0,2,45,Jump Shot,4,Field Goal Missed,14,13.2,5,219,219,
1,14,55,Gary Johnson with a defensive rebound.,116791,,true,false,false,Gary,,Johnson,,Albany,,0,9,2,2,0,,,,,2,,,,6,Defensive Rebound,,,,1,1,
1,14,35,DJ Evans makes a layup shot.,116790,,true,false,false,DJ,,Evans,,Albany,,0,11,2,2,1,,,,,7,2,40,Layup Shot,3,Field Goal Made,0,0,0,1,1,
1,14,24,Rashad Whack misses a 3-point jump shot from 22 feet out.,89142,,true,false,false,Rashad,,Whack,,MSM,,0,11,2,2,1,,,,,0,3,45,Jump Shot,4,Field Goal Missed,22,-19.3,11.5,219,219,
1,14,24,Peter Hooley with a defensive rebound.,109721,,true,false,false,Peter,,Hooley,,Albany,,0,11,2,2,0,,,,,0,,,,6,Defensive Rebound,,,,1,1,
1,14,00,DJ Evans misses a 3-point jump shot from 22 feet out.,116790,,true,false,false,DJ,,Evans,,Albany,,0,11,2,2,1,,,,,7,3,45,Jump Shot,4,Field Goal Missed,22,14.9,16.2,1,1,
1,14,00,Julian Norfleet with a defensive rebound.,98388,,true,false,false,Julian,,Norfleet,,MSM,,0,11,2,2,0,,,,,0,,,,6,Defensive Rebound,,,,219,219,
1,13,51,Julian Norfleet misses a layup shot.,98388,,true,false,false,Julian,,Norfleet,,MSM,,0,11,2,2,0,,,,,0,2,40,Layup Shot,4,Field Goal Missed,0,0,0,219,219,
1,13,51,Gary Johnson with a defensive rebound.,116791,,true,false,false,Gary,,Johnson,,Albany,,0,11,2,2,0,,,,,2,,,,6,Defensive Rebound,,,,1,1,
1,13,33,Gary Johnson makes a jump shot from 20 feet out. DJ Evans with the assist.,116791,116790,true,true,false,Gary,DJ,Johnson,Evans,Albany,Albany,0,13,2,2,0,,,,,4,2,45,Jump Shot,3,Field Goal Made,20,-.1,20.3,1,1,
1,13,31,MSM take a full timeout.,,,false,false,false,,,,,,,0,13,2,2,0,,,,,0,,1,Regular,11,Timeout,,,,219,219,
1,13,15,Rashad Whack makes a jump shot from 6 feet out. Julian Norfleet with the assist.,89142,98388,true,true,false,Rashad,Julian,Whack,Norfleet,MSM,MSM,2,13,2,2,1,,,,,2,2,45,Jump Shot,3,Field Goal Made,6,5.5,2.5,219,219,
1,13,00,Gary Johnson makes a layup shot.,116791,,true,false,false,Gary,,Johnson,,Albany,,2,15,2,2,0,,,,,6,2,40,Layup Shot,3,Field Goal Made,0,0,0,1,1,
1,12,41,Julian Norfleet with a lost ball turnover: Lost Ball,98388,,true,false,false,Julian,,Norfleet,,MSM,,2,15,2,2,0,,,,,0,,2,Lost Ball,7,Turnover,,,,219,219,
1,12,35,Gary Johnson makes a layup shot. DJ Evans with the assist.,116791,116790,true,true,false,Gary,DJ,Johnson,Evans,Albany,Albany,2,17,2,2,0,,,,,8,2,40,Layup Shot,3,Field Goal Made,0,0,0,1,1,
1,12,08,Julian Norfleet with a lost ball turnover: Lost Ball,98388,,true,false,false,Julian,,Norfleet,,MSM,,2,17,2,2,0,,,,,0,,2,Lost Ball,7,Turnover,,,,219,219,
1,12,04,DJ Evans makes a layup shot.,116790,,true,false,false,DJ,,Evans,,Albany,,2,19,2,2,1,,,,,9,2,40,Layup Shot,3,Field Goal Made,0,0,0,1,1,
1,11,49,Julian Norfleet misses a 3-point jump shot from 24 feet out.,98388,,true,false,false,Julian,,Norfleet,,MSM,,2,19,2,2,0,,,,,0,3,45,Jump Shot,4,Field Goal Missed,24,5.5,23,219,219,
1,11,49,MSM with an offensive rebound.,,,false,false,false,,,,,,,2,19,2,2,0,,,,,0,,,,5,Offensive Rebound,,,,219,219,
1,11,48,Personal foul committed by Sam Rowley.,109724,,true,false,false,Sam,,Rowley,,Albany,,2,19,3,2,1,,,,,0,,1,Personal,8,Foul,,,,1,1,
1,11,48,Official TV timeout.,,,false,false,false,,,,,,,2,19,3,2,0,,,,,0,,3,Official TV,11,Timeout,,,,219,219,
1,11,41,Rashad Whack misses a 3-point jump shot from 23 feet out.,89142,,true,false,false,Rashad,,Whack,,MSM,,2,19,3,2,1,,,,,2,3,45,Jump Shot,4,Field Goal Missed,23,19,12.3,219,219,
1,11,41,DJ Evans with a defensive rebound.,116790,,true,false,false,DJ,,Evans,,Albany,,2,19,3,2,1,,,,,9,,,,6,Defensive Rebound,,,,1,1,
1,11,31,Peter Hooley makes a layup shot. Luke Devlin with the assist.,109721,98083,true,true,false,Peter,Luke,Hooley,Devlin,Albany,Albany,2,21,3,2,0,,,,,2,2,40,Layup Shot,3,Field Goal Made,0,0,0,1,1,
1,11,16,Will Miller makes a 3-point jump shot from 23 feet out. Julian Norfleet with the assist.,121422,98388,true,true,false,Will,Julian,Miller,Norfleet,MSM,MSM,5,21,3,2,0,,,,,3,3,45,Jump Shot,3,Field Goal Made,23,-4.8,22.7,219,219,
1,10,50,Sam Rowley with a traveling turnover: Traveling,109724,,true,false,false,Sam,,Rowley,,Albany,,5,21,3,2,1,,,,,0,,4,Traveling,7,Turnover,,,,1,1,
1,10,25,Julian Norfleet misses a 3-point jump shot from 24 feet out.,98388,,true,false,false,Julian,,Norfleet,,MSM,,5,21,3,2,0,,,,,0,3,45,Jump Shot,4,Field Goal Missed,24,-9.6,21.7,219,219,
1,10,25,Gary Johnson with a defensive rebound.,116791,,true,false,false,Gary,,Johnson,,Albany,,5,21,3,2,0,,,,,8,,,,6,Defensive Rebound,,,,1,1,
1,10,05,Luke Devlin with a traveling turnover: Traveling,98083,,true,false,false,Luke,,Devlin,,Albany,,5,21,3,2,0,,,,,0,,4,Traveling,7,Turnover,,,,1,1,
1,9,49,Rashad Whack makes a jump shot from 7 feet out. Julian Norfleet with the assist.,89142,98388,true,true,false,Rashad,Julian,Whack,Norfleet,MSM,MSM,7,21,3,2,1,,,,,4,2,45,Jump Shot,3,Field Goal Made,7,.3,6.7,219,219,
1,9,49,Shooting foul committed by Luke Devlin.,98083,,true,false,false,Luke,,Devlin,,Albany,,7,21,4,2,1,,,,,0,,2,Shooting,8,Foul,,,,1,1,
1,9,49,Rashad Whack misses free throw 1 of 1.,89142,,true,false,false,Rashad,,Whack,,MSM,,7,21,4,2,1,,,,,4,1,10,Free Throw 1 of 1,2,Free Throw Missed,,,,219,219,
1,9,49,John Puk with a defensive rebound.,88997,,true,false,false,John,,Puk,,Albany,,7,21,4,2,1,,,,,2,,,,6,Defensive Rebound,,,,1,1,
1,9,31,Peter Hooley misses a 3-point jump shot from 22 feet out.,109721,,true,false,false,Peter,,Hooley,,Albany,,7,21,4,2,0,,,,,2,3,45,Jump Shot,4,Field Goal Missed,22,21.5,3,1,1,
1,9,31,Sam Prescott with a defensive rebound.,91410,,true,false,false,Sam,,Prescott,,MSM,,7,21,4,2,0,,,,,0,,,,6,Defensive Rebound,,,,219,219,
1,9,18,Julian Norfleet makes a 3-point jump shot from 24 feet out. Will Miller with the assist.,98388,121422,true,true,false,Julian,Will,Norfleet,Miller,MSM,MSM,10,21,4,2,0,,,,,3,3,45,Jump Shot,3,Field Goal Made,24,18.1,16.1,219,219,
1,9,13,Albany take a full timeout.,,,false,false,false,,,,,,,10,21,4,2,0,,,,,0,,1,Regular,11,Timeout,,,,1,1,
1,9,08,John Puk with a lost ball turnover: Lost Ball,88997,,true,false,false,John,,Puk,,Albany,,10,21,4,2,1,,,,,2,,2,Lost Ball,7,Turnover,,,,1,1,
1,8,58,Will Miller makes a 3-point jump shot from 22 feet out. Taylor Danaher with the assist.,121422,111110,true,true,false,Will,Taylor,Miller,Danaher,MSM,MSM,13,21,4,2,0,,,,,6,3,45,Jump Shot,3,Field Goal Made,22,-14,16.7,219,219,
1,8,44,Peter Hooley misses a jump shot from 15 feet out.,109721,,true,false,false,Peter,,Hooley,,Albany,,13,21,4,2,0,,,,,2,2,45,Jump Shot,4,Field Goal Missed,15,13,7.4,1,1,
1,8,44,MSM with a defensive rebound.,,,false,false,false,,,,,,,13,21,4,2,0,,,,,0,,,,6,Defensive Rebound,,,,219,219,
1,8,42,Personal foul committed by Sam Rowley.,109724,,true,false,false,Sam,,Rowley,,Albany,,13,21,5,2,2,,,,,0,,1,Personal,8,Foul,,,,1,1,
1,8,11,Will Miller misses a 3-point jump shot from 24 feet out.,121422,,true,false,false,Will,,Miller,,MSM,,13,21,5,2,0,,,,,6,3,45,Jump Shot,4,Field Goal Missed,24,-.1,24.1,219,219,
1,8,11,Peter Hooley with a defensive rebound.,109721,,true,false,false,Peter,,Hooley,,Albany,,13,21,5,2,0,,,,,2,,,,6,Defensive Rebound,,,,1,1,
1,7,43,Gary Johnson misses a jump shot from 10 feet out.,116791,,true,false,false,Gary,,Johnson,,Albany,,13,21,5,2,0,,,,,8,2,45,Jump Shot,4,Field Goal Missed,10,3.7,9.3,1,1,
1,7,43,Will Miller with a defensive rebound.,121422,,true,false,false,Will,,Miller,,MSM,,13,21,5,2,0,,,,,6,,,,6,Defensive Rebound,,,,219,219,
1,7,36,Sam Prescott makes a layup shot.,91410,,true,false,false,Sam,,Prescott,,MSM,,15,21,5,2,0,,,,,2,2,40,Layup Shot,3,Field Goal Made,0,0,0,219,219,
1,7,26,Sam Rowley with a bad pass turnover: Bad Pass,109724,,true,false,false,Sam,,Rowley,,Albany,,15,21,5,2,2,,,,,0,,1,Bad Pass,7,Turnover,,,,1,1,
1,7,26,Official TV timeout.,,,false,false,false,,,,,,,15,21,5,2,0,,,,,0,,3,Official TV,11,Timeout,,,,219,219,
1,7,03,Taylor Danaher makes a hook shot from 7 feet out. Rashad Whack with the assist.,111110,89142,true,true,false,Taylor,Rashad,Danaher,Whack,MSM,MSM,17,21,5,2,1,,,,,2,2,55,Hook Shot,3,Field Goal Made,7,-.1,6.9,219,219,
1,6,42,John Puk misses a jump shot from 16 feet out.,88997,,true,false,false,John,,Puk,,Albany,,17,21,5,2,1,,,,,2,2,45,Jump Shot,4,Field Goal Missed,16,10.1,12.5,1,1,
1,6,42,Julian Norfleet with a defensive rebound.,98388,,true,false,false,Julian,,Norfleet,,MSM,,17,21,5,2,0,,,,,3,,,,6,Defensive Rebound,,,,219,219,
1,6,35,Will Miller makes a 3-point jump shot from 25 feet out. Julian Norfleet with the assist.,121422,98388,true,true,false,Will,Julian,Miller,Norfleet,MSM,MSM,20,21,5,2,0,,,,,9,3,45,Jump Shot,3,Field Goal Made,25,0,25,219,219,
1,6,01,Sam Rowley makes a layup shot.,109724,,true,false,false,Sam,,Rowley,,Albany,,20,23,5,2,2,,,,,2,2,40,Layup Shot,3,Field Goal Made,0,0,0,1,1,
1,5,41,Will Miller misses a 3-point jump shot from 24 feet out.,121422,,true,false,false,Will,,Miller,,MSM,,20,23,5,2,0,,,,,9,3,45,Jump Shot,4,Field Goal Missed,24,-3,23.7,219,219,
1,5,41,DJ Evans with a defensive rebound.,116790,,true,false,false,DJ,,Evans,,Albany,,20,23,5,2,1,,,,,9,,,,6,Defensive Rebound,,,,1,1,
1,5,34,DJ Evans misses a jump shot from 18 feet out.,116790,,true,false,false,DJ,,Evans,,Albany,,20,23,5,2,1,,,,,9,2,45,Jump Shot,4,Field Goal Missed,18,-.9,18.3,1,1,
1,5,34,Sam Prescott with a defensive rebound.,91410,,true,false,false,Sam,,Prescott,,MSM,,20,23,5,2,0,,,,,2,,,,6,Defensive Rebound,,,,219,219,
1,5,26,Sam Prescott makes a 3-point jump shot from 24 feet out. Julian Norfleet with the assist.,91410,98388,true,true,false,Sam,Julian,Prescott,Norfleet,MSM,MSM,23,23,5,2,0,,,,,5,3,45,Jump Shot,3,Field Goal Made,24,18.1,16.1,219,219,
1,5,12,Shooting foul committed by Rashad Whack.,89142,,true,false,false,Rashad,,Whack,,MSM,,23,23,5,3,2,,,,,4,,2,Shooting,8,Foul,,,,219,219,
1,5,12,Peter Hooley makes free throw 1 of 2.,109721,,true,false,false,Peter,,Hooley,,Albany,,23,24,5,3,0,,,,,3,1,11,Free Throw 1 of 2,1,Free Throw Made,,,,1,1,
1,5,12,Peter Hooley makes free throw 2 of 2.,109721,,true,false,false,Peter,,Hooley,,Albany,,23,25,5,3,0,,,,,4,1,12,Free Throw 2 of 2,1,Free Throw Made,,,,1,1,
1,5,01,Rashad Whack makes a 3-point jump shot from 24 feet out. Julian Norfleet with the assist.,89142,98388,true,true,false,Rashad,Julian,Whack,Norfleet,MSM,MSM,26,25,5,3,2,,,,,7,3,45,Jump Shot,3,Field Goal Made,24,-6.2,22.7,219,219,
1,4,24,John Puk makes a hook shot from 6 feet out.,88997,,true,false,false,John,,Puk,,Albany,,26,27,5,3,1,,,,,4,2,55,Hook Shot,3,Field Goal Made,6,-1.1,6.4,1,1,
1,4,09,Shooting foul committed by Gary Johnson.,116791,,true,false,false,Gary,,Johnson,,Albany,,26,27,6,3,1,,,,,8,,2,Shooting,8,Foul,,,,1,1,
1,4,09,Rashad Whack makes free throw 1 of 2.,89142,,true,false,false,Rashad,,Whack,,MSM,,27,27,6,3,2,,,,,8,1,11,Free Throw 1 of 2,1,Free Throw Made,,,,219,219,
1,4,09,Rashad Whack makes free throw 2 of 2.,89142,,true,false,false,Rashad,,Whack,,MSM,,28,27,6,3,2,,,,,9,1,12,Free Throw 2 of 2,1,Free Throw Made,,,,219,219,
1,4,08,Sam Rowley with a lost ball turnover: Lost Ball,109724,,true,false,false,Sam,,Rowley,,Albany,,28,27,6,3,2,,,,,2,,2,Lost Ball,7,Turnover,,,,1,1,
1,4,01,Sam Prescott misses a jump shot from 16 feet out.,91410,,true,false,false,Sam,,Prescott,,MSM,,28,27,6,3,0,,,,,5,2,45,Jump Shot,4,Field Goal Missed,16,6,15,219,219,
1,4,01,Gregory Graves with an offensive rebound.,116450,,true,false,false,Gregory,,Graves,,MSM,,28,27,6,3,0,,,,,0,,,,5,Offensive Rebound,,,,219,219,
1,3,52,Gregory Graves misses a layup shot.,116450,,true,false,false,Gregory,,Graves,,MSM,,28,27,6,3,0,,,,,0,2,40,Layup Shot,4,Field Goal Missed,0,0,0,219,219,
1,3,52,Sam Rowley with a defensive rebound.,109724,,true,false,false,Sam,,Rowley,,Albany,,28,27,6,3,2,,,,,2,,,,6,Defensive Rebound,,,,1,1,
1,3,27,Sam Rowley with a traveling turnover: Traveling,109724,,true,false,false,Sam,,Rowley,,Albany,,28,27,6,3,2,,,,,2,,4,Traveling,7,Turnover,,,,1,1,
1,3,27,Official TV timeout.,,,false,false,false,,,,,,,28,27,6,3,0,,,,,0,,3,Official TV,11,Timeout,,,,219,219,
1,2,53,Sam Prescott misses a jump shot from 8 feet out.,91410,,true,false,false,Sam,,Prescott,,MSM,,28,27,6,3,0,,,,,5,2,45,Jump Shot,4,Field Goal Missed,8,-7.4,2.8,219,219,
1,2,53,Gregory Graves with an offensive rebound.,116450,,true,false,false,Gregory,,Graves,,MSM,,28,27,6,3,0,,,,,0,,,,5,Offensive Rebound,,,,219,219,
1,2,48,Gregory Graves misses a tip shot from 4 feet out.,116450,,true,false,false,Gregory,,Graves,,MSM,,28,27,6,3,0,,,,,0,2,53,Tip Shot,4,Field Goal Missed,4,.3,4.5,219,219,
1,2,48,Gary Johnson with a defensive rebound.,116791,,true,false,false,Gary,,Johnson,,Albany,,28,27,6,3,1,,,,,8,,,,6,Defensive Rebound,,,,1,1,
1,2,28,Offensive foul committed by Gary Johnson.,116791,,true,false,false,Gary,,Johnson,,Albany,,28,27,7,3,2,,,,,8,,4,Offensive,8,Foul,,,,1,1,
1,2,28,Gary Johnson with a  turnover:,116791,,true,false,false,Gary,,Johnson,,Albany,,28,27,7,3,2,,,,,8,,,,7,Turnover,,,,1,1,
1,2,03,Sam Prescott misses a 3-point jump shot from 22 feet out.,91410,,true,false,false,Sam,,Prescott,,MSM,,28,27,7,3,0,,,,,5,3,45,Jump Shot,4,Field Goal Missed,22,18.1,13.3,219,219,
1,2,03,DJ Evans with a defensive rebound.,116790,,true,false,false,DJ,,Evans,,Albany,,28,27,7,3,1,,,,,9,,,,6,Defensive Rebound,,,,1,1,
1,1,42,Shooting foul committed by Julian Norfleet.,98388,,true,false,false,Julian,,Norfleet,,MSM,,28,27,7,4,1,,,,,3,,2,Shooting,8,Foul,,,,219,219,
1,1,42,DJ Evans makes free throw 1 of 2.,116790,,true,false,false,DJ,,Evans,,Albany,,28,28,7,4,1,,,,,10,1,11,Free Throw 1 of 2,1,Free Throw Made,,,,1,1,
1,1,42,DJ Evans makes free throw 2 of 2.,116790,,true,false,false,DJ,,Evans,,Albany,,28,29,7,4,1,,,,,11,1,12,Free Throw 2 of 2,1,Free Throw Made,,,,1,1,
1,1,15,Rashad Whack makes a 3-point jump shot from 22 feet out. Will Miller with the assist.,89142,121422,true,true,false,Rashad,Will,Whack,Miller,MSM,MSM,31,29,7,4,2,,,,,12,3,45,Jump Shot,3,Field Goal Made,22,-22,3,219,219,
1,1,02,Sam Rowley makes a layup shot. Peter Hooley with the assist.,109724,109721,true,true,false,Sam,Peter,Rowley,Hooley,Albany,Albany,31,31,7,4,2,,,,,4,2,40,Layup Shot,3,Field Goal Made,0,0,0,1,1,
1,1,02,Shooting foul committed by Taylor Danaher.,111110,,true,false,false,Taylor,,Danaher,,MSM,,31,31,7,5,2,,,,,2,,2,Shooting,8,Foul,,,,219,219,
1,1,02,Sam Rowley misses free throw 1 of 1.,109724,,true,false,false,Sam,,Rowley,,Albany,,31,31,7,5,2,,,,,4,1,10,Free Throw 1 of 1,2,Free Throw Missed,,,,1,1,
1,1,02,Gregory Graves with a defensive rebound.,116450,,true,false,false,Gregory,,Graves,,MSM,,31,31,7,5,0,,,,,0,,,,6,Defensive Rebound,,,,219,219,
1,0,44.4,Sam Prescott with a lost ball turnover: Lost Ball,91410,,true,false,false,Sam,,Prescott,,MSM,,31,31,7,5,0,,,,,5,,2,Lost Ball,7,Turnover,,,,219,219,
1,0,41.0,Peter Hooley makes a layup shot. DJ Evans with the assist.,109721,116790,true,true,false,Peter,DJ,Hooley,Evans,Albany,Albany,31,33,7,5,0,,,,,6,2,40,Layup Shot,3,Field Goal Made,0,0,0,1,1,
1,0,33.7,Rashad Whack misses a 3-point jump shot from 24 feet out.,89142,,true,false,false,Rashad,,Whack,,MSM,,31,33,7,5,2,,,,,12,3,45,Jump Shot,4,Field Goal Missed,24,-19.8,12.7,219,219,
1,0,33.7,DJ Evans with a defensive rebound.,116790,,true,false,false,DJ,,Evans,,Albany,,31,33,7,5,1,,,,,11,,,,6,Defensive Rebound,,,,1,1,
1,0,03.6,DJ Evans makes a jump shot from 15 feet out.,116790,,true,false,false,DJ,,Evans,,Albany,,31,35,7,5,1,,,,,13,2,45,Jump Shot,3,Field Goal Made,15,-14.5,2.1,1,1,
1,0,00,End of the 1st Half,,,false,false,false,,,,,,,31,35,7,5,0,,,,,0,,,,15,End Period,,,,219,219,
2,20,00,Start of the 2nd Half,,,false,false,false,,,,,,,31,35,0,0,0,,,,,0,,,,14,Start Period,,,,219,219,
2,19,50,Taylor Danaher misses a layup shot.,111110,,true,false,false,Taylor,,Danaher,,MSM,,31,35,0,0,2,,,,,2,2,40,Layup Shot,4,Field Goal Missed,0,0,0,219,219,
2,19,50,Gary Johnson with a defensive rebound.,116791,,true,false,false,Gary,,Johnson,,Albany,,31,35,0,0,2,,,,,8,,,,6,Defensive Rebound,,,,1,1,
2,19,23,John Puk makes a hook shot from 6 feet out. Sam Rowley with the assist.,88997,109724,true,true,false,John,Sam,Puk,Rowley,Albany,Albany,31,37,0,0,1,,,,,6,2,55,Hook Shot,3,Field Goal Made,6,6,2.1,1,1,
2,19,05,Rashad Whack misses a layup shot.,89142,,true,false,false,Rashad,,Whack,,MSM,,31,37,0,0,2,,,,,12,2,40,Layup Shot,4,Field Goal Missed,0,0,0,219,219,
2,19,05,Sam Rowley with a defensive rebound.,109724,,true,false,false,Sam,,Rowley,,Albany,,31,37,0,0,2,,,,,4,,,,6,Defensive Rebound,,,,1,1,
2,18,33,Sam Rowley misses a jump shot from 5 feet out.,109724,,true,false,false,Sam,,Rowley,,Albany,,31,37,0,0,2,,,,,4,2,45,Jump Shot,4,Field Goal Missed,5,-3.3,3.5,1,1,
2,18,33,John Puk with an offensive rebound.,88997,,true,false,false,John,,Puk,,Albany,,31,37,0,0,1,,,,,6,,,,5,Offensive Rebound,,,,1,1,
2,18,27,John Puk misses a jump shot from 7 feet out.,88997,,true,false,false,John,,Puk,,Albany,,31,37,0,0,1,,,,,6,2,45,Jump Shot,4,Field Goal Missed,7,6,2.5,1,1,
2,18,27,Julian Norfleet with a defensive rebound.,98388,,true,false,false,Julian,,Norfleet,,MSM,,31,37,0,0,1,,,,,3,,,,6,Defensive Rebound,,,,219,219,
2,18,06,Julian Norfleet makes a layup shot.,98388,,true,false,false,Julian,,Norfleet,,MSM,,33,37,0,0,1,,,,,5,2,40,Layup Shot,3,Field Goal Made,0,0,0,219,219,
2,18,06,Shooting foul committed by Gary Johnson.,116791,,true,false,false,Gary,,Johnson,,Albany,,33,37,1,0,3,,,,,8,,2,Shooting,8,Foul,,,,1,1,
2,18,06,Julian Norfleet misses free throw 1 of 1.,98388,,true,false,false,Julian,,Norfleet,,MSM,,33,37,1,0,1,,,,,5,1,10,Free Throw 1 of 1,2,Free Throw Missed,,,,219,219,
2,18,06,Sam Prescott with an offensive rebound.,91410,,true,false,false,Sam,,Prescott,,MSM,,33,37,1,0,0,,,,,5,,,,5,Offensive Rebound,,,,219,219,
2,18,06,Sam Prescott makes a tip shot from 4 feet out.,91410,,true,false,false,Sam,,Prescott,,MSM,,35,37,1,0,0,,,,,7,2,53,Tip Shot,3,Field Goal Made,4,2.1,2.8,219,219,
2,17,34,Personal foul committed by Byron Ashe.,121420,,true,false,false,Byron,,Ashe,,MSM,,35,37,1,1,1,,,,,0,,1,Personal,8,Foul,,,,219,219,
2,17,30,Peter Hooley misses a 3-point jump shot from 24 feet out.,109721,,true,false,false,Peter,,Hooley,,Albany,,35,37,1,1,0,,,,,6,3,45,Jump Shot,4,Field Goal Missed,24,11.8,21,1,1,
2,17,30,Gary Johnson with an offensive rebound.,116791,,true,false,false,Gary,,Johnson,,Albany,,35,37,1,1,3,,,,,8,,,,5,Offensive Rebound,,,,1,1,
2,17,25,Gary Johnson makes a tip shot from 3 feet out.,116791,,true,false,false,Gary,,Johnson,,Albany,,35,39,1,1,3,,,,,10,2,53,Tip Shot,3,Field Goal Made,3,.3,3,1,1,
2,17,13,Sam Prescott makes a jump shot from 18 feet out.,91410,,true,false,false,Sam,,Prescott,,MSM,,37,39,1,1,0,,,,,9,2,45,Jump Shot,3,Field Goal Made,18,-3,18,219,219,
2,17,09,Sam Rowley with a out of bounds turnover: Out of Bounds,109724,,true,false,false,Sam,,Rowley,,Albany,,37,39,1,1,2,,,,,4,,3,Out of Bounds,7,Turnover,,,,1,1,
2,17,05,Julian Norfleet misses a jump shot from 18 feet out.,98388,,true,false,false,Julian,,Norfleet,,MSM,,37,39,1,1,1,,,,,5,2,45,Jump Shot,4,Field Goal Missed,18,2.6,17.6,219,219,
2,17,05,John Puk with a defensive rebound.,88997,,true,false,false,John,,Puk,,Albany,,37,39,1,1,1,,,,,6,,,,6,Defensive Rebound,,,,1,1,
2,16,59,DJ Evans with a lost ball turnover: Lost Ball,116790,,true,false,false,DJ,,Evans,,Albany,,37,39,1,1,1,,,,,13,,2,Lost Ball,7,Turnover,,,,1,1,
2,16,54,Will Miller makes a 3-point jump shot from 23 feet out. Rashad Whack with the assist.,121422,89142,true,true,false,Will,Rashad,Miller,Whack,MSM,MSM,40,39,1,1,0,,,,,12,3,45,Jump Shot,3,Field Goal Made,23,16.1,15.9,219,219,
2,16,24,Sam Rowley with a lost ball turnover: Lost Ball,109724,,true,false,false,Sam,,Rowley,,Albany,,40,39,1,1,2,,,,,4,,2,Lost Ball,7,Turnover,,,,1,1,
2,16,15,Shooting foul committed by Dallas Ennema.,120613,,true,false,false,Dallas,,Ennema,,Albany,,40,39,2,1,1,,,,,0,,2,Shooting,8,Foul,,,,1,1,
2,16,15,Taylor Danaher makes free throw 1 of 2.,111110,,true,false,false,Taylor,,Danaher,,MSM,,41,39,2,1,2,,,,,3,1,11,Free Throw 1 of 2,1,Free Throw Made,,,,219,219,
2,16,15,Taylor Danaher makes free throw 2 of 2.,111110,,true,false,false,Taylor,,Danaher,,MSM,,42,39,2,1,2,,,,,4,1,12,Free Throw 2 of 2,1,Free Throw Made,,,,219,219,
2,16,06,Gary Johnson with a traveling turnover: Traveling,116791,,true,false,false,Gary,,Johnson,,Albany,,42,39,2,1,3,,,,,10,,4,Traveling,7,Turnover,,,,1,1,
2,15,52,Rashad Whack misses a jump shot from 14 feet out.,89142,,true,false,false,Rashad,,Whack,,MSM,,42,39,2,1,2,,,,,12,2,45,Jump Shot,4,Field Goal Missed,14,-9.6,10.1,219,219,
2,15,52,John Puk with a defensive rebound.,88997,,true,false,false,John,,Puk,,Albany,,42,39,2,1,1,,,,,6,,,,6,Defensive Rebound,,,,1,1,
2,15,50,Personal foul committed by Rashad Whack.,89142,,true,false,false,Rashad,,Whack,,MSM,,42,39,2,2,3,,,,,12,,1,Personal,8,Foul,,,,219,219,
2,15,50,Official TV timeout.,,,false,false,false,,,,,,,42,39,2,2,0,,,,,0,,3,Official TV,11,Timeout,,,,219,219,
2,15,50,Sam Rowley with a inbound turnover turnover: Inbound Turnover,109724,,true,false,false,Sam,,Rowley,,Albany,,42,39,2,2,2,,,,,4,,12,Inbound Turnover,7,Turnover,,,,1,1,
2,15,44,Sam Prescott misses a 3-point jump shot from 22 feet out.,91410,,true,false,false,Sam,,Prescott,,MSM,,42,39,2,2,0,,,,,9,3,45,Jump Shot,4,Field Goal Missed,22,16.6,13.9,219,219,
2,15,44,Sam Rowley with a defensive rebound.,109724,,true,false,false,Sam,,Rowley,,Albany,,42,39,2,2,2,,,,,4,,,,6,Defensive Rebound,,,,1,1,
2,15,43,Personal foul committed by Gregory Graves.,116450,,true,false,false,Gregory,,Graves,,MSM,,42,39,2,3,1,,,,,0,,1,Personal,8,Foul,,,,219,219,
2,15,20,Sam Rowley makes a hook shot from 6 feet out.,109724,,true,false,false,Sam,,Rowley,,Albany,,42,41,2,3,2,,,,,6,2,55,Hook Shot,3,Field Goal Made,6,-6,1.8,1,1,
2,14,51,Shooting foul committed by Dallas Ennema.,120613,,true,false,false,Dallas,,Ennema,,Albany,,42,41,3,3,2,,,,,0,,2,Shooting,8,Foul,,,,1,1,
2,14,51,Rashad Whack makes free throw 1 of 2.,89142,,true,false,false,Rashad,,Whack,,MSM,,43,41,3,3,3,,,,,13,1,11,Free Throw 1 of 2,1,Free Throw Made,,,,219,219,
2,14,51,Rashad Whack misses free throw 2 of 2.,89142,,true,false,false,Rashad,,Whack,,MSM,,43,41,3,3,3,,,,,13,1,12,Free Throw 2 of 2,2,Free Throw Missed,,,,219,219,
2,14,51,MSM with an offensive rebound.,,,false,false,false,,,,,,,43,41,3,3,0,,,,,0,,,,5,Offensive Rebound,,,,219,219,
2,14,29,Rashad Whack misses a 3-point jump shot from 21 feet out.,89142,,true,false,false,Rashad,,Whack,,MSM,,43,41,3,3,3,,,,,13,3,45,Jump Shot,4,Field Goal Missed,21,20.7,4.7,219,219,
2,14,29,Dallas Ennema with a defensive rebound.,120613,,true,false,false,Dallas,,Ennema,,Albany,,43,41,3,3,2,,,,,0,,,,6,Defensive Rebound,,,,1,1,
2,14,10,Sam Rowley with a lost ball turnover: Lost Ball,109724,,true,false,false,Sam,,Rowley,,Albany,,43,41,3,3,2,,,,,6,,2,Lost Ball,7,Turnover,,,,1,1,
2,14,01,Sam Prescott makes a layup shot.,91410,,true,false,false,Sam,,Prescott,,MSM,,45,41,3,3,0,,,,,11,2,40,Layup Shot,3,Field Goal Made,0,0,0,219,219,
2,13,46,DJ Evans makes a layup shot.,116790,,true,false,false,DJ,,Evans,,Albany,,45,43,3,3,1,,,,,15,2,40,Layup Shot,3,Field Goal Made,0,0,0,1,1,
2,13,46,Shooting foul committed by Julian Norfleet.,98388,,true,false,false,Julian,,Norfleet,,MSM,,45,43,3,4,2,,,,,5,,2,Shooting,8,Foul,,,,219,219,
2,13,46,DJ Evans makes free throw 1 of 1.,116790,,true,false,false,DJ,,Evans,,Albany,,45,44,3,4,1,,,,,16,1,10,Free Throw 1 of 1,1,Free Throw Made,,,,1,1,
2,13,16,Will Miller misses a 3-point jump shot from 22 feet out.,121422,,true,false,false,Will,,Miller,,MSM,,45,44,3,4,0,,,,,12,3,45,Jump Shot,4,Field Goal Missed,22,-21.9,3.5,219,219,
2,13,16,DJ Evans with a defensive rebound.,116790,,true,false,false,DJ,,Evans,,Albany,,45,44,3,4,1,,,,,16,,,,6,Defensive Rebound,,,,1,1,
2,13,08,DJ Evans makes a layup shot.,116790,,true,false,false,DJ,,Evans,,Albany,,45,46,3,4,1,,,,,18,2,40,Layup Shot,3,Field Goal Made,0,0,0,1,1,
2,12,59,Shooting foul committed by Sam Rowley.,109724,,true,false,false,Sam,,Rowley,,Albany,,45,46,4,4,3,,,,,6,,2,Shooting,8,Foul,,,,1,1,
2,12,59,Rashad Whack makes free throw 1 of 2.,89142,,true,false,false,Rashad,,Whack,,MSM,,46,46,4,4,3,,,,,14,1,11,Free Throw 1 of 2,1,Free Throw Made,,,,219,219,
2,12,59,Rashad Whack misses free throw 2 of 2.,89142,,true,false,false,Rashad,,Whack,,MSM,,46,46,4,4,3,,,,,14,1,12,Free Throw 2 of 2,2,Free Throw Missed,,,,219,219,
2,12,59,Sam Rowley with a defensive rebound.,109724,,true,false,false,Sam,,Rowley,,Albany,,46,46,4,4,3,,,,,6,,,,6,Defensive Rebound,,,,1,1,
2,12,40,Peter Hooley makes a layup shot.,109721,,true,false,false,Peter,,Hooley,,Albany,,46,48,4,4,0,,,,,8,2,40,Layup Shot,3,Field Goal Made,0,0,0,1,1,
2,12,21,Will Miller misses a 3-point jump shot from 24 feet out.,121422,,true,false,false,Will,,Miller,,MSM,,46,48,4,4,0,,,,,12,3,45,Jump Shot,4,Field Goal Missed,24,-19.6,13.3,219,219,
2,12,21,DJ Evans with a defensive rebound.,116790,,true,false,false,DJ,,Evans,,Albany,,46,48,4,4,1,,,,,18,,,,6,Defensive Rebound,,,,1,1,
2,11,52,Shooting foul committed by Gregory Graves.,116450,,true,false,false,Gregory,,Graves,,MSM,,46,48,4,5,2,,,,,0,,2,Shooting,8,Foul,,,,219,219,
2,11,52,Official TV timeout.,,,false,false,false,,,,,,,46,48,4,5,0,,,,,0,,3,Official TV,11,Timeout,,,,219,219,
2,11,52,Gary Johnson misses free throw 1 of 2.,116791,,true,false,false,Gary,,Johnson,,Albany,,46,48,4,5,3,,,,,10,1,11,Free Throw 1 of 2,2,Free Throw Missed,,,,1,1,
2,11,52,Albany with an offensive rebound.,,,false,false,false,,,,,,,46,48,4,5,0,,,,,0,,,,5,Offensive Rebound,,,,1,1,
2,11,52,Gary Johnson makes free throw 2 of 2.,116791,,true,false,false,Gary,,Johnson,,Albany,,46,49,4,5,3,,,,,11,1,12,Free Throw 2 of 2,1,Free Throw Made,,,,1,1,
2,11,15,Julian Norfleet misses a 3-point jump shot from 25 feet out.,98388,,true,false,false,Julian,,Norfleet,,MSM,,46,49,4,5,2,,,,,5,3,45,Jump Shot,4,Field Goal Missed,25,9.6,23.5,219,219,
2,11,15,Luke Devlin with a defensive rebound.,98083,,true,false,false,Luke,,Devlin,,Albany,,46,49,4,5,1,,,,,0,,,,6,Defensive Rebound,,,,1,1,
2,11,00,Luke Devlin misses a jump shot from 9 feet out.,98083,,true,false,false,Luke,,Devlin,,Albany,,46,49,4,5,1,,,,,0,2,45,Jump Shot,4,Field Goal Missed,9,8.6,1.8,1,1,
2,11,00,Luke Devlin with an offensive rebound.,98083,,true,false,false,Luke,,Devlin,,Albany,,46,49,4,5,1,,,,,0,,,,5,Offensive Rebound,,,,1,1,
2,10,42,Sam Rowley with a traveling turnover: Traveling,109724,,true,false,false,Sam,,Rowley,,Albany,,46,49,4,5,3,,,,,6,,4,Traveling,7,Turnover,,,,1,1,
2,10,07,Julian Norfleet misses a 3-point jump shot from 24 feet out.,98388,,true,false,false,Julian,,Norfleet,,MSM,,46,49,4,5,2,,,,,5,3,45,Jump Shot,4,Field Goal Missed,24,12,20.3,219,219,
2,10,07,Albany with a defensive rebound.,,,false,false,false,,,,,,,46,49,4,5,0,,,,,0,,,,6,Defensive Rebound,,,,1,1,
2,9,49,Peter Hooley makes a layup shot. Gary Johnson with the assist.,109721,116791,true,true,false,Peter,Gary,Hooley,Johnson,Albany,Albany,46,51,4,5,0,,,,,10,2,40,Layup Shot,3,Field Goal Made,0,0,0,1,1,
2,9,35,Shooting foul committed by Sam Rowley.,109724,,true,false,false,Sam,,Rowley,,Albany,,46,51,5,5,4,,,,,6,,2,Shooting,8,Foul,,,,1,1,
2,9,35,Rashad Whack makes free throw 1 of 2.,89142,,true,false,false,Rashad,,Whack,,MSM,,47,51,5,5,3,,,,,15,1,11,Free Throw 1 of 2,1,Free Throw Made,,,,219,219,
2,9,35,Rashad Whack makes free throw 2 of 2.,89142,,true,false,false,Rashad,,Whack,,MSM,,48,51,5,5,3,,,,,16,1,12,Free Throw 2 of 2,1,Free Throw Made,,,,219,219,
2,9,21,Personal foul committed by Sam Prescott.,91410,,true,false,false,Sam,,Prescott,,MSM,,48,51,5,6,1,,,,,11,,1,Personal,8,Foul,,,,219,219,
2,9,09,Peter Hooley makes a 3-point jump shot from 24 feet out. John Puk with the assist.,109721,88997,true,true,false,Peter,John,Hooley,Puk,Albany,Albany,48,54,5,6,0,,,,,13,3,45,Jump Shot,3,Field Goal Made,24,16.8,17.1,1,1,
2,9,00,MSM take a full timeout.,,,false,false,false,,,,,,,48,54,5,6,0,,,,,0,,1,Regular,11,Timeout,,,,219,219,
2,8,50,Will Miller makes a 3-point jump shot from 22 feet out. Rashad Whack with the assist.,121422,89142,true,true,false,Will,Rashad,Miller,Whack,MSM,MSM,51,54,5,6,0,,,,,15,3,45,Jump Shot,3,Field Goal Made,22,22,4,219,219,
2,8,24,Luke Devlin misses a jump shot from 14 feet out.,98083,,true,false,false,Luke,,Devlin,,Albany,,51,54,5,6,1,,,,,0,2,45,Jump Shot,4,Field Goal Missed,14,-13.9,1.1,1,1,
2,8,24,Gary Johnson with an offensive rebound.,116791,,true,false,false,Gary,,Johnson,,Albany,,51,54,5,6,3,,,,,11,,,,5,Offensive Rebound,,,,1,1,
2,8,20,Gary Johnson misses a layup shot.,116791,,true,false,false,Gary,,Johnson,,Albany,,51,54,5,6,3,,,,,11,2,40,Layup Shot,4,Field Goal Missed,0,0,0,1,1,
2,8,20,Julian Norfleet with a defensive rebound.,98388,,true,false,false,Julian,,Norfleet,,MSM,,51,54,5,6,2,,,,,5,,,,6,Defensive Rebound,,,,219,219,
2,8,12,Rashad Whack misses a 3-point jump shot from 23 feet out.,89142,,true,false,false,Rashad,,Whack,,MSM,,51,54,5,6,3,,,,,16,3,45,Jump Shot,4,Field Goal Missed,23,20.7,9.3,219,219,
2,8,12,Peter Hooley with a defensive rebound.,109721,,true,false,false,Peter,,Hooley,,Albany,,51,54,5,6,0,,,,,13,,,,6,Defensive Rebound,,,,1,1,
2,8,00,Gary Johnson makes a layup shot. John Puk with the assist.,116791,88997,true,true,false,Gary,John,Johnson,Puk,Albany,Albany,51,56,5,6,3,,,,,13,2,40,Layup Shot,3,Field Goal Made,0,0,0,1,1,
2,7,40,Will Miller misses a 3-point jump shot from 22 feet out.,121422,,true,false,false,Will,,Miller,,MSM,,51,56,5,6,0,,,,,15,3,45,Jump Shot,4,Field Goal Missed,22,18.6,12.5,219,219,
2,7,40,DJ Evans with a defensive rebound.,116790,,true,false,false,DJ,,Evans,,Albany,,51,56,5,6,1,,,,,18,,,,6,Defensive Rebound,,,,1,1,
2,7,34,DJ Evans makes a layup shot.,116790,,true,false,false,DJ,,Evans,,Albany,,51,58,5,6,1,,,,,20,2,40,Layup Shot,3,Field Goal Made,0,0,0,1,1,
2,7,21,Taylor Danaher makes a layup shot. Sam Prescott with the assist.,111110,91410,true,true,false,Taylor,Sam,Danaher,Prescott,MSM,MSM,53,58,5,6,2,,,,,6,2,40,Layup Shot,3,Field Goal Made,0,0,0,219,219,
2,6,53,Peter Hooley makes a layup shot. Luke Devlin with the assist.,109721,98083,true,true,false,Peter,Luke,Hooley,Devlin,Albany,Albany,53,60,5,6,0,,,,,15,2,40,Layup Shot,3,Field Goal Made,0,0,0,1,1,
2,6,38,Sam Prescott makes a 3-point jump shot from 22 feet out. Will Miller with the assist.,91410,121422,true,true,false,Sam,Will,Prescott,Miller,MSM,MSM,56,60,5,6,1,,,,,14,3,45,Jump Shot,3,Field Goal Made,22,19.6,9.8,219,219,
2,6,34,Albany take a full timeout.,,,false,false,false,,,,,,,56,60,5,6,0,,,,,0,,1,Regular,11,Timeout,,,,1,1,
2,6,27,Personal foul committed by Sam Prescott.,91410,,true,false,false,Sam,,Prescott,,MSM,,56,60,5,7,2,,,,,14,,1,Personal,8,Foul,,,,219,219,
2,6,27,Official TV timeout.,,,false,false,false,,,,,,,56,60,5,7,0,,,,,0,,3,Official TV,11,Timeout,,,,219,219,
2,6,27,Peter Hooley makes free throw 1st of 1-and-1.,109721,,true,false,false,Peter,,Hooley,,Albany,,56,61,5,7,0,,,,,16,1,8,Free Throw 1st of 1-and-1,1,Free Throw Made,,,,1,1,
2,6,27,Peter Hooley misses free throw 2nd of 1-and-1.,109721,,true,false,false,Peter,,Hooley,,Albany,,56,61,5,7,0,,,,,16,1,9,Free Throw 2nd of 1-and-1,2,Free Throw Missed,,,,1,1,
2,6,27,Sam Prescott with a defensive rebound.,91410,,true,false,false,Sam,,Prescott,,MSM,,56,61,5,7,2,,,,,14,,,,6,Defensive Rebound,,,,219,219,
2,6,01,Julian Norfleet misses a layup shot.,98388,,true,false,false,Julian,,Norfleet,,MSM,,56,61,5,7,2,,,,,5,2,40,Layup Shot,4,Field Goal Missed,0,0,0,219,219,
2,6,01,Sam Rowley with a defensive rebound.,109724,,true,false,false,Sam,,Rowley,,Albany,,56,61,5,7,4,,,,,6,,,,6,Defensive Rebound,,,,1,1,
2,5,38,Peter Hooley misses a 3-point jump shot from 23 feet out.,109721,,true,false,false,Peter,,Hooley,,Albany,,56,61,5,7,0,,,,,16,3,45,Jump Shot,4,Field Goal Missed,23,-18.3,14,1,1,
2,5,38,MSM with a defensive rebound.,,,false,false,false,,,,,,,56,61,5,7,0,,,,,0,,,,6,Defensive Rebound,,,,219,219,
2,5,37,Personal foul committed by Sam Rowley.,109724,,true,false,false,Sam,,Rowley,,Albany,,56,61,6,7,5,,,,,6,,1,Personal,8,Foul,,,,1,1,
2,5,11,Julian Norfleet misses a 3-point jump shot from 24 feet out.,98388,,true,false,false,Julian,,Norfleet,,MSM,,56,61,6,7,2,,,,,5,3,45,Jump Shot,4,Field Goal Missed,24,-11,21.3,219,219,
2,5,11,DJ Evans with a defensive rebound.,116790,,true,false,false,DJ,,Evans,,Albany,,56,61,6,7,1,,,,,20,,,,6,Defensive Rebound,,,,1,1,
2,4,44,John Puk makes a dunk shot. Peter Hooley with the assist.,88997,109721,true,true,false,John,Peter,Puk,Hooley,Albany,Albany,56,63,6,7,1,,,,,8,2,48,Dunk Shot,3,Field Goal Made,0,0,0,1,1,
2,4,20,Will Miller makes a 3-point jump shot from 25 feet out. Julian Norfleet with the assist.,121422,98388,true,true,false,Will,Julian,Miller,Norfleet,MSM,MSM,59,63,6,7,0,,,,,18,3,45,Jump Shot,3,Field Goal Made,25,-12.8,21.5,219,219,
2,3,48,DJ Evans misses a 3-point jump shot from 22 feet out.,116790,,true,false,false,DJ,,Evans,,Albany,,59,63,6,7,1,,,,,20,3,45,Jump Shot,4,Field Goal Missed,22,20.7,8.4,1,1,
2,3,48,Rashad Whack with a defensive rebound.,89142,,true,false,false,Rashad,,Whack,,MSM,,59,63,6,7,3,,,,,16,,,,6,Defensive Rebound,,,,219,219,
2,3,31,Will Miller makes a 3-point jump shot from 26 feet out. Julian Norfleet with the assist.,121422,98388,true,true,false,Will,Julian,Miller,Norfleet,MSM,MSM,62,63,6,7,0,,,,,21,3,45,Jump Shot,3,Field Goal Made,26,-20.3,16.4,219,219,
2,3,22,Albany take a full timeout.,,,false,false,false,,,,,,,62,63,6,7,0,,,,,0,,1,Regular,11,Timeout,,,,1,1,
2,3,10,Official TV timeout.,,,false,false,false,,,,,,,62,63,6,7,0,,,,,0,,3,Official TV,11,Timeout,,,,219,219,
2,3,07,Peter Hooley misses a 3-point jump shot from 21 feet out.,109721,,true,false,false,Peter,,Hooley,,Albany,,62,63,6,7,0,,,,,16,3,45,Jump Shot,4,Field Goal Missed,21,20.2,6.7,1,1,
2,3,07,Sam Rowley with an offensive rebound.,109724,,true,false,false,Sam,,Rowley,,Albany,,62,63,6,7,5,,,,,6,,,,5,Offensive Rebound,,,,1,1,
2,2,43,Personal foul committed by Taylor Danaher.,111110,,true,false,false,Taylor,,Danaher,,MSM,,62,63,6,8,3,,,,,6,,1,Personal,8,Foul,,,,219,219,
2,2,43,Peter Hooley makes free throw 1st of 1-and-1.,109721,,true,false,false,Peter,,Hooley,,Albany,,62,64,6,8,0,,,,,17,1,8,Free Throw 1st of 1-and-1,1,Free Throw Made,,,,1,1,
2,2,43,Peter Hooley makes free throw 2nd of 1-and-1.,109721,,true,false,false,Peter,,Hooley,,Albany,,62,65,6,8,0,,,,,18,1,9,Free Throw 2nd of 1-and-1,1,Free Throw Made,,,,1,1,
2,2,27,Julian Norfleet makes a layup shot.,98388,,true,false,false,Julian,,Norfleet,,MSM,,64,65,6,8,2,,,,,7,2,40,Layup Shot,3,Field Goal Made,0,0,0,219,219,
2,1,59,Peter Hooley makes a jump shot from 9 feet out.,109721,,true,false,false,Peter,,Hooley,,Albany,,64,67,6,8,0,,,,,20,2,45,Jump Shot,3,Field Goal Made,9,-7.9,3.6,1,1,
2,1,41,Julian Norfleet with a lost ball turnover: Lost Ball,98388,,true,false,false,Julian,,Norfleet,,MSM,,64,67,6,8,2,,,,,7,,2,Lost Ball,7,Turnover,,,,219,219,
2,1,06,DJ Evans misses a jump shot from 18 feet out.,116790,,true,false,false,DJ,,Evans,,Albany,,64,67,6,8,1,,,,,20,2,45,Jump Shot,4,Field Goal Missed,18,-4.2,17.1,1,1,
2,1,06,Julian Norfleet with a defensive rebound.,98388,,true,false,false,Julian,,Norfleet,,MSM,,64,67,6,8,2,,,,,7,,,,6,Defensive Rebound,,,,219,219,
2,0,33.9,Rashad Whack misses a 3-point jump shot from 24 feet out.,89142,,true,false,false,Rashad,,Whack,,MSM,,64,67,6,8,3,,,,,16,3,45,Jump Shot,4,Field Goal Missed,24,16.1,18.4,219,219,
2,0,33.9,Sam Rowley with a defensive rebound.,109724,,true,false,false,Sam,,Rowley,,Albany,,64,67,6,8,5,,,,,6,,,,6,Defensive Rebound,,,,1,1,
2,0,26.5,Personal foul committed by Taylor Danaher.,111110,,true,false,false,Taylor,,Danaher,,MSM,,64,67,6,9,4,,,,,6,,1,Personal,8,Foul,,,,219,219,
2,0,26.5,Peter Hooley misses free throw 1st of 1-and-1.,109721,,true,false,false,Peter,,Hooley,,Albany,,64,67,6,9,0,,,,,20,1,8,Free Throw 1st of 1-and-1,2,Free Throw Missed,,,,1,1,
2,0,26.5,Taylor Danaher with a defensive rebound.,111110,,true,false,false,Taylor,,Danaher,,MSM,,64,67,6,9,4,,,,,6,,,,6,Defensive Rebound,,,,219,219,
2,0,16.4,Julian Norfleet misses a 3-point jump shot from 24 feet out.,98388,,true,false,false,Julian,,Norfleet,,MSM,,64,67,6,9,2,,,,,7,3,45,Jump Shot,4,Field Goal Missed,24,-12.3,20.3,219,219,
2,0,16.4,DJ Evans with a defensive rebound.,116790,,true,false,false,DJ,,Evans,,Albany,,64,67,6,9,1,,,,,20,,,,6,Defensive Rebound,,,,1,1,
2,0,12.6,Personal foul committed by Rashad Whack.,89142,,true,false,false,Rashad,,Whack,,MSM,,64,67,6,10,4,,,,,16,,1,Personal,8,Foul,,,,219,219,
2,0,12.6,DJ Evans makes free throw 1 of 2.,116790,,true,false,false,DJ,,Evans,,Albany,,64,68,6,10,1,,,,,21,1,11,Free Throw 1 of 2,1,Free Throw Made,,,,1,1,
2,0,12.6,DJ Evans makes free throw 2 of 2.,116790,,true,false,false,DJ,,Evans,,Albany,,64,69,6,10,1,,,,,22,1,12,Free Throw 2 of 2,1,Free Throw Made,,,,1,1,
2,0,12.6,MSM take a full timeout.,,,false,false,false,,,,,,,64,69,6,10,0,,,,,0,,1,Regular,11,Timeout,,,,219,219,
2,0,04.9,Julian Norfleet misses a 3-point jump shot from 25 feet out.,98388,,true,false,false,Julian,,Norfleet,,MSM,,64,69,6,10,2,,,,,7,3,45,Jump Shot,4,Field Goal Missed,25,-.9,25.2,219,219,
2,0,04.9,Sam Rowley with a defensive rebound.,109724,,true,false,false,Sam,,Rowley,,Albany,,64,69,6,10,5,,,,,6,,,,6,Defensive Rebound,,,,1,1,
2,0,03.5,Personal foul committed by Taylor Danaher.,111110,,true,false,false,Taylor,,Danaher,,MSM,,64,69,6,11,5,,,,,6,,1,Personal,8,Foul,,,,219,219,
2,0,03.5,Sam Rowley makes free throw 1 of 2.,109724,,true,false,false,Sam,,Rowley,,Albany,,64,70,6,11,5,,,,,7,1,11,Free Throw 1 of 2,1,Free Throw Made,,,,1,1,
2,0,03.5,Sam Rowley makes free throw 2 of 2.,109724,,true,false,false,Sam,,Rowley,,Albany,,64,71,6,11,5,,,,,8,1,12,Free Throw 2 of 2,1,Free Throw Made,,,,1,1,
2,0,00,Julian Norfleet misses a 3-point jump shot from 26 feet out.,98388,,true,false,false,Julian,,Norfleet,,MSM,,64,71,6,11,2,,,,,7,3,45,Jump Shot,4,Field Goal Missed,26,-17.8,19,219,219,
2,0,00,MSM with an offensive rebound.,,,false,false,false,,,,,,,64,71,6,11,0,,,,,0,,,,5,Offensive Rebound,,,,219,219,
2,0,00,End of the 2nd Half,,,false,false,false,,,,,,,64,71,6,11,0,,,,,0,,,,15,End Period,,,,219,219,
2,0,00,End of the Game,,,false,false,false,,,,,,,64,71,6,11,0,,,,,0,,,,19,Game Over,,,,219,219,
