half,time-minutes,time-seconds,details,player1-id,player2-id,player1-linkable,player2-linkable,player3-linkable,player-first-name-1,player-first-name-2,player-last-name-1,player-last-name-2,player-team-alias-1,player-team-alias-2,home-score,visitor-score,visitor-fouls,home-fouls,player-fouls,fastbreak,in-paint,second-chance,off-turnover,player-score,points-type,detail-id,detail-desc,event-id,event-desc,distance,x-coord,y-coord,team-id-1,team-id-2,team-id-3
1,20,00,Start of the 1st Half,,,false,false,false,,,,,,,0,0,0,0,0,,,,,0,,,,14,Start Period,,,,197,197,
1,19,56,Grant Gibbs makes a layup shot.,81539,,true,false,false,Grant,,Gibbs,,Cre,,2,0,0,0,0,,,,,2,2,40,Layup Shot,3,Field Goal Made,0,0,0,197,197,
1,19,38,Cory Jefferson makes a layup shot. Royce O'Neale with the assist.,88704,110021,true,true,false,Cory,Royce,Jefferson,O'Neale,Baylor,Baylor,2,2,0,0,0,,,,,2,2,40,Layup Shot,3,Field Goal Made,0,0,0,83,83,
1,19,23,Shooting foul committed by Royce O'Neale.,110021,,true,false,false,Royce,,O'Neale,,Baylor,,2,2,1,0,1,,,,,0,,2,Shooting,8,Foul,,,,83,83,
1,19,23,Doug McDermott misses free throw 1 of 2.,97718,,true,false,false,Doug,,McDermott,,Cre,,2,2,1,0,0,,,,,0,1,11,Free Throw 1 of 2,2,Free Throw Missed,,,,197,197,
1,19,23,Cre with an offensive rebound.,,,false,false,false,,,,,,,2,2,1,0,0,,,,,0,,,,5,Offensive Rebound,,,,197,197,
1,19,23,Doug McDermott makes free throw 2 of 2.,97718,,true,false,false,Doug,,McDermott,,Cre,,3,2,1,0,0,,,,,1,1,12,Free Throw 2 of 2,1,Free Throw Made,,,,197,197,
1,19,07,Cory Jefferson makes a jump shot from 10 feet out. Royce O'Neale with the assist.,88704,110021,true,true,false,Cory,Royce,Jefferson,O'Neale,Baylor,Baylor,3,4,1,0,0,,,,,4,2,45,Jump Shot,3,Field Goal Made,10,-9.5,3.7,83,83,
1,18,41,Austin Chatman misses a 3-point jump shot from 23 feet out.,109694,,true,false,false,Austin,,Chatman,,Cre,,3,4,1,0,0,,,,,0,3,45,Jump Shot,4,Field Goal Missed,23,-18.8,13.8,197,197,
1,18,41,Baylor with a defensive rebound.,,,false,false,false,,,,,,,3,4,1,0,0,,,,,0,,,,6,Defensive Rebound,,,,83,83,
1,18,21,Kenny Chery makes a 3-point jump shot from 24 feet out. Brady Heslip with the assist.,120767,95395,true,true,false,Kenny,Brady,Chery,Heslip,Baylor,Baylor,3,7,1,0,0,,,,,3,3,45,Jump Shot,3,Field Goal Made,24,-1.4,24,83,83,
1,17,56,Grant Gibbs makes a jump shot from 12 feet out. Jahenns Manigat with the assist.,81539,97717,true,true,false,Grant,Jahenns,Gibbs,Manigat,Cre,Cre,5,7,1,0,0,,,,,4,2,45,Jump Shot,3,Field Goal Made,12,-5.3,10.3,197,197,
1,17,32,Cory Jefferson misses a jump shot from 13 feet out.,88704,,true,false,false,Cory,,Jefferson,,Baylor,,5,7,1,0,0,,,,,4,2,45,Jump Shot,4,Field Goal Missed,13,11.9,6.2,83,83,
1,17,32,Ethan Wragge with a defensive rebound.,88810,,true,false,false,Ethan,,Wragge,,Cre,,5,7,1,0,0,,,,,0,,,,6,Defensive Rebound,,,,197,197,
1,17,18,Jahenns Manigat misses a 3-point jump shot from 23 feet out.,97717,,true,false,false,Jahenns,,Manigat,,Cre,,5,7,1,0,0,,,,,0,3,45,Jump Shot,4,Field Goal Missed,23,.1,23.5,197,197,
1,17,18,Cory Jefferson with a defensive rebound.,88704,,true,false,false,Cory,,Jefferson,,Baylor,,5,7,1,0,0,,,,,4,,,,6,Defensive Rebound,,,,83,83,
1,17,00,Isaiah Austin misses a jump shot from 12 feet out.,116502,,true,false,false,Isaiah,,Austin,,Baylor,,5,7,1,0,0,,,,,0,2,45,Jump Shot,4,Field Goal Missed,12,-11,3.7,83,83,
1,17,00,Grant Gibbs with a defensive rebound.,81539,,true,false,false,Grant,,Gibbs,,Cre,,5,7,1,0,0,,,,,4,,,,6,Defensive Rebound,,,,197,197,
1,16,34,Austin Chatman makes a jump shot from 11 feet out.,109694,,true,false,false,Austin,,Chatman,,Cre,,7,7,1,0,0,,,,,2,2,45,Jump Shot,3,Field Goal Made,11,.8,10.5,197,197,
1,16,16,Royce O'Neale makes a 3-point jump shot from 23 feet out. Brady Heslip with the assist.,110021,95395,true,true,false,Royce,Brady,O'Neale,Heslip,Baylor,Baylor,7,10,1,0,1,,,,,3,3,45,Jump Shot,3,Field Goal Made,23,-19,12.7,83,83,
1,15,43,Ethan Wragge misses a 3-point jump shot from 23 feet out.,88810,,true,false,false,Ethan,,Wragge,,Cre,,7,10,1,0,0,,,,,0,3,45,Jump Shot,4,Field Goal Missed,23,21,9.4,197,197,
1,15,43,Cory Jefferson with a defensive rebound.,88704,,true,false,false,Cory,,Jefferson,,Baylor,,7,10,1,0,0,,,,,4,,,,6,Defensive Rebound,,,,83,83,
1,15,18,Royce O'Neale with a lost ball turnover: Lost Ball,110021,,true,false,false,Royce,,O'Neale,,Baylor,,7,10,1,0,1,,,,,3,,2,Lost Ball,7,Turnover,,,,83,83,
1,15,04,Grant Gibbs with a lost ball turnover: Lost Ball,81539,,true,false,false,Grant,,Gibbs,,Cre,,7,10,1,0,0,,,,,4,,2,Lost Ball,7,Turnover,,,,197,197,
1,14,41,Kenny Chery makes a 3-point jump shot from 24 feet out. Royce O'Neale with the assist.,120767,110021,true,true,false,Kenny,Royce,Chery,O'Neale,Baylor,Baylor,7,13,1,0,0,,,,,6,3,45,Jump Shot,3,Field Goal Made,24,19,15.1,83,83,
1,14,10,Doug McDermott misses a 3-point jump shot from 22 feet out.,97718,,true,false,false,Doug,,McDermott,,Cre,,7,13,1,0,0,,,,,1,3,45,Jump Shot,4,Field Goal Missed,22,-21.8,2.9,197,197,
1,14,10,Royce O'Neale with a defensive rebound.,110021,,true,false,false,Royce,,O'Neale,,Baylor,,7,13,1,0,1,,,,,3,,,,6,Defensive Rebound,,,,83,83,
1,14,01,Brady Heslip makes a 3-point jump shot from 24 feet out. Royce O'Neale with the assist.,95395,110021,true,true,false,Brady,Royce,Heslip,O'Neale,Baylor,Baylor,7,16,1,0,0,,,,,3,3,45,Jump Shot,3,Field Goal Made,24,-.1,23.8,83,83,
1,13,37,Jahenns Manigat misses a 3-point jump shot from 23 feet out.,97717,,true,false,false,Jahenns,,Manigat,,Cre,,7,16,1,0,0,,,,,0,3,45,Jump Shot,4,Field Goal Missed,23,14.4,17.9,197,197,
1,13,37,Isaiah Austin with a defensive rebound.,116502,,true,false,false,Isaiah,,Austin,,Baylor,,7,16,1,0,0,,,,,0,,,,6,Defensive Rebound,,,,83,83,
1,13,06,Kenny Chery makes a 3-point jump shot from 23 feet out.,120767,,true,false,false,Kenny,,Chery,,Baylor,,7,19,1,0,0,,,,,9,3,45,Jump Shot,3,Field Goal Made,23,-12.3,19.2,83,83,
1,13,03,Cre take a 20-second timeout.,,,false,false,false,,,,,,,7,19,1,0,0,,,,,0,,2,Short,11,Timeout,,,,197,197,
1,12,28,Grant Gibbs with a bad pass turnover: Bad Pass,81539,,true,false,false,Grant,,Gibbs,,Cre,,7,19,1,0,0,,,,,4,,1,Bad Pass,7,Turnover,,,,197,197,
1,12,28,Official TV timeout.,,,false,false,false,,,,,,,7,19,1,0,0,,,,,0,,3,Official TV,11,Timeout,,,,197,197,
1,12,15,Royce O'Neale with a lost ball turnover: Lost Ball,110021,,true,false,false,Royce,,O'Neale,,Baylor,,7,19,1,0,1,,,,,3,,2,Lost Ball,7,Turnover,,,,83,83,
1,12,09,Grant Gibbs misses a layup shot.,81539,,true,false,false,Grant,,Gibbs,,Cre,,7,19,1,0,0,,,,,4,2,40,Layup Shot,4,Field Goal Missed,0,0,0,197,197,
1,12,09,Grant Gibbs with an offensive rebound.,81539,,true,false,false,Grant,,Gibbs,,Cre,,7,19,1,0,0,,,,,4,,,,5,Offensive Rebound,,,,197,197,
1,12,06,Grant Gibbs makes a tip shot from 3 feet out.,81539,,true,false,false,Grant,,Gibbs,,Cre,,9,19,1,0,0,,,,,6,2,53,Tip Shot,3,Field Goal Made,3,.1,2.7,197,197,
1,11,40,Isaiah Austin makes a jump shot from 20 feet out. Kenny Chery with the assist.,116502,120767,true,true,false,Isaiah,Kenny,Austin,Chery,Baylor,Baylor,9,21,1,0,0,,,,,2,2,45,Jump Shot,3,Field Goal Made,20,-14.2,13.5,83,83,
1,11,17,Austin Chatman with a traveling turnover: Traveling,109694,,true,false,false,Austin,,Chatman,,Cre,,9,21,1,0,0,,,,,2,,4,Traveling,7,Turnover,,,,197,197,
1,11,17,Official TV timeout.,,,false,false,false,,,,,,,9,21,1,0,0,,,,,0,,3,Official TV,11,Timeout,,,,197,197,
1,10,54,Shooting foul committed by Grant Gibbs.,81539,,true,false,false,Grant,,Gibbs,,Cre,,9,21,1,1,1,,,,,6,,2,Shooting,8,Foul,,,,197,197,
1,10,54,Taurean Prince makes free throw 1 of 2.,116506,,true,false,false,Taurean,,Prince,,Baylor,,9,22,1,1,0,,,,,1,1,11,Free Throw 1 of 2,1,Free Throw Made,,,,83,83,
1,10,54,Taurean Prince makes free throw 2 of 2.,116506,,true,false,false,Taurean,,Prince,,Baylor,,9,23,1,1,0,,,,,2,1,12,Free Throw 2 of 2,1,Free Throw Made,,,,83,83,
1,10,28,Grant Gibbs misses a jump shot from 14 feet out.,81539,,true,false,false,Grant,,Gibbs,,Cre,,9,23,1,1,1,,,,,6,2,45,Jump Shot,4,Field Goal Missed,14,-4.7,13.1,197,197,
1,10,28,Rico Gathers with a defensive rebound.,116503,,true,false,false,Rico,,Gathers,,Baylor,,9,23,1,1,0,,,,,0,,,,6,Defensive Rebound,,,,83,83,
1,9,58,Rico Gathers makes a jump shot from 11 feet out. Gary Franklin with the assist.,116503,97029,true,true,false,Rico,Gary,Gathers,Franklin,Baylor,Baylor,9,25,1,1,0,,,,,2,2,45,Jump Shot,3,Field Goal Made,11,-3.8,9.9,83,83,
1,9,49,Doug McDermott misses a 3-point jump shot from 22 feet out.,97718,,true,false,false,Doug,,McDermott,,Cre,,9,25,1,1,0,,,,,1,3,45,Jump Shot,4,Field Goal Missed,22,-19,11.1,197,197,
1,9,49,Baylor with a defensive rebound.,,,false,false,false,,,,,,,9,25,1,1,0,,,,,0,,,,6,Defensive Rebound,,,,83,83,
1,9,26,Shooting foul committed by Doug McDermott.,97718,,true,false,false,Doug,,McDermott,,Cre,,9,25,1,2,1,,,,,1,,2,Shooting,8,Foul,,,,197,197,
1,9,26,Cory Jefferson makes free throw 1 of 2.,88704,,true,false,false,Cory,,Jefferson,,Baylor,,9,26,1,2,0,,,,,5,1,11,Free Throw 1 of 2,1,Free Throw Made,,,,83,83,
1,9,26,Cory Jefferson misses free throw 2 of 2.,88704,,true,false,false,Cory,,Jefferson,,Baylor,,9,26,1,2,0,,,,,5,1,12,Free Throw 2 of 2,2,Free Throw Missed,,,,83,83,
1,9,26,Baylor with an offensive rebound.,,,false,false,false,,,,,,,9,26,1,2,0,,,,,0,,,,5,Offensive Rebound,,,,83,83,
1,9,25,Personal foul committed by Doug McDermott.,97718,,true,false,false,Doug,,McDermott,,Cre,,9,26,1,3,2,,,,,1,,1,Personal,8,Foul,,,,197,197,
1,9,25,Offensive foul committed by Rico Gathers.,116503,,true,false,false,Rico,,Gathers,,Baylor,,9,26,2,3,1,,,,,2,,4,Offensive,8,Foul,,,,83,83,
1,9,25,Rico Gathers with a  turnover:,116503,,true,false,false,Rico,,Gathers,,Baylor,,9,26,2,3,1,,,,,2,,,,7,Turnover,,,,83,83,
1,9,07,Devin Brooks misses a jump shot from 6 feet out.,120782,,true,false,false,Devin,,Brooks,,Cre,,9,26,2,3,0,,,,,0,2,45,Jump Shot,4,Field Goal Missed,6,5.6,2.9,197,197,
1,9,07,Brady Heslip with a defensive rebound.,95395,,true,false,false,Brady,,Heslip,,Baylor,,9,26,2,3,0,,,,,3,,,,6,Defensive Rebound,,,,83,83,
1,8,46,Cory Jefferson misses a jump shot from 6 feet out.,88704,,true,false,false,Cory,,Jefferson,,Baylor,,9,26,2,3,0,,,,,5,2,45,Jump Shot,4,Field Goal Missed,6,-5.1,3.3,83,83,
1,8,46,Ethan Wragge with a defensive rebound.,88810,,true,false,false,Ethan,,Wragge,,Cre,,9,26,2,3,0,,,,,0,,,,6,Defensive Rebound,,,,197,197,
1,8,37,Ethan Wragge misses a 3-point jump shot from 25 feet out.,88810,,true,false,false,Ethan,,Wragge,,Cre,,9,26,2,3,0,,,,,0,3,45,Jump Shot,4,Field Goal Missed,25,-.5,24.6,197,197,
1,8,37,Austin Chatman with an offensive rebound.,109694,,true,false,false,Austin,,Chatman,,Cre,,9,26,2,3,0,,,,,2,,,,5,Offensive Rebound,,,,197,197,
1,8,15,Zach Hanson makes a layup shot. Grant Gibbs with the assist.,120789,81539,true,true,false,Zach,Grant,Hanson,Gibbs,Cre,Cre,11,26,2,3,0,,,,,2,2,40,Layup Shot,3,Field Goal Made,0,0,0,197,197,
1,7,54,Personal foul committed by Devin Brooks.,120782,,true,false,false,Devin,,Brooks,,Cre,,11,26,2,4,1,,,,,0,,1,Personal,8,Foul,,,,197,197,
1,7,54,Official TV timeout.,,,false,false,false,,,,,,,11,26,2,4,0,,,,,0,,3,Official TV,11,Timeout,,,,197,197,
1,7,32,Cory Jefferson with a lost ball turnover: Lost Ball,88704,,true,false,false,Cory,,Jefferson,,Baylor,,11,26,2,4,0,,,,,5,,2,Lost Ball,7,Turnover,,,,83,83,
1,7,27,Devin Brooks makes a layup shot.,120782,,true,false,false,Devin,,Brooks,,Cre,,13,26,2,4,1,,,,,2,2,40,Layup Shot,3,Field Goal Made,0,0,0,197,197,
1,7,03,Cory Jefferson makes a layup shot. Royce O'Neale with the assist.,88704,110021,true,true,false,Cory,Royce,Jefferson,O'Neale,Baylor,Baylor,13,28,2,4,0,,,,,7,2,40,Layup Shot,3,Field Goal Made,0,0,0,83,83,
1,7,02,Shooting foul committed by Ethan Wragge.,88810,,true,false,false,Ethan,,Wragge,,Cre,,13,28,2,5,1,,,,,0,,2,Shooting,8,Foul,,,,197,197,
1,7,02,Cory Jefferson makes free throw 1 of 1.,88704,,true,false,false,Cory,,Jefferson,,Baylor,,13,29,2,5,0,,,,,8,1,10,Free Throw 1 of 1,1,Free Throw Made,,,,83,83,
1,6,43,Zach Hanson misses a layup shot.,120789,,true,false,false,Zach,,Hanson,,Cre,,13,29,2,5,0,,,,,2,2,40,Layup Shot,4,Field Goal Missed,0,0,0,197,197,
1,6,43,Kenny Chery with a defensive rebound.,120767,,true,false,false,Kenny,,Chery,,Baylor,,13,29,2,5,0,,,,,9,,,,6,Defensive Rebound,,,,83,83,
1,6,34,Isaiah Austin misses a 3-point jump shot from 23 feet out.,116502,,true,false,false,Isaiah,,Austin,,Baylor,,13,29,2,5,0,,,,,2,3,45,Jump Shot,4,Field Goal Missed,23,-9,21.1,83,83,
1,6,34,Zach Hanson with a defensive rebound.,120789,,true,false,false,Zach,,Hanson,,Cre,,13,29,2,5,0,,,,,2,,,,6,Defensive Rebound,,,,197,197,
1,6,13,Austin Chatman makes a 3-point jump shot from 23 feet out. Devin Brooks with the assist.,109694,120782,true,true,false,Austin,Devin,Chatman,Brooks,Cre,Cre,16,29,2,5,0,,,,,5,3,45,Jump Shot,3,Field Goal Made,23,13.6,18.5,197,197,
1,5,48,Isaiah Austin misses a jump shot from 8 feet out.,116502,,true,false,false,Isaiah,,Austin,,Baylor,,16,29,2,5,0,,,,,2,2,45,Jump Shot,4,Field Goal Missed,8,.6,7.7,83,83,
1,5,48,Devin Brooks with a defensive rebound.,120782,,true,false,false,Devin,,Brooks,,Cre,,16,29,2,5,1,,,,,2,,,,6,Defensive Rebound,,,,197,197,
1,5,27,Doug McDermott misses a layup shot.,97718,,true,false,false,Doug,,McDermott,,Cre,,16,29,2,5,2,,,,,1,2,40,Layup Shot,4,Field Goal Missed,0,0,0,197,197,
1,5,27,Kenny Chery with a defensive rebound.,120767,,true,false,false,Kenny,,Chery,,Baylor,,16,29,2,5,0,,,,,9,,,,6,Defensive Rebound,,,,83,83,
1,5,22,Offensive foul committed by Kenny Chery.,120767,,true,false,false,Kenny,,Chery,,Baylor,,16,29,3,5,1,,,,,9,,4,Offensive,8,Foul,,,,83,83,
1,5,22,Kenny Chery with a  turnover:,120767,,true,false,false,Kenny,,Chery,,Baylor,,16,29,3,5,1,,,,,9,,,,7,Turnover,,,,83,83,
1,5,01,Will Artino misses a layup shot.,97715,,true,false,false,Will,,Artino,,Cre,,16,29,3,5,0,,,,,0,2,40,Layup Shot,4,Field Goal Missed,0,0,0,197,197,
1,5,01,Royce O'Neale with a defensive rebound.,110021,,true,false,false,Royce,,O'Neale,,Baylor,,16,29,3,5,1,,,,,3,,,,6,Defensive Rebound,,,,83,83,
1,4,30,Kenny Chery with a lost ball turnover: Lost Ball,120767,,true,false,false,Kenny,,Chery,,Baylor,,16,29,3,5,1,,,,,9,,2,Lost Ball,7,Turnover,,,,83,83,
1,4,25,Zach Hanson misses a layup shot.,120789,,true,false,false,Zach,,Hanson,,Cre,,16,29,3,5,0,,,,,2,2,40,Layup Shot,4,Field Goal Missed,0,0,0,197,197,
1,4,25,Cre with an offensive rebound.,,,false,false,false,,,,,,,16,29,3,5,0,,,,,0,,,,5,Offensive Rebound,,,,197,197,
1,4,25,Personal foul committed by Isaiah Austin.,116502,,true,false,false,Isaiah,,Austin,,Baylor,,16,29,4,5,1,,,,,2,,1,Personal,8,Foul,,,,83,83,
1,4,21,Doug McDermott with a lost ball turnover: Lost Ball,97718,,true,false,false,Doug,,McDermott,,Cre,,16,29,4,5,2,,,,,1,,2,Lost Ball,7,Turnover,,,,197,197,
1,4,17,Brady Heslip makes a 3-point jump shot from 23 feet out. Royce O'Neale with the assist.,95395,110021,true,true,false,Brady,Royce,Heslip,O'Neale,Baylor,Baylor,16,32,4,5,0,,,,,6,3,45,Jump Shot,3,Field Goal Made,23,-19.4,12.7,83,83,
1,4,02,Austin Chatman misses a 3-point jump shot from 23 feet out.,109694,,true,false,false,Austin,,Chatman,,Cre,,16,32,4,5,0,,,,,5,3,45,Jump Shot,4,Field Goal Missed,23,-18.4,14.4,197,197,
1,4,02,Rico Gathers with a defensive rebound.,116503,,true,false,false,Rico,,Gathers,,Baylor,,16,32,4,5,1,,,,,2,,,,6,Defensive Rebound,,,,83,83,
1,3,37,Shooting foul committed by Grant Gibbs.,81539,,true,false,false,Grant,,Gibbs,,Cre,,16,32,4,6,2,,,,,6,,2,Shooting,8,Foul,,,,197,197,
1,3,37,Official TV timeout.,,,false,false,false,,,,,,,16,32,4,6,0,,,,,0,,3,Official TV,11,Timeout,,,,197,197,
1,3,37,Isaiah Austin makes free throw 1 of 2.,116502,,true,false,false,Isaiah,,Austin,,Baylor,,16,33,4,6,1,,,,,3,1,11,Free Throw 1 of 2,1,Free Throw Made,,,,83,83,
1,3,37,Isaiah Austin misses free throw 2 of 2.,116502,,true,false,false,Isaiah,,Austin,,Baylor,,16,33,4,6,1,,,,,3,1,12,Free Throw 2 of 2,2,Free Throw Missed,,,,83,83,
1,3,37,Baylor with an offensive rebound.,,,false,false,false,,,,,,,16,33,4,6,0,,,,,0,,,,5,Offensive Rebound,,,,83,83,
1,3,30,Isaiah Austin makes a hook shot from 6 feet out.,116502,,true,false,false,Isaiah,,Austin,,Baylor,,16,35,4,6,1,,,,,5,2,55,Hook Shot,3,Field Goal Made,6,-4.5,3.7,83,83,
1,3,07,Doug McDermott makes a layup shot. Devin Brooks with the assist.,97718,120782,true,true,false,Doug,Devin,McDermott,Brooks,Cre,Cre,18,35,4,6,2,,,,,3,2,40,Layup Shot,3,Field Goal Made,0,0,0,197,197,
1,2,41,Royce O'Neale makes a 3-point jump shot from 23 feet out. Isaiah Austin with the assist.,110021,116502,true,true,false,Royce,Isaiah,O'Neale,Austin,Baylor,Baylor,18,38,4,6,1,,,,,6,3,45,Jump Shot,3,Field Goal Made,23,-16.6,15.5,83,83,
1,2,23,Austin Chatman makes a jump shot from 8 feet out.,109694,,true,false,false,Austin,,Chatman,,Cre,,20,38,4,6,0,,,,,7,2,45,Jump Shot,3,Field Goal Made,8,-1,8.1,197,197,
1,1,59,Kenny Chery misses a jump shot from 10 feet out.,120767,,true,false,false,Kenny,,Chery,,Baylor,,20,38,4,6,1,,,,,9,2,45,Jump Shot,4,Field Goal Missed,10,3.6,9.4,83,83,
1,1,59,Zach Hanson with a defensive rebound.,120789,,true,false,false,Zach,,Hanson,,Cre,,20,38,4,6,0,,,,,2,,,,6,Defensive Rebound,,,,197,197,
1,1,42,Offensive foul committed by Zach Hanson.,120789,,true,false,false,Zach,,Hanson,,Cre,,20,38,4,7,1,,,,,2,,4,Offensive,8,Foul,,,,197,197,
1,1,42,Zach Hanson with a  turnover:,120789,,true,false,false,Zach,,Hanson,,Cre,,20,38,4,7,1,,,,,2,,,,7,Turnover,,,,197,197,
1,1,24,Shooting foul committed by Ethan Wragge.,88810,,true,false,false,Ethan,,Wragge,,Cre,,20,38,4,8,2,,,,,0,,2,Shooting,8,Foul,,,,197,197,
1,1,24,Cory Jefferson misses free throw 1 of 2.,88704,,true,false,false,Cory,,Jefferson,,Baylor,,20,38,4,8,0,,,,,8,1,11,Free Throw 1 of 2,2,Free Throw Missed,,,,83,83,
1,1,24,Baylor with an offensive rebound.,,,false,false,false,,,,,,,20,38,4,8,0,,,,,0,,,,5,Offensive Rebound,,,,83,83,
1,1,24,Cory Jefferson misses free throw 2 of 2.,88704,,true,false,false,Cory,,Jefferson,,Baylor,,20,38,4,8,0,,,,,8,1,12,Free Throw 2 of 2,2,Free Throw Missed,,,,83,83,
1,1,24,Rico Gathers with an offensive rebound.,116503,,true,false,false,Rico,,Gathers,,Baylor,,20,38,4,8,1,,,,,2,,,,5,Offensive Rebound,,,,83,83,
1,0,56.5,Cory Jefferson misses a 3-point jump shot from 24 feet out.,88704,,true,false,false,Cory,,Jefferson,,Baylor,,20,38,4,8,0,,,,,8,3,45,Jump Shot,4,Field Goal Missed,24,-6.8,22.7,83,83,
1,0,56.5,Cre with a defensive rebound.,,,false,false,false,,,,,,,20,38,4,8,0,,,,,0,,,,6,Defensive Rebound,,,,197,197,
1,0,54.5,Personal foul committed by Rico Gathers.,116503,,true,false,false,Rico,,Gathers,,Baylor,,20,38,5,8,2,,,,,2,,1,Personal,8,Foul,,,,83,83,
1,0,39.5,Offensive foul committed by Grant Gibbs.,81539,,true,false,false,Grant,,Gibbs,,Cre,,20,38,5,9,3,,,,,6,,4,Offensive,8,Foul,,,,197,197,
1,0,39.5,Grant Gibbs with a  turnover:,81539,,true,false,false,Grant,,Gibbs,,Cre,,20,38,5,9,3,,,,,6,,,,7,Turnover,,,,197,197,
1,0,08.5,Kenny Chery misses a jump shot from 8 feet out.,120767,,true,false,false,Kenny,,Chery,,Baylor,,20,38,5,9,1,,,,,9,2,45,Jump Shot,4,Field Goal Missed,8,7.7,3.5,83,83,
1,0,08.5,Isaiah Austin with an offensive rebound.,116502,,true,false,false,Isaiah,,Austin,,Baylor,,20,38,5,9,1,,,,,5,,,,5,Offensive Rebound,,,,83,83,
1,0,03.7,Isaiah Austin makes a jump shot from 6 feet out.,116502,,true,false,false,Isaiah,,Austin,,Baylor,,20,40,5,9,1,,,,,7,2,45,Jump Shot,3,Field Goal Made,6,.6,5.7,83,83,
1,0,00,End of the 1st Half,,,false,false,false,,,,,,,20,40,5,9,0,,,,,0,,,,15,End Period,,,,197,197,
2,20,00,Start of the 2nd Half,,,false,false,false,,,,,,,20,40,0,0,0,,,,,0,,,,14,Start Period,,,,197,197,
2,19,37,Cory Jefferson makes a jump shot from 17 feet out. Kenny Chery with the assist.,88704,120767,true,true,false,Cory,Kenny,Jefferson,Chery,Baylor,Baylor,20,42,0,0,0,,,,,10,2,45,Jump Shot,3,Field Goal Made,17,-.3,17.4,83,83,
2,19,30,Ethan Wragge misses a jump shot from 17 feet out.,88810,,true,false,false,Ethan,,Wragge,,Cre,,20,42,0,0,2,,,,,0,2,45,Jump Shot,4,Field Goal Missed,17,11.4,12.5,197,197,
2,19,30,Royce O'Neale with a defensive rebound.,110021,,true,false,false,Royce,,O'Neale,,Baylor,,20,42,0,0,1,,,,,6,,,,6,Defensive Rebound,,,,83,83,
2,18,56,Royce O'Neale misses a jump shot from 13 feet out.,110021,,true,false,false,Royce,,O'Neale,,Baylor,,20,42,0,0,1,,,,,6,2,45,Jump Shot,4,Field Goal Missed,13,-6,11.4,83,83,
2,18,56,Doug McDermott with a defensive rebound.,97718,,true,false,false,Doug,,McDermott,,Cre,,20,42,0,0,2,,,,,3,,,,6,Defensive Rebound,,,,197,197,
2,18,45,Ethan Wragge makes a 3-point jump shot from 23 feet out. Doug McDermott with the assist.,88810,97718,true,true,false,Ethan,Doug,Wragge,McDermott,Cre,Cre,23,42,0,0,2,,,,,3,3,45,Jump Shot,3,Field Goal Made,23,22.5,3.3,197,197,
2,18,15,Isaiah Austin misses a 3-point jump shot from 23 feet out.,116502,,true,false,false,Isaiah,,Austin,,Baylor,,23,42,0,0,1,,,,,7,3,45,Jump Shot,4,Field Goal Missed,23,-2.7,22.7,83,83,
2,18,15,Austin Chatman with a defensive rebound.,109694,,true,false,false,Austin,,Chatman,,Cre,,23,42,0,0,0,,,,,7,,,,6,Defensive Rebound,,,,197,197,
2,17,59,Grant Gibbs misses a 3-point jump shot from 24 feet out.,81539,,true,false,false,Grant,,Gibbs,,Cre,,23,42,0,0,3,,,,,6,3,45,Jump Shot,4,Field Goal Missed,24,-17.5,16.6,197,197,
2,17,59,Kenny Chery with a defensive rebound.,120767,,true,false,false,Kenny,,Chery,,Baylor,,23,42,0,0,1,,,,,9,,,,6,Defensive Rebound,,,,83,83,
2,17,35,Brady Heslip makes a 3-point jump shot from 23 feet out.,95395,,true,false,false,Brady,,Heslip,,Baylor,,23,45,0,0,0,,,,,9,3,45,Jump Shot,3,Field Goal Made,23,-22.5,4.2,83,83,
2,17,04,Ethan Wragge makes a 3-point jump shot from 22 feet out. Austin Chatman with the assist.,88810,109694,true,true,false,Ethan,Austin,Wragge,Chatman,Cre,Cre,26,45,0,0,2,,,,,6,3,45,Jump Shot,3,Field Goal Made,22,22.1,2.5,197,197,
2,16,47,Isaiah Austin makes a jump shot from 6 feet out.,116502,,true,false,false,Isaiah,,Austin,,Baylor,,26,47,0,0,1,,,,,9,2,45,Jump Shot,3,Field Goal Made,6,-4.9,4,83,83,
2,16,26,Doug McDermott makes a layup shot. Grant Gibbs with the assist.,97718,81539,true,true,false,Doug,Grant,McDermott,Gibbs,Cre,Cre,28,47,0,0,2,,,,,5,2,40,Layup Shot,3,Field Goal Made,0,0,0,197,197,
2,16,02,Royce O'Neale makes a layup shot. Isaiah Austin with the assist.,110021,116502,true,true,false,Royce,Isaiah,O'Neale,Austin,Baylor,Baylor,28,49,0,0,1,,,,,8,2,40,Layup Shot,3,Field Goal Made,0,0,0,83,83,
2,15,50,Doug McDermott makes a layup shot. Jahenns Manigat with the assist.,97718,97717,true,true,false,Doug,Jahenns,McDermott,Manigat,Cre,Cre,30,49,0,0,2,,,,,7,2,40,Layup Shot,3,Field Goal Made,0,0,0,197,197,
2,15,24,Shooting foul committed by Ethan Wragge.,88810,,true,false,false,Ethan,,Wragge,,Cre,,30,49,0,1,3,,,,,6,,2,Shooting,8,Foul,,,,197,197,
2,15,24,Official TV timeout.,,,false,false,false,,,,,,,30,49,0,1,0,,,,,0,,3,Official TV,11,Timeout,,,,197,197,
2,15,24,Isaiah Austin makes free throw 1 of 2.,116502,,true,false,false,Isaiah,,Austin,,Baylor,,30,50,0,1,1,,,,,10,1,11,Free Throw 1 of 2,1,Free Throw Made,,,,83,83,
2,15,24,Isaiah Austin misses free throw 2 of 2.,116502,,true,false,false,Isaiah,,Austin,,Baylor,,30,50,0,1,1,,,,,10,1,12,Free Throw 2 of 2,2,Free Throw Missed,,,,83,83,
2,15,24,Avery Dingman with a defensive rebound.,109695,,true,false,false,Avery,,Dingman,,Cre,,30,50,0,1,0,,,,,0,,,,6,Defensive Rebound,,,,197,197,
2,15,15,Doug McDermott misses a layup shot.,97718,,true,false,false,Doug,,McDermott,,Cre,,30,50,0,1,2,,,,,7,2,40,Layup Shot,4,Field Goal Missed,0,0,0,197,197,
2,15,15,Devin Brooks with an offensive rebound.,120782,,true,false,false,Devin,,Brooks,,Cre,,30,50,0,1,1,,,,,2,,,,5,Offensive Rebound,,,,197,197,
2,15,10,Devin Brooks misses a layup shot.,120782,,true,false,false,Devin,,Brooks,,Cre,,30,50,0,1,1,,,,,2,2,40,Layup Shot,4,Field Goal Missed,0,0,0,197,197,
2,15,10,Devin Brooks with an offensive rebound.,120782,,true,false,false,Devin,,Brooks,,Cre,,30,50,0,1,1,,,,,2,,,,5,Offensive Rebound,,,,197,197,
2,14,58,Devin Brooks misses a layup shot.,120782,,true,false,false,Devin,,Brooks,,Cre,,30,50,0,1,1,,,,,2,2,40,Layup Shot,4,Field Goal Missed,0,0,0,197,197,
2,14,58,Cory Jefferson with a defensive rebound.,88704,,true,false,false,Cory,,Jefferson,,Baylor,,30,50,0,1,0,,,,,10,,,,6,Defensive Rebound,,,,83,83,
2,14,34,Kenny Chery makes a 3-point jump shot from 23 feet out.,120767,,true,false,false,Kenny,,Chery,,Baylor,,30,53,0,1,1,,,,,12,3,45,Jump Shot,3,Field Goal Made,23,-19.9,12.4,83,83,
2,14,08,Ethan Wragge misses a 3-point jump shot from 24 feet out.,88810,,true,false,false,Ethan,,Wragge,,Cre,,30,53,0,1,3,,,,,6,3,45,Jump Shot,4,Field Goal Missed,24,17.7,16.8,197,197,
2,14,08,Austin Chatman with an offensive rebound.,109694,,true,false,false,Austin,,Chatman,,Cre,,30,53,0,1,0,,,,,7,,,,5,Offensive Rebound,,,,197,197,
2,13,59,Doug McDermott makes a jump shot from 8 feet out.,97718,,true,false,false,Doug,,McDermott,,Cre,,32,53,0,1,2,,,,,9,2,45,Jump Shot,3,Field Goal Made,8,-1.6,7.7,197,197,
2,13,42,Isaiah Austin makes a layup shot. Brady Heslip with the assist.,116502,95395,true,true,false,Isaiah,Brady,Austin,Heslip,Baylor,Baylor,32,55,0,1,1,,,,,12,2,40,Layup Shot,3,Field Goal Made,0,0,0,83,83,
2,13,42,Shooting foul committed by Devin Brooks.,120782,,true,false,false,Devin,,Brooks,,Cre,,32,55,0,2,2,,,,,2,,2,Shooting,8,Foul,,,,197,197,
2,13,42,Isaiah Austin makes free throw 1 of 1.,116502,,true,false,false,Isaiah,,Austin,,Baylor,,32,56,0,2,1,,,,,13,1,10,Free Throw 1 of 1,1,Free Throw Made,,,,83,83,
2,13,23,Austin Chatman makes a jump shot from 10 feet out.,109694,,true,false,false,Austin,,Chatman,,Cre,,34,56,0,2,0,,,,,9,2,45,Jump Shot,3,Field Goal Made,10,5.3,8.1,197,197,
2,13,02,Cory Jefferson makes a dunk shot. Isaiah Austin with the assist.,88704,116502,true,true,false,Cory,Isaiah,Jefferson,Austin,Baylor,Baylor,34,58,0,2,0,,,,,12,2,48,Dunk Shot,3,Field Goal Made,0,0,0,83,83,
2,12,41,Doug McDermott misses a 3-point jump shot from 24 feet out.,97718,,true,false,false,Doug,,McDermott,,Cre,,34,58,0,2,2,,,,,9,3,45,Jump Shot,4,Field Goal Missed,24,-3.8,23.5,197,197,
2,12,41,Ethan Wragge with an offensive rebound.,88810,,true,false,false,Ethan,,Wragge,,Cre,,34,58,0,2,3,,,,,6,,,,5,Offensive Rebound,,,,197,197,
2,12,38,Shooting foul committed by Cory Jefferson.,88704,,true,false,false,Cory,,Jefferson,,Baylor,,34,58,1,2,1,,,,,12,,2,Shooting,8,Foul,,,,83,83,
2,12,38,Ethan Wragge makes free throw 1 of 2.,88810,,true,false,false,Ethan,,Wragge,,Cre,,35,58,1,2,3,,,,,7,1,11,Free Throw 1 of 2,1,Free Throw Made,,,,197,197,
2,12,38,Ethan Wragge misses free throw 2 of 2.,88810,,true,false,false,Ethan,,Wragge,,Cre,,35,58,1,2,3,,,,,7,1,12,Free Throw 2 of 2,2,Free Throw Missed,,,,197,197,
2,12,38,Rico Gathers with a defensive rebound.,116503,,true,false,false,Rico,,Gathers,,Baylor,,35,58,1,2,2,,,,,2,,,,6,Defensive Rebound,,,,83,83,
2,12,18,Kenny Chery misses a jump shot from 9 feet out.,120767,,true,false,false,Kenny,,Chery,,Baylor,,35,58,1,2,1,,,,,12,2,45,Jump Shot,4,Field Goal Missed,9,.1,9.2,83,83,
2,12,18,Jahenns Manigat with a defensive rebound.,97717,,true,false,false,Jahenns,,Manigat,,Cre,,35,58,1,2,0,,,,,0,,,,6,Defensive Rebound,,,,197,197,
2,12,04,Jahenns Manigat misses a 3-point jump shot from 23 feet out.,97717,,true,false,false,Jahenns,,Manigat,,Cre,,35,58,1,2,0,,,,,0,3,45,Jump Shot,4,Field Goal Missed,23,7.7,21.8,197,197,
2,12,04,Rico Gathers with a defensive rebound.,116503,,true,false,false,Rico,,Gathers,,Baylor,,35,58,1,2,2,,,,,2,,,,6,Defensive Rebound,,,,83,83,
2,11,45,Personal foul committed by Avery Dingman.,109695,,true,false,false,Avery,,Dingman,,Cre,,35,58,1,3,1,,,,,0,,1,Personal,8,Foul,,,,197,197,
2,11,45,Official TV timeout.,,,false,false,false,,,,,,,35,58,1,3,0,,,,,0,,3,Official TV,11,Timeout,,,,197,197,
2,11,30,Rico Gathers makes a layup shot.,116503,,true,false,false,Rico,,Gathers,,Baylor,,35,60,1,3,2,,,,,4,2,40,Layup Shot,3,Field Goal Made,0,0,0,83,83,
2,11,05,Grant Gibbs misses a 3-point jump shot from 24 feet out.,81539,,true,false,false,Grant,,Gibbs,,Cre,,35,60,1,3,3,,,,,6,3,45,Jump Shot,4,Field Goal Missed,24,17.1,17.2,197,197,
2,11,05,Rico Gathers with a defensive rebound.,116503,,true,false,false,Rico,,Gathers,,Baylor,,35,60,1,3,2,,,,,4,,,,6,Defensive Rebound,,,,83,83,
2,10,46,Personal foul committed by Austin Chatman.,109694,,true,false,false,Austin,,Chatman,,Cre,,35,60,1,4,1,,,,,9,,1,Personal,8,Foul,,,,197,197,
2,10,24,Brady Heslip makes a 3-point jump shot from 23 feet out. Gary Franklin with the assist.,95395,97029,true,true,false,Brady,Gary,Heslip,Franklin,Baylor,Baylor,35,63,1,4,0,,,,,12,3,45,Jump Shot,3,Field Goal Made,23,-22.3,3.1,83,83,
2,10,05,Jahenns Manigat misses a 3-point jump shot from 22 feet out.,97717,,true,false,false,Jahenns,,Manigat,,Cre,,35,63,1,4,0,,,,,0,3,45,Jump Shot,4,Field Goal Missed,22,-22.3,2,197,197,
2,10,05,Isaiah Austin with a defensive rebound.,116502,,true,false,false,Isaiah,,Austin,,Baylor,,35,63,1,4,1,,,,,13,,,,6,Defensive Rebound,,,,83,83,
2,9,42,Gary Franklin with a 5 second violation turnover: 5 Second Violation,97029,,true,false,false,Gary,,Franklin,,Baylor,,35,63,1,4,0,,,,,0,,9,5 Second Violation,7,Turnover,,,,83,83,
2,9,24,Doug McDermott misses a jump shot from 12 feet out.,97718,,true,false,false,Doug,,McDermott,,Cre,,35,63,1,4,2,,,,,9,2,45,Jump Shot,4,Field Goal Missed,12,-2.7,12.2,197,197,
2,9,24,Baylor with a defensive rebound.,,,false,false,false,,,,,,,35,63,1,4,0,,,,,0,,,,6,Defensive Rebound,,,,83,83,
2,9,07,Offensive foul committed by Gary Franklin.,97029,,true,false,false,Gary,,Franklin,,Baylor,,35,63,2,4,1,,,,,0,,4,Offensive,8,Foul,,,,83,83,
2,9,07,Gary Franklin with a  turnover:,97029,,true,false,false,Gary,,Franklin,,Baylor,,35,63,2,4,1,,,,,0,,,,7,Turnover,,,,83,83,
2,9,07,Grant Gibbs makes free throw 1 of 2.,81539,,true,false,false,Grant,,Gibbs,,Cre,,36,63,2,4,3,,,,,7,1,11,Free Throw 1 of 2,1,Free Throw Made,,,,197,197,
2,9,07,Grant Gibbs makes free throw 2 of 2.,81539,,true,false,false,Grant,,Gibbs,,Cre,,37,63,2,4,3,,,,,8,1,12,Free Throw 2 of 2,1,Free Throw Made,,,,197,197,
2,8,48,Personal foul committed by Kenny Chery.,120767,,true,false,false,Kenny,,Chery,,Baylor,,37,63,3,4,2,,,,,12,,1,Personal,8,Foul,,,,83,83,
2,8,42,Austin Chatman makes a jump shot from 3 feet out.,109694,,true,false,false,Austin,,Chatman,,Cre,,39,63,3,4,1,,,,,11,2,45,Jump Shot,3,Field Goal Made,3,-.6,3.1,197,197,
2,8,31,Personal foul committed by Grant Gibbs.,81539,,true,false,false,Grant,,Gibbs,,Cre,,39,63,3,5,4,,,,,8,,1,Personal,8,Foul,,,,197,197,
2,8,22,Rico Gathers makes a dunk shot. Kenny Chery with the assist.,116503,120767,true,true,false,Rico,Kenny,Gathers,Chery,Baylor,Baylor,39,65,3,5,2,,,,,6,2,48,Dunk Shot,3,Field Goal Made,0,0,0,83,83,
2,8,09,Personal foul committed by Gary Franklin.,97029,,true,false,false,Gary,,Franklin,,Baylor,,39,65,4,5,2,,,,,0,,1,Personal,8,Foul,,,,83,83,
2,8,05,Avery Dingman misses a layup shot.,109695,,true,false,false,Avery,,Dingman,,Cre,,39,65,4,5,1,,,,,0,2,40,Layup Shot,4,Field Goal Missed,0,0,0,197,197,
2,8,05,Taurean Prince with a defensive rebound.,116506,,true,false,false,Taurean,,Prince,,Baylor,,39,65,4,5,0,,,,,2,,,,6,Defensive Rebound,,,,83,83,
2,7,29,Rico Gathers misses a jump shot from 12 feet out.,116503,,true,false,false,Rico,,Gathers,,Baylor,,39,65,4,5,2,,,,,6,2,45,Jump Shot,4,Field Goal Missed,12,2.1,11.8,83,83,
2,7,29,Avery Dingman with a defensive rebound.,109695,,true,false,false,Avery,,Dingman,,Cre,,39,65,4,5,1,,,,,0,,,,6,Defensive Rebound,,,,197,197,
2,7,20,Ethan Wragge misses a 3-point jump shot from 25 feet out.,88810,,true,false,false,Ethan,,Wragge,,Cre,,39,65,4,5,3,,,,,7,3,45,Jump Shot,4,Field Goal Missed,25,-19.5,15.3,197,197,
2,7,20,Rico Gathers with a defensive rebound.,116503,,true,false,false,Rico,,Gathers,,Baylor,,39,65,4,5,2,,,,,6,,,,6,Defensive Rebound,,,,83,83,
2,6,52,Kenny Chery misses a jump shot from 18 feet out.,120767,,true,false,false,Kenny,,Chery,,Baylor,,39,65,4,5,2,,,,,12,2,45,Jump Shot,4,Field Goal Missed,18,12.3,12.9,83,83,
2,6,52,Devin Brooks with a defensive rebound.,120782,,true,false,false,Devin,,Brooks,,Cre,,39,65,4,5,2,,,,,2,,,,6,Defensive Rebound,,,,197,197,
2,6,46,Doug McDermott makes a layup shot. Devin Brooks with the assist.,97718,120782,true,true,false,Doug,Devin,McDermott,Brooks,Cre,Cre,41,65,4,5,2,,,,,11,2,40,Layup Shot,3,Field Goal Made,0,0,0,197,197,
2,6,30,Baylor take a 20-second timeout.,,,false,false,false,,,,,,,41,65,4,5,0,,,,,0,,2,Short,11,Timeout,,,,83,83,
2,6,19,Isaiah Austin makes a jump shot from 8 feet out.,116502,,true,false,false,Isaiah,,Austin,,Baylor,,41,67,4,5,1,,,,,15,2,45,Jump Shot,3,Field Goal Made,8,-1.4,7.9,83,83,
2,6,19,Shooting foul committed by Doug McDermott.,97718,,true,false,false,Doug,,McDermott,,Cre,,41,67,4,6,3,,,,,11,,2,Shooting,8,Foul,,,,197,197,
2,6,19,Official TV timeout.,,,false,false,false,,,,,,,41,67,4,6,0,,,,,0,,3,Official TV,11,Timeout,,,,197,197,
2,6,19,Isaiah Austin misses free throw 1 of 1.,116502,,true,false,false,Isaiah,,Austin,,Baylor,,41,67,4,6,1,,,,,15,1,10,Free Throw 1 of 1,2,Free Throw Missed,,,,83,83,
2,6,19,Doug McDermott with a defensive rebound.,97718,,true,false,false,Doug,,McDermott,,Cre,,41,67,4,6,3,,,,,11,,,,6,Defensive Rebound,,,,197,197,
2,6,00,Jahenns Manigat makes a 3-point jump shot from 24 feet out. Grant Gibbs with the assist.,97717,81539,true,true,false,Jahenns,Grant,Manigat,Gibbs,Cre,Cre,44,67,4,6,0,,,,,3,3,45,Jump Shot,3,Field Goal Made,24,7.1,22.9,197,197,
2,5,32,Isaiah Austin makes a layup shot. Royce O'Neale with the assist.,116502,110021,true,true,false,Isaiah,Royce,Austin,O'Neale,Baylor,Baylor,44,69,4,6,1,,,,,17,2,40,Layup Shot,3,Field Goal Made,0,0,0,83,83,
2,5,19,Shooting foul committed by Isaiah Austin.,116502,,true,false,false,Isaiah,,Austin,,Baylor,,44,69,5,6,2,,,,,17,,2,Shooting,8,Foul,,,,83,83,
2,5,19,Will Artino makes free throw 1 of 2.,97715,,true,false,false,Will,,Artino,,Cre,,45,69,5,6,0,,,,,1,1,11,Free Throw 1 of 2,1,Free Throw Made,,,,197,197,
2,5,19,Will Artino misses free throw 2 of 2.,97715,,true,false,false,Will,,Artino,,Cre,,45,69,5,6,0,,,,,1,1,12,Free Throw 2 of 2,2,Free Throw Missed,,,,197,197,
2,5,19,Royce O'Neale with a defensive rebound.,110021,,true,false,false,Royce,,O'Neale,,Baylor,,45,69,5,6,1,,,,,8,,,,6,Defensive Rebound,,,,83,83,
2,4,59,Brady Heslip misses a 3-point jump shot from 24 feet out.,95395,,true,false,false,Brady,,Heslip,,Baylor,,45,69,5,6,0,,,,,12,3,45,Jump Shot,4,Field Goal Missed,24,-19.4,13.7,83,83,
2,4,59,Isaiah Austin with an offensive rebound.,116502,,true,false,false,Isaiah,,Austin,,Baylor,,45,69,5,6,2,,,,,17,,,,5,Offensive Rebound,,,,83,83,
2,4,22,Kenny Chery misses a 3-point jump shot from 28 feet out.,120767,,true,false,false,Kenny,,Chery,,Baylor,,45,69,5,6,2,,,,,12,3,45,Jump Shot,4,Field Goal Missed,28,16.4,23.3,83,83,
2,4,22,Cre with a defensive rebound.,,,false,false,false,,,,,,,45,69,5,6,0,,,,,0,,,,6,Defensive Rebound,,,,197,197,
2,4,10,Doug McDermott misses a jump shot from 10 feet out.,97718,,true,false,false,Doug,,McDermott,,Cre,,45,69,5,6,3,,,,,11,2,45,Jump Shot,4,Field Goal Missed,10,.3,9.8,197,197,
2,4,10,Kenny Chery with a defensive rebound.,120767,,true,false,false,Kenny,,Chery,,Baylor,,45,69,5,6,2,,,,,12,,,,6,Defensive Rebound,,,,83,83,
2,4,04,Personal foul committed by Doug McDermott.,97718,,true,false,false,Doug,,McDermott,,Cre,,45,69,5,7,4,,,,,11,,1,Personal,8,Foul,,,,197,197,
2,4,04,Kenny Chery makes free throw 1st of 1-and-1.,120767,,true,false,false,Kenny,,Chery,,Baylor,,45,70,5,7,2,,,,,13,1,8,Free Throw 1st of 1-and-1,1,Free Throw Made,,,,83,83,
2,4,04,Kenny Chery makes free throw 2nd of 1-and-1.,120767,,true,false,false,Kenny,,Chery,,Baylor,,45,71,5,7,2,,,,,14,1,9,Free Throw 2nd of 1-and-1,1,Free Throw Made,,,,83,83,
2,3,54,Austin Chatman misses a 3-point jump shot from 23 feet out.,109694,,true,false,false,Austin,,Chatman,,Cre,,45,71,5,7,1,,,,,11,3,45,Jump Shot,4,Field Goal Missed,23,17.7,15.3,197,197,
2,3,54,Cory Jefferson with a defensive rebound.,88704,,true,false,false,Cory,,Jefferson,,Baylor,,45,71,5,7,1,,,,,12,,,,6,Defensive Rebound,,,,83,83,
2,3,42,Brady Heslip misses a 3-point jump shot from 24 feet out.,95395,,true,false,false,Brady,,Heslip,,Baylor,,45,71,5,7,0,,,,,12,3,45,Jump Shot,4,Field Goal Missed,24,-19.9,14,83,83,
2,3,42,Grant Gibbs with a defensive rebound.,81539,,true,false,false,Grant,,Gibbs,,Cre,,45,71,5,7,4,,,,,8,,,,6,Defensive Rebound,,,,197,197,
2,3,30,Doug McDermott makes a jump shot from 6 feet out.,97718,,true,false,false,Doug,,McDermott,,Cre,,47,71,5,7,4,,,,,13,2,45,Jump Shot,3,Field Goal Made,6,-.5,6.4,197,197,
2,3,16,Brady Heslip makes a jump shot from 8 feet out.,95395,,true,false,false,Brady,,Heslip,,Baylor,,47,73,5,7,0,,,,,14,2,45,Jump Shot,3,Field Goal Made,8,.5,7.5,83,83,
2,3,06,Doug McDermott makes a layup shot.,97718,,true,false,false,Doug,,McDermott,,Cre,,49,73,5,7,4,,,,,15,2,40,Layup Shot,3,Field Goal Made,0,0,0,197,197,
2,2,55,Brady Heslip makes a 3-point jump shot from 26 feet out. Royce O'Neale with the assist.,95395,110021,true,true,false,Brady,Royce,Heslip,O'Neale,Baylor,Baylor,49,76,5,7,0,,,,,17,3,45,Jump Shot,3,Field Goal Made,26,-19.9,16.1,83,83,
2,2,54,Personal foul committed by Ethan Wragge.,88810,,true,false,false,Ethan,,Wragge,,Cre,,49,76,5,8,4,,,,,7,,1,Personal,8,Foul,,,,197,197,
2,2,54,Ethan Wragge is charged with a turnover due to a foul.,88810,,true,false,false,Ethan,,Wragge,,Cre,,49,76,5,8,4,,,,,7,,5,Offensive Foul-Charge,7,Turnover,,,,197,197,
2,2,54,Official TV timeout.,,,false,false,false,,,,,,,49,76,5,8,0,,,,,0,,3,Official TV,11,Timeout,,,,197,197,
2,2,54,Cory Jefferson makes free throw 1st of 1-and-1.,88704,,true,false,false,Cory,,Jefferson,,Baylor,,49,77,5,8,1,,,,,13,1,8,Free Throw 1st of 1-and-1,1,Free Throw Made,,,,83,83,
2,2,54,Cory Jefferson makes free throw 2nd of 1-and-1.,88704,,true,false,false,Cory,,Jefferson,,Baylor,,49,78,5,8,1,,,,,14,1,9,Free Throw 2nd of 1-and-1,1,Free Throw Made,,,,83,83,
2,2,35,Jahenns Manigat misses a 3-point jump shot from 25 feet out.,97717,,true,false,false,Jahenns,,Manigat,,Cre,,49,78,5,8,0,,,,,3,3,45,Jump Shot,4,Field Goal Missed,25,-6.8,23.8,197,197,
2,2,35,Royce O'Neale with a defensive rebound.,110021,,true,false,false,Royce,,O'Neale,,Baylor,,49,78,5,8,1,,,,,8,,,,6,Defensive Rebound,,,,83,83,
2,2,31,Personal foul committed by Austin Chatman.,109694,,true,false,false,Austin,,Chatman,,Cre,,49,78,5,9,2,,,,,11,,1,Personal,8,Foul,,,,197,197,
2,2,31,Royce O'Neale makes free throw 1st of 1-and-1.,110021,,true,false,false,Royce,,O'Neale,,Baylor,,49,79,5,9,1,,,,,9,1,8,Free Throw 1st of 1-and-1,1,Free Throw Made,,,,83,83,
2,2,31,Royce O'Neale makes free throw 2nd of 1-and-1.,110021,,true,false,false,Royce,,O'Neale,,Baylor,,49,80,5,9,1,,,,,10,1,9,Free Throw 2nd of 1-and-1,1,Free Throw Made,,,,83,83,
2,2,19,Devin Brooks misses a 3-point jump shot from 24 feet out.,120782,,true,false,false,Devin,,Brooks,,Cre,,49,80,5,9,2,,,,,2,3,45,Jump Shot,4,Field Goal Missed,24,-.3,24.4,197,197,
2,2,19,Rico Gathers with a defensive rebound.,116503,,true,false,false,Rico,,Gathers,,Baylor,,49,80,5,9,2,,,,,6,,,,6,Defensive Rebound,,,,83,83,
2,2,00,Taurean Prince misses a 3-point jump shot from 23 feet out.,116506,,true,false,false,Taurean,,Prince,,Baylor,,49,80,5,9,0,,,,,2,3,45,Jump Shot,4,Field Goal Missed,23,21.4,8.8,83,83,
2,2,00,Rico Gathers with an offensive rebound.,116503,,true,false,false,Rico,,Gathers,,Baylor,,49,80,5,9,2,,,,,6,,,,5,Offensive Rebound,,,,83,83,
2,1,50,Shooting foul committed by Avery Dingman.,109695,,true,false,false,Avery,,Dingman,,Cre,,49,80,5,10,2,,,,,0,,2,Shooting,8,Foul,,,,197,197,
2,1,50,Logan Lowery misses free throw 1 of 2.,97808,,true,false,false,Logan,,Lowery,,Baylor,,49,80,5,10,0,,,,,0,1,11,Free Throw 1 of 2,2,Free Throw Missed,,,,83,83,
2,1,50,Baylor with an offensive rebound.,,,false,false,false,,,,,,,49,80,5,10,0,,,,,0,,,,5,Offensive Rebound,,,,83,83,
2,1,50,Logan Lowery makes free throw 2 of 2.,97808,,true,false,false,Logan,,Lowery,,Baylor,,49,81,5,10,0,,,,,1,1,12,Free Throw 2 of 2,1,Free Throw Made,,,,83,83,
2,1,35,Devin Brooks with a traveling turnover: Traveling,120782,,true,false,false,Devin,,Brooks,,Cre,,49,81,5,10,2,,,,,2,,4,Traveling,7,Turnover,,,,197,197,
2,1,20,Logan Lowery makes a layup shot.,97808,,true,false,false,Logan,,Lowery,,Baylor,,49,83,5,10,0,,,,,3,2,40,Layup Shot,3,Field Goal Made,0,0,0,83,83,
2,0,57.0,Geoffrey Groselle makes a layup shot.,109697,,true,false,false,Geoffrey,,Groselle,,Cre,,51,83,5,10,0,,,,,2,2,40,Layup Shot,3,Field Goal Made,0,0,0,197,197,
2,0,55.4,Shooting foul committed by Taurean Prince.,116506,,true,false,false,Taurean,,Prince,,Baylor,,51,83,6,10,1,,,,,2,,2,Shooting,8,Foul,,,,83,83,
2,0,55.4,Geoffrey Groselle makes free throw 1 of 1.,109697,,true,false,false,Geoffrey,,Groselle,,Cre,,52,83,6,10,0,,,,,3,1,10,Free Throw 1 of 1,1,Free Throw Made,,,,197,197,
2,0,45.9,Ish Wainright makes a jump shot from 3 feet out.,120770,,true,false,false,Ish,,Wainright,,Baylor,,52,85,6,10,0,,,,,2,2,45,Jump Shot,3,Field Goal Made,3,-1,3.3,83,83,
2,0,30.2,Avery Dingman makes a 3-point jump shot from 24 feet out. Devin Brooks with the assist.,109695,120782,true,true,false,Avery,Devin,Dingman,Brooks,Cre,Cre,55,85,6,10,2,,,,,3,3,45,Jump Shot,3,Field Goal Made,24,-18.4,15.5,197,197,
2,0,00,End of the 2nd Half,,,false,false,false,,,,,,,55,85,6,10,0,,,,,0,,,,15,End Period,,,,197,197,
2,0,00,End of the Game,,,false,false,false,,,,,,,55,85,6,10,0,,,,,0,,,,19,Game Over,,,,197,197,
