half,time-minutes,time-seconds,details,player1-id,player2-id,player1-linkable,player2-linkable,player3-linkable,player-first-name-1,player-first-name-2,player-last-name-1,player-last-name-2,player-team-alias-1,player-team-alias-2,home-score,visitor-score,visitor-fouls,home-fouls,player-fouls,fastbreak,in-paint,second-chance,off-turnover,player-score,points-type,detail-id,detail-desc,event-id,event-desc,distance,x-coord,y-coord,team-id-1,team-id-2,team-id-3
1,20,00,Start of the 1st Half,,,false,false,false,,,,,,,0,0,0,0,0,,,,,0,,,,14,Start Period,,,,86,86,
1,19,40,Dwight Powell with a lost ball turnover: Lost Ball,97471,,true,false,false,Dwight,,Powell,,Stan,,0,0,0,0,0,,,,,0,,2,Lost Ball,7,Turnover,,,,240,240,
1,19,33,"Wayne Selden, Jr. misses a 3-point jump shot from 24 feet out.",121909,,true,false,false,Wayne,,"Selden, Jr.",,Kansas,,0,0,0,0,0,,,,,0,3,45,Jump Shot,4,Field Goal Missed,24,22.9,5.7,86,86,
1,19,33,Josh Huestis with a defensive rebound.,97469,,true,false,false,Josh,,Huestis,,Stan,,0,0,0,0,0,,,,,0,,,,6,Defensive Rebound,,,,240,240,
1,19,25,Personal foul committed by Naadir Tharpe.,110107,,true,false,false,Naadir,,Tharpe,,Kansas,,0,0,0,1,1,,,,,0,,1,Personal,8,Foul,,,,86,86,
1,19,13,Josh Huestis misses a jump shot from 7 feet out.,97469,,true,false,false,Josh,,Huestis,,Stan,,0,0,0,1,0,,,,,0,2,45,Jump Shot,4,Field Goal Missed,7,-.8,7.4,240,240,
1,19,13,Stan with an offensive rebound.,,,false,false,false,,,,,,,0,0,0,1,0,,,,,0,,,,5,Offensive Rebound,,,,240,240,
1,19,09,Chasson Randle misses a jump shot from 14 feet out.,109889,,true,false,false,Chasson,,Randle,,Stan,,0,0,0,1,0,,,,,0,2,45,Jump Shot,4,Field Goal Missed,14,13.4,2.1,240,240,
1,19,09,Naadir Tharpe with a defensive rebound.,110107,,true,false,false,Naadir,,Tharpe,,Kansas,,0,0,0,1,1,,,,,0,,,,6,Defensive Rebound,,,,86,86,
1,18,55,Personal foul committed by Anthony Brown.,97467,,true,false,false,Anthony,,Brown,,Stan,,0,0,1,1,1,,,,,0,,1,Personal,8,Foul,,,,240,240,
1,18,48,Offensive foul committed by Andrew Wiggins.,121907,,true,false,false,Andrew,,Wiggins,,Kansas,,0,0,1,2,1,,,,,0,,4,Offensive,8,Foul,,,,86,86,
1,18,48,Andrew Wiggins with a  turnover:,121907,,true,false,false,Andrew,,Wiggins,,Kansas,,0,0,1,2,1,,,,,0,,,,7,Turnover,,,,86,86,
1,18,13,Dwight Powell misses a 3-point jump shot from 25 feet out.,97471,,true,false,false,Dwight,,Powell,,Stan,,0,0,1,2,0,,,,,0,3,45,Jump Shot,4,Field Goal Missed,25,10.6,22.4,240,240,
1,18,13,Tarik Black with a defensive rebound.,97322,,true,false,false,Tarik,,Black,,Kansas,,0,0,1,2,0,,,,,0,,,,6,Defensive Rebound,,,,86,86,
1,17,49,Tarik Black misses a hook shot from 6 feet out.,97322,,true,false,false,Tarik,,Black,,Kansas,,0,0,1,2,0,,,,,0,2,55,Hook Shot,4,Field Goal Missed,6,-.1,5.9,86,86,
1,17,49,Anthony Brown with a defensive rebound.,97467,,true,false,false,Anthony,,Brown,,Stan,,0,0,1,2,1,,,,,0,,,,6,Defensive Rebound,,,,240,240,
1,17,37,Chasson Randle makes a layup shot.,109889,,true,false,false,Chasson,,Randle,,Stan,,0,2,1,2,0,,,,,2,2,40,Layup Shot,3,Field Goal Made,0,0,0,240,240,
1,17,15,Naadir Tharpe with a bad pass turnover: Bad Pass,110107,,true,false,false,Naadir,,Tharpe,,Kansas,,0,2,1,2,1,,,,,0,,1,Bad Pass,7,Turnover,,,,86,86,
1,16,58,Dwight Powell makes a layup shot.,97471,,true,false,false,Dwight,,Powell,,Stan,,0,4,1,2,0,,,,,2,2,40,Layup Shot,3,Field Goal Made,0,0,0,240,240,
1,16,44,"Perry Ellis makes a jump shot from 19 feet out. Wayne Selden, Jr. with the assist.",116556,121909,true,true,false,Perry,Wayne,Ellis,"Selden, Jr.",Kansas,Kansas,2,4,1,2,0,,,,,2,2,45,Jump Shot,3,Field Goal Made,19,0,19,86,86,
1,16,12,Dwight Powell misses a jump shot from 19 feet out.,97471,,true,false,false,Dwight,,Powell,,Stan,,2,4,1,2,0,,,,,2,2,45,Jump Shot,4,Field Goal Missed,19,-17.6,6.2,240,240,
1,16,12,Kansas with a defensive rebound.,,,false,false,false,,,,,,,2,4,1,2,0,,,,,0,,,,6,Defensive Rebound,,,,86,86,
1,15,54,Naadir Tharpe makes a jump shot from 20 feet out.,110107,,true,false,false,Naadir,,Tharpe,,Kansas,,4,4,1,2,1,,,,,2,2,45,Jump Shot,3,Field Goal Made,20,-1.8,19.5,86,86,
1,15,35,Stefan Nastic makes a jump shot from 13 feet out. Anthony Brown with the assist.,97470,97467,true,true,false,Stefan,Anthony,Nastic,Brown,Stan,Stan,4,6,1,2,0,,,,,2,2,45,Jump Shot,3,Field Goal Made,13,-1.4,13.3,240,240,
1,15,06,Tarik Black makes a jump shot from 18 feet out. Naadir Tharpe with the assist.,97322,110107,true,true,false,Tarik,Naadir,Black,Tharpe,Kansas,Kansas,6,6,1,2,0,,,,,2,2,45,Jump Shot,3,Field Goal Made,18,-.6,18.3,86,86,
1,14,49,Chasson Randle with a lost ball turnover: Lost Ball,109889,,true,false,false,Chasson,,Randle,,Stan,,6,6,1,2,0,,,,,2,,2,Lost Ball,7,Turnover,,,,240,240,
1,14,49,Official TV timeout.,,,false,false,false,,,,,,,6,6,1,2,0,,,,,0,,3,Official TV,11,Timeout,,,,86,86,
1,14,26,Naadir Tharpe misses a jump shot from 11 feet out.,110107,,true,false,false,Naadir,,Tharpe,,Kansas,,6,6,1,2,1,,,,,2,2,45,Jump Shot,4,Field Goal Missed,11,5.9,9.3,86,86,
1,14,26,Dwight Powell with a defensive rebound.,97471,,true,false,false,Dwight,,Powell,,Stan,,6,6,1,2,0,,,,,2,,,,6,Defensive Rebound,,,,240,240,
1,14,01,"Personal foul committed by Wayne Selden, Jr..",121909,,true,false,false,Wayne,,"Selden, Jr.",,Kansas,,6,6,1,3,1,,,,,0,,1,Personal,8,Foul,,,,86,86,
1,13,45,Dwight Powell misses a jump shot from 10 feet out.,97471,,true,false,false,Dwight,,Powell,,Stan,,6,6,1,3,0,,,,,2,2,45,Jump Shot,4,Field Goal Missed,10,4,9,240,240,
1,13,45,Andrew Wiggins with a defensive rebound.,121907,,true,false,false,Andrew,,Wiggins,,Kansas,,6,6,1,3,1,,,,,0,,,,6,Defensive Rebound,,,,86,86,
1,13,28,"Wayne Selden, Jr. with a lost ball turnover: Lost Ball",121909,,true,false,false,Wayne,,"Selden, Jr.",,Kansas,,6,6,1,3,1,,,,,0,,2,Lost Ball,7,Turnover,,,,86,86,
1,13,16,Josh Huestis misses a layup shot.,97469,,true,false,false,Josh,,Huestis,,Stan,,6,6,1,3,0,,,,,0,2,40,Layup Shot,4,Field Goal Missed,0,0,0,240,240,
1,13,16,Tarik Black with a defensive rebound.,97322,,true,false,false,Tarik,,Black,,Kansas,,6,6,1,3,0,,,,,2,,,,6,Defensive Rebound,,,,86,86,
1,13,08,Andrew Wiggins with a traveling turnover: Traveling,121907,,true,false,false,Andrew,,Wiggins,,Kansas,,6,6,1,3,1,,,,,0,,4,Traveling,7,Turnover,,,,86,86,
1,12,52,Chasson Randle makes a layup shot. Dwight Powell with the assist.,109889,97471,true,true,false,Chasson,Dwight,Randle,Powell,Stan,Stan,6,8,1,3,0,,,,,4,2,40,Layup Shot,3,Field Goal Made,0,0,0,240,240,
1,12,43,Jamari Traylor with a lost ball turnover: Lost Ball,110112,,true,false,false,Jamari,,Traylor,,Kansas,,6,8,1,3,0,,,,,0,,2,Lost Ball,7,Turnover,,,,86,86,
1,12,40,Josh Huestis misses a 3-point jump shot from 24 feet out.,97469,,true,false,false,Josh,,Huestis,,Stan,,6,8,1,3,0,,,,,0,3,45,Jump Shot,4,Field Goal Missed,24,-20.8,12.2,240,240,
1,12,40,Dwight Powell with an offensive rebound.,97471,,true,false,false,Dwight,,Powell,,Stan,,6,8,1,3,0,,,,,2,,,,5,Offensive Rebound,,,,240,240,
1,12,40,Dwight Powell makes a layup shot.,97471,,true,false,false,Dwight,,Powell,,Stan,,6,10,1,3,0,,,,,4,2,40,Layup Shot,3,Field Goal Made,0,0,0,240,240,
1,12,40,Kansas take a 20-second timeout.,,,false,false,false,,,,,,,6,10,1,3,0,,,,,0,,2,Short,11,Timeout,,,,86,86,
1,12,27,Perry Ellis misses a layup shot.,116556,,true,false,false,Perry,,Ellis,,Kansas,,6,10,1,3,0,,,,,2,2,40,Layup Shot,4,Field Goal Missed,0,0,0,86,86,
1,12,27,Perry Ellis with an offensive rebound.,116556,,true,false,false,Perry,,Ellis,,Kansas,,6,10,1,3,0,,,,,2,,,,5,Offensive Rebound,,,,86,86,
1,12,27,Shooting foul committed by John Gage.,97468,,true,false,false,John,,Gage,,Stan,,6,10,2,3,1,,,,,0,,2,Shooting,8,Foul,,,,240,240,
1,12,26,Perry Ellis makes free throw 1 of 2.,116556,,true,false,false,Perry,,Ellis,,Kansas,,7,10,2,3,0,,,,,3,1,11,Free Throw 1 of 2,1,Free Throw Made,,,,86,86,
1,12,26,Perry Ellis misses free throw 2 of 2.,116556,,true,false,false,Perry,,Ellis,,Kansas,,7,10,2,3,0,,,,,3,1,12,Free Throw 2 of 2,2,Free Throw Missed,,,,86,86,
1,12,26,Anthony Brown with a defensive rebound.,97467,,true,false,false,Anthony,,Brown,,Stan,,7,10,2,3,1,,,,,0,,,,6,Defensive Rebound,,,,240,240,
1,12,02,Chasson Randle misses a jump shot from 6 feet out.,109889,,true,false,false,Chasson,,Randle,,Stan,,7,10,2,3,0,,,,,4,2,45,Jump Shot,4,Field Goal Missed,6,-3.5,4.5,240,240,
1,12,02,Josh Huestis with an offensive rebound.,97469,,true,false,false,Josh,,Huestis,,Stan,,7,10,2,3,0,,,,,0,,,,5,Offensive Rebound,,,,240,240,
1,11,55,Josh Huestis misses a tip shot from 3 feet out.,97469,,true,false,false,Josh,,Huestis,,Stan,,7,10,2,3,0,,,,,0,2,53,Tip Shot,4,Field Goal Missed,3,1.6,2.1,240,240,
1,11,55,Perry Ellis with a defensive rebound.,116556,,true,false,false,Perry,,Ellis,,Kansas,,7,10,2,3,0,,,,,3,,,,6,Defensive Rebound,,,,86,86,
1,11,48,Andrew Wiggins makes a jump shot from 16 feet out.,121907,,true,false,false,Andrew,,Wiggins,,Kansas,,9,10,2,3,1,,,,,2,2,45,Jump Shot,3,Field Goal Made,16,12,10.3,86,86,
1,11,36,John Gage makes a jump shot from 15 feet out.,97468,,true,false,false,John,,Gage,,Stan,,9,12,2,3,1,,,,,2,2,45,Jump Shot,3,Field Goal Made,15,-12.8,7,240,240,
1,11,17,Jamari Traylor misses a jump shot from 6 feet out.,110112,,true,false,false,Jamari,,Traylor,,Kansas,,9,12,2,3,0,,,,,0,2,45,Jump Shot,4,Field Goal Missed,6,4.8,3.5,86,86,
1,11,17,Perry Ellis with an offensive rebound.,116556,,true,false,false,Perry,,Ellis,,Kansas,,9,12,2,3,0,,,,,3,,,,5,Offensive Rebound,,,,86,86,
1,11,08,Perry Ellis makes a tip shot from 3 feet out.,116556,,true,false,false,Perry,,Ellis,,Kansas,,11,12,2,3,0,,,,,5,2,53,Tip Shot,3,Field Goal Made,3,-1.6,2.3,86,86,
1,10,54,Chasson Randle makes a jump shot from 19 feet out.,109889,,true,false,false,Chasson,,Randle,,Stan,,11,14,2,3,0,,,,,6,2,45,Jump Shot,3,Field Goal Made,19,-.1,19,240,240,
1,10,32,Conner Frankamp misses a 3-point jump shot from 23 feet out.,121912,,true,false,false,Conner,,Frankamp,,Kansas,,11,14,2,3,0,,,,,0,3,45,Jump Shot,4,Field Goal Missed,23,16.9,15.9,86,86,
1,10,32,Dwight Powell with a defensive rebound.,97471,,true,false,false,Dwight,,Powell,,Stan,,11,14,2,3,0,,,,,4,,,,6,Defensive Rebound,,,,240,240,
1,10,17,Shooting foul committed by Perry Ellis.,116556,,true,false,false,Perry,,Ellis,,Kansas,,11,14,2,4,1,,,,,5,,2,Shooting,8,Foul,,,,86,86,
1,10,17,Official TV timeout.,,,false,false,false,,,,,,,11,14,2,4,0,,,,,0,,3,Official TV,11,Timeout,,,,86,86,
1,10,17,John Gage makes free throw 1 of 2.,97468,,true,false,false,John,,Gage,,Stan,,11,15,2,4,1,,,,,3,1,11,Free Throw 1 of 2,1,Free Throw Made,,,,240,240,
1,10,17,John Gage makes free throw 2 of 2.,97468,,true,false,false,John,,Gage,,Stan,,11,16,2,4,1,,,,,4,1,12,Free Throw 2 of 2,1,Free Throw Made,,,,240,240,
1,9,44,Conner Frankamp misses a jump shot from 20 feet out.,121912,,true,false,false,Conner,,Frankamp,,Kansas,,11,16,2,4,0,,,,,0,2,45,Jump Shot,4,Field Goal Missed,20,-6.7,18.4,86,86,
1,9,44,Dwight Powell with a defensive rebound.,97471,,true,false,false,Dwight,,Powell,,Stan,,11,16,2,4,0,,,,,4,,,,6,Defensive Rebound,,,,240,240,
1,9,31,Shooting foul committed by Tarik Black.,97322,,true,false,false,Tarik,,Black,,Kansas,,11,16,2,5,1,,,,,2,,2,Shooting,8,Foul,,,,86,86,
1,9,31,Dwight Powell makes free throw 1 of 2.,97471,,true,false,false,Dwight,,Powell,,Stan,,11,17,2,5,0,,,,,5,1,11,Free Throw 1 of 2,1,Free Throw Made,,,,240,240,
1,9,31,Dwight Powell makes free throw 2 of 2.,97471,,true,false,false,Dwight,,Powell,,Stan,,11,18,2,5,0,,,,,6,1,12,Free Throw 2 of 2,1,Free Throw Made,,,,240,240,
1,9,04,Naadir Tharpe misses a 3-point jump shot from 25 feet out.,110107,,true,false,false,Naadir,,Tharpe,,Kansas,,11,18,2,5,1,,,,,2,3,45,Jump Shot,4,Field Goal Missed,25,-6.7,24.1,86,86,
1,9,04,Andrew Wiggins with an offensive rebound.,121907,,true,false,false,Andrew,,Wiggins,,Kansas,,11,18,2,5,1,,,,,2,,,,5,Offensive Rebound,,,,86,86,
1,8,53,Andrew Wiggins misses a jump shot from 5 feet out.,121907,,true,false,false,Andrew,,Wiggins,,Kansas,,11,18,2,5,1,,,,,2,2,45,Jump Shot,4,Field Goal Missed,5,.3,4.8,86,86,
1,8,53,Robbie Lemons with a defensive rebound.,98027,,true,false,false,Robbie,,Lemons,,Stan,,11,18,2,5,0,,,,,0,,,,6,Defensive Rebound,,,,240,240,
1,8,47,Anthony Brown misses a 3-point jump shot from 23 feet out.,97467,,true,false,false,Anthony,,Brown,,Stan,,11,18,2,5,1,,,,,0,3,45,Jump Shot,4,Field Goal Missed,23,11.6,19.5,240,240,
1,8,47,Naadir Tharpe with a defensive rebound.,110107,,true,false,false,Naadir,,Tharpe,,Kansas,,11,18,2,5,1,,,,,2,,,,6,Defensive Rebound,,,,86,86,
1,8,39,"Wayne Selden, Jr. makes a jump shot from 6 feet out.",121909,,true,false,false,Wayne,,"Selden, Jr.",,Kansas,,13,18,2,5,1,,,,,2,2,45,Jump Shot,3,Field Goal Made,6,-2.5,5.3,86,86,
1,8,19,Dwight Powell misses a layup shot.,97471,,true,false,false,Dwight,,Powell,,Stan,,13,18,2,5,0,,,,,6,2,40,Layup Shot,4,Field Goal Missed,0,0,0,240,240,
1,8,19,Jamari Traylor with a defensive rebound.,110112,,true,false,false,Jamari,,Traylor,,Kansas,,13,18,2,5,0,,,,,0,,,,6,Defensive Rebound,,,,86,86,
1,8,06,"Wayne Selden, Jr. misses a jump shot from 21 feet out.",121909,,true,false,false,Wayne,,"Selden, Jr.",,Kansas,,13,18,2,5,1,,,,,2,2,45,Jump Shot,4,Field Goal Missed,21,2.3,20.7,86,86,
1,8,06,Kansas with an offensive rebound.,,,false,false,false,,,,,,,13,18,2,5,0,,,,,0,,,,5,Offensive Rebound,,,,86,86,
1,8,04,Personal foul committed by Anthony Brown.,97467,,true,false,false,Anthony,,Brown,,Stan,,13,18,3,5,2,,,,,0,,1,Personal,8,Foul,,,,240,240,
1,7,55,Perry Ellis misses a layup shot.,116556,,true,false,false,Perry,,Ellis,,Kansas,,13,18,3,5,1,,,,,5,2,40,Layup Shot,4,Field Goal Missed,0,0,0,86,86,
1,7,55,Chasson Randle with a defensive rebound.,109889,,true,false,false,Chasson,,Randle,,Stan,,13,18,3,5,0,,,,,6,,,,6,Defensive Rebound,,,,240,240,
1,7,44,Official TV timeout.,,,false,false,false,,,,,,,13,18,3,5,0,,,,,0,,3,Official TV,11,Timeout,,,,86,86,
1,7,27,Chasson Randle with a bad pass turnover: Bad Pass,109889,,true,false,false,Chasson,,Randle,,Stan,,13,18,3,5,0,,,,,6,,1,Bad Pass,7,Turnover,,,,240,240,
1,7,14,Perry Ellis with a lost ball turnover: Lost Ball,116556,,true,false,false,Perry,,Ellis,,Kansas,,13,18,3,5,1,,,,,5,,2,Lost Ball,7,Turnover,,,,86,86,
1,6,59,Dwight Powell with a lost ball turnover: Lost Ball,97471,,true,false,false,Dwight,,Powell,,Stan,,13,18,3,5,0,,,,,6,,2,Lost Ball,7,Turnover,,,,240,240,
1,6,40,Shooting foul committed by Dwight Powell.,97471,,true,false,false,Dwight,,Powell,,Stan,,13,18,4,5,1,,,,,6,,2,Shooting,8,Foul,,,,240,240,
1,6,40,Tarik Black makes free throw 1 of 2.,97322,,true,false,false,Tarik,,Black,,Kansas,,14,18,4,5,1,,,,,3,1,11,Free Throw 1 of 2,1,Free Throw Made,,,,86,86,
1,6,40,Tarik Black makes free throw 2 of 2.,97322,,true,false,false,Tarik,,Black,,Kansas,,15,18,4,5,1,,,,,4,1,12,Free Throw 2 of 2,1,Free Throw Made,,,,86,86,
1,6,39,Josh Huestis with a lost ball turnover: Lost Ball,97469,,true,false,false,Josh,,Huestis,,Stan,,15,18,4,5,0,,,,,0,,2,Lost Ball,7,Turnover,,,,240,240,
1,6,36,Andrew Wiggins with a traveling turnover: Traveling,121907,,true,false,false,Andrew,,Wiggins,,Kansas,,15,18,4,5,1,,,,,2,,4,Traveling,7,Turnover,,,,86,86,
1,6,29,Personal foul committed by Naadir Tharpe.,110107,,true,false,false,Naadir,,Tharpe,,Kansas,,15,18,4,6,2,,,,,2,,1,Personal,8,Foul,,,,86,86,
1,6,19,Chasson Randle misses a jump shot from 9 feet out.,109889,,true,false,false,Chasson,,Randle,,Stan,,15,18,4,6,0,,,,,6,2,45,Jump Shot,4,Field Goal Missed,9,5.9,6.4,240,240,
1,6,19,Perry Ellis with a defensive rebound.,116556,,true,false,false,Perry,,Ellis,,Kansas,,15,18,4,6,1,,,,,5,,,,6,Defensive Rebound,,,,86,86,
1,6,12,"Wayne Selden, Jr. misses a layup shot.",121909,,true,false,false,Wayne,,"Selden, Jr.",,Kansas,,15,18,4,6,1,,,,,2,2,40,Layup Shot,4,Field Goal Missed,0,0,0,86,86,
1,6,12,Kansas with an offensive rebound.,,,false,false,false,,,,,,,15,18,4,6,0,,,,,0,,,,5,Offensive Rebound,,,,86,86,
1,5,59,Shooting foul committed by Dwight Powell.,97471,,true,false,false,Dwight,,Powell,,Stan,,15,18,5,6,2,,,,,6,,2,Shooting,8,Foul,,,,240,240,
1,5,59,Tarik Black makes free throw 1 of 2.,97322,,true,false,false,Tarik,,Black,,Kansas,,16,18,5,6,1,,,,,5,1,11,Free Throw 1 of 2,1,Free Throw Made,,,,86,86,
1,5,59,Tarik Black misses free throw 2 of 2.,97322,,true,false,false,Tarik,,Black,,Kansas,,16,18,5,6,1,,,,,5,1,12,Free Throw 2 of 2,2,Free Throw Missed,,,,86,86,
1,5,59,John Gage with a defensive rebound.,97468,,true,false,false,John,,Gage,,Stan,,16,18,5,6,1,,,,,4,,,,6,Defensive Rebound,,,,240,240,
1,5,40,Chasson Randle with a lost ball turnover: Lost Ball,109889,,true,false,false,Chasson,,Randle,,Stan,,16,18,5,6,0,,,,,6,,2,Lost Ball,7,Turnover,,,,240,240,
1,5,32,Perry Ellis with a lost ball turnover: Lost Ball,116556,,true,false,false,Perry,,Ellis,,Kansas,,16,18,5,6,1,,,,,5,,2,Lost Ball,7,Turnover,,,,86,86,
1,5,18,John Gage misses a 3-point jump shot from 24 feet out.,97468,,true,false,false,John,,Gage,,Stan,,16,18,5,6,1,,,,,4,3,45,Jump Shot,4,Field Goal Missed,24,-11.8,21.3,240,240,
1,5,18,Stan with an offensive rebound.,,,false,false,false,,,,,,,16,18,5,6,0,,,,,0,,,,5,Offensive Rebound,,,,240,240,
1,5,16,"Personal foul committed by Wayne Selden, Jr..",121909,,true,false,false,Wayne,,"Selden, Jr.",,Kansas,,16,18,5,7,2,,,,,2,,1,Personal,8,Foul,,,,86,86,
1,5,16,Josh Huestis makes free throw 1st of 1-and-1.,97469,,true,false,false,Josh,,Huestis,,Stan,,16,19,5,7,0,,,,,1,1,8,Free Throw 1st of 1-and-1,1,Free Throw Made,,,,240,240,
1,5,16,Josh Huestis misses free throw 2nd of 1-and-1.,97469,,true,false,false,Josh,,Huestis,,Stan,,16,19,5,7,0,,,,,1,1,9,Free Throw 2nd of 1-and-1,2,Free Throw Missed,,,,240,240,
1,5,16,Tarik Black with a defensive rebound.,97322,,true,false,false,Tarik,,Black,,Kansas,,16,19,5,7,1,,,,,5,,,,6,Defensive Rebound,,,,86,86,
1,4,59,Tarik Black misses a layup shot.,97322,,true,false,false,Tarik,,Black,,Kansas,,16,19,5,7,1,,,,,5,2,40,Layup Shot,4,Field Goal Missed,0,0,0,86,86,
1,4,59,Jamari Traylor with an offensive rebound.,110112,,true,false,false,Jamari,,Traylor,,Kansas,,16,19,5,7,0,,,,,0,,,,5,Offensive Rebound,,,,86,86,
1,4,52,Jamari Traylor misses a layup shot.,110112,,true,false,false,Jamari,,Traylor,,Kansas,,16,19,5,7,0,,,,,0,2,40,Layup Shot,4,Field Goal Missed,0,0,0,86,86,
1,4,52,Chasson Randle with a defensive rebound.,109889,,true,false,false,Chasson,,Randle,,Stan,,16,19,5,7,0,,,,,6,,,,6,Defensive Rebound,,,,240,240,
1,4,35,John Gage misses a 3-point jump shot from 24 feet out.,97468,,true,false,false,John,,Gage,,Stan,,16,19,5,7,1,,,,,4,3,45,Jump Shot,4,Field Goal Missed,24,13.5,19.5,240,240,
1,4,35,Marcus Allen with an offensive rebound.,120688,,true,false,false,Marcus,,Allen,,Stan,,16,19,5,7,0,,,,,0,,,,5,Offensive Rebound,,,,240,240,
1,4,25,Josh Huestis misses a jump shot from 8 feet out.,97469,,true,false,false,Josh,,Huestis,,Stan,,16,19,5,7,0,,,,,1,2,45,Jump Shot,4,Field Goal Missed,8,4.2,6.7,240,240,
1,4,25,Jamari Traylor with a defensive rebound.,110112,,true,false,false,Jamari,,Traylor,,Kansas,,16,19,5,7,0,,,,,0,,,,6,Defensive Rebound,,,,86,86,
1,4,20,Andrew Wiggins misses a jump shot from 8 feet out.,121907,,true,false,false,Andrew,,Wiggins,,Kansas,,16,19,5,7,1,,,,,2,2,45,Jump Shot,4,Field Goal Missed,8,-6,4.5,86,86,
1,4,20,Josh Huestis with a defensive rebound.,97469,,true,false,false,Josh,,Huestis,,Stan,,16,19,5,7,0,,,,,1,,,,6,Defensive Rebound,,,,240,240,
1,4,01,Josh Huestis makes a layup shot. John Gage with the assist.,97469,97468,true,true,false,Josh,John,Huestis,Gage,Stan,Stan,16,21,5,7,0,,,,,3,2,40,Layup Shot,3,Field Goal Made,0,0,0,240,240,
1,3,34,Conner Frankamp makes a 3-point jump shot from 25 feet out. Andrew Wiggins with the assist.,121912,121907,true,true,false,Conner,Andrew,Frankamp,Wiggins,Kansas,Kansas,19,21,5,7,0,,,,,3,3,45,Jump Shot,3,Field Goal Made,25,-18,17,86,86,
1,3,05,John Gage misses a 3-point jump shot from 24 feet out.,97468,,true,false,false,John,,Gage,,Stan,,19,21,5,7,1,,,,,4,3,45,Jump Shot,4,Field Goal Missed,24,15.1,19.3,240,240,
1,3,05,Conner Frankamp with a defensive rebound.,121912,,true,false,false,Conner,,Frankamp,,Kansas,,19,21,5,7,0,,,,,3,,,,6,Defensive Rebound,,,,86,86,
1,2,55,Jamari Traylor misses a jump shot from 15 feet out.,110112,,true,false,false,Jamari,,Traylor,,Kansas,,19,21,5,7,0,,,,,0,2,45,Jump Shot,4,Field Goal Missed,15,6,14,86,86,
1,2,55,Josh Huestis with a defensive rebound.,97469,,true,false,false,Josh,,Huestis,,Stan,,19,21,5,7,0,,,,,3,,,,6,Defensive Rebound,,,,240,240,
1,2,32,Stefan Nastic with a traveling turnover: Traveling,97470,,true,false,false,Stefan,,Nastic,,Stan,,19,21,5,7,0,,,,,2,,4,Traveling,7,Turnover,,,,240,240,
1,2,32,Official TV timeout.,,,false,false,false,,,,,,,19,21,5,7,0,,,,,0,,3,Official TV,11,Timeout,,,,86,86,
1,2,11,Jamari Traylor misses a layup shot.,110112,,true,false,false,Jamari,,Traylor,,Kansas,,19,21,5,7,0,,,,,0,2,40,Layup Shot,4,Field Goal Missed,0,0,0,86,86,
1,2,11,Josh Huestis with a defensive rebound.,97469,,true,false,false,Josh,,Huestis,,Stan,,19,21,5,7,0,,,,,3,,,,6,Defensive Rebound,,,,240,240,
1,1,55,Shooting foul committed by Tarik Black.,97322,,true,false,false,Tarik,,Black,,Kansas,,19,21,5,8,2,,,,,5,,2,Shooting,8,Foul,,,,86,86,
1,1,55,Stefan Nastic misses free throw 1 of 2.,97470,,true,false,false,Stefan,,Nastic,,Stan,,19,21,5,8,0,,,,,2,1,11,Free Throw 1 of 2,2,Free Throw Missed,,,,240,240,
1,1,55,Stan with an offensive rebound.,,,false,false,false,,,,,,,19,21,5,8,0,,,,,0,,,,5,Offensive Rebound,,,,240,240,
1,1,55,Stefan Nastic makes free throw 2 of 2.,97470,,true,false,false,Stefan,,Nastic,,Stan,,19,22,5,8,0,,,,,3,1,12,Free Throw 2 of 2,1,Free Throw Made,,,,240,240,
1,1,29,Perry Ellis misses a layup shot.,116556,,true,false,false,Perry,,Ellis,,Kansas,,19,22,5,8,1,,,,,5,2,40,Layup Shot,4,Field Goal Missed,0,0,0,86,86,
1,1,29,John Gage with a defensive rebound.,97468,,true,false,false,John,,Gage,,Stan,,19,22,5,8,1,,,,,4,,,,6,Defensive Rebound,,,,240,240,
1,1,21,Stan take a 20-second timeout.,,,false,false,false,,,,,,,19,22,5,8,0,,,,,0,,2,Short,11,Timeout,,,,240,240,
1,0,49.5,Chasson Randle misses a 3-point jump shot from 22 feet out.,109889,,true,false,false,Chasson,,Randle,,Stan,,19,22,5,8,0,,,,,6,3,45,Jump Shot,4,Field Goal Missed,22,14.4,17.3,240,240,
1,0,49.5,Perry Ellis with a defensive rebound.,116556,,true,false,false,Perry,,Ellis,,Kansas,,19,22,5,8,1,,,,,5,,,,6,Defensive Rebound,,,,86,86,
1,0,29.5,Frank Mason misses a 3-point jump shot from 24 feet out.,121908,,true,false,false,Frank,,Mason,,Kansas,,19,22,5,8,0,,,,,0,3,45,Jump Shot,4,Field Goal Missed,24,-13.9,19.1,86,86,
1,0,29.5,Jamari Traylor with an offensive rebound.,110112,,true,false,false,Jamari,,Traylor,,Kansas,,19,22,5,8,0,,,,,0,,,,5,Offensive Rebound,,,,86,86,
1,0,23.4,Jamari Traylor makes a tip shot from 2 feet out.,110112,,true,false,false,Jamari,,Traylor,,Kansas,,21,22,5,8,0,,,,,2,2,53,Tip Shot,3,Field Goal Made,2,-.6,2.1,86,86,
1,0,04.3,Anthony Brown with a lost ball turnover: Lost Ball,97467,,true,false,false,Anthony,,Brown,,Stan,,21,22,5,8,2,,,,,0,,2,Lost Ball,7,Turnover,,,,240,240,
1,0,01.0,Conner Frankamp makes a 3-point jump shot from 24 feet out.,121912,,true,false,false,Conner,,Frankamp,,Kansas,,24,22,5,8,0,,,,,6,3,45,Jump Shot,3,Field Goal Made,24,13.9,19.6,86,86,
1,0,00,End of the 1st Half,,,false,false,false,,,,,,,24,22,5,8,0,,,,,0,,,,15,End Period,,,,86,86,
2,20,00,Start of the 2nd Half,,,false,false,false,,,,,,,24,22,0,0,0,,,,,0,,,,14,Start Period,,,,86,86,
2,19,43,Naadir Tharpe with a lost ball turnover: Lost Ball,110107,,true,false,false,Naadir,,Tharpe,,Kansas,,24,22,0,0,2,,,,,2,,2,Lost Ball,7,Turnover,,,,86,86,
2,19,42,Anthony Brown with a out of bounds turnover: Out of Bounds,97467,,true,false,false,Anthony,,Brown,,Stan,,24,22,0,0,2,,,,,0,,3,Out of Bounds,7,Turnover,,,,240,240,
2,19,28,Perry Ellis misses a dunk shot.,116556,,true,false,false,Perry,,Ellis,,Kansas,,24,22,0,0,1,,,,,5,2,48,Dunk Shot,4,Field Goal Missed,0,0,0,86,86,
2,19,28,Kansas with an offensive rebound.,,,false,false,false,,,,,,,24,22,0,0,0,,,,,0,,,,5,Offensive Rebound,,,,86,86,
2,19,07,Tarik Black makes a dunk shot.,97322,,true,false,false,Tarik,,Black,,Kansas,,26,22,0,0,2,,,,,7,2,48,Dunk Shot,3,Field Goal Made,0,0,0,86,86,
2,19,00,"Personal foul committed by Wayne Selden, Jr..",121909,,true,false,false,Wayne,,"Selden, Jr.",,Kansas,,26,22,0,1,3,,,,,2,,1,Personal,8,Foul,,,,86,86,
2,18,59,Shooting foul committed by Andrew Wiggins.,121907,,true,false,false,Andrew,,Wiggins,,Kansas,,26,22,0,2,2,,,,,2,,2,Shooting,8,Foul,,,,86,86,
2,18,59,Josh Huestis makes free throw 1 of 2.,97469,,true,false,false,Josh,,Huestis,,Stan,,26,23,0,2,0,,,,,4,1,11,Free Throw 1 of 2,1,Free Throw Made,,,,240,240,
2,18,59,Josh Huestis misses free throw 2 of 2.,97469,,true,false,false,Josh,,Huestis,,Stan,,26,23,0,2,0,,,,,4,1,12,Free Throw 2 of 2,2,Free Throw Missed,,,,240,240,
2,18,59,Perry Ellis with a defensive rebound.,116556,,true,false,false,Perry,,Ellis,,Kansas,,26,23,0,2,1,,,,,5,,,,6,Defensive Rebound,,,,86,86,
2,18,47,Naadir Tharpe misses a layup shot.,110107,,true,false,false,Naadir,,Tharpe,,Kansas,,26,23,0,2,2,,,,,2,2,40,Layup Shot,4,Field Goal Missed,0,0,0,86,86,
2,18,47,Tarik Black with an offensive rebound.,97322,,true,false,false,Tarik,,Black,,Kansas,,26,23,0,2,2,,,,,7,,,,5,Offensive Rebound,,,,86,86,
2,18,42,Tarik Black makes a tip shot from 2 feet out.,97322,,true,false,false,Tarik,,Black,,Kansas,,28,23,0,2,2,,,,,9,2,53,Tip Shot,3,Field Goal Made,2,.6,1.8,86,86,
2,18,36,Personal foul committed by Naadir Tharpe.,110107,,true,false,false,Naadir,,Tharpe,,Kansas,,28,23,0,3,3,,,,,2,,1,Personal,8,Foul,,,,86,86,
2,18,31,Josh Huestis misses a jump shot from 10 feet out.,97469,,true,false,false,Josh,,Huestis,,Stan,,28,23,0,3,0,,,,,4,2,45,Jump Shot,4,Field Goal Missed,10,1.1,9.6,240,240,
2,18,31,Stefan Nastic with an offensive rebound.,97470,,true,false,false,Stefan,,Nastic,,Stan,,28,23,0,3,0,,,,,3,,,,5,Offensive Rebound,,,,240,240,
2,18,27,Stefan Nastic makes a layup shot.,97470,,true,false,false,Stefan,,Nastic,,Stan,,28,25,0,3,0,,,,,5,2,40,Layup Shot,3,Field Goal Made,0,0,0,240,240,
2,18,27,Shooting foul committed by Tarik Black.,97322,,true,false,false,Tarik,,Black,,Kansas,,28,25,0,4,3,,,,,9,,2,Shooting,8,Foul,,,,86,86,
2,18,27,Stefan Nastic makes free throw 1 of 1.,97470,,true,false,false,Stefan,,Nastic,,Stan,,28,26,0,4,0,,,,,6,1,10,Free Throw 1 of 1,1,Free Throw Made,,,,240,240,
2,18,12,Frank Mason misses a 3-point jump shot from 24 feet out.,121908,,true,false,false,Frank,,Mason,,Kansas,,28,26,0,4,0,,,,,0,3,45,Jump Shot,4,Field Goal Missed,24,12.3,20.7,86,86,
2,18,12,Stefan Nastic with a defensive rebound.,97470,,true,false,false,Stefan,,Nastic,,Stan,,28,26,0,4,0,,,,,6,,,,6,Defensive Rebound,,,,240,240,
2,17,51,Anthony Brown misses a jump shot from 17 feet out.,97467,,true,false,false,Anthony,,Brown,,Stan,,28,26,0,4,2,,,,,0,2,45,Jump Shot,4,Field Goal Missed,17,-.8,17.1,240,240,
2,17,51,Perry Ellis with a defensive rebound.,116556,,true,false,false,Perry,,Ellis,,Kansas,,28,26,0,4,1,,,,,5,,,,6,Defensive Rebound,,,,86,86,
2,17,48,Personal foul committed by Dwight Powell.,97471,,true,false,false,Dwight,,Powell,,Stan,,28,26,1,4,3,,,,,6,,1,Personal,8,Foul,,,,240,240,
2,17,31,Conner Frankamp misses a 3-point jump shot from 24 feet out.,121912,,true,false,false,Conner,,Frankamp,,Kansas,,28,26,1,4,0,,,,,6,3,45,Jump Shot,4,Field Goal Missed,24,2.6,23.4,86,86,
2,17,31,Stan with a defensive rebound.,,,false,false,false,,,,,,,28,26,1,4,0,,,,,0,,,,6,Defensive Rebound,,,,240,240,
2,17,12,Personal foul committed by Jamari Traylor.,110112,,true,false,false,Jamari,,Traylor,,Kansas,,28,26,1,5,1,,,,,2,,1,Personal,8,Foul,,,,86,86,
2,16,56,Chasson Randle makes a layup shot.,109889,,true,false,false,Chasson,,Randle,,Stan,,28,28,1,5,0,,,,,8,2,40,Layup Shot,3,Field Goal Made,0,0,0,240,240,
2,16,33,Perry Ellis with a lost ball turnover: Lost Ball,116556,,true,false,false,Perry,,Ellis,,Kansas,,28,28,1,5,1,,,,,5,,2,Lost Ball,7,Turnover,,,,86,86,
2,16,29,Chasson Randle makes a layup shot.,109889,,true,false,false,Chasson,,Randle,,Stan,,28,30,1,5,0,,,,,10,2,40,Layup Shot,3,Field Goal Made,0,0,0,240,240,
2,16,27,Kansas take a 20-second timeout.,,,false,false,false,,,,,,,28,30,1,5,0,,,,,0,,2,Short,11,Timeout,,,,86,86,
2,16,11,Personal foul committed by Stefan Nastic.,97470,,true,false,false,Stefan,,Nastic,,Stan,,28,30,2,5,1,,,,,6,,1,Personal,8,Foul,,,,240,240,
2,15,56,Landen Lucas makes a dunk shot. Frank Mason with the assist.,116555,121908,true,true,false,Landen,Frank,Lucas,Mason,Kansas,Kansas,30,30,2,5,0,,,,,2,2,48,Dunk Shot,3,Field Goal Made,0,0,0,86,86,
2,15,34,Dwight Powell makes a jump shot from 18 feet out. Josh Huestis with the assist.,97471,97469,true,true,false,Dwight,Josh,Powell,Huestis,Stan,Stan,30,32,2,5,3,,,,,8,2,45,Jump Shot,3,Field Goal Made,18,.1,18.1,240,240,
2,15,16,Frank Mason with a lost ball turnover: Lost Ball,121908,,true,false,false,Frank,,Mason,,Kansas,,30,32,2,5,0,,,,,0,,2,Lost Ball,7,Turnover,,,,86,86,
2,14,58,Anthony Brown misses a jump shot from 8 feet out.,97467,,true,false,false,Anthony,,Brown,,Stan,,30,32,2,5,2,,,,,0,2,45,Jump Shot,4,Field Goal Missed,8,1.3,7.7,240,240,
2,14,58,Dwight Powell with an offensive rebound.,97471,,true,false,false,Dwight,,Powell,,Stan,,30,32,2,5,3,,,,,8,,,,5,Offensive Rebound,,,,240,240,
2,14,55,Dwight Powell makes a jump shot from 7 feet out.,97471,,true,false,false,Dwight,,Powell,,Stan,,30,34,2,5,3,,,,,10,2,45,Jump Shot,3,Field Goal Made,7,-5.2,4.3,240,240,
2,14,49,Jamari Traylor with a lost ball turnover: Lost Ball,110112,,true,false,false,Jamari,,Traylor,,Kansas,,30,34,2,5,1,,,,,2,,2,Lost Ball,7,Turnover,,,,86,86,
2,14,49,Chasson Randle makes a layup shot.,109889,,true,false,false,Chasson,,Randle,,Stan,,30,36,2,5,0,,,,,12,2,40,Layup Shot,3,Field Goal Made,0,0,0,240,240,
2,14,49,Official TV timeout.,,,false,false,false,,,,,,,30,36,2,5,0,,,,,0,,3,Official TV,11,Timeout,,,,86,86,
2,14,24,Personal foul committed by Anthony Brown.,97467,,true,false,false,Anthony,,Brown,,Stan,,30,36,3,5,3,,,,,0,,1,Personal,8,Foul,,,,240,240,
2,14,16,"Tarik Black makes a layup shot. Wayne Selden, Jr. with the assist.",97322,121909,true,true,false,Tarik,Wayne,Black,"Selden, Jr.",Kansas,Kansas,32,36,3,5,3,,,,,11,2,40,Layup Shot,3,Field Goal Made,0,0,0,86,86,
2,13,58,Offensive foul committed by Dwight Powell.,97471,,true,false,false,Dwight,,Powell,,Stan,,32,36,4,5,4,,,,,10,,4,Offensive,8,Foul,,,,240,240,
2,13,58,Dwight Powell with a  turnover:,97471,,true,false,false,Dwight,,Powell,,Stan,,32,36,4,5,4,,,,,10,,,,7,Turnover,,,,240,240,
2,13,46,Frank Mason misses a jump shot from 5 feet out.,121908,,true,false,false,Frank,,Mason,,Kansas,,32,36,4,5,0,,,,,0,2,45,Jump Shot,4,Field Goal Missed,5,3.8,3.3,86,86,
2,13,46,Tarik Black with an offensive rebound.,97322,,true,false,false,Tarik,,Black,,Kansas,,32,36,4,5,3,,,,,11,,,,5,Offensive Rebound,,,,86,86,
2,13,43,Shooting foul committed by John Gage.,97468,,true,false,false,John,,Gage,,Stan,,32,36,5,5,2,,,,,4,,2,Shooting,8,Foul,,,,240,240,
2,13,43,Tarik Black makes free throw 1 of 2.,97322,,true,false,false,Tarik,,Black,,Kansas,,33,36,5,5,3,,,,,12,1,11,Free Throw 1 of 2,1,Free Throw Made,,,,86,86,
2,13,43,Tarik Black misses free throw 2 of 2.,97322,,true,false,false,Tarik,,Black,,Kansas,,33,36,5,5,3,,,,,12,1,12,Free Throw 2 of 2,2,Free Throw Missed,,,,86,86,
2,13,43,Stefan Nastic with a defensive rebound.,97470,,true,false,false,Stefan,,Nastic,,Stan,,33,36,5,5,1,,,,,6,,,,6,Defensive Rebound,,,,240,240,
2,13,25,Stefan Nastic makes a jump shot from 7 feet out.,97470,,true,false,false,Stefan,,Nastic,,Stan,,33,38,5,5,1,,,,,8,2,45,Jump Shot,3,Field Goal Made,7,6,3,240,240,
2,13,10,Perry Ellis misses a jump shot from 6 feet out.,116556,,true,false,false,Perry,,Ellis,,Kansas,,33,38,5,5,1,,,,,5,2,45,Jump Shot,4,Field Goal Missed,6,-4,4.5,86,86,
2,13,10,John Gage with a defensive rebound.,97468,,true,false,false,John,,Gage,,Stan,,33,38,5,5,2,,,,,4,,,,6,Defensive Rebound,,,,240,240,
2,12,51,Stefan Nastic makes a jump shot from 16 feet out. Josh Huestis with the assist.,97470,97469,true,true,false,Stefan,Josh,Nastic,Huestis,Stan,Stan,33,40,5,5,1,,,,,10,2,45,Jump Shot,3,Field Goal Made,16,3,16,240,240,
2,12,40,Kansas take a 20-second timeout.,,,false,false,false,,,,,,,33,40,5,5,0,,,,,0,,2,Short,11,Timeout,,,,86,86,
2,12,18,"Wayne Selden, Jr. misses a jump shot from 17 feet out.",121909,,true,false,false,Wayne,,"Selden, Jr.",,Kansas,,33,40,5,5,3,,,,,2,2,45,Jump Shot,4,Field Goal Missed,17,6,15.4,86,86,
2,12,18,"Wayne Selden, Jr. with an offensive rebound.",121909,,true,false,false,Wayne,,"Selden, Jr.",,Kansas,,33,40,5,5,3,,,,,2,,,,5,Offensive Rebound,,,,86,86,
2,12,11,Andrew Wiggins misses a 3-point jump shot from 22 feet out.,121907,,true,false,false,Andrew,,Wiggins,,Kansas,,33,40,5,5,2,,,,,2,3,45,Jump Shot,4,Field Goal Missed,22,9.4,20.3,86,86,
2,12,11,Stefan Nastic with a defensive rebound.,97470,,true,false,false,Stefan,,Nastic,,Stan,,33,40,5,5,1,,,,,10,,,,6,Defensive Rebound,,,,240,240,
2,12,10,"Personal foul committed by Wayne Selden, Jr..",121909,,true,false,false,Wayne,,"Selden, Jr.",,Kansas,,33,40,5,6,4,,,,,2,,1,Personal,8,Foul,,,,86,86,
2,11,37,John Gage misses a 3-point jump shot from 28 feet out.,97468,,true,false,false,John,,Gage,,Stan,,33,40,5,6,2,,,,,4,3,45,Jump Shot,4,Field Goal Missed,28,16.2,22.9,240,240,
2,11,37,Conner Frankamp with a defensive rebound.,121912,,true,false,false,Conner,,Frankamp,,Kansas,,33,40,5,6,0,,,,,6,,,,6,Defensive Rebound,,,,86,86,
2,11,21,Shooting foul committed by Stefan Nastic.,97470,,true,false,false,Stefan,,Nastic,,Stan,,33,40,6,6,2,,,,,10,,2,Shooting,8,Foul,,,,240,240,
2,11,21,Official TV timeout.,,,false,false,false,,,,,,,33,40,6,6,0,,,,,0,,3,Official TV,11,Timeout,,,,86,86,
2,11,21,Tarik Black makes free throw 1 of 2.,97322,,true,false,false,Tarik,,Black,,Kansas,,34,40,6,6,3,,,,,13,1,11,Free Throw 1 of 2,1,Free Throw Made,,,,86,86,
2,11,21,Tarik Black makes free throw 2 of 2.,97322,,true,false,false,Tarik,,Black,,Kansas,,35,40,6,6,3,,,,,14,1,12,Free Throw 2 of 2,1,Free Throw Made,,,,86,86,
2,10,58,Chasson Randle misses a jump shot from 14 feet out.,109889,,true,false,false,Chasson,,Randle,,Stan,,35,40,6,6,0,,,,,12,2,45,Jump Shot,4,Field Goal Missed,14,-1.3,14.4,240,240,
2,10,58,Jamari Traylor with a defensive rebound.,110112,,true,false,false,Jamari,,Traylor,,Kansas,,35,40,6,6,1,,,,,2,,,,6,Defensive Rebound,,,,86,86,
2,10,50,Naadir Tharpe misses a 3-point jump shot from 24 feet out.,110107,,true,false,false,Naadir,,Tharpe,,Kansas,,35,40,6,6,3,,,,,2,3,45,Jump Shot,4,Field Goal Missed,24,4,23.2,86,86,
2,10,50,Chasson Randle with a defensive rebound.,109889,,true,false,false,Chasson,,Randle,,Stan,,35,40,6,6,0,,,,,12,,,,6,Defensive Rebound,,,,240,240,
2,10,21,Anthony Brown makes a jump shot from 16 feet out.,97467,,true,false,false,Anthony,,Brown,,Stan,,35,42,6,6,3,,,,,2,2,45,Jump Shot,3,Field Goal Made,16,.1,15.6,240,240,
2,9,58,Andrew Wiggins misses a 3-point jump shot from 24 feet out.,121907,,true,false,false,Andrew,,Wiggins,,Kansas,,35,42,6,6,2,,,,,2,3,45,Jump Shot,4,Field Goal Missed,24,-18.3,15.9,86,86,
2,9,58,Stan with a defensive rebound.,,,false,false,false,,,,,,,35,42,6,6,0,,,,,0,,,,6,Defensive Rebound,,,,240,240,
2,9,40,John Gage misses a jump shot from 16 feet out.,97468,,true,false,false,John,,Gage,,Stan,,35,42,6,6,2,,,,,4,2,45,Jump Shot,4,Field Goal Missed,16,-16.1,3.1,240,240,
2,9,40,Tarik Black with a defensive rebound.,97322,,true,false,false,Tarik,,Black,,Kansas,,35,42,6,6,3,,,,,14,,,,6,Defensive Rebound,,,,86,86,
2,9,17,Tarik Black makes a dunk shot. Frank Mason with the assist.,97322,121908,true,true,false,Tarik,Frank,Black,Mason,Kansas,Kansas,37,42,6,6,3,,,,,16,2,48,Dunk Shot,3,Field Goal Made,0,0,0,86,86,
2,9,06,Stan take a 20-second timeout.,,,false,false,false,,,,,,,37,42,6,6,0,,,,,0,,2,Short,11,Timeout,,,,240,240,
2,8,52,Grant Verhoeven makes a jump shot from 19 feet out. Chasson Randle with the assist.,116639,109889,true,true,false,Grant,Chasson,Verhoeven,Randle,Stan,Stan,37,44,6,6,0,,,,,2,2,45,Jump Shot,3,Field Goal Made,19,-18.5,2.1,240,240,
2,8,30,Andrew Wiggins misses a layup shot.,121907,,true,false,false,Andrew,,Wiggins,,Kansas,,37,44,6,6,2,,,,,2,2,40,Layup Shot,4,Field Goal Missed,0,0,0,86,86,
2,8,30,Josh Huestis with a defensive rebound.,97469,,true,false,false,Josh,,Huestis,,Stan,,37,44,6,6,0,,,,,4,,,,6,Defensive Rebound,,,,240,240,
2,7,55,Official TV timeout.,,,false,false,false,,,,,,,37,44,6,6,0,,,,,0,,3,Official TV,11,Timeout,,,,86,86,
2,7,55,Chasson Randle misses a 3-point jump shot from 23 feet out.,109889,,true,false,false,Chasson,,Randle,,Stan,,37,44,6,6,0,,,,,12,3,45,Jump Shot,4,Field Goal Missed,23,-22.5,2.8,240,240,
2,7,55,Kansas with a defensive rebound.,,,false,false,false,,,,,,,37,44,6,6,0,,,,,0,,,,6,Defensive Rebound,,,,86,86,
2,7,40,Shooting foul committed by Grant Verhoeven.,116639,,true,false,false,Grant,,Verhoeven,,Stan,,37,44,7,6,1,,,,,2,,2,Shooting,8,Foul,,,,240,240,
2,7,40,Frank Mason makes free throw 1 of 2.,121908,,true,false,false,Frank,,Mason,,Kansas,,38,44,7,6,0,,,,,1,1,11,Free Throw 1 of 2,1,Free Throw Made,,,,86,86,
2,7,40,Frank Mason makes free throw 2 of 2.,121908,,true,false,false,Frank,,Mason,,Kansas,,39,44,7,6,0,,,,,2,1,12,Free Throw 2 of 2,1,Free Throw Made,,,,86,86,
2,7,35,Chasson Randle with a out of bounds turnover: Out of Bounds,109889,,true,false,false,Chasson,,Randle,,Stan,,39,44,7,6,0,,,,,12,,3,Out of Bounds,7,Turnover,,,,240,240,
2,7,23,Shooting foul committed by Stefan Nastic.,97470,,true,false,false,Stefan,,Nastic,,Stan,,39,44,8,6,3,,,,,10,,2,Shooting,8,Foul,,,,240,240,
2,7,23,Jamari Traylor misses free throw 1 of 2.,110112,,true,false,false,Jamari,,Traylor,,Kansas,,39,44,8,6,1,,,,,2,1,11,Free Throw 1 of 2,2,Free Throw Missed,,,,86,86,
2,7,23,Kansas with an offensive rebound.,,,false,false,false,,,,,,,39,44,8,6,0,,,,,0,,,,5,Offensive Rebound,,,,86,86,
2,7,23,Jamari Traylor makes free throw 2 of 2.,110112,,true,false,false,Jamari,,Traylor,,Kansas,,40,44,8,6,1,,,,,3,1,12,Free Throw 2 of 2,1,Free Throw Made,,,,86,86,
2,7,16,Dwight Powell with a lost ball turnover: Lost Ball,97471,,true,false,false,Dwight,,Powell,,Stan,,40,44,8,6,4,,,,,10,,2,Lost Ball,7,Turnover,,,,240,240,
2,7,06,Jamari Traylor misses a jump shot from 8 feet out.,110112,,true,false,false,Jamari,,Traylor,,Kansas,,40,44,8,6,1,,,,,3,2,45,Jump Shot,4,Field Goal Missed,8,5,6.7,86,86,
2,7,06,Josh Huestis with a defensive rebound.,97469,,true,false,false,Josh,,Huestis,,Stan,,40,44,8,6,0,,,,,4,,,,6,Defensive Rebound,,,,240,240,
2,6,58,Chasson Randle with a lost ball turnover: Lost Ball,109889,,true,false,false,Chasson,,Randle,,Stan,,40,44,8,6,0,,,,,12,,2,Lost Ball,7,Turnover,,,,240,240,
2,6,52,Frank Mason misses a 3-point jump shot from 24 feet out.,121908,,true,false,false,Frank,,Mason,,Kansas,,40,44,8,6,0,,,,,2,3,45,Jump Shot,4,Field Goal Missed,24,-12.7,20.8,86,86,
2,6,52,Anthony Brown with a defensive rebound.,97467,,true,false,false,Anthony,,Brown,,Stan,,40,44,8,6,3,,,,,2,,,,6,Defensive Rebound,,,,240,240,
2,6,52,Anthony Brown makes a layup shot.,97467,,true,false,false,Anthony,,Brown,,Stan,,40,46,8,6,3,,,,,4,2,40,Layup Shot,3,Field Goal Made,0,0,0,240,240,
2,6,52,Shooting foul committed by Andrew Wiggins.,121907,,true,false,false,Andrew,,Wiggins,,Kansas,,40,46,8,7,3,,,,,2,,2,Shooting,8,Foul,,,,86,86,
2,6,52,Anthony Brown makes free throw 1 of 1.,97467,,true,false,false,Anthony,,Brown,,Stan,,40,47,8,7,3,,,,,5,1,10,Free Throw 1 of 1,1,Free Throw Made,,,,240,240,
2,6,52,Stan take a 20-second timeout.,,,false,false,false,,,,,,,40,47,8,7,0,,,,,0,,2,Short,11,Timeout,,,,240,240,
2,6,39,Tarik Black makes a layup shot. Jamari Traylor with the assist.,97322,110112,true,true,false,Tarik,Jamari,Black,Traylor,Kansas,Kansas,42,47,8,7,3,,,,,18,2,40,Layup Shot,3,Field Goal Made,0,0,0,86,86,
2,6,26,Shooting foul committed by Tarik Black.,97322,,true,false,false,Tarik,,Black,,Kansas,,42,47,8,8,4,,,,,18,,2,Shooting,8,Foul,,,,86,86,
2,6,26,Chasson Randle misses free throw 1 of 2.,109889,,true,false,false,Chasson,,Randle,,Stan,,42,47,8,8,0,,,,,12,1,11,Free Throw 1 of 2,2,Free Throw Missed,,,,240,240,
2,6,26,Stan with an offensive rebound.,,,false,false,false,,,,,,,42,47,8,8,0,,,,,0,,,,5,Offensive Rebound,,,,240,240,
2,6,26,Chasson Randle makes free throw 2 of 2.,109889,,true,false,false,Chasson,,Randle,,Stan,,42,48,8,8,0,,,,,13,1,12,Free Throw 2 of 2,1,Free Throw Made,,,,240,240,
2,6,16,Naadir Tharpe makes a 3-point jump shot from 24 feet out.,110107,,true,false,false,Naadir,,Tharpe,,Kansas,,45,48,8,8,3,,,,,5,3,45,Jump Shot,3,Field Goal Made,24,11.5,20.8,86,86,
2,6,03,Chasson Randle with a lost ball turnover: Lost Ball,109889,,true,false,false,Chasson,,Randle,,Stan,,45,48,8,8,0,,,,,13,,2,Lost Ball,7,Turnover,,,,240,240,
2,5,51,Shooting foul committed by Stefan Nastic.,97470,,true,false,false,Stefan,,Nastic,,Stan,,45,48,9,8,4,,,,,10,,2,Shooting,8,Foul,,,,240,240,
2,5,51,Andrew Wiggins makes free throw 1 of 2.,121907,,true,false,false,Andrew,,Wiggins,,Kansas,,46,48,9,8,3,,,,,3,1,11,Free Throw 1 of 2,1,Free Throw Made,,,,86,86,
2,5,51,Andrew Wiggins makes free throw 2 of 2.,121907,,true,false,false,Andrew,,Wiggins,,Kansas,,47,48,9,8,3,,,,,4,1,12,Free Throw 2 of 2,1,Free Throw Made,,,,86,86,
2,5,25,Shooting foul committed by Tarik Black.,97322,,true,false,false,Tarik,,Black,,Kansas,,47,48,9,9,5,,,,,18,,2,Shooting,8,Foul,,,,86,86,
2,5,25,Dwight Powell makes free throw 1 of 2.,97471,,true,false,false,Dwight,,Powell,,Stan,,47,49,9,9,4,,,,,11,1,11,Free Throw 1 of 2,1,Free Throw Made,,,,240,240,
2,5,25,Dwight Powell misses free throw 2 of 2.,97471,,true,false,false,Dwight,,Powell,,Stan,,47,49,9,9,4,,,,,11,1,12,Free Throw 2 of 2,2,Free Throw Missed,,,,240,240,
2,5,25,Frank Mason with a defensive rebound.,121908,,true,false,false,Frank,,Mason,,Kansas,,47,49,9,9,0,,,,,2,,,,6,Defensive Rebound,,,,86,86,
2,5,16,Jamari Traylor misses a layup shot.,110112,,true,false,false,Jamari,,Traylor,,Kansas,,47,49,9,9,1,,,,,3,2,40,Layup Shot,4,Field Goal Missed,0,0,0,86,86,
2,5,16,Perry Ellis with an offensive rebound.,116556,,true,false,false,Perry,,Ellis,,Kansas,,47,49,9,9,1,,,,,5,,,,5,Offensive Rebound,,,,86,86,
2,5,08,Perry Ellis makes a dunk shot.,116556,,true,false,false,Perry,,Ellis,,Kansas,,49,49,9,9,1,,,,,7,2,48,Dunk Shot,3,Field Goal Made,0,0,0,86,86,
2,4,46,Dwight Powell makes a jump shot from 4 feet out.,97471,,true,false,false,Dwight,,Powell,,Stan,,49,51,9,9,4,,,,,13,2,45,Jump Shot,3,Field Goal Made,4,.8,4.2,240,240,
2,4,29,Naadir Tharpe misses a layup shot.,110107,,true,false,false,Naadir,,Tharpe,,Kansas,,49,51,9,9,3,,,,,5,2,40,Layup Shot,4,Field Goal Missed,0,0,0,86,86,
2,4,29,Dwight Powell with a defensive rebound.,97471,,true,false,false,Dwight,,Powell,,Stan,,49,51,9,9,4,,,,,13,,,,6,Defensive Rebound,,,,240,240,
2,3,58,Dwight Powell with a lost ball turnover: Lost Ball,97471,,true,false,false,Dwight,,Powell,,Stan,,49,51,9,9,4,,,,,13,,2,Lost Ball,7,Turnover,,,,240,240,
2,3,42,Jamari Traylor with a lost ball turnover: Lost Ball,110112,,true,false,false,Jamari,,Traylor,,Kansas,,49,51,9,9,1,,,,,3,,2,Lost Ball,7,Turnover,,,,86,86,
2,3,42,Official TV timeout.,,,false,false,false,,,,,,,49,51,9,9,0,,,,,0,,3,Official TV,11,Timeout,,,,86,86,
2,3,14,Dwight Powell misses a layup shot.,97471,,true,false,false,Dwight,,Powell,,Stan,,49,51,9,9,4,,,,,13,2,40,Layup Shot,4,Field Goal Missed,0,0,0,240,240,
2,3,14,Josh Huestis with an offensive rebound.,97469,,true,false,false,Josh,,Huestis,,Stan,,49,51,9,9,0,,,,,4,,,,5,Offensive Rebound,,,,240,240,
2,3,07,Josh Huestis makes a tip shot from 3 feet out.,97469,,true,false,false,Josh,,Huestis,,Stan,,49,53,9,9,0,,,,,6,2,53,Tip Shot,3,Field Goal Made,3,-1.4,2.1,240,240,
2,2,52,Perry Ellis misses a jump shot from 7 feet out.,116556,,true,false,false,Perry,,Ellis,,Kansas,,49,53,9,9,1,,,,,7,2,45,Jump Shot,4,Field Goal Missed,7,.8,6.9,86,86,
2,2,52,Andrew Wiggins with an offensive rebound.,121907,,true,false,false,Andrew,,Wiggins,,Kansas,,49,53,9,9,3,,,,,4,,,,5,Offensive Rebound,,,,86,86,
2,2,34,Jamari Traylor misses a layup shot.,110112,,true,false,false,Jamari,,Traylor,,Kansas,,49,53,9,9,1,,,,,3,2,40,Layup Shot,4,Field Goal Missed,0,0,0,86,86,
2,2,34,Chasson Randle with a defensive rebound.,109889,,true,false,false,Chasson,,Randle,,Stan,,49,53,9,9,0,,,,,13,,,,6,Defensive Rebound,,,,240,240,
2,2,10,Stefan Nastic misses a jump shot from 6 feet out.,97470,,true,false,false,Stefan,,Nastic,,Stan,,49,53,9,9,4,,,,,10,2,45,Jump Shot,4,Field Goal Missed,6,4.7,3.3,240,240,
2,2,10,Frank Mason with a defensive rebound.,121908,,true,false,false,Frank,,Mason,,Kansas,,49,53,9,9,0,,,,,2,,,,6,Defensive Rebound,,,,86,86,
2,2,04,Shooting foul committed by Chasson Randle.,109889,,true,false,false,Chasson,,Randle,,Stan,,49,53,10,9,1,,,,,13,,2,Shooting,8,Foul,,,,240,240,
2,2,04,Perry Ellis makes free throw 1 of 2.,116556,,true,false,false,Perry,,Ellis,,Kansas,,50,53,10,9,1,,,,,8,1,11,Free Throw 1 of 2,1,Free Throw Made,,,,86,86,
2,2,04,Perry Ellis makes free throw 2 of 2.,116556,,true,false,false,Perry,,Ellis,,Kansas,,51,53,10,9,1,,,,,9,1,12,Free Throw 2 of 2,1,Free Throw Made,,,,86,86,
2,1,32,Chasson Randle with a discontinue dribble turnover: Discontinue Dribble,109889,,true,false,false,Chasson,,Randle,,Stan,,51,53,10,9,1,,,,,13,,7,Discontinue Dribble,7,Turnover,,,,240,240,
2,1,18,Perry Ellis misses a layup shot.,116556,,true,false,false,Perry,,Ellis,,Kansas,,51,53,10,9,1,,,,,9,2,40,Layup Shot,4,Field Goal Missed,0,0,0,86,86,
2,1,18,Anthony Brown with a defensive rebound.,97467,,true,false,false,Anthony,,Brown,,Stan,,51,53,10,9,3,,,,,5,,,,6,Defensive Rebound,,,,240,240,
2,1,09,Stan take a 20-second timeout.,,,false,false,false,,,,,,,51,53,10,9,0,,,,,0,,2,Short,11,Timeout,,,,240,240,
2,0,56.6,Shooting foul committed by Perry Ellis.,116556,,true,false,false,Perry,,Ellis,,Kansas,,51,53,10,10,2,,,,,9,,2,Shooting,8,Foul,,,,86,86,
2,0,56.6,Dwight Powell makes free throw 1 of 2.,97471,,true,false,false,Dwight,,Powell,,Stan,,51,54,10,10,4,,,,,14,1,11,Free Throw 1 of 2,1,Free Throw Made,,,,240,240,
2,0,56.6,Dwight Powell makes free throw 2 of 2.,97471,,true,false,false,Dwight,,Powell,,Stan,,51,55,10,10,4,,,,,15,1,12,Free Throw 2 of 2,1,Free Throw Made,,,,240,240,
2,0,47.8,Andrew Wiggins with a lost ball turnover: Lost Ball,121907,,true,false,false,Andrew,,Wiggins,,Kansas,,51,55,10,10,3,,,,,4,,2,Lost Ball,7,Turnover,,,,86,86,
2,0,43.6,Personal foul committed by Naadir Tharpe.,110107,,true,false,false,Naadir,,Tharpe,,Kansas,,51,55,10,11,4,,,,,5,,1,Personal,8,Foul,,,,86,86,
2,0,43.6,Anthony Brown misses free throw 1 of 2.,97467,,true,false,false,Anthony,,Brown,,Stan,,51,55,10,11,3,,,,,5,1,11,Free Throw 1 of 2,2,Free Throw Missed,,,,240,240,
2,0,43.6,Stan with an offensive rebound.,,,false,false,false,,,,,,,51,55,10,11,0,,,,,0,,,,5,Offensive Rebound,,,,240,240,
2,0,43.6,Anthony Brown makes free throw 2 of 2.,97467,,true,false,false,Anthony,,Brown,,Stan,,51,56,10,11,3,,,,,6,1,12,Free Throw 2 of 2,1,Free Throw Made,,,,240,240,
2,0,33.5,Naadir Tharpe misses a layup shot.,110107,,true,false,false,Naadir,,Tharpe,,Kansas,,51,56,10,11,4,,,,,5,2,40,Layup Shot,4,Field Goal Missed,0,0,0,86,86,
2,0,33.5,Anthony Brown with a defensive rebound.,97467,,true,false,false,Anthony,,Brown,,Stan,,51,56,10,11,3,,,,,6,,,,6,Defensive Rebound,,,,240,240,
2,0,32.4,Personal foul committed by Jamari Traylor.,110112,,true,false,false,Jamari,,Traylor,,Kansas,,51,56,10,12,2,,,,,3,,1,Personal,8,Foul,,,,86,86,
2,0,32.4,Anthony Brown makes free throw 1 of 2.,97467,,true,false,false,Anthony,,Brown,,Stan,,51,57,10,12,3,,,,,7,1,11,Free Throw 1 of 2,1,Free Throw Made,,,,240,240,
2,0,32.4,Anthony Brown makes free throw 2 of 2.,97467,,true,false,false,Anthony,,Brown,,Stan,,51,58,10,12,3,,,,,8,1,12,Free Throw 2 of 2,1,Free Throw Made,,,,240,240,
2,0,32.4,Kansas take a full timeout.,,,false,false,false,,,,,,,51,58,10,12,0,,,,,0,,1,Regular,11,Timeout,,,,86,86,
2,0,23.3,Conner Frankamp makes a 3-point jump shot from 24 feet out. Naadir Tharpe with the assist.,121912,110107,true,true,false,Conner,Naadir,Frankamp,Tharpe,Kansas,Kansas,54,58,10,12,0,,,,,9,3,45,Jump Shot,3,Field Goal Made,24,-20.2,12.5,86,86,
2,0,21.5,Personal foul committed by Jamari Traylor.,110112,,true,false,false,Jamari,,Traylor,,Kansas,,54,58,10,13,3,,,,,3,,1,Personal,8,Foul,,,,86,86,
2,0,21.5,Anthony Brown misses free throw 1 of 2.,97467,,true,false,false,Anthony,,Brown,,Stan,,54,58,10,13,3,,,,,8,1,11,Free Throw 1 of 2,2,Free Throw Missed,,,,240,240,
2,0,21.5,Stan with an offensive rebound.,,,false,false,false,,,,,,,54,58,10,13,0,,,,,0,,,,5,Offensive Rebound,,,,240,240,
2,0,21.5,Anthony Brown makes free throw 2 of 2.,97467,,true,false,false,Anthony,,Brown,,Stan,,54,59,10,13,3,,,,,9,1,12,Free Throw 2 of 2,1,Free Throw Made,,,,240,240,
2,0,15.3,Conner Frankamp makes a 3-point jump shot from 26 feet out.,121912,,true,false,false,Conner,,Frankamp,,Kansas,,57,59,10,13,0,,,,,12,3,45,Jump Shot,3,Field Goal Made,26,-13.4,22.4,86,86,
2,0,14.4,Kansas take a 20-second timeout.,,,false,false,false,,,,,,,57,59,10,13,0,,,,,0,,2,Short,11,Timeout,,,,86,86,
2,0,12.9,Personal foul committed by Naadir Tharpe.,110107,,true,false,false,Naadir,,Tharpe,,Kansas,,57,59,10,14,5,,,,,5,,1,Personal,8,Foul,,,,86,86,
2,0,12.9,Anthony Brown makes free throw 1 of 2.,97467,,true,false,false,Anthony,,Brown,,Stan,,57,60,10,14,3,,,,,10,1,11,Free Throw 1 of 2,1,Free Throw Made,,,,240,240,
2,0,12.9,Anthony Brown misses free throw 2 of 2.,97467,,true,false,false,Anthony,,Brown,,Stan,,57,60,10,14,3,,,,,10,1,12,Free Throw 2 of 2,2,Free Throw Missed,,,,240,240,
2,0,12.9,Andrew Wiggins with a defensive rebound.,121907,,true,false,false,Andrew,,Wiggins,,Kansas,,57,60,10,14,3,,,,,4,,,,6,Defensive Rebound,,,,86,86,
2,0,06.2,Conner Frankamp misses a 3-point jump shot from 23 feet out.,121912,,true,false,false,Conner,,Frankamp,,Kansas,,57,60,10,14,0,,,,,12,3,45,Jump Shot,4,Field Goal Missed,23,16.2,16.4,86,86,
2,0,06.2,Dwight Powell with a defensive rebound.,97471,,true,false,false,Dwight,,Powell,,Stan,,57,60,10,14,4,,,,,15,,,,6,Defensive Rebound,,,,240,240,
2,0,00,End of the 2nd Half,,,false,false,false,,,,,,,57,60,10,14,0,,,,,0,,,,15,End Period,,,,86,86,
2,0,00,End of the Game,,,false,false,false,,,,,,,57,60,10,14,0,,,,,0,,,,19,Game Over,,,,86,86,
