half,time-minutes,time-seconds,details,player1-id,player2-id,player1-linkable,player2-linkable,player3-linkable,player-first-name-1,player-first-name-2,player-last-name-1,player-last-name-2,player-team-alias-1,player-team-alias-2,home-score,visitor-score,visitor-fouls,home-fouls,player-fouls,fastbreak,in-paint,second-chance,off-turnover,player-score,points-type,detail-id,detail-desc,event-id,event-desc,distance,x-coord,y-coord,team-id-1,team-id-2,team-id-3
1,20,00,Start of the 1st Half,,,false,false,false,,,,,,,0,0,0,0,0,,,,,0,,,,14,Start Period,,,,297,297,
1,19,39,D'Angelo Scott misses a jump shot from 8 feet out.,122093,,true,false,false,D'Angelo,,Scott,,TxSo,,0,0,0,0,0,,,,,0,2,45,Jump Shot,4,Field Goal Missed,8,1.1,8.2,297,297,
1,19,39,Aaric Murray with an offensive rebound.,88914,,true,false,false,Aaric,,Murray,,TxSo,,0,0,0,0,0,,,,,0,,,,5,Offensive Rebound,,,,297,297,
1,19,37,Aaric Murray makes a dunk shot.,88914,,true,false,false,Aaric,,Murray,,TxSo,,2,0,0,0,0,,,,,2,2,48,Dunk Shot,3,Field Goal Made,0,0,0,297,297,
1,19,18,Personal foul committed by D.D. Scarver.,116258,,true,false,false,D.D.,,Scarver,,TxSo,,2,0,0,1,1,,,,,0,,1,Personal,8,Foul,,,,297,297,
1,19,13,Dave Nwaba makes a layup shot.,121124,,true,false,false,Dave,,Nwaba,,CalPly,,2,2,0,1,0,,,,,2,2,40,Layup Shot,3,Field Goal Made,0,0,0,95,95,
1,19,02,Aaric Murray makes a dunk shot. D'Angelo Scott with the assist.,88914,122093,true,true,false,Aaric,D'Angelo,Murray,Scott,TxSo,TxSo,4,2,0,1,0,,,,,4,2,48,Dunk Shot,3,Field Goal Made,0,0,0,297,297,
1,18,42,Joel Awich misses a jump shot from 13 feet out.,110955,,true,false,false,Joel,,Awich,,CalPly,,4,2,0,1,0,,,,,0,2,45,Jump Shot,4,Field Goal Missed,13,13,3.5,95,95,
1,18,42,Lawrence Johnson-Danner with a defensive rebound.,89529,,true,false,false,Lawrence,,Johnson-Danner,,TxSo,,4,2,0,1,0,,,,,0,,,,6,Defensive Rebound,,,,297,297,
1,18,23,Aaric Murray with a traveling turnover: Traveling,88914,,true,false,false,Aaric,,Murray,,TxSo,,4,2,0,1,0,,,,,4,,4,Traveling,7,Turnover,,,,297,297,
1,18,05,Dave Nwaba misses a jump shot from 7 feet out.,121124,,true,false,false,Dave,,Nwaba,,CalPly,,4,2,0,1,0,,,,,2,2,45,Jump Shot,4,Field Goal Missed,7,1.8,6.4,95,95,
1,18,05,D'Angelo Scott with a defensive rebound.,122093,,true,false,false,D'Angelo,,Scott,,TxSo,,4,2,0,1,0,,,,,0,,,,6,Defensive Rebound,,,,297,297,
1,17,57,Aaric Murray makes a dunk shot. Ray Penn Jr. with the assist.,88914,88713,true,true,false,Aaric,Ray,Murray,Penn Jr.,TxSo,TxSo,6,2,0,1,0,,,,,6,2,48,Dunk Shot,3,Field Goal Made,0,0,0,297,297,
1,17,41,Chris Eversley makes a jump shot from 18 feet out. Jamal Johnson with the assist.,88388,97554,true,true,false,Chris,Jamal,Eversley,Johnson,CalPly,CalPly,6,4,0,1,0,,,,,2,2,45,Jump Shot,3,Field Goal Made,18,-4,17.4,95,95,
1,17,13,Aaric Murray misses a 3-point jump shot from 23 feet out.,88914,,true,false,false,Aaric,,Murray,,TxSo,,6,4,0,1,0,,,,,6,3,45,Jump Shot,4,Field Goal Missed,23,-22.4,3.1,297,297,
1,17,13,D'Angelo Scott with an offensive rebound.,122093,,true,false,false,D'Angelo,,Scott,,TxSo,,6,4,0,1,0,,,,,0,,,,5,Offensive Rebound,,,,297,297,
1,17,07,D'Angelo Scott makes a layup shot.,122093,,true,false,false,D'Angelo,,Scott,,TxSo,,8,4,0,1,0,,,,,2,2,40,Layup Shot,3,Field Goal Made,0,0,0,297,297,
1,16,50,Dave Nwaba makes a jump shot from 9 feet out.,121124,,true,false,false,Dave,,Nwaba,,CalPly,,8,6,0,1,0,,,,,4,2,45,Jump Shot,3,Field Goal Made,9,2.1,8.2,95,95,
1,16,31,Ray Penn Jr. with a lost ball turnover: Lost Ball,88713,,true,false,false,Ray,,Penn Jr.,,TxSo,,8,6,0,1,0,,,,,0,,2,Lost Ball,7,Turnover,,,,297,297,
1,16,24,Chris Eversley misses a jump shot from 16 feet out.,88388,,true,false,false,Chris,,Eversley,,CalPly,,8,6,0,1,0,,,,,2,2,45,Jump Shot,4,Field Goal Missed,16,15.4,5.7,95,95,
1,16,24,Dave Nwaba with an offensive rebound.,121124,,true,false,false,Dave,,Nwaba,,CalPly,,8,6,0,1,0,,,,,4,,,,5,Offensive Rebound,,,,95,95,
1,16,24,Dave Nwaba makes a layup shot.,121124,,true,false,false,Dave,,Nwaba,,CalPly,,8,8,0,1,0,,,,,6,2,40,Layup Shot,3,Field Goal Made,0,0,0,95,95,
1,16,24,Shooting foul committed by Ray Penn Jr..,88713,,true,false,false,Ray,,Penn Jr.,,TxSo,,8,8,0,2,1,,,,,0,,2,Shooting,8,Foul,,,,297,297,
1,16,24,Dave Nwaba misses free throw 1 of 1.,121124,,true,false,false,Dave,,Nwaba,,CalPly,,8,8,0,2,0,,,,,6,1,10,Free Throw 1 of 1,2,Free Throw Missed,,,,95,95,
1,16,24,Lawrence Johnson-Danner with a defensive rebound.,89529,,true,false,false,Lawrence,,Johnson-Danner,,TxSo,,8,8,0,2,0,,,,,0,,,,6,Defensive Rebound,,,,297,297,
1,16,15,Jose Rodriguez makes a layup shot.,122095,,true,false,false,Jose,,Rodriguez,,TxSo,,10,8,0,2,0,,,,,2,2,40,Layup Shot,3,Field Goal Made,0,0,0,297,297,
1,16,03,Dave Nwaba misses a jump shot from 15 feet out.,121124,,true,false,false,Dave,,Nwaba,,CalPly,,10,8,0,2,0,,,,,6,2,45,Jump Shot,4,Field Goal Missed,15,-14,5,95,95,
1,16,03,Jose Rodriguez with a defensive rebound.,122095,,true,false,false,Jose,,Rodriguez,,TxSo,,10,8,0,2,0,,,,,2,,,,6,Defensive Rebound,,,,297,297,
1,15,58,Dave Nwaba makes a jump shot from 10 feet out.,121124,,true,false,false,Dave,,Nwaba,,CalPly,,10,10,0,2,0,,,,,8,2,45,Jump Shot,3,Field Goal Made,10,5.4,7.9,95,95,
1,15,51,Ray Penn Jr. misses a 3-point jump shot from 24 feet out.,88713,,true,false,false,Ray,,Penn Jr.,,TxSo,,10,10,0,2,1,,,,,0,3,45,Jump Shot,4,Field Goal Missed,24,.9,24.4,297,297,
1,15,51,Chris Eversley with a defensive rebound.,88388,,true,false,false,Chris,,Eversley,,CalPly,,10,10,0,2,0,,,,,2,,,,6,Defensive Rebound,,,,95,95,
1,15,05,Shooting foul committed by Jamal Johnson.,97554,,true,false,false,Jamal,,Johnson,,CalPly,,10,10,1,2,1,,,,,0,,2,Shooting,8,Foul,,,,95,95,
1,15,05,Official TV timeout.,,,false,false,false,,,,,,,10,10,1,2,0,,,,,0,,3,Official TV,11,Timeout,,,,297,297,
1,15,05,Jose Rodriguez makes free throw 1 of 2.,122095,,true,false,false,Jose,,Rodriguez,,TxSo,,11,10,1,2,0,,,,,3,1,11,Free Throw 1 of 2,1,Free Throw Made,,,,297,297,
1,15,05,Jose Rodriguez makes free throw 2 of 2.,122095,,true,false,false,Jose,,Rodriguez,,TxSo,,12,10,1,2,0,,,,,4,1,12,Free Throw 2 of 2,1,Free Throw Made,,,,297,297,
1,14,49,Chris Eversley makes a 3-point jump shot from 24 feet out. Brian Bennett with the assist.,88388,116213,true,true,false,Chris,Brian,Eversley,Bennett,CalPly,CalPly,12,13,1,2,0,,,,,5,3,45,Jump Shot,3,Field Goal Made,24,19.1,14.5,95,95,
1,14,26,Aaric Murray makes a jump shot from 9 feet out. Madarious Gibbs with the assist.,88914,111432,true,true,false,Aaric,Madarious,Murray,Gibbs,TxSo,TxSo,14,13,1,2,0,,,,,8,2,45,Jump Shot,3,Field Goal Made,9,6,7,297,297,
1,14,15,Kyle Odister makes a 3-point jump shot from 24 feet out. Ridge Shipley with the assist.,89029,121127,true,true,false,Kyle,Ridge,Odister,Shipley,CalPly,CalPly,14,16,1,2,0,,,,,3,3,45,Jump Shot,3,Field Goal Made,24,-23,6.4,95,95,
1,13,47,Aaric Murray makes a 3-point jump shot from 23 feet out. Madarious Gibbs with the assist.,88914,111432,true,true,false,Aaric,Madarious,Murray,Gibbs,TxSo,TxSo,17,16,1,2,0,,,,,11,3,45,Jump Shot,3,Field Goal Made,23,22.5,5.5,297,297,
1,13,24,Brian Bennett makes a layup shot. Dave Nwaba with the assist.,116213,121124,true,true,false,Brian,Dave,Bennett,Nwaba,CalPly,CalPly,17,18,1,2,0,,,,,2,2,40,Layup Shot,3,Field Goal Made,0,0,0,95,95,
1,13,08,D'Angelo Scott misses a jump shot from 9 feet out.,122093,,true,false,false,D'Angelo,,Scott,,TxSo,,17,18,1,2,0,,,,,2,2,45,Jump Shot,4,Field Goal Missed,9,3,8.1,297,297,
1,13,08,Dave Nwaba with a defensive rebound.,121124,,true,false,false,Dave,,Nwaba,,CalPly,,17,18,1,2,0,,,,,8,,,,6,Defensive Rebound,,,,95,95,
1,12,58,Brian Bennett makes a jump shot from 7 feet out.,116213,,true,false,false,Brian,,Bennett,,CalPly,,17,20,1,2,0,,,,,4,2,45,Jump Shot,3,Field Goal Made,7,.3,7.2,95,95,
1,12,47,Personal foul committed by Brian Bennett.,116213,,true,false,false,Brian,,Bennett,,CalPly,,17,20,2,2,1,,,,,4,,1,Personal,8,Foul,,,,95,95,
1,12,29,Aaric Murray makes a layup shot. Madarious Gibbs with the assist.,88914,111432,true,true,false,Aaric,Madarious,Murray,Gibbs,TxSo,TxSo,19,20,2,2,0,,,,,13,2,40,Layup Shot,3,Field Goal Made,0,0,0,297,297,
1,12,04,Brian Bennett makes a jump shot from 11 feet out.,116213,,true,false,false,Brian,,Bennett,,CalPly,,19,22,2,2,1,,,,,6,2,45,Jump Shot,3,Field Goal Made,11,-7.4,7.7,95,95,
1,11,37,Madarious Gibbs misses a jump shot from 13 feet out.,111432,,true,false,false,Madarious,,Gibbs,,TxSo,,19,22,2,2,0,,,,,0,2,45,Jump Shot,4,Field Goal Missed,13,-11.3,6.4,297,297,
1,11,37,Ridge Shipley with a defensive rebound.,121127,,true,false,false,Ridge,,Shipley,,CalPly,,19,22,2,2,0,,,,,0,,,,6,Defensive Rebound,,,,95,95,
1,11,25,Michael Bolden misses a layup shot.,121129,,true,false,false,Michael,,Bolden,,CalPly,,19,22,2,2,0,,,,,0,2,40,Layup Shot,4,Field Goal Missed,0,0,0,95,95,
1,11,25,Madarious Gibbs with a defensive rebound.,111432,,true,false,false,Madarious,,Gibbs,,TxSo,,19,22,2,2,0,,,,,0,,,,6,Defensive Rebound,,,,297,297,
1,11,18,Personal foul committed by Brian Bennett.,116213,,true,false,false,Brian,,Bennett,,CalPly,,19,22,3,2,2,,,,,6,,1,Personal,8,Foul,,,,95,95,
1,11,18,Official TV timeout.,,,false,false,false,,,,,,,19,22,3,2,0,,,,,0,,3,Official TV,11,Timeout,,,,297,297,
1,11,11,D.D. Scarver misses a 3-point jump shot from 25 feet out.,116258,,true,false,false,D.D.,,Scarver,,TxSo,,19,22,3,2,1,,,,,0,3,45,Jump Shot,4,Field Goal Missed,25,19,15.7,297,297,
1,11,11,D'Angelo Scott with an offensive rebound.,122093,,true,false,false,D'Angelo,,Scott,,TxSo,,19,22,3,2,0,,,,,2,,,,5,Offensive Rebound,,,,297,297,
1,10,54,Lawrence Johnson-Danner with a out of bounds turnover: Out of Bounds,89529,,true,false,false,Lawrence,,Johnson-Danner,,TxSo,,19,22,3,2,0,,,,,0,,3,Out of Bounds,7,Turnover,,,,297,297,
1,10,26,Ridge Shipley makes a 3-point jump shot from 26 feet out. Maliik Love with the assist.,121127,97555,true,true,false,Ridge,Maliik,Shipley,Love,CalPly,CalPly,19,25,3,2,0,,,,,3,3,45,Jump Shot,3,Field Goal Made,26,-14.5,21.3,95,95,
1,10,02,Aaric Murray misses a jump shot from 13 feet out.,88914,,true,false,false,Aaric,,Murray,,TxSo,,19,25,3,2,0,,,,,13,2,45,Jump Shot,4,Field Goal Missed,13,-11.6,6,297,297,
1,10,02,Lawrence Johnson-Danner with an offensive rebound.,89529,,true,false,false,Lawrence,,Johnson-Danner,,TxSo,,19,25,3,2,0,,,,,0,,,,5,Offensive Rebound,,,,297,297,
1,9,48,Aaric Murray misses a 3-point jump shot from 24 feet out.,88914,,true,false,false,Aaric,,Murray,,TxSo,,19,25,3,2,0,,,,,13,3,45,Jump Shot,4,Field Goal Missed,24,16.4,18.1,297,297,
1,9,48,Zach Gordon with a defensive rebound.,116214,,true,false,false,Zach,,Gordon,,CalPly,,19,25,3,2,0,,,,,0,,,,6,Defensive Rebound,,,,95,95,
1,9,25,Maliik Love misses a jump shot from 11 feet out.,97555,,true,false,false,Maliik,,Love,,CalPly,,19,25,3,2,0,,,,,0,2,45,Jump Shot,4,Field Goal Missed,11,-7.7,7.2,95,95,
1,9,25,TxSo with a defensive rebound.,,,false,false,false,,,,,,,19,25,3,2,0,,,,,0,,,,6,Defensive Rebound,,,,297,297,
1,9,07,Personal foul committed by Zach Gordon.,116214,,true,false,false,Zach,,Gordon,,CalPly,,19,25,4,2,1,,,,,0,,1,Personal,8,Foul,,,,95,95,
1,8,59,Lawrence Johnson-Danner makes a 3-point jump shot from 25 feet out.,89529,,true,false,false,Lawrence,,Johnson-Danner,,TxSo,,22,25,4,2,0,,,,,3,3,45,Jump Shot,3,Field Goal Made,25,-23,9.3,297,297,
1,8,36,Ridge Shipley misses a 3-point jump shot from 27 feet out.,121127,,true,false,false,Ridge,,Shipley,,CalPly,,22,25,4,2,0,,,,,3,3,45,Jump Shot,4,Field Goal Missed,27,-11.5,24.2,95,95,
1,8,36,Zach Gordon with an offensive rebound.,116214,,true,false,false,Zach,,Gordon,,CalPly,,22,25,4,2,1,,,,,0,,,,5,Offensive Rebound,,,,95,95,
1,8,33,Personal foul committed by Aaric Murray.,88914,,true,false,false,Aaric,,Murray,,TxSo,,22,25,4,3,1,,,,,13,,1,Personal,8,Foul,,,,297,297,
1,8,11,Reese Morgan misses a jump shot from 16 feet out.,109558,,true,false,false,Reese,,Morgan,,CalPly,,22,25,4,3,0,,,,,0,2,45,Jump Shot,4,Field Goal Missed,16,11.8,11.5,95,95,
1,8,11,Zach Gordon with an offensive rebound.,116214,,true,false,false,Zach,,Gordon,,CalPly,,22,25,4,3,1,,,,,0,,,,5,Offensive Rebound,,,,95,95,
1,8,07,Shooting foul committed by D.D. Scarver.,116258,,true,false,false,D.D.,,Scarver,,TxSo,,22,25,4,4,2,,,,,0,,2,Shooting,8,Foul,,,,297,297,
1,8,07,Zach Gordon makes free throw 1 of 2.,116214,,true,false,false,Zach,,Gordon,,CalPly,,22,26,4,4,1,,,,,1,1,11,Free Throw 1 of 2,1,Free Throw Made,,,,95,95,
1,8,07,Zach Gordon makes free throw 2 of 2.,116214,,true,false,false,Zach,,Gordon,,CalPly,,22,27,4,4,1,,,,,2,1,12,Free Throw 2 of 2,1,Free Throw Made,,,,95,95,
1,7,53,Jose Rodriguez misses a hook shot from 6 feet out.,122095,,true,false,false,Jose,,Rodriguez,,TxSo,,22,27,4,4,0,,,,,4,2,55,Hook Shot,4,Field Goal Missed,6,.8,6,297,297,
1,7,53,TxSo with an offensive rebound.,,,false,false,false,,,,,,,22,27,4,4,0,,,,,0,,,,5,Offensive Rebound,,,,297,297,
1,7,51,Official TV timeout.,,,false,false,false,,,,,,,22,27,4,4,0,,,,,0,,3,Official TV,11,Timeout,,,,297,297,
1,7,38,Shooting foul committed by Jamal Johnson.,97554,,true,false,false,Jamal,,Johnson,,CalPly,,22,27,5,4,2,,,,,0,,2,Shooting,8,Foul,,,,95,95,
1,7,38,Jose Rodriguez makes free throw 1 of 2.,122095,,true,false,false,Jose,,Rodriguez,,TxSo,,23,27,5,4,0,,,,,5,1,11,Free Throw 1 of 2,1,Free Throw Made,,,,297,297,
1,7,38,Jose Rodriguez makes free throw 2 of 2.,122095,,true,false,false,Jose,,Rodriguez,,TxSo,,24,27,5,4,0,,,,,6,1,12,Free Throw 2 of 2,1,Free Throw Made,,,,297,297,
1,7,16,Reese Morgan makes a 3-point jump shot from 27 feet out. Chris Eversley with the assist.,109558,88388,true,true,false,Reese,Chris,Morgan,Eversley,CalPly,CalPly,24,30,5,4,0,,,,,3,3,45,Jump Shot,3,Field Goal Made,27,-21.2,16.6,95,95,
1,7,00,Personal foul committed by Reese Morgan.,109558,,true,false,false,Reese,,Morgan,,CalPly,,24,30,6,4,1,,,,,3,,1,Personal,8,Foul,,,,95,95,
1,6,40,Lawrence Johnson-Danner misses a jump shot from 12 feet out.,89529,,true,false,false,Lawrence,,Johnson-Danner,,TxSo,,24,30,6,4,0,,,,,3,2,45,Jump Shot,4,Field Goal Missed,12,-11.8,3.3,297,297,
1,6,40,Aaron Clayborn with an offensive rebound.,89532,,true,false,false,Aaron,,Clayborn,,TxSo,,24,30,6,4,0,,,,,0,,,,5,Offensive Rebound,,,,297,297,
1,6,31,Aaron Clayborn misses a layup shot.,89532,,true,false,false,Aaron,,Clayborn,,TxSo,,24,30,6,4,0,,,,,0,2,40,Layup Shot,4,Field Goal Missed,0,0,0,297,297,
1,6,31,Jose Rodriguez with an offensive rebound.,122095,,true,false,false,Jose,,Rodriguez,,TxSo,,24,30,6,4,0,,,,,6,,,,5,Offensive Rebound,,,,297,297,
1,6,27,Jose Rodriguez misses a jump shot from 12 feet out.,122095,,true,false,false,Jose,,Rodriguez,,TxSo,,24,30,6,4,0,,,,,6,2,45,Jump Shot,4,Field Goal Missed,12,10.6,5.2,297,297,
1,6,27,Chris Eversley with a defensive rebound.,88388,,true,false,false,Chris,,Eversley,,CalPly,,24,30,6,4,0,,,,,5,,,,6,Defensive Rebound,,,,95,95,
1,6,21,Reese Morgan misses a 3-point jump shot from 23 feet out.,109558,,true,false,false,Reese,,Morgan,,CalPly,,24,30,6,4,1,,,,,3,3,45,Jump Shot,4,Field Goal Missed,23,-22.2,5.9,95,95,
1,6,21,Jose Rodriguez with a defensive rebound.,122095,,true,false,false,Jose,,Rodriguez,,TxSo,,24,30,6,4,0,,,,,6,,,,6,Defensive Rebound,,,,297,297,
1,5,53,Ray Penn Jr. with a lost ball turnover: Lost Ball,88713,,true,false,false,Ray,,Penn Jr.,,TxSo,,24,30,6,4,1,,,,,0,,2,Lost Ball,7,Turnover,,,,297,297,
1,5,48,Joel Awich makes a dunk shot. Reese Morgan with the assist.,110955,109558,true,true,false,Joel,Reese,Awich,Morgan,CalPly,CalPly,24,32,6,4,0,,,,,2,2,48,Dunk Shot,3,Field Goal Made,0,0,0,95,95,
1,5,41,Personal foul committed by Ridge Shipley.,121127,,true,false,false,Ridge,,Shipley,,CalPly,,24,32,7,4,1,,,,,3,,1,Personal,8,Foul,,,,95,95,
1,5,41,Ray Penn Jr. makes free throw 1st of 1-and-1.,88713,,true,false,false,Ray,,Penn Jr.,,TxSo,,25,32,7,4,1,,,,,1,1,8,Free Throw 1st of 1-and-1,1,Free Throw Made,,,,297,297,
1,5,41,Ray Penn Jr. makes free throw 2nd of 1-and-1.,88713,,true,false,false,Ray,,Penn Jr.,,TxSo,,26,32,7,4,1,,,,,2,1,9,Free Throw 2nd of 1-and-1,1,Free Throw Made,,,,297,297,
1,5,19,Kyle Odister misses a 3-point jump shot from 26 feet out.,89029,,true,false,false,Kyle,,Odister,,CalPly,,26,32,7,4,0,,,,,3,3,45,Jump Shot,4,Field Goal Missed,26,8.2,25.1,95,95,
1,5,19,CalPly with an offensive rebound.,,,false,false,false,,,,,,,26,32,7,4,0,,,,,0,,,,5,Offensive Rebound,,,,95,95,
1,5,03,Personal foul committed by Lawrence Johnson-Danner.,89529,,true,false,false,Lawrence,,Johnson-Danner,,TxSo,,26,32,7,5,1,,,,,3,,1,Personal,8,Foul,,,,297,297,
1,5,00,Kyle Odister makes a jump shot from 13 feet out. Maliik Love with the assist.,89029,97555,true,true,false,Kyle,Maliik,Odister,Love,CalPly,CalPly,26,34,7,5,0,,,,,5,2,45,Jump Shot,3,Field Goal Made,13,-12.7,1.6,95,95,
1,4,43,Aaric Murray misses a jump shot from 9 feet out.,88914,,true,false,false,Aaric,,Murray,,TxSo,,26,34,7,5,1,,,,,13,2,45,Jump Shot,4,Field Goal Missed,9,-7.1,5.9,297,297,
1,4,43,Maliik Love with a defensive rebound.,97555,,true,false,false,Maliik,,Love,,CalPly,,26,34,7,5,0,,,,,0,,,,6,Defensive Rebound,,,,95,95,
1,4,38,Shooting foul committed by D'Angelo Scott.,122093,,true,false,false,D'Angelo,,Scott,,TxSo,,26,34,7,6,1,,,,,2,,2,Shooting,8,Foul,,,,297,297,
1,4,38,Chris Eversley makes free throw 1 of 2.,88388,,true,false,false,Chris,,Eversley,,CalPly,,26,35,7,6,0,,,,,6,1,11,Free Throw 1 of 2,1,Free Throw Made,,,,95,95,
1,4,38,Chris Eversley makes free throw 2 of 2.,88388,,true,false,false,Chris,,Eversley,,CalPly,,26,36,7,6,0,,,,,7,1,12,Free Throw 2 of 2,1,Free Throw Made,,,,95,95,
1,4,27,Jose Rodriguez with a lost ball turnover: Lost Ball,122095,,true,false,false,Jose,,Rodriguez,,TxSo,,26,36,7,6,0,,,,,6,,2,Lost Ball,7,Turnover,,,,297,297,
1,4,20,Kyle Odister misses a 3-point jump shot from 27 feet out.,89029,,true,false,false,Kyle,,Odister,,CalPly,,26,36,7,6,0,,,,,5,3,45,Jump Shot,4,Field Goal Missed,27,-21.3,15.9,95,95,
1,4,20,Chris Eversley with an offensive rebound.,88388,,true,false,false,Chris,,Eversley,,CalPly,,26,36,7,6,0,,,,,7,,,,5,Offensive Rebound,,,,95,95,
1,4,15,Chris Eversley makes a layup shot.,88388,,true,false,false,Chris,,Eversley,,CalPly,,26,38,7,6,0,,,,,9,2,40,Layup Shot,3,Field Goal Made,0,0,0,95,95,
1,4,14,TxSo take a full timeout.,,,false,false,false,,,,,,,26,38,7,6,0,,,,,0,,1,Regular,11,Timeout,,,,297,297,
1,3,59,Aaric Murray makes a hook shot from 7 feet out. Ray Penn Jr. with the assist.,88914,88713,true,true,false,Aaric,Ray,Murray,Penn Jr.,TxSo,TxSo,28,38,7,6,1,,,,,15,2,55,Hook Shot,3,Field Goal Made,7,-4.8,5.5,297,297,
1,3,43,Zach Gordon makes a layup shot. Maliik Love with the assist.,116214,97555,true,true,false,Zach,Maliik,Gordon,Love,CalPly,CalPly,28,40,7,6,1,,,,,4,2,40,Layup Shot,3,Field Goal Made,0,0,0,95,95,
1,3,11,Shooting foul committed by Zach Gordon.,116214,,true,false,false,Zach,,Gordon,,CalPly,,28,40,8,6,2,,,,,4,,2,Shooting,8,Foul,,,,95,95,
1,3,11,Official TV timeout.,,,false,false,false,,,,,,,28,40,8,6,0,,,,,0,,3,Official TV,11,Timeout,,,,297,297,
1,3,11,Aaric Murray makes free throw 1 of 2.,88914,,true,false,false,Aaric,,Murray,,TxSo,,29,40,8,6,1,,,,,16,1,11,Free Throw 1 of 2,1,Free Throw Made,,,,297,297,
1,3,11,Aaric Murray makes free throw 2 of 2.,88914,,true,false,false,Aaric,,Murray,,TxSo,,30,40,8,6,1,,,,,17,1,12,Free Throw 2 of 2,1,Free Throw Made,,,,297,297,
1,2,55,Chris Eversley misses a 3-point jump shot from 24 feet out.,88388,,true,false,false,Chris,,Eversley,,CalPly,,30,40,8,6,0,,,,,9,3,45,Jump Shot,4,Field Goal Missed,24,17.6,16.9,95,95,
1,2,55,Ray Penn Jr. with a defensive rebound.,88713,,true,false,false,Ray,,Penn Jr.,,TxSo,,30,40,8,6,1,,,,,2,,,,6,Defensive Rebound,,,,297,297,
1,2,32,Ray Penn Jr. with a lost ball turnover: Lost Ball,88713,,true,false,false,Ray,,Penn Jr.,,TxSo,,30,40,8,6,1,,,,,2,,2,Lost Ball,7,Turnover,,,,297,297,
1,2,31,Personal foul committed by Madarious Gibbs.,111432,,true,false,false,Madarious,,Gibbs,,TxSo,,30,40,8,7,1,,,,,0,,1,Personal,8,Foul,,,,297,297,
1,2,31,Maliik Love misses free throw 1st of 1-and-1.,97555,,true,false,false,Maliik,,Love,,CalPly,,30,40,8,7,0,,,,,0,1,8,Free Throw 1st of 1-and-1,2,Free Throw Missed,,,,95,95,
1,2,31,Chris Eversley with an offensive rebound.,88388,,true,false,false,Chris,,Eversley,,CalPly,,30,40,8,7,0,,,,,9,,,,5,Offensive Rebound,,,,95,95,
1,2,29,Chris Eversley makes a layup shot.,88388,,true,false,false,Chris,,Eversley,,CalPly,,30,42,8,7,0,,,,,11,2,40,Layup Shot,3,Field Goal Made,0,0,0,95,95,
1,2,18,Madarious Gibbs with a bad pass turnover: Bad Pass,111432,,true,false,false,Madarious,,Gibbs,,TxSo,,30,42,8,7,1,,,,,0,,1,Bad Pass,7,Turnover,,,,297,297,
1,2,03,Dave Nwaba makes a dunk shot.,121124,,true,false,false,Dave,,Nwaba,,CalPly,,30,44,8,7,0,,,,,10,2,48,Dunk Shot,3,Field Goal Made,0,0,0,95,95,
1,1,52,Lawrence Johnson-Danner misses a 3-point jump shot from 24 feet out.,89529,,true,false,false,Lawrence,,Johnson-Danner,,TxSo,,30,44,8,7,1,,,,,3,3,45,Jump Shot,4,Field Goal Missed,24,-22.9,6.7,297,297,
1,1,52,Chris Eversley with a defensive rebound.,88388,,true,false,false,Chris,,Eversley,,CalPly,,30,44,8,7,0,,,,,11,,,,6,Defensive Rebound,,,,95,95,
1,1,43,Offensive foul committed by Maliik Love.,97555,,true,false,false,Maliik,,Love,,CalPly,,30,44,9,7,1,,,,,0,,4,Offensive,8,Foul,,,,95,95,
1,1,43,Maliik Love with a  turnover:,97555,,true,false,false,Maliik,,Love,,CalPly,,30,44,9,7,1,,,,,0,,,,7,Turnover,,,,95,95,
1,1,36,Offensive foul committed by Aaric Murray.,88914,,true,false,false,Aaric,,Murray,,TxSo,,30,44,9,8,2,,,,,17,,4,Offensive,8,Foul,,,,297,297,
1,1,36,Aaric Murray with a  turnover:,88914,,true,false,false,Aaric,,Murray,,TxSo,,30,44,9,8,2,,,,,17,,,,7,Turnover,,,,297,297,
1,1,22,Chris Eversley misses a jump shot from 17 feet out.,88388,,true,false,false,Chris,,Eversley,,CalPly,,30,44,9,8,0,,,,,11,2,45,Jump Shot,4,Field Goal Missed,17,9.9,13.2,95,95,
1,1,22,D'Angelo Scott with a defensive rebound.,122093,,true,false,false,D'Angelo,,Scott,,TxSo,,30,44,9,8,1,,,,,2,,,,6,Defensive Rebound,,,,297,297,
1,1,00,Lawrence Johnson-Danner makes a jump shot from 7 feet out.,89529,,true,false,false,Lawrence,,Johnson-Danner,,TxSo,,32,44,9,8,1,,,,,5,2,45,Jump Shot,3,Field Goal Made,7,1.6,6.9,297,297,
1,0,40.7,Kyle Odister misses a jump shot from 15 feet out.,89029,,true,false,false,Kyle,,Odister,,CalPly,,32,44,9,8,0,,,,,5,2,45,Jump Shot,4,Field Goal Missed,15,-13.4,7,95,95,
1,0,40.7,Joel Awich with an offensive rebound.,110955,,true,false,false,Joel,,Awich,,CalPly,,32,44,9,8,0,,,,,2,,,,5,Offensive Rebound,,,,95,95,
1,0,32.7,CalPly take a 20-second timeout.,,,false,false,false,,,,,,,32,44,9,8,0,,,,,0,,2,Short,11,Timeout,,,,95,95,
1,0,05.0,Ridge Shipley misses a jump shot from 16 feet out.,121127,,true,false,false,Ridge,,Shipley,,CalPly,,32,44,9,8,1,,,,,3,2,45,Jump Shot,4,Field Goal Missed,16,10.1,13,95,95,
1,0,05.0,Aaron Clayborn with a defensive rebound.,89532,,true,false,false,Aaron,,Clayborn,,TxSo,,32,44,9,8,0,,,,,0,,,,6,Defensive Rebound,,,,297,297,
1,0,00,End of the 1st Half,,,false,false,false,,,,,,,32,44,9,8,0,,,,,0,,,,15,End Period,,,,297,297,
2,20,00,Start of the 2nd Half,,,false,false,false,,,,,,,32,44,0,0,0,,,,,0,,,,14,Start Period,,,,297,297,
2,19,47,Joel Awich with a lost ball turnover: Lost Ball,110955,,true,false,false,Joel,,Awich,,CalPly,,32,44,0,0,0,,,,,2,,2,Lost Ball,7,Turnover,,,,95,95,
2,19,37,Offensive foul committed by Aaric Murray.,88914,,true,false,false,Aaric,,Murray,,TxSo,,32,44,0,1,3,,,,,17,,4,Offensive,8,Foul,,,,297,297,
2,19,37,Aaric Murray with a  turnover:,88914,,true,false,false,Aaric,,Murray,,TxSo,,32,44,0,1,3,,,,,17,,,,7,Turnover,,,,297,297,
2,19,24,Joel Awich makes a layup shot.,110955,,true,false,false,Joel,,Awich,,CalPly,,32,46,0,1,0,,,,,4,2,40,Layup Shot,3,Field Goal Made,0,0,0,95,95,
2,19,12,D.D. Scarver misses a 3-point jump shot from 23 feet out.,116258,,true,false,false,D.D.,,Scarver,,TxSo,,32,46,0,1,2,,,,,0,3,45,Jump Shot,4,Field Goal Missed,23,22.5,1.3,297,297,
2,19,12,Dave Nwaba with a defensive rebound.,121124,,true,false,false,Dave,,Nwaba,,CalPly,,32,46,0,1,0,,,,,10,,,,6,Defensive Rebound,,,,95,95,
2,19,05,Dave Nwaba with a lost ball turnover: Lost Ball,121124,,true,false,false,Dave,,Nwaba,,CalPly,,32,46,0,1,0,,,,,10,,2,Lost Ball,7,Turnover,,,,95,95,
2,18,48,Aaric Murray misses a jump shot from 8 feet out.,88914,,true,false,false,Aaric,,Murray,,TxSo,,32,46,0,1,3,,,,,17,2,45,Jump Shot,4,Field Goal Missed,8,4,7.4,297,297,
2,18,48,Kyle Odister with a defensive rebound.,89029,,true,false,false,Kyle,,Odister,,CalPly,,32,46,0,1,0,,,,,5,,,,6,Defensive Rebound,,,,95,95,
2,18,28,Joel Awich misses a 3-point jump shot from 24 feet out.,110955,,true,false,false,Joel,,Awich,,CalPly,,32,46,0,1,0,,,,,4,3,45,Jump Shot,4,Field Goal Missed,24,21.3,11.5,95,95,
2,18,28,D.D. Scarver with a defensive rebound.,116258,,true,false,false,D.D.,,Scarver,,TxSo,,32,46,0,1,2,,,,,0,,,,6,Defensive Rebound,,,,297,297,
2,18,18,D.D. Scarver with a bad pass turnover: Bad Pass,116258,,true,false,false,D.D.,,Scarver,,TxSo,,32,46,0,1,2,,,,,0,,1,Bad Pass,7,Turnover,,,,297,297,
2,18,01,Jamal Johnson makes a layup shot.,97554,,true,false,false,Jamal,,Johnson,,CalPly,,32,48,0,1,2,,,,,2,2,40,Layup Shot,3,Field Goal Made,0,0,0,95,95,
2,17,41,Lawrence Johnson-Danner misses a 3-point jump shot from 25 feet out.,89529,,true,false,false,Lawrence,,Johnson-Danner,,TxSo,,32,48,0,1,1,,,,,5,3,45,Jump Shot,4,Field Goal Missed,25,-2.5,24.9,297,297,
2,17,41,Kyle Odister with a defensive rebound.,89029,,true,false,false,Kyle,,Odister,,CalPly,,32,48,0,1,0,,,,,5,,,,6,Defensive Rebound,,,,95,95,
2,17,34,Dave Nwaba misses a layup shot.,121124,,true,false,false,Dave,,Nwaba,,CalPly,,32,48,0,1,0,,,,,10,2,40,Layup Shot,4,Field Goal Missed,0,0,0,95,95,
2,17,34,Lawrence Johnson-Danner with a defensive rebound.,89529,,true,false,false,Lawrence,,Johnson-Danner,,TxSo,,32,48,0,1,1,,,,,5,,,,6,Defensive Rebound,,,,297,297,
2,17,12,Madarious Gibbs makes a layup shot.,111432,,true,false,false,Madarious,,Gibbs,,TxSo,,34,48,0,1,1,,,,,2,2,40,Layup Shot,3,Field Goal Made,0,0,0,297,297,
2,17,00,Personal foul committed by Madarious Gibbs.,111432,,true,false,false,Madarious,,Gibbs,,TxSo,,34,48,0,2,2,,,,,2,,1,Personal,8,Foul,,,,297,297,
2,16,40,Personal foul committed by D.D. Scarver.,116258,,true,false,false,D.D.,,Scarver,,TxSo,,34,48,0,3,3,,,,,0,,1,Personal,8,Foul,,,,297,297,
2,16,26,Chris Eversley with a bad pass turnover: Bad Pass,88388,,true,false,false,Chris,,Eversley,,CalPly,,34,48,0,3,0,,,,,11,,1,Bad Pass,7,Turnover,,,,95,95,
2,16,03,Aaric Murray makes a 3-point jump shot from 22 feet out. Madarious Gibbs with the assist.,88914,111432,true,true,false,Aaric,Madarious,Murray,Gibbs,TxSo,TxSo,37,48,0,3,3,,,,,20,3,45,Jump Shot,3,Field Goal Made,22,21.7,5.5,297,297,
2,15,44,Kyle Odister makes a jump shot from 14 feet out.,89029,,true,false,false,Kyle,,Odister,,CalPly,,37,50,0,3,0,,,,,7,2,45,Jump Shot,3,Field Goal Made,14,13.2,4,95,95,
2,15,35,Madarious Gibbs makes a layup shot.,111432,,true,false,false,Madarious,,Gibbs,,TxSo,,39,50,0,3,2,,,,,4,2,40,Layup Shot,3,Field Goal Made,0,0,0,297,297,
2,15,14,Dave Nwaba makes a layup shot.,121124,,true,false,false,Dave,,Nwaba,,CalPly,,39,52,0,3,0,,,,,12,2,40,Layup Shot,3,Field Goal Made,0,0,0,95,95,
2,15,12,CalPly take a full timeout.,,,false,false,false,,,,,,,39,52,0,3,0,,,,,0,,1,Regular,11,Timeout,,,,95,95,
2,15,01,Shooting foul committed by Brian Bennett.,116213,,true,false,false,Brian,,Bennett,,CalPly,,39,52,1,3,3,,,,,6,,2,Shooting,8,Foul,,,,95,95,
2,15,01,Official TV timeout.,,,false,false,false,,,,,,,39,52,1,3,0,,,,,0,,3,Official TV,11,Timeout,,,,297,297,
2,15,01,Aaric Murray makes free throw 1 of 2.,88914,,true,false,false,Aaric,,Murray,,TxSo,,40,52,1,3,3,,,,,21,1,11,Free Throw 1 of 2,1,Free Throw Made,,,,297,297,
2,15,01,Aaric Murray makes free throw 2 of 2.,88914,,true,false,false,Aaric,,Murray,,TxSo,,41,52,1,3,3,,,,,22,1,12,Free Throw 2 of 2,1,Free Throw Made,,,,297,297,
2,14,40,Kyle Odister with a lost ball turnover: Lost Ball,89029,,true,false,false,Kyle,,Odister,,CalPly,,41,52,1,3,0,,,,,7,,2,Lost Ball,7,Turnover,,,,95,95,
2,14,37,Jose Rodriguez makes a layup shot. Madarious Gibbs with the assist.,122095,111432,true,true,false,Jose,Madarious,Rodriguez,Gibbs,TxSo,TxSo,43,52,1,3,0,,,,,8,2,40,Layup Shot,3,Field Goal Made,0,0,0,297,297,
2,14,18,CalPly take a 20-second timeout.,,,false,false,false,,,,,,,43,52,1,3,0,,,,,0,,2,Short,11,Timeout,,,,95,95,
2,14,00,Personal foul committed by Madarious Gibbs.,111432,,true,false,false,Madarious,,Gibbs,,TxSo,,43,52,1,4,3,,,,,4,,1,Personal,8,Foul,,,,297,297,
2,13,43,Offensive foul committed by Chris Eversley.,88388,,true,false,false,Chris,,Eversley,,CalPly,,43,52,2,4,1,,,,,11,,4,Offensive,8,Foul,,,,95,95,
2,13,43,Chris Eversley with a  turnover:,88388,,true,false,false,Chris,,Eversley,,CalPly,,43,52,2,4,1,,,,,11,,,,7,Turnover,,,,95,95,
2,13,29,Aaric Murray misses a hook shot from 7 feet out.,88914,,true,false,false,Aaric,,Murray,,TxSo,,43,52,2,4,3,,,,,22,2,55,Hook Shot,4,Field Goal Missed,7,-4.3,5.2,297,297,
2,13,29,Reese Morgan with a defensive rebound.,109558,,true,false,false,Reese,,Morgan,,CalPly,,43,52,2,4,1,,,,,3,,,,6,Defensive Rebound,,,,95,95,
2,13,12,Dave Nwaba makes a layup shot.,121124,,true,false,false,Dave,,Nwaba,,CalPly,,43,54,2,4,0,,,,,14,2,40,Layup Shot,3,Field Goal Made,0,0,0,95,95,
2,13,05,Madarious Gibbs misses a layup shot.,111432,,true,false,false,Madarious,,Gibbs,,TxSo,,43,54,2,4,3,,,,,4,2,40,Layup Shot,4,Field Goal Missed,0,0,0,297,297,
2,13,05,Aaric Murray with an offensive rebound.,88914,,true,false,false,Aaric,,Murray,,TxSo,,43,54,2,4,3,,,,,22,,,,5,Offensive Rebound,,,,297,297,
2,13,02,Aaric Murray makes a dunk shot.,88914,,true,false,false,Aaric,,Murray,,TxSo,,45,54,2,4,3,,,,,24,2,48,Dunk Shot,3,Field Goal Made,0,0,0,297,297,
2,12,34,Chris Eversley makes a jump shot from 17 feet out. Zach Gordon with the assist.,88388,116214,true,true,false,Chris,Zach,Eversley,Gordon,CalPly,CalPly,45,56,2,4,1,,,,,13,2,45,Jump Shot,3,Field Goal Made,17,-4,17,95,95,
2,12,22,Aaric Murray makes a hook shot from 8 feet out.,88914,,true,false,false,Aaric,,Murray,,TxSo,,47,56,2,4,3,,,,,26,2,55,Hook Shot,3,Field Goal Made,8,-5.4,6,297,297,
2,11,57,Official TV timeout.,,,false,false,false,,,,,,,47,56,2,4,0,,,,,0,,3,Official TV,11,Timeout,,,,297,297,
2,11,47,Reese Morgan makes a 3-point jump shot from 25 feet out. Dave Nwaba with the assist.,109558,121124,true,true,false,Reese,Dave,Morgan,Nwaba,CalPly,CalPly,47,59,2,4,1,,,,,6,3,45,Jump Shot,3,Field Goal Made,25,18.1,17.1,95,95,
2,11,19,Shooting foul committed by Dave Nwaba.,121124,,true,false,false,Dave,,Nwaba,,CalPly,,47,59,3,4,1,,,,,14,,2,Shooting,8,Foul,,,,95,95,
2,11,19,Jose Rodriguez makes free throw 1 of 2.,122095,,true,false,false,Jose,,Rodriguez,,TxSo,,48,59,3,4,0,,,,,9,1,11,Free Throw 1 of 2,1,Free Throw Made,,,,297,297,
2,11,19,Jose Rodriguez misses free throw 2 of 2.,122095,,true,false,false,Jose,,Rodriguez,,TxSo,,48,59,3,4,0,,,,,9,1,12,Free Throw 2 of 2,2,Free Throw Missed,,,,297,297,
2,11,19,Chris Eversley with a defensive rebound.,88388,,true,false,false,Chris,,Eversley,,CalPly,,48,59,3,4,1,,,,,13,,,,6,Defensive Rebound,,,,95,95,
2,10,59,Maliik Love misses a layup shot.,97555,,true,false,false,Maliik,,Love,,CalPly,,48,59,3,4,1,,,,,0,2,40,Layup Shot,4,Field Goal Missed,0,0,0,95,95,
2,10,59,Lawrence Johnson-Danner with a defensive rebound.,89529,,true,false,false,Lawrence,,Johnson-Danner,,TxSo,,48,59,3,4,1,,,,,5,,,,6,Defensive Rebound,,,,297,297,
2,10,46,Personal foul committed by Reese Morgan.,109558,,true,false,false,Reese,,Morgan,,CalPly,,48,59,4,4,2,,,,,6,,1,Personal,8,Foul,,,,95,95,
2,10,38,Shooting foul committed by Ridge Shipley.,121127,,true,false,false,Ridge,,Shipley,,CalPly,,48,59,5,4,2,,,,,3,,2,Shooting,8,Foul,,,,95,95,
2,10,38,Jose Rodriguez misses free throw 1 of 2.,122095,,true,false,false,Jose,,Rodriguez,,TxSo,,48,59,5,4,0,,,,,9,1,11,Free Throw 1 of 2,2,Free Throw Missed,,,,297,297,
2,10,38,TxSo with an offensive rebound.,,,false,false,false,,,,,,,48,59,5,4,0,,,,,0,,,,5,Offensive Rebound,,,,297,297,
2,10,38,Jose Rodriguez misses free throw 2 of 2.,122095,,true,false,false,Jose,,Rodriguez,,TxSo,,48,59,5,4,0,,,,,9,1,12,Free Throw 2 of 2,2,Free Throw Missed,,,,297,297,
2,10,38,D'Angelo Scott with an offensive rebound.,122093,,true,false,false,D'Angelo,,Scott,,TxSo,,48,59,5,4,1,,,,,2,,,,5,Offensive Rebound,,,,297,297,
2,10,37,Personal foul committed by Chris Eversley.,88388,,true,false,false,Chris,,Eversley,,CalPly,,48,59,6,4,2,,,,,13,,1,Personal,8,Foul,,,,95,95,
2,10,25,Jose Rodriguez makes a jump shot from 7 feet out.,122095,,true,false,false,Jose,,Rodriguez,,TxSo,,50,59,6,4,0,,,,,11,2,45,Jump Shot,3,Field Goal Made,7,.1,6.9,297,297,
2,10,25,Shooting foul committed by Joel Awich.,110955,,true,false,false,Joel,,Awich,,CalPly,,50,59,7,4,1,,,,,4,,2,Shooting,8,Foul,,,,95,95,
2,10,25,Jose Rodriguez makes free throw 1 of 1.,122095,,true,false,false,Jose,,Rodriguez,,TxSo,,51,59,7,4,0,,,,,12,1,10,Free Throw 1 of 1,1,Free Throw Made,,,,297,297,
2,10,15,Personal foul committed by Aaron Clayborn.,89532,,true,false,false,Aaron,,Clayborn,,TxSo,,51,59,7,5,1,,,,,0,,1,Personal,8,Foul,,,,297,297,
2,9,46,Brian Bennett makes a jump shot from 15 feet out. Ridge Shipley with the assist.,116213,121127,true,true,false,Brian,Ridge,Bennett,Shipley,CalPly,CalPly,51,61,7,5,3,,,,,8,2,45,Jump Shot,3,Field Goal Made,15,14.2,3.6,95,95,
2,9,32,Offensive foul committed by Jose Rodriguez.,122095,,true,false,false,Jose,,Rodriguez,,TxSo,,51,61,7,6,1,,,,,12,,4,Offensive,8,Foul,,,,297,297,
2,9,32,Jose Rodriguez with a  turnover:,122095,,true,false,false,Jose,,Rodriguez,,TxSo,,51,61,7,6,1,,,,,12,,,,7,Turnover,,,,297,297,
2,9,16,Brian Bennett makes a hook shot from 8 feet out.,116213,,true,false,false,Brian,,Bennett,,CalPly,,51,63,7,6,3,,,,,10,2,55,Hook Shot,3,Field Goal Made,8,.1,7.6,95,95,
2,8,50,Shooting foul committed by Ridge Shipley.,121127,,true,false,false,Ridge,,Shipley,,CalPly,,51,63,8,6,3,,,,,3,,2,Shooting,8,Foul,,,,95,95,
2,8,50,Madarious Gibbs makes free throw 1 of 2.,111432,,true,false,false,Madarious,,Gibbs,,TxSo,,52,63,8,6,3,,,,,5,1,11,Free Throw 1 of 2,1,Free Throw Made,,,,297,297,
2,8,50,Madarious Gibbs makes free throw 2 of 2.,111432,,true,false,false,Madarious,,Gibbs,,TxSo,,53,63,8,6,3,,,,,6,1,12,Free Throw 2 of 2,1,Free Throw Made,,,,297,297,
2,8,31,Joel Awich with a lost ball turnover: Lost Ball,110955,,true,false,false,Joel,,Awich,,CalPly,,53,63,8,6,1,,,,,4,,2,Lost Ball,7,Turnover,,,,95,95,
2,8,25,Madarious Gibbs with a lost ball turnover: Lost Ball,111432,,true,false,false,Madarious,,Gibbs,,TxSo,,53,63,8,6,3,,,,,6,,2,Lost Ball,7,Turnover,,,,297,297,
2,8,21,Shooting foul committed by Aaron Clayborn.,89532,,true,false,false,Aaron,,Clayborn,,TxSo,,53,63,8,7,2,,,,,0,,2,Shooting,8,Foul,,,,297,297,
2,8,21,Jamal Johnson makes free throw 1 of 2.,97554,,true,false,false,Jamal,,Johnson,,CalPly,,53,64,8,7,2,,,,,3,1,11,Free Throw 1 of 2,1,Free Throw Made,,,,95,95,
2,8,21,Jamal Johnson makes free throw 2 of 2.,97554,,true,false,false,Jamal,,Johnson,,CalPly,,53,65,8,7,2,,,,,4,1,12,Free Throw 2 of 2,1,Free Throw Made,,,,95,95,
2,7,56,Aaron Clayborn makes a jump shot from 7 feet out. Madarious Gibbs with the assist.,89532,111432,true,true,false,Aaron,Madarious,Clayborn,Gibbs,TxSo,TxSo,55,65,8,7,2,,,,,2,2,45,Jump Shot,3,Field Goal Made,7,-1.8,6.4,297,297,
2,7,47,Reese Morgan makes a 3-point jump shot from 23 feet out. Jamal Johnson with the assist.,109558,97554,true,true,false,Reese,Jamal,Morgan,Johnson,CalPly,CalPly,55,68,8,7,2,,,,,9,3,45,Jump Shot,3,Field Goal Made,23,-22.9,.9,95,95,
2,7,25,Aaric Murray makes a jump shot from 9 feet out. Ray Penn Jr. with the assist.,88914,88713,true,true,false,Aaric,Ray,Murray,Penn Jr.,TxSo,TxSo,57,68,8,7,3,,,,,28,2,45,Jump Shot,3,Field Goal Made,9,-1.3,8.4,297,297,
2,7,25,Shooting foul committed by Brian Bennett.,116213,,true,false,false,Brian,,Bennett,,CalPly,,57,68,9,7,4,,,,,10,,2,Shooting,8,Foul,,,,95,95,
2,7,25,Official TV timeout.,,,false,false,false,,,,,,,57,68,9,7,0,,,,,0,,3,Official TV,11,Timeout,,,,297,297,
2,7,25,Aaric Murray makes free throw 1 of 1.,88914,,true,false,false,Aaric,,Murray,,TxSo,,58,68,9,7,3,,,,,29,1,10,Free Throw 1 of 1,1,Free Throw Made,,,,297,297,
2,6,58,Maliik Love misses a jump shot from 12 feet out.,97555,,true,false,false,Maliik,,Love,,CalPly,,58,68,9,7,1,,,,,0,2,45,Jump Shot,4,Field Goal Missed,12,-9.8,6.2,95,95,
2,6,58,CalPly with an offensive rebound.,,,false,false,false,,,,,,,58,68,9,7,0,,,,,0,,,,5,Offensive Rebound,,,,95,95,
2,6,43,Reese Morgan with a lost ball turnover: Lost Ball,109558,,true,false,false,Reese,,Morgan,,CalPly,,58,68,9,7,2,,,,,9,,2,Lost Ball,7,Turnover,,,,95,95,
2,6,22,Lawrence Johnson-Danner misses a jump shot from 6 feet out.,89529,,true,false,false,Lawrence,,Johnson-Danner,,TxSo,,58,68,9,7,1,,,,,5,2,45,Jump Shot,4,Field Goal Missed,6,-.4,6,297,297,
2,6,22,Jamal Johnson with a defensive rebound.,97554,,true,false,false,Jamal,,Johnson,,CalPly,,58,68,9,7,2,,,,,4,,,,6,Defensive Rebound,,,,95,95,
2,6,16,Shooting foul committed by D.D. Scarver.,116258,,true,false,false,D.D.,,Scarver,,TxSo,,58,68,9,8,4,,,,,0,,2,Shooting,8,Foul,,,,297,297,
2,6,16,Maliik Love makes free throw 1 of 2.,97555,,true,false,false,Maliik,,Love,,CalPly,,58,69,9,8,1,,,,,1,1,11,Free Throw 1 of 2,1,Free Throw Made,,,,95,95,
2,6,16,Maliik Love makes free throw 2 of 2.,97555,,true,false,false,Maliik,,Love,,CalPly,,58,70,9,8,1,,,,,2,1,12,Free Throw 2 of 2,1,Free Throw Made,,,,95,95,
2,6,08,Aaric Murray makes a dunk shot. Madarious Gibbs with the assist.,88914,111432,true,true,false,Aaric,Madarious,Murray,Gibbs,TxSo,TxSo,60,70,9,8,3,,,,,31,2,48,Dunk Shot,3,Field Goal Made,0,0,0,297,297,
2,5,46,Chris Eversley misses a 3-point jump shot from 23 feet out.,88388,,true,false,false,Chris,,Eversley,,CalPly,,60,70,9,8,2,,,,,13,3,45,Jump Shot,4,Field Goal Missed,23,22.5,5.5,95,95,
2,5,46,Chris Eversley with an offensive rebound.,88388,,true,false,false,Chris,,Eversley,,CalPly,,60,70,9,8,2,,,,,13,,,,5,Offensive Rebound,,,,95,95,
2,5,31,Jamal Johnson with a lost ball turnover: Lost Ball,97554,,true,false,false,Jamal,,Johnson,,CalPly,,60,70,9,8,2,,,,,4,,2,Lost Ball,7,Turnover,,,,95,95,
2,5,24,Aaric Murray misses a jump shot from 14 feet out.,88914,,true,false,false,Aaric,,Murray,,TxSo,,60,70,9,8,3,,,,,31,2,45,Jump Shot,4,Field Goal Missed,14,-13,6.4,297,297,
2,5,24,Dave Nwaba with a defensive rebound.,121124,,true,false,false,Dave,,Nwaba,,CalPly,,60,70,9,8,1,,,,,14,,,,6,Defensive Rebound,,,,95,95,
2,4,58,Chris Eversley with a lost ball turnover: Lost Ball,88388,,true,false,false,Chris,,Eversley,,CalPly,,60,70,9,8,2,,,,,13,,2,Lost Ball,7,Turnover,,,,95,95,
2,4,42,Shooting foul committed by Kyle Odister.,89029,,true,false,false,Kyle,,Odister,,CalPly,,60,70,10,8,1,,,,,7,,2,Shooting,8,Foul,,,,95,95,
2,4,42,Aaric Murray makes free throw 1 of 2.,88914,,true,false,false,Aaric,,Murray,,TxSo,,61,70,10,8,3,,,,,32,1,11,Free Throw 1 of 2,1,Free Throw Made,,,,297,297,
2,4,42,Aaric Murray makes free throw 2 of 2.,88914,,true,false,false,Aaric,,Murray,,TxSo,,62,70,10,8,3,,,,,33,1,12,Free Throw 2 of 2,1,Free Throw Made,,,,297,297,
2,4,42,TxSo take a 20-second timeout.,,,false,false,false,,,,,,,62,70,10,8,0,,,,,0,,2,Short,11,Timeout,,,,297,297,
2,4,18,Dave Nwaba misses a layup shot.,121124,,true,false,false,Dave,,Nwaba,,CalPly,,62,70,10,8,1,,,,,14,2,40,Layup Shot,4,Field Goal Missed,0,0,0,95,95,
2,4,18,Jose Rodriguez with a defensive rebound.,122095,,true,false,false,Jose,,Rodriguez,,TxSo,,62,70,10,8,1,,,,,12,,,,6,Defensive Rebound,,,,297,297,
2,4,14,Jose Rodriguez misses a jump shot from 6 feet out.,122095,,true,false,false,Jose,,Rodriguez,,TxSo,,62,70,10,8,1,,,,,12,2,45,Jump Shot,4,Field Goal Missed,6,4,4.7,297,297,
2,4,14,Zach Gordon with a defensive rebound.,116214,,true,false,false,Zach,,Gordon,,CalPly,,62,70,10,8,2,,,,,4,,,,6,Defensive Rebound,,,,95,95,
2,3,58,Chris Eversley makes a jump shot from 16 feet out. Ridge Shipley with the assist.,88388,121127,true,true,false,Chris,Ridge,Eversley,Shipley,CalPly,CalPly,62,72,10,8,2,,,,,15,2,45,Jump Shot,3,Field Goal Made,16,11.6,11.3,95,95,
2,3,29,Aaric Murray makes a hook shot from 7 feet out.,88914,,true,false,false,Aaric,,Murray,,TxSo,,64,72,10,8,3,,,,,35,2,55,Hook Shot,3,Field Goal Made,7,-.9,6.5,297,297,
2,3,04,Shooting foul committed by Ridge Shipley.,121127,,true,false,false,Ridge,,Shipley,,CalPly,,64,72,11,8,4,,,,,3,,2,Shooting,8,Foul,,,,95,95,
2,3,04,Official TV timeout.,,,false,false,false,,,,,,,64,72,11,8,0,,,,,0,,3,Official TV,11,Timeout,,,,297,297,
2,3,04,Ridge Shipley makes free throw 1 of 2.,121127,,true,false,false,Ridge,,Shipley,,CalPly,,64,73,11,8,4,,,,,4,1,11,Free Throw 1 of 2,1,Free Throw Made,,,,95,95,
2,3,04,Ridge Shipley misses free throw 2 of 2.,121127,,true,false,false,Ridge,,Shipley,,CalPly,,64,73,11,8,4,,,,,4,1,12,Free Throw 2 of 2,2,Free Throw Missed,,,,95,95,
2,3,04,D'Angelo Scott with a defensive rebound.,122093,,true,false,false,D'Angelo,,Scott,,TxSo,,64,73,11,8,1,,,,,2,,,,6,Defensive Rebound,,,,297,297,
2,2,39,Aaric Murray misses a layup shot.,88914,,true,false,false,Aaric,,Murray,,TxSo,,64,73,11,8,3,,,,,35,2,40,Layup Shot,4,Field Goal Missed,0,0,0,297,297,
2,2,39,D'Angelo Scott with an offensive rebound.,122093,,true,false,false,D'Angelo,,Scott,,TxSo,,64,73,11,8,1,,,,,2,,,,5,Offensive Rebound,,,,297,297,
2,2,39,Shooting foul committed by Zach Gordon.,116214,,true,false,false,Zach,,Gordon,,CalPly,,64,73,12,8,3,,,,,4,,2,Shooting,8,Foul,,,,95,95,
2,2,39,D'Angelo Scott misses free throw 1 of 2.,122093,,true,false,false,D'Angelo,,Scott,,TxSo,,64,73,12,8,1,,,,,2,1,11,Free Throw 1 of 2,2,Free Throw Missed,,,,297,297,
2,2,39,TxSo with an offensive rebound.,,,false,false,false,,,,,,,64,73,12,8,0,,,,,0,,,,5,Offensive Rebound,,,,297,297,
2,2,39,D'Angelo Scott misses free throw 2 of 2.,122093,,true,false,false,D'Angelo,,Scott,,TxSo,,64,73,12,8,1,,,,,2,1,12,Free Throw 2 of 2,2,Free Throw Missed,,,,297,297,
2,2,39,TxSo with an offensive rebound.,,,false,false,false,,,,,,,64,73,12,8,0,,,,,0,,,,5,Offensive Rebound,,,,297,297,
2,2,16,Jose Rodriguez makes a jump shot from 8 feet out.,122095,,true,false,false,Jose,,Rodriguez,,TxSo,,66,73,12,8,1,,,,,14,2,45,Jump Shot,3,Field Goal Made,8,-2.3,7.6,297,297,
2,2,10,CalPly take a 20-second timeout.,,,false,false,false,,,,,,,66,73,12,8,0,,,,,0,,2,Short,11,Timeout,,,,95,95,
2,1,46,Kyle Odister misses a 3-point jump shot from 26 feet out.,89029,,true,false,false,Kyle,,Odister,,CalPly,,66,73,12,8,1,,,,,7,3,45,Jump Shot,4,Field Goal Missed,26,21.2,15.7,95,95,
2,1,46,Dave Nwaba with an offensive rebound.,121124,,true,false,false,Dave,,Nwaba,,CalPly,,66,73,12,8,1,,,,,14,,,,5,Offensive Rebound,,,,95,95,
2,1,42,Personal foul committed by Jose Rodriguez.,122095,,true,false,false,Jose,,Rodriguez,,TxSo,,66,73,12,9,2,,,,,14,,1,Personal,8,Foul,,,,297,297,
2,1,42,Dave Nwaba misses free throw 1 of 2.,121124,,true,false,false,Dave,,Nwaba,,CalPly,,66,73,12,9,1,,,,,14,1,11,Free Throw 1 of 2,2,Free Throw Missed,,,,95,95,
2,1,42,CalPly with an offensive rebound.,,,false,false,false,,,,,,,66,73,12,9,0,,,,,0,,,,5,Offensive Rebound,,,,95,95,
2,1,42,Dave Nwaba makes free throw 2 of 2.,121124,,true,false,false,Dave,,Nwaba,,CalPly,,66,74,12,9,1,,,,,15,1,12,Free Throw 2 of 2,1,Free Throw Made,,,,95,95,
2,1,22,Offensive foul committed by Jose Rodriguez.,122095,,true,false,false,Jose,,Rodriguez,,TxSo,,66,74,12,10,3,,,,,14,,4,Offensive,8,Foul,,,,297,297,
2,1,22,Jose Rodriguez with a  turnover:,122095,,true,false,false,Jose,,Rodriguez,,TxSo,,66,74,12,10,3,,,,,14,,,,7,Turnover,,,,297,297,
2,1,12,Personal foul committed by D'Angelo Scott.,122093,,true,false,false,D'Angelo,,Scott,,TxSo,,66,74,12,11,2,,,,,2,,1,Personal,8,Foul,,,,297,297,
2,1,12,Chris Eversley makes free throw 1 of 2.,88388,,true,false,false,Chris,,Eversley,,CalPly,,66,75,12,11,2,,,,,16,1,11,Free Throw 1 of 2,1,Free Throw Made,,,,95,95,
2,1,12,Chris Eversley makes free throw 2 of 2.,88388,,true,false,false,Chris,,Eversley,,CalPly,,66,76,12,11,2,,,,,17,1,12,Free Throw 2 of 2,1,Free Throw Made,,,,95,95,
2,1,05,Madarious Gibbs misses a 3-point jump shot from 28 feet out.,111432,,true,false,false,Madarious,,Gibbs,,TxSo,,66,76,12,11,3,,,,,6,3,45,Jump Shot,4,Field Goal Missed,28,13.4,24.6,297,297,
2,1,05,Chris Eversley with a defensive rebound.,88388,,true,false,false,Chris,,Eversley,,CalPly,,66,76,12,11,2,,,,,17,,,,6,Defensive Rebound,,,,95,95,
2,0,59.1,CalPly take a full timeout.,,,false,false,false,,,,,,,66,76,12,11,0,,,,,0,,1,Regular,11,Timeout,,,,95,95,
2,0,58.2,Personal foul committed by Madarious Gibbs.,111432,,true,false,false,Madarious,,Gibbs,,TxSo,,66,76,12,12,4,,,,,6,,1,Personal,8,Foul,,,,297,297,
2,0,58.2,Kyle Odister makes free throw 1 of 2.,89029,,true,false,false,Kyle,,Odister,,CalPly,,66,77,12,12,1,,,,,8,1,11,Free Throw 1 of 2,1,Free Throw Made,,,,95,95,
2,0,58.2,Kyle Odister misses free throw 2 of 2.,89029,,true,false,false,Kyle,,Odister,,CalPly,,66,77,12,12,1,,,,,8,1,12,Free Throw 2 of 2,2,Free Throw Missed,,,,95,95,
2,0,58.2,D'Angelo Scott with a defensive rebound.,122093,,true,false,false,D'Angelo,,Scott,,TxSo,,66,77,12,12,2,,,,,2,,,,6,Defensive Rebound,,,,297,297,
2,0,53.3,Aaric Murray misses a 3-point jump shot from 27 feet out.,88914,,true,false,false,Aaric,,Murray,,TxSo,,66,77,12,12,3,,,,,35,3,45,Jump Shot,4,Field Goal Missed,27,-15.9,21.8,297,297,
2,0,53.3,Jamal Johnson with a defensive rebound.,97554,,true,false,false,Jamal,,Johnson,,CalPly,,66,77,12,12,2,,,,,4,,,,6,Defensive Rebound,,,,95,95,
2,0,44.6,Personal foul committed by Lawrence Johnson-Danner.,89529,,true,false,false,Lawrence,,Johnson-Danner,,TxSo,,66,77,12,13,2,,,,,5,,1,Personal,8,Foul,,,,297,297,
2,0,44.6,Dave Nwaba makes free throw 1 of 2.,121124,,true,false,false,Dave,,Nwaba,,CalPly,,66,78,12,13,1,,,,,16,1,11,Free Throw 1 of 2,1,Free Throw Made,,,,95,95,
2,0,44.6,Dave Nwaba makes free throw 2 of 2.,121124,,true,false,false,Dave,,Nwaba,,CalPly,,66,79,12,13,1,,,,,17,1,12,Free Throw 2 of 2,1,Free Throw Made,,,,95,95,
2,0,41.7,Ray Penn Jr. misses a 3-point jump shot from 24 feet out.,88713,,true,false,false,Ray,,Penn Jr.,,TxSo,,66,79,12,13,1,,,,,2,3,45,Jump Shot,4,Field Goal Missed,24,21.7,11.1,297,297,
2,0,41.7,Chris Eversley with a defensive rebound.,88388,,true,false,false,Chris,,Eversley,,CalPly,,66,79,12,13,2,,,,,17,,,,6,Defensive Rebound,,,,95,95,
2,0,39.8,Chris Eversley makes free throw 1 of 2.,88388,,true,false,false,Chris,,Eversley,,CalPly,,66,80,12,13,2,,,,,18,1,11,Free Throw 1 of 2,1,Free Throw Made,,,,95,95,
2,0,39.8,Chris Eversley makes free throw 2 of 2.,88388,,true,false,false,Chris,,Eversley,,CalPly,,66,81,12,13,2,,,,,19,1,12,Free Throw 2 of 2,1,Free Throw Made,,,,95,95,
2,0,33.5,Aaric Murray makes a 3-point jump shot from 22 feet out. Ray Penn Jr. with the assist.,88914,88713,true,true,false,Aaric,Ray,Murray,Penn Jr.,TxSo,TxSo,69,81,12,13,3,,,,,38,3,45,Jump Shot,3,Field Goal Made,22,21.7,5.7,297,297,
2,0,00,End of the 2nd Half,,,false,false,false,,,,,,,69,81,12,13,0,,,,,0,,,,15,End Period,,,,297,297,
2,0,00,End of the Game,,,false,false,false,,,,,,,69,81,12,13,0,,,,,0,,,,19,Game Over,,,,297,297,
