half,time-minutes,time-seconds,details,player1-id,player2-id,player1-linkable,player2-linkable,player3-linkable,player-first-name-1,player-first-name-2,player-last-name-1,player-last-name-2,player-team-alias-1,player-team-alias-2,home-score,visitor-score,visitor-fouls,home-fouls,player-fouls,fastbreak,in-paint,second-chance,off-turnover,player-score,points-type,detail-id,detail-desc,event-id,event-desc,distance,x-coord,y-coord,team-id-1,team-id-2,team-id-3
1,20,00,Start of the 1st Half,,,false,false,false,,,,,,,0,0,0,0,0,,,,,0,,,,14,Start Period,,,,210,210,
1,19,39,Tshilidzi Nephawe with a lost ball turnover: Lost Ball,97942,,true,false,false,Tshilidzi,,Nephawe,,NMSt,,0,0,0,0,0,,,,,0,,2,Lost Ball,7,Turnover,,,,304,304,
1,19,22,Josh Davis misses a jump shot from 8 feet out.,88229,,true,false,false,Josh,,Davis,,SDSU,,0,0,0,0,0,,,,,0,2,45,Jump Shot,4,Field Goal Missed,8,1.3,8.2,210,210,
1,19,22,DK Eldridge with a defensive rebound.,121183,,true,false,false,DK,,Eldridge,,NMSt,,0,0,0,0,0,,,,,0,,,,6,Defensive Rebound,,,,304,304,
1,19,15,Daniel Mullings misses a jump shot from 8 feet out.,110592,,true,false,false,Daniel,,Mullings,,NMSt,,0,0,0,0,0,,,,,0,2,45,Jump Shot,4,Field Goal Missed,8,-.4,8.1,304,304,
1,19,15,Xavier Thames with a defensive rebound.,88783,,true,false,false,Xavier,,Thames,,SDSU,,0,0,0,0,0,,,,,0,,,,6,Defensive Rebound,,,,210,210,
1,19,07,Josh Davis misses a layup shot.,88229,,true,false,false,Josh,,Davis,,SDSU,,0,0,0,0,0,,,,,0,2,40,Layup Shot,4,Field Goal Missed,0,0,0,210,210,
1,19,07,JJ O'Brien with an offensive rebound.,98068,,true,false,false,JJ,,O'Brien,,SDSU,,0,0,0,0,0,,,,,0,,,,5,Offensive Rebound,,,,210,210,
1,19,02,JJ O'Brien makes a tip shot from 2 feet out.,98068,,true,false,false,JJ,,O'Brien,,SDSU,,2,0,0,0,0,,,,,2,2,53,Tip Shot,3,Field Goal Made,2,-.1,1.6,210,210,
1,18,41,DK Eldridge with a lost ball turnover: Lost Ball,121183,,true,false,false,DK,,Eldridge,,NMSt,,2,0,0,0,0,,,,,0,,2,Lost Ball,7,Turnover,,,,304,304,
1,18,24,Xavier Thames misses a 3-point jump shot from 23 feet out.,88783,,true,false,false,Xavier,,Thames,,SDSU,,2,0,0,0,0,,,,,0,3,45,Jump Shot,4,Field Goal Missed,23,0,23,210,210,
1,18,24,NMSt with a defensive rebound.,,,false,false,false,,,,,,,2,0,0,0,0,,,,,0,,,,6,Defensive Rebound,,,,304,304,
1,18,21,Personal foul committed by JJ O'Brien.,98068,,true,false,false,JJ,,O'Brien,,SDSU,,2,0,0,1,1,,,,,2,,1,Personal,8,Foul,,,,210,210,
1,17,53,Sim Bhullar misses a jump shot from 7 feet out.,111436,,true,false,false,Sim,,Bhullar,,NMSt,,2,0,0,1,0,,,,,0,2,45,Jump Shot,4,Field Goal Missed,7,6.4,2.8,304,304,
1,17,53,JJ O'Brien with a defensive rebound.,98068,,true,false,false,JJ,,O'Brien,,SDSU,,2,0,0,1,1,,,,,2,,,,6,Defensive Rebound,,,,210,210,
1,17,46,Winston Shepard with a lost ball turnover: Lost Ball,116431,,true,false,false,Winston,,Shepard,,SDSU,,2,0,0,1,0,,,,,0,,2,Lost Ball,7,Turnover,,,,210,210,
1,17,30,Tshilidzi Nephawe misses a layup shot.,97942,,true,false,false,Tshilidzi,,Nephawe,,NMSt,,2,0,0,1,0,,,,,0,2,40,Layup Shot,4,Field Goal Missed,0,0,0,304,304,
1,17,30,SDSU with a defensive rebound.,,,false,false,false,,,,,,,2,0,0,1,0,,,,,0,,,,6,Defensive Rebound,,,,210,210,
1,17,02,JJ O'Brien misses a jump shot from 9 feet out.,98068,,true,false,false,JJ,,O'Brien,,SDSU,,2,0,0,1,1,,,,,2,2,45,Jump Shot,4,Field Goal Missed,9,2.1,8.2,210,210,
1,17,02,Sim Bhullar with a defensive rebound.,111436,,true,false,false,Sim,,Bhullar,,NMSt,,2,0,0,1,0,,,,,0,,,,6,Defensive Rebound,,,,304,304,
1,16,47,Daniel Mullings with a lost ball turnover: Lost Ball,110592,,true,false,false,Daniel,,Mullings,,NMSt,,2,0,0,1,0,,,,,0,,2,Lost Ball,7,Turnover,,,,304,304,
1,16,39,Xavier Thames makes a 3-point jump shot from 23 feet out. Winston Shepard with the assist.,88783,116431,true,true,false,Xavier,Winston,Thames,Shepard,SDSU,SDSU,5,0,0,1,0,,,,,3,3,45,Jump Shot,3,Field Goal Made,23,-16.4,15.7,210,210,
1,16,37,NMSt take a full timeout.,,,false,false,false,,,,,,,5,0,0,1,0,,,,,0,,1,Regular,11,Timeout,,,,304,304,
1,16,27,Sim Bhullar makes a dunk shot.,111436,,true,false,false,Sim,,Bhullar,,NMSt,,5,2,0,1,0,,,,,2,2,48,Dunk Shot,3,Field Goal Made,0,0,0,304,304,
1,15,58,Winston Shepard misses a jump shot from 17 feet out.,116431,,true,false,false,Winston,,Shepard,,SDSU,,5,2,0,1,0,,,,,0,2,45,Jump Shot,4,Field Goal Missed,17,6,16,210,210,
1,15,58,Daniel Mullings with a defensive rebound.,110592,,true,false,false,Daniel,,Mullings,,NMSt,,5,2,0,1,0,,,,,0,,,,6,Defensive Rebound,,,,304,304,
1,15,26,Tshilidzi Nephawe with a traveling turnover: Traveling,97942,,true,false,false,Tshilidzi,,Nephawe,,NMSt,,5,2,0,1,0,,,,,0,,4,Traveling,7,Turnover,,,,304,304,
1,15,26,Official TV timeout.,,,false,false,false,,,,,,,5,2,0,1,0,,,,,0,,3,Official TV,11,Timeout,,,,210,210,
1,15,03,Dwayne Polee II misses a layup shot.,97695,,true,false,false,Dwayne,,Polee II,,SDSU,,5,2,0,1,0,,,,,0,2,40,Layup Shot,4,Field Goal Missed,0,0,0,210,210,
1,15,03,Daniel Mullings with a defensive rebound.,110592,,true,false,false,Daniel,,Mullings,,NMSt,,5,2,0,1,0,,,,,0,,,,6,Defensive Rebound,,,,304,304,
1,14,57,Daniel Mullings makes a layup shot. DK Eldridge with the assist.,110592,121183,true,true,false,Daniel,DK,Mullings,Eldridge,NMSt,NMSt,5,4,0,1,0,,,,,2,2,40,Layup Shot,3,Field Goal Made,0,0,0,304,304,
1,14,37,Shooting foul committed by Sim Bhullar.,111436,,true,false,false,Sim,,Bhullar,,NMSt,,5,4,1,1,1,,,,,2,,2,Shooting,8,Foul,,,,304,304,
1,14,37,Dwayne Polee II makes free throw 1 of 2.,97695,,true,false,false,Dwayne,,Polee II,,SDSU,,6,4,1,1,0,,,,,1,1,11,Free Throw 1 of 2,1,Free Throw Made,,,,210,210,
1,14,37,Dwayne Polee II misses free throw 2 of 2.,97695,,true,false,false,Dwayne,,Polee II,,SDSU,,6,4,1,1,0,,,,,1,1,12,Free Throw 2 of 2,2,Free Throw Missed,,,,210,210,
1,14,37,Josh Davis with an offensive rebound.,88229,,true,false,false,Josh,,Davis,,SDSU,,6,4,1,1,0,,,,,0,,,,5,Offensive Rebound,,,,210,210,
1,14,36,Josh Davis makes a tip shot from 2 feet out.,88229,,true,false,false,Josh,,Davis,,SDSU,,8,4,1,1,0,,,,,2,2,53,Tip Shot,3,Field Goal Made,2,0,2,210,210,
1,14,05,DK Eldridge misses a 3-point jump shot from 22 feet out.,121183,,true,false,false,DK,,Eldridge,,NMSt,,8,4,1,1,0,,,,,0,3,45,Jump Shot,4,Field Goal Missed,22,-22.2,2.8,304,304,
1,14,05,Dwayne Polee II with a defensive rebound.,97695,,true,false,false,Dwayne,,Polee II,,SDSU,,8,4,1,1,0,,,,,1,,,,6,Defensive Rebound,,,,210,210,
1,13,52,Josh Davis makes a layup shot. Xavier Thames with the assist.,88229,88783,true,true,false,Josh,Xavier,Davis,Thames,SDSU,SDSU,10,4,1,1,0,,,,,4,2,40,Layup Shot,3,Field Goal Made,0,0,0,210,210,
1,13,29,Offensive foul committed by Daniel Mullings.,110592,,true,false,false,Daniel,,Mullings,,NMSt,,10,4,2,1,1,,,,,2,,4,Offensive,8,Foul,,,,304,304,
1,13,29,Daniel Mullings with a  turnover:,110592,,true,false,false,Daniel,,Mullings,,NMSt,,10,4,2,1,1,,,,,2,,,,7,Turnover,,,,304,304,
1,13,14,Xavier Thames misses a 3-point jump shot from 24 feet out.,88783,,true,false,false,Xavier,,Thames,,SDSU,,10,4,2,1,0,,,,,3,3,45,Jump Shot,4,Field Goal Missed,24,-17,17,210,210,
1,13,14,Kevin Aronis with a defensive rebound.,116584,,true,false,false,Kevin,,Aronis,,NMSt,,10,4,2,1,0,,,,,0,,,,6,Defensive Rebound,,,,304,304,
1,13,06,Kevin Aronis makes a 3-point jump shot from 24 feet out. Daniel Mullings with the assist.,116584,110592,true,true,false,Kevin,Daniel,Aronis,Mullings,NMSt,NMSt,10,7,2,1,0,,,,,3,3,45,Jump Shot,3,Field Goal Made,24,8.1,22.5,304,304,
1,12,54,Personal foul committed by Renaldo Dixon.,100133,,true,false,false,Renaldo,,Dixon,,NMSt,,10,7,3,1,1,,,,,0,,1,Personal,8,Foul,,,,304,304,
1,12,44,Matt Shrigley misses a jump shot from 18 feet out.,116432,,true,false,false,Matt,,Shrigley,,SDSU,,10,7,3,1,0,,,,,0,2,45,Jump Shot,4,Field Goal Missed,18,9,15,210,210,
1,12,44,SDSU with an offensive rebound.,,,false,false,false,,,,,,,10,7,3,1,0,,,,,0,,,,5,Offensive Rebound,,,,210,210,
1,12,43,Personal foul committed by Renaldo Dixon.,100133,,true,false,false,Renaldo,,Dixon,,NMSt,,10,7,4,1,2,,,,,0,,1,Personal,8,Foul,,,,304,304,
1,12,22,Shooting foul committed by Sim Bhullar.,111436,,true,false,false,Sim,,Bhullar,,NMSt,,10,7,5,1,2,,,,,2,,2,Shooting,8,Foul,,,,304,304,
1,12,22,Aqeel Quinn makes free throw 1 of 2.,97443,,true,false,false,Aqeel,,Quinn,,SDSU,,11,7,5,1,0,,,,,1,1,11,Free Throw 1 of 2,1,Free Throw Made,,,,210,210,
1,12,22,Aqeel Quinn makes free throw 2 of 2.,97443,,true,false,false,Aqeel,,Quinn,,SDSU,,12,7,5,1,0,,,,,2,1,12,Free Throw 2 of 2,1,Free Throw Made,,,,210,210,
1,12,04,Tshilidzi Nephawe misses a layup shot.,97942,,true,false,false,Tshilidzi,,Nephawe,,NMSt,,12,7,5,1,0,,,,,0,2,40,Layup Shot,4,Field Goal Missed,0,0,0,304,304,
1,12,04,Skylar Spencer with a defensive rebound.,116433,,true,false,false,Skylar,,Spencer,,SDSU,,12,7,5,1,0,,,,,0,,,,6,Defensive Rebound,,,,210,210,
1,11,56,Matt Shrigley misses a layup shot.,116432,,true,false,false,Matt,,Shrigley,,SDSU,,12,7,5,1,0,,,,,0,2,40,Layup Shot,4,Field Goal Missed,0,0,0,210,210,
1,11,56,Renaldo Dixon with a defensive rebound.,100133,,true,false,false,Renaldo,,Dixon,,NMSt,,12,7,5,1,2,,,,,0,,,,6,Defensive Rebound,,,,304,304,
1,11,56,Shooting foul committed by Aqeel Quinn.,97443,,true,false,false,Aqeel,,Quinn,,SDSU,,12,7,5,2,1,,,,,2,,2,Shooting,8,Foul,,,,210,210,
1,11,56,Official TV timeout.,,,false,false,false,,,,,,,12,7,5,2,0,,,,,0,,3,Official TV,11,Timeout,,,,210,210,
1,11,56,Ian Baker makes free throw 1 of 2.,122617,,true,false,false,Ian,,Baker,,NMSt,,12,8,5,2,0,,,,,1,1,11,Free Throw 1 of 2,1,Free Throw Made,,,,304,304,
1,11,56,Ian Baker misses free throw 2 of 2.,122617,,true,false,false,Ian,,Baker,,NMSt,,12,8,5,2,0,,,,,1,1,12,Free Throw 2 of 2,2,Free Throw Missed,,,,304,304,
1,11,56,Aqeel Quinn with a defensive rebound.,97443,,true,false,false,Aqeel,,Quinn,,SDSU,,12,8,5,2,1,,,,,2,,,,6,Defensive Rebound,,,,210,210,
1,11,38,Skylar Spencer with a lost ball turnover: Lost Ball,116433,,true,false,false,Skylar,,Spencer,,SDSU,,12,8,5,2,0,,,,,0,,2,Lost Ball,7,Turnover,,,,210,210,
1,11,25,Renaldo Dixon makes a layup shot.,100133,,true,false,false,Renaldo,,Dixon,,NMSt,,12,10,5,2,2,,,,,2,2,40,Layup Shot,3,Field Goal Made,0,0,0,304,304,
1,11,06,Winston Shepard misses a jump shot from 16 feet out.,116431,,true,false,false,Winston,,Shepard,,SDSU,,12,10,5,2,0,,,,,0,2,45,Jump Shot,4,Field Goal Missed,16,-14.9,6.7,210,210,
1,11,06,Daniel Mullings with a defensive rebound.,110592,,true,false,false,Daniel,,Mullings,,NMSt,,12,10,5,2,1,,,,,2,,,,6,Defensive Rebound,,,,304,304,
1,10,41,Renaldo Dixon misses a layup shot.,100133,,true,false,false,Renaldo,,Dixon,,NMSt,,12,10,5,2,2,,,,,2,2,40,Layup Shot,4,Field Goal Missed,0,0,0,304,304,
1,10,41,JJ O'Brien with a defensive rebound.,98068,,true,false,false,JJ,,O'Brien,,SDSU,,12,10,5,2,1,,,,,2,,,,6,Defensive Rebound,,,,210,210,
1,10,27,Aqeel Quinn misses a jump shot from 14 feet out.,97443,,true,false,false,Aqeel,,Quinn,,SDSU,,12,10,5,2,1,,,,,2,2,45,Jump Shot,4,Field Goal Missed,14,.6,13.7,210,210,
1,10,27,Daniel Mullings with a defensive rebound.,110592,,true,false,false,Daniel,,Mullings,,NMSt,,12,10,5,2,1,,,,,2,,,,6,Defensive Rebound,,,,304,304,
1,10,05,Kevin Aronis misses a 3-point jump shot from 26 feet out.,116584,,true,false,false,Kevin,,Aronis,,NMSt,,12,10,5,2,0,,,,,3,3,45,Jump Shot,4,Field Goal Missed,26,6,24.9,304,304,
1,10,05,Ian Baker with an offensive rebound.,122617,,true,false,false,Ian,,Baker,,NMSt,,12,10,5,2,0,,,,,1,,,,5,Offensive Rebound,,,,304,304,
1,9,40,Daniel Mullings with a lost ball turnover: Lost Ball,110592,,true,false,false,Daniel,,Mullings,,NMSt,,12,10,5,2,1,,,,,2,,2,Lost Ball,7,Turnover,,,,304,304,
1,9,35,JJ O'Brien makes a layup shot. Winston Shepard with the assist.,98068,116431,true,true,false,JJ,Winston,O'Brien,Shepard,SDSU,SDSU,14,10,5,2,1,,,,,4,2,40,Layup Shot,3,Field Goal Made,0,0,0,210,210,
1,9,09,Tshilidzi Nephawe misses a jump shot from 8 feet out.,97942,,true,false,false,Tshilidzi,,Nephawe,,NMSt,,14,10,5,2,0,,,,,0,2,45,Jump Shot,4,Field Goal Missed,8,1,8,304,304,
1,9,09,NMSt with an offensive rebound.,,,false,false,false,,,,,,,14,10,5,2,0,,,,,0,,,,5,Offensive Rebound,,,,304,304,
1,8,57,DK Eldridge misses a layup shot.,121183,,true,false,false,DK,,Eldridge,,NMSt,,14,10,5,2,0,,,,,0,2,40,Layup Shot,4,Field Goal Missed,0,0,0,304,304,
1,8,57,Renaldo Dixon with an offensive rebound.,100133,,true,false,false,Renaldo,,Dixon,,NMSt,,14,10,5,2,2,,,,,2,,,,5,Offensive Rebound,,,,304,304,
1,8,54,NMSt with a turnover: Shot Clock Turnover,,,false,false,false,,,,,,,14,10,5,2,0,,,,,0,,11,Shot Clock Turnover,7,Turnover,,,,304,304,
1,8,35,Xavier Thames makes a jump shot from 19 feet out.,88783,,true,false,false,Xavier,,Thames,,SDSU,,16,10,5,2,0,,,,,5,2,45,Jump Shot,3,Field Goal Made,19,15,12,210,210,
1,8,22,Tshilidzi Nephawe makes a dunk shot. DK Eldridge with the assist.,97942,121183,true,true,false,Tshilidzi,DK,Nephawe,Eldridge,NMSt,NMSt,16,12,5,2,0,,,,,2,2,48,Dunk Shot,3,Field Goal Made,0,0,0,304,304,
1,8,05,Shooting foul committed by Renaldo Dixon.,100133,,true,false,false,Renaldo,,Dixon,,NMSt,,16,12,6,2,3,,,,,2,,2,Shooting,8,Foul,,,,304,304,
1,8,05,Xavier Thames makes free throw 1 of 2.,88783,,true,false,false,Xavier,,Thames,,SDSU,,17,12,6,2,0,,,,,6,1,11,Free Throw 1 of 2,1,Free Throw Made,,,,210,210,
1,8,05,Xavier Thames makes free throw 2 of 2.,88783,,true,false,false,Xavier,,Thames,,SDSU,,18,12,6,2,0,,,,,7,1,12,Free Throw 2 of 2,1,Free Throw Made,,,,210,210,
1,7,40,DK Eldridge misses a jump shot from 21 feet out.,121183,,true,false,false,DK,,Eldridge,,NMSt,,18,12,6,2,0,,,,,0,2,45,Jump Shot,4,Field Goal Missed,21,-1.6,20.8,304,304,
1,7,40,Josh Davis with a defensive rebound.,88229,,true,false,false,Josh,,Davis,,SDSU,,18,12,6,2,0,,,,,4,,,,6,Defensive Rebound,,,,210,210,
1,7,29,Josh Davis makes a layup shot. Xavier Thames with the assist.,88229,88783,true,true,false,Josh,Xavier,Davis,Thames,SDSU,SDSU,20,12,6,2,0,,,,,6,2,40,Layup Shot,3,Field Goal Made,0,0,0,210,210,
1,7,18,Personal foul committed by Winston Shepard.,116431,,true,false,false,Winston,,Shepard,,SDSU,,20,12,6,3,1,,,,,0,,1,Personal,8,Foul,,,,210,210,
1,7,18,Official TV timeout.,,,false,false,false,,,,,,,20,12,6,3,0,,,,,0,,3,Official TV,11,Timeout,,,,210,210,
1,6,48,Ian Baker misses a jump shot from 9 feet out.,122617,,true,false,false,Ian,,Baker,,NMSt,,20,12,6,3,0,,,,,1,2,45,Jump Shot,4,Field Goal Missed,9,-.1,8.9,304,304,
1,6,48,Ian Baker with an offensive rebound.,122617,,true,false,false,Ian,,Baker,,NMSt,,20,12,6,3,0,,,,,1,,,,5,Offensive Rebound,,,,304,304,
1,6,46,Ian Baker makes a layup shot.,122617,,true,false,false,Ian,,Baker,,NMSt,,20,14,6,3,0,,,,,3,2,40,Layup Shot,3,Field Goal Made,0,0,0,304,304,
1,6,36,Xavier Thames misses a jump shot from 17 feet out.,88783,,true,false,false,Xavier,,Thames,,SDSU,,20,14,6,3,0,,,,,7,2,45,Jump Shot,4,Field Goal Missed,17,-12.8,11.8,210,210,
1,6,36,Tshilidzi Nephawe with a defensive rebound.,97942,,true,false,false,Tshilidzi,,Nephawe,,NMSt,,20,14,6,3,0,,,,,2,,,,6,Defensive Rebound,,,,304,304,
1,6,05,Daniel Mullings misses a jump shot from 14 feet out.,110592,,true,false,false,Daniel,,Mullings,,NMSt,,20,14,6,3,1,,,,,2,2,45,Jump Shot,4,Field Goal Missed,14,13.5,4.3,304,304,
1,6,05,Tshilidzi Nephawe with an offensive rebound.,97942,,true,false,false,Tshilidzi,,Nephawe,,NMSt,,20,14,6,3,0,,,,,2,,,,5,Offensive Rebound,,,,304,304,
1,6,00,Tshilidzi Nephawe misses a layup shot.,97942,,true,false,false,Tshilidzi,,Nephawe,,NMSt,,20,14,6,3,0,,,,,2,2,40,Layup Shot,4,Field Goal Missed,0,0,0,304,304,
1,6,00,Dwayne Polee II with a defensive rebound.,97695,,true,false,false,Dwayne,,Polee II,,SDSU,,20,14,6,3,0,,,,,1,,,,6,Defensive Rebound,,,,210,210,
1,5,56,Shooting foul committed by Ian Baker.,122617,,true,false,false,Ian,,Baker,,NMSt,,20,14,7,3,1,,,,,3,,2,Shooting,8,Foul,,,,304,304,
1,5,56,Xavier Thames makes free throw 1 of 2.,88783,,true,false,false,Xavier,,Thames,,SDSU,,21,14,7,3,0,,,,,8,1,11,Free Throw 1 of 2,1,Free Throw Made,,,,210,210,
1,5,56,Xavier Thames makes free throw 2 of 2.,88783,,true,false,false,Xavier,,Thames,,SDSU,,22,14,7,3,0,,,,,9,1,12,Free Throw 2 of 2,1,Free Throw Made,,,,210,210,
1,5,31,Personal foul committed by JJ O'Brien.,98068,,true,false,false,JJ,,O'Brien,,SDSU,,22,14,7,4,2,,,,,4,,1,Personal,8,Foul,,,,210,210,
1,5,27,Ian Baker misses a 3-point jump shot from 24 feet out.,122617,,true,false,false,Ian,,Baker,,NMSt,,22,14,7,4,1,,,,,3,3,45,Jump Shot,4,Field Goal Missed,24,17.4,16.2,304,304,
1,5,27,Tshilidzi Nephawe with an offensive rebound.,97942,,true,false,false,Tshilidzi,,Nephawe,,NMSt,,22,14,7,4,0,,,,,2,,,,5,Offensive Rebound,,,,304,304,
1,5,17,Tshilidzi Nephawe misses a layup shot.,97942,,true,false,false,Tshilidzi,,Nephawe,,NMSt,,22,14,7,4,0,,,,,2,2,40,Layup Shot,4,Field Goal Missed,0,0,0,304,304,
1,5,17,Matt Shrigley with a defensive rebound.,116432,,true,false,false,Matt,,Shrigley,,SDSU,,22,14,7,4,0,,,,,0,,,,6,Defensive Rebound,,,,210,210,
1,4,45,Xavier Thames misses a 3-point jump shot from 23 feet out.,88783,,true,false,false,Xavier,,Thames,,SDSU,,22,14,7,4,0,,,,,9,3,45,Jump Shot,4,Field Goal Missed,23,.1,23.4,210,210,
1,4,45,Skylar Spencer with an offensive rebound.,116433,,true,false,false,Skylar,,Spencer,,SDSU,,22,14,7,4,0,,,,,0,,,,5,Offensive Rebound,,,,210,210,
1,4,44,Personal foul committed by Sim Bhullar.,111436,,true,false,false,Sim,,Bhullar,,NMSt,,22,14,8,4,3,,,,,2,,1,Personal,8,Foul,,,,304,304,
1,4,44,Skylar Spencer makes free throw 1st of 1-and-1.,116433,,true,false,false,Skylar,,Spencer,,SDSU,,23,14,8,4,0,,,,,1,1,8,Free Throw 1st of 1-and-1,1,Free Throw Made,,,,210,210,
1,4,44,Skylar Spencer makes free throw 2nd of 1-and-1.,116433,,true,false,false,Skylar,,Spencer,,SDSU,,24,14,8,4,0,,,,,2,1,9,Free Throw 2nd of 1-and-1,1,Free Throw Made,,,,210,210,
1,4,19,DK Eldridge misses a jump shot from 9 feet out.,121183,,true,false,false,DK,,Eldridge,,NMSt,,24,14,8,4,0,,,,,0,2,45,Jump Shot,4,Field Goal Missed,9,1.1,9.3,304,304,
1,4,19,Skylar Spencer with a defensive rebound.,116433,,true,false,false,Skylar,,Spencer,,SDSU,,24,14,8,4,0,,,,,2,,,,6,Defensive Rebound,,,,210,210,
1,4,14,Dwayne Polee II makes a layup shot.,97695,,true,false,false,Dwayne,,Polee II,,SDSU,,26,14,8,4,0,,,,,3,2,40,Layup Shot,3,Field Goal Made,0,0,0,210,210,
1,4,01,NMSt take a full timeout.,,,false,false,false,,,,,,,26,14,8,4,0,,,,,0,,1,Regular,11,Timeout,,,,304,304,
1,3,37,Tshilidzi Nephawe makes a jump shot from 15 feet out. DK Eldridge with the assist.,97942,121183,true,true,false,Tshilidzi,DK,Nephawe,Eldridge,NMSt,NMSt,26,16,8,4,0,,,,,4,2,45,Jump Shot,3,Field Goal Made,15,-.1,15,304,304,
1,3,14,Winston Shepard misses a layup shot.,116431,,true,false,false,Winston,,Shepard,,SDSU,,26,16,8,4,1,,,,,0,2,40,Layup Shot,4,Field Goal Missed,0,0,0,210,210,
1,3,14,Tshilidzi Nephawe with a defensive rebound.,97942,,true,false,false,Tshilidzi,,Nephawe,,NMSt,,26,16,8,4,0,,,,,4,,,,6,Defensive Rebound,,,,304,304,
1,2,54,Shooting foul committed by Skylar Spencer.,116433,,true,false,false,Skylar,,Spencer,,SDSU,,26,16,8,5,1,,,,,2,,2,Shooting,8,Foul,,,,210,210,
1,2,54,Official TV timeout.,,,false,false,false,,,,,,,26,16,8,5,0,,,,,0,,3,Official TV,11,Timeout,,,,210,210,
1,2,54,Tshilidzi Nephawe misses free throw 1 of 2.,97942,,true,false,false,Tshilidzi,,Nephawe,,NMSt,,26,16,8,5,0,,,,,4,1,11,Free Throw 1 of 2,2,Free Throw Missed,,,,304,304,
1,2,54,NMSt with an offensive rebound.,,,false,false,false,,,,,,,26,16,8,5,0,,,,,0,,,,5,Offensive Rebound,,,,304,304,
1,2,54,Tshilidzi Nephawe makes free throw 2 of 2.,97942,,true,false,false,Tshilidzi,,Nephawe,,NMSt,,26,17,8,5,0,,,,,5,1,12,Free Throw 2 of 2,1,Free Throw Made,,,,304,304,
1,2,36,Dwayne Polee II misses a 3-point jump shot from 23 feet out.,97695,,true,false,false,Dwayne,,Polee II,,SDSU,,26,17,8,5,0,,,,,3,3,45,Jump Shot,4,Field Goal Missed,23,-19,12.3,210,210,
1,2,36,NMSt with a defensive rebound.,,,false,false,false,,,,,,,26,17,8,5,0,,,,,0,,,,6,Defensive Rebound,,,,304,304,
1,2,10,Daniel Mullings misses a layup shot.,110592,,true,false,false,Daniel,,Mullings,,NMSt,,26,17,8,5,1,,,,,2,2,40,Layup Shot,4,Field Goal Missed,0,0,0,304,304,
1,2,10,Josh Davis with a defensive rebound.,88229,,true,false,false,Josh,,Davis,,SDSU,,26,17,8,5,0,,,,,6,,,,6,Defensive Rebound,,,,210,210,
1,2,01,Offensive foul committed by Skylar Spencer.,116433,,true,false,false,Skylar,,Spencer,,SDSU,,26,17,8,6,2,,,,,2,,4,Offensive,8,Foul,,,,210,210,
1,2,01,Skylar Spencer with a  turnover:,116433,,true,false,false,Skylar,,Spencer,,SDSU,,26,17,8,6,2,,,,,2,,,,7,Turnover,,,,210,210,
1,1,35,Tshilidzi Nephawe misses a layup shot.,97942,,true,false,false,Tshilidzi,,Nephawe,,NMSt,,26,17,8,6,0,,,,,5,2,40,Layup Shot,4,Field Goal Missed,0,0,0,304,304,
1,1,35,Josh Davis with a defensive rebound.,88229,,true,false,false,Josh,,Davis,,SDSU,,26,17,8,6,0,,,,,6,,,,6,Defensive Rebound,,,,210,210,
1,1,29,Matt Shrigley makes a 3-point jump shot from 22 feet out. Xavier Thames with the assist.,116432,88783,true,true,false,Matt,Xavier,Shrigley,Thames,SDSU,SDSU,29,17,8,6,0,,,,,3,3,45,Jump Shot,3,Field Goal Made,22,-22,4,210,210,
1,1,02,Shooting foul committed by Skylar Spencer.,116433,,true,false,false,Skylar,,Spencer,,SDSU,,29,17,8,7,3,,,,,2,,2,Shooting,8,Foul,,,,210,210,
1,1,02,Renaldo Dixon misses free throw 1 of 2.,100133,,true,false,false,Renaldo,,Dixon,,NMSt,,29,17,8,7,3,,,,,2,1,11,Free Throw 1 of 2,2,Free Throw Missed,,,,304,304,
1,1,02,NMSt with an offensive rebound.,,,false,false,false,,,,,,,29,17,8,7,0,,,,,0,,,,5,Offensive Rebound,,,,304,304,
1,1,02,Renaldo Dixon makes free throw 2 of 2.,100133,,true,false,false,Renaldo,,Dixon,,NMSt,,29,18,8,7,3,,,,,3,1,12,Free Throw 2 of 2,1,Free Throw Made,,,,304,304,
1,1,02,SDSU take a full timeout.,,,false,false,false,,,,,,,29,18,8,7,0,,,,,0,,1,Regular,11,Timeout,,,,210,210,
1,0,44.9,Matt Shrigley makes a 3-point jump shot from 25 feet out. Xavier Thames with the assist.,116432,88783,true,true,false,Matt,Xavier,Shrigley,Thames,SDSU,SDSU,32,18,8,7,0,,,,,6,3,45,Jump Shot,3,Field Goal Made,25,-1.3,24.9,210,210,
1,0,20.2,Tshilidzi Nephawe makes a layup shot.,97942,,true,false,false,Tshilidzi,,Nephawe,,NMSt,,32,20,8,7,0,,,,,7,2,40,Layup Shot,3,Field Goal Made,0,0,0,304,304,
1,0,20.2,Shooting foul committed by James Johnson.,97112,,true,false,false,James,,Johnson,,SDSU,,32,20,8,8,1,,,,,0,,2,Shooting,8,Foul,,,,210,210,
1,0,20.2,Tshilidzi Nephawe misses free throw 1 of 1.,97942,,true,false,false,Tshilidzi,,Nephawe,,NMSt,,32,20,8,8,0,,,,,7,1,10,Free Throw 1 of 1,2,Free Throw Missed,,,,304,304,
1,0,20.2,SDSU with a defensive rebound.,,,false,false,false,,,,,,,32,20,8,8,0,,,,,0,,,,6,Defensive Rebound,,,,210,210,
1,0,01.6,Xavier Thames misses a 3-point jump shot from 24 feet out.,88783,,true,false,false,Xavier,,Thames,,SDSU,,32,20,8,8,0,,,,,9,3,45,Jump Shot,4,Field Goal Missed,24,.8,23.9,210,210,
1,0,01.6,Tshilidzi Nephawe with a defensive rebound.,97942,,true,false,false,Tshilidzi,,Nephawe,,NMSt,,32,20,8,8,0,,,,,7,,,,6,Defensive Rebound,,,,304,304,
1,0,00,End of the 1st Half,,,false,false,false,,,,,,,32,20,8,8,0,,,,,0,,,,15,End Period,,,,210,210,
2,20,00,Start of the 2nd Half,,,false,false,false,,,,,,,32,20,0,0,0,,,,,0,,,,14,Start Period,,,,210,210,
2,19,45,Josh Davis makes a jump shot from 7 feet out.,88229,,true,false,false,Josh,,Davis,,SDSU,,34,20,0,0,0,,,,,8,2,45,Jump Shot,3,Field Goal Made,7,.3,7,210,210,
2,19,18,DK Eldridge with a lost ball turnover: Lost Ball,121183,,true,false,false,DK,,Eldridge,,NMSt,,34,20,0,0,0,,,,,0,,2,Lost Ball,7,Turnover,,,,304,304,
2,19,11,Winston Shepard misses a jump shot from 8 feet out.,116431,,true,false,false,Winston,,Shepard,,SDSU,,34,20,0,0,1,,,,,0,2,45,Jump Shot,4,Field Goal Missed,8,3.8,6.9,210,210,
2,19,11,Sim Bhullar with a defensive rebound.,111436,,true,false,false,Sim,,Bhullar,,NMSt,,34,20,0,0,3,,,,,2,,,,6,Defensive Rebound,,,,304,304,
2,18,53,Shooting foul committed by JJ O'Brien.,98068,,true,false,false,JJ,,O'Brien,,SDSU,,34,20,0,1,3,,,,,4,,2,Shooting,8,Foul,,,,210,210,
2,18,53,Daniel Mullings makes free throw 1 of 2.,110592,,true,false,false,Daniel,,Mullings,,NMSt,,34,21,0,1,1,,,,,3,1,11,Free Throw 1 of 2,1,Free Throw Made,,,,304,304,
2,18,53,Daniel Mullings makes free throw 2 of 2.,110592,,true,false,false,Daniel,,Mullings,,NMSt,,34,22,0,1,1,,,,,4,1,12,Free Throw 2 of 2,1,Free Throw Made,,,,304,304,
2,18,27,JJ O'Brien misses a jump shot from 12 feet out.,98068,,true,false,false,JJ,,O'Brien,,SDSU,,34,22,0,1,3,,,,,4,2,45,Jump Shot,4,Field Goal Missed,12,11.3,5,210,210,
2,18,27,DK Eldridge with a defensive rebound.,121183,,true,false,false,DK,,Eldridge,,NMSt,,34,22,0,1,0,,,,,0,,,,6,Defensive Rebound,,,,304,304,
2,18,17,Daniel Mullings makes a layup shot.,110592,,true,false,false,Daniel,,Mullings,,NMSt,,34,24,0,1,1,,,,,6,2,40,Layup Shot,3,Field Goal Made,0,0,0,304,304,
2,17,41,JJ O'Brien makes a 3-point jump shot from 23 feet out. Skylar Spencer with the assist.,98068,116433,true,true,false,JJ,Skylar,O'Brien,Spencer,SDSU,SDSU,37,24,0,1,3,,,,,7,3,45,Jump Shot,3,Field Goal Made,23,19.6,11.8,210,210,
2,17,20,Sim Bhullar misses a layup shot.,111436,,true,false,false,Sim,,Bhullar,,NMSt,,37,24,0,1,3,,,,,2,2,40,Layup Shot,4,Field Goal Missed,0,0,0,304,304,
2,17,20,Sim Bhullar with an offensive rebound.,111436,,true,false,false,Sim,,Bhullar,,NMSt,,37,24,0,1,3,,,,,2,,,,5,Offensive Rebound,,,,304,304,
2,17,17,Sim Bhullar makes a layup shot.,111436,,true,false,false,Sim,,Bhullar,,NMSt,,37,26,0,1,3,,,,,4,2,40,Layup Shot,3,Field Goal Made,0,0,0,304,304,
2,17,08,Winston Shepard with a lost ball turnover: Lost Ball,116431,,true,false,false,Winston,,Shepard,,SDSU,,37,26,0,1,1,,,,,0,,2,Lost Ball,7,Turnover,,,,210,210,
2,17,03,Daniel Mullings makes a layup shot.,110592,,true,false,false,Daniel,,Mullings,,NMSt,,37,28,0,1,1,,,,,8,2,40,Layup Shot,3,Field Goal Made,0,0,0,304,304,
2,17,03,Shooting foul committed by Xavier Thames.,88783,,true,false,false,Xavier,,Thames,,SDSU,,37,28,0,2,1,,,,,9,,2,Shooting,8,Foul,,,,210,210,
2,17,03,Daniel Mullings makes free throw 1 of 1.,110592,,true,false,false,Daniel,,Mullings,,NMSt,,37,29,0,2,1,,,,,9,1,10,Free Throw 1 of 1,1,Free Throw Made,,,,304,304,
2,16,56,JJ O'Brien misses a 3-point jump shot from 23 feet out.,98068,,true,false,false,JJ,,O'Brien,,SDSU,,37,29,0,2,3,,,,,7,3,45,Jump Shot,4,Field Goal Missed,23,18.1,13.5,210,210,
2,16,56,Sim Bhullar with a defensive rebound.,111436,,true,false,false,Sim,,Bhullar,,NMSt,,37,29,0,2,3,,,,,4,,,,6,Defensive Rebound,,,,304,304,
2,16,41,Daniel Mullings makes a jump shot from 8 feet out.,110592,,true,false,false,Daniel,,Mullings,,NMSt,,37,31,0,2,1,,,,,11,2,45,Jump Shot,3,Field Goal Made,8,.9,8.4,304,304,
2,16,23,Xavier Thames misses a 3-point jump shot from 24 feet out.,88783,,true,false,false,Xavier,,Thames,,SDSU,,37,31,0,2,1,,,,,9,3,45,Jump Shot,4,Field Goal Missed,24,-8.6,22.7,210,210,
2,16,23,Skylar Spencer with an offensive rebound.,116433,,true,false,false,Skylar,,Spencer,,SDSU,,37,31,0,2,3,,,,,2,,,,5,Offensive Rebound,,,,210,210,
2,16,13,Josh Davis misses a layup shot.,88229,,true,false,false,Josh,,Davis,,SDSU,,37,31,0,2,0,,,,,8,2,40,Layup Shot,4,Field Goal Missed,0,0,0,210,210,
2,16,13,Josh Davis with an offensive rebound.,88229,,true,false,false,Josh,,Davis,,SDSU,,37,31,0,2,0,,,,,8,,,,5,Offensive Rebound,,,,210,210,
2,16,12,Josh Davis misses a tip shot from 2 feet out.,88229,,true,false,false,Josh,,Davis,,SDSU,,37,31,0,2,0,,,,,8,2,53,Tip Shot,4,Field Goal Missed,2,0,2,210,210,
2,16,12,Josh Davis with an offensive rebound.,88229,,true,false,false,Josh,,Davis,,SDSU,,37,31,0,2,0,,,,,8,,,,5,Offensive Rebound,,,,210,210,
2,16,10,Josh Davis with a lost ball turnover: Lost Ball,88229,,true,false,false,Josh,,Davis,,SDSU,,37,31,0,2,0,,,,,8,,2,Lost Ball,7,Turnover,,,,210,210,
2,15,42,Kevin Aronis misses a 3-point jump shot from 23 feet out.,116584,,true,false,false,Kevin,,Aronis,,NMSt,,37,31,0,2,0,,,,,3,3,45,Jump Shot,4,Field Goal Missed,23,-20.3,11.6,304,304,
2,15,42,Josh Davis with a defensive rebound.,88229,,true,false,false,Josh,,Davis,,SDSU,,37,31,0,2,0,,,,,8,,,,6,Defensive Rebound,,,,210,210,
2,15,34,Offensive foul committed by Josh Davis.,88229,,true,false,false,Josh,,Davis,,SDSU,,37,31,0,3,1,,,,,8,,4,Offensive,8,Foul,,,,210,210,
2,15,34,Josh Davis with a  turnover:,88229,,true,false,false,Josh,,Davis,,SDSU,,37,31,0,3,1,,,,,8,,,,7,Turnover,,,,210,210,
2,15,34,Official TV timeout.,,,false,false,false,,,,,,,37,31,0,3,0,,,,,0,,3,Official TV,11,Timeout,,,,210,210,
2,15,24,Daniel Mullings misses a layup shot.,110592,,true,false,false,Daniel,,Mullings,,NMSt,,37,31,0,3,1,,,,,11,2,40,Layup Shot,4,Field Goal Missed,0,0,0,304,304,
2,15,24,Dwayne Polee II with a defensive rebound.,97695,,true,false,false,Dwayne,,Polee II,,SDSU,,37,31,0,3,0,,,,,3,,,,6,Defensive Rebound,,,,210,210,
2,15,13,Dwayne Polee II with a lost ball out of bounds turnover: Lost Ball Out of Bounds,97695,,true,false,false,Dwayne,,Polee II,,SDSU,,37,31,0,3,0,,,,,3,,23,Lost Ball Out of Bounds,7,Turnover,,,,210,210,
2,15,01,Tshilidzi Nephawe makes a layup shot. Daniel Mullings with the assist.,97942,110592,true,true,false,Tshilidzi,Daniel,Nephawe,Mullings,NMSt,NMSt,37,33,0,3,0,,,,,9,2,40,Layup Shot,3,Field Goal Made,0,0,0,304,304,
2,14,33,Dwayne Polee II makes a 3-point jump shot from 24 feet out. Xavier Thames with the assist.,97695,88783,true,true,false,Dwayne,Xavier,Polee II,Thames,SDSU,SDSU,40,33,0,3,0,,,,,6,3,45,Jump Shot,3,Field Goal Made,24,16.6,17.4,210,210,
2,14,00,DK Eldridge misses a jump shot from 10 feet out.,121183,,true,false,false,DK,,Eldridge,,NMSt,,40,33,0,3,0,,,,,0,2,45,Jump Shot,4,Field Goal Missed,10,8.2,6,304,304,
2,14,00,Matt Shrigley with a defensive rebound.,116432,,true,false,false,Matt,,Shrigley,,SDSU,,40,33,0,3,0,,,,,6,,,,6,Defensive Rebound,,,,210,210,
2,13,57,Matt Shrigley misses a layup shot.,116432,,true,false,false,Matt,,Shrigley,,SDSU,,40,33,0,3,0,,,,,6,2,40,Layup Shot,4,Field Goal Missed,0,0,0,210,210,
2,13,57,Kevin Aronis with a defensive rebound.,116584,,true,false,false,Kevin,,Aronis,,NMSt,,40,33,0,3,0,,,,,3,,,,6,Defensive Rebound,,,,304,304,
2,13,51,Sim Bhullar makes a layup shot. Kevin Aronis with the assist.,111436,116584,true,true,false,Sim,Kevin,Bhullar,Aronis,NMSt,NMSt,40,35,0,3,3,,,,,6,2,40,Layup Shot,3,Field Goal Made,0,0,0,304,304,
2,13,51,Shooting foul committed by Xavier Thames.,88783,,true,false,false,Xavier,,Thames,,SDSU,,40,35,0,4,2,,,,,9,,2,Shooting,8,Foul,,,,210,210,
2,13,51,Sim Bhullar misses free throw 1 of 1.,111436,,true,false,false,Sim,,Bhullar,,NMSt,,40,35,0,4,3,,,,,6,1,10,Free Throw 1 of 1,2,Free Throw Missed,,,,304,304,
2,13,51,Dwayne Polee II with a defensive rebound.,97695,,true,false,false,Dwayne,,Polee II,,SDSU,,40,35,0,4,0,,,,,6,,,,6,Defensive Rebound,,,,210,210,
2,13,38,Matt Shrigley with a lost ball turnover: Lost Ball,116432,,true,false,false,Matt,,Shrigley,,SDSU,,40,35,0,4,0,,,,,6,,2,Lost Ball,7,Turnover,,,,210,210,
2,13,34,Kevin Aronis makes a 3-point jump shot from 24 feet out. Ian Baker with the assist.,116584,122617,true,true,false,Kevin,Ian,Aronis,Baker,NMSt,NMSt,40,38,0,4,0,,,,,6,3,45,Jump Shot,3,Field Goal Made,24,16,17,304,304,
2,13,25,SDSU take a full timeout.,,,false,false,false,,,,,,,40,38,0,4,0,,,,,0,,1,Regular,11,Timeout,,,,210,210,
2,13,00,Dwayne Polee II misses a jump shot from 9 feet out.,97695,,true,false,false,Dwayne,,Polee II,,SDSU,,40,38,0,4,0,,,,,6,2,45,Jump Shot,4,Field Goal Missed,9,.4,8.7,210,210,
2,13,00,Tshilidzi Nephawe with a defensive rebound.,97942,,true,false,false,Tshilidzi,,Nephawe,,NMSt,,40,38,0,4,0,,,,,9,,,,6,Defensive Rebound,,,,304,304,
2,12,39,Offensive foul committed by Tshilidzi Nephawe.,97942,,true,false,false,Tshilidzi,,Nephawe,,NMSt,,40,38,1,4,1,,,,,9,,4,Offensive,8,Foul,,,,304,304,
2,12,39,Tshilidzi Nephawe with a  turnover:,97942,,true,false,false,Tshilidzi,,Nephawe,,NMSt,,40,38,1,4,1,,,,,9,,,,7,Turnover,,,,304,304,
2,12,20,Dwayne Polee II misses a 3-point jump shot from 22 feet out.,97695,,true,false,false,Dwayne,,Polee II,,SDSU,,40,38,1,4,0,,,,,6,3,45,Jump Shot,4,Field Goal Missed,22,-22.4,2.5,210,210,
2,12,20,Kevin Aronis with a defensive rebound.,116584,,true,false,false,Kevin,,Aronis,,NMSt,,40,38,1,4,0,,,,,6,,,,6,Defensive Rebound,,,,304,304,
2,12,02,Tshilidzi Nephawe misses a layup shot.,97942,,true,false,false,Tshilidzi,,Nephawe,,NMSt,,40,38,1,4,1,,,,,9,2,40,Layup Shot,4,Field Goal Missed,0,0,0,304,304,
2,12,02,Skylar Spencer with a defensive rebound.,116433,,true,false,false,Skylar,,Spencer,,SDSU,,40,38,1,4,3,,,,,2,,,,6,Defensive Rebound,,,,210,210,
2,11,49,Xavier Thames misses a jump shot from 14 feet out.,88783,,true,false,false,Xavier,,Thames,,SDSU,,40,38,1,4,2,,,,,9,2,45,Jump Shot,4,Field Goal Missed,14,3.8,13.2,210,210,
2,11,49,Tshilidzi Nephawe with a defensive rebound.,97942,,true,false,false,Tshilidzi,,Nephawe,,NMSt,,40,38,1,4,1,,,,,9,,,,6,Defensive Rebound,,,,304,304,
2,11,29,Daniel Mullings with a lost ball turnover: Lost Ball,110592,,true,false,false,Daniel,,Mullings,,NMSt,,40,38,1,4,1,,,,,11,,2,Lost Ball,7,Turnover,,,,304,304,
2,11,23,Aqeel Quinn misses a 3-point jump shot from 23 feet out.,97443,,true,false,false,Aqeel,,Quinn,,SDSU,,40,38,1,4,1,,,,,2,3,45,Jump Shot,4,Field Goal Missed,23,18.5,13.3,210,210,
2,11,23,SDSU with an offensive rebound.,,,false,false,false,,,,,,,40,38,1,4,0,,,,,0,,,,5,Offensive Rebound,,,,210,210,
2,11,22,Official TV timeout.,,,false,false,false,,,,,,,40,38,1,4,0,,,,,0,,3,Official TV,11,Timeout,,,,210,210,
2,10,59,Dwayne Polee II makes a jump shot from 18 feet out. Skylar Spencer with the assist.,97695,116433,true,true,false,Dwayne,Skylar,Polee II,Spencer,SDSU,SDSU,42,38,1,4,0,,,,,8,2,45,Jump Shot,3,Field Goal Made,18,8.2,16.2,210,210,
2,10,23,Daniel Mullings misses a 3-point jump shot from 24 feet out.,110592,,true,false,false,Daniel,,Mullings,,NMSt,,42,38,1,4,1,,,,,11,3,45,Jump Shot,4,Field Goal Missed,24,-18.3,14.9,304,304,
2,10,23,Josh Davis with a defensive rebound.,88229,,true,false,false,Josh,,Davis,,SDSU,,42,38,1,4,1,,,,,8,,,,6,Defensive Rebound,,,,210,210,
2,10,17,Josh Davis with a lost ball turnover: Lost Ball,88229,,true,false,false,Josh,,Davis,,SDSU,,42,38,1,4,1,,,,,8,,2,Lost Ball,7,Turnover,,,,210,210,
2,10,12,Sim Bhullar makes a dunk shot.,111436,,true,false,false,Sim,,Bhullar,,NMSt,,42,40,1,4,3,,,,,8,2,48,Dunk Shot,3,Field Goal Made,0,0,0,304,304,
2,9,52,Xavier Thames makes a jump shot from 8 feet out.,88783,,true,false,false,Xavier,,Thames,,SDSU,,44,40,1,4,2,,,,,11,2,45,Jump Shot,3,Field Goal Made,8,.3,8.2,210,210,
2,9,32,Personal foul committed by Dwayne Polee II.,97695,,true,false,false,Dwayne,,Polee II,,SDSU,,44,40,1,5,1,,,,,8,,1,Personal,8,Foul,,,,210,210,
2,9,03,Sim Bhullar makes a dunk shot. Daniel Mullings with the assist.,111436,110592,true,true,false,Sim,Daniel,Bhullar,Mullings,NMSt,NMSt,44,42,1,5,3,,,,,10,2,48,Dunk Shot,3,Field Goal Made,0,0,0,304,304,
2,8,39,Xavier Thames makes a jump shot from 17 feet out.,88783,,true,false,false,Xavier,,Thames,,SDSU,,46,42,1,5,2,,,,,13,2,45,Jump Shot,3,Field Goal Made,17,16.4,2.5,210,210,
2,8,06,Tshilidzi Nephawe with a traveling turnover: Traveling,97942,,true,false,false,Tshilidzi,,Nephawe,,NMSt,,46,42,1,5,1,,,,,9,,4,Traveling,7,Turnover,,,,304,304,
2,7,54,Xavier Thames makes a jump shot from 16 feet out.,88783,,true,false,false,Xavier,,Thames,,SDSU,,48,42,1,5,2,,,,,15,2,45,Jump Shot,3,Field Goal Made,16,15.1,6.4,210,210,
2,7,27,Shooting foul committed by Josh Davis.,88229,,true,false,false,Josh,,Davis,,SDSU,,48,42,1,6,2,,,,,8,,2,Shooting,8,Foul,,,,210,210,
2,7,27,Official TV timeout.,,,false,false,false,,,,,,,48,42,1,6,0,,,,,0,,3,Official TV,11,Timeout,,,,210,210,
2,7,27,Sim Bhullar misses free throw 1 of 2.,111436,,true,false,false,Sim,,Bhullar,,NMSt,,48,42,1,6,3,,,,,10,1,11,Free Throw 1 of 2,2,Free Throw Missed,,,,304,304,
2,7,27,NMSt with an offensive rebound.,,,false,false,false,,,,,,,48,42,1,6,0,,,,,0,,,,5,Offensive Rebound,,,,304,304,
2,7,27,Sim Bhullar misses free throw 2 of 2.,111436,,true,false,false,Sim,,Bhullar,,NMSt,,48,42,1,6,3,,,,,10,1,12,Free Throw 2 of 2,2,Free Throw Missed,,,,304,304,
2,7,27,Josh Davis with a defensive rebound.,88229,,true,false,false,Josh,,Davis,,SDSU,,48,42,1,6,2,,,,,8,,,,6,Defensive Rebound,,,,210,210,
2,7,17,Winston Shepard makes a jump shot from 11 feet out.,116431,,true,false,false,Winston,,Shepard,,SDSU,,50,42,1,6,1,,,,,2,2,45,Jump Shot,3,Field Goal Made,11,-.3,10.8,210,210,
2,6,51,Personal foul committed by Xavier Thames.,88783,,true,false,false,Xavier,,Thames,,SDSU,,50,42,1,7,3,,,,,15,,1,Personal,8,Foul,,,,210,210,
2,6,51,Sim Bhullar makes free throw 1st of 1-and-1.,111436,,true,false,false,Sim,,Bhullar,,NMSt,,50,43,1,7,3,,,,,11,1,8,Free Throw 1st of 1-and-1,1,Free Throw Made,,,,304,304,
2,6,51,Sim Bhullar makes free throw 2 of 2.,111436,,true,false,false,Sim,,Bhullar,,NMSt,,50,44,1,7,3,,,,,12,1,12,Free Throw 2 of 2,1,Free Throw Made,,,,304,304,
2,6,28,Winston Shepard with a traveling turnover: Traveling,116431,,true,false,false,Winston,,Shepard,,SDSU,,50,44,1,7,1,,,,,2,,4,Traveling,7,Turnover,,,,210,210,
2,6,28,NMSt take a full timeout.,,,false,false,false,,,,,,,50,44,1,7,0,,,,,0,,1,Regular,11,Timeout,,,,304,304,
2,6,19,Daniel Mullings makes a layup shot.,110592,,true,false,false,Daniel,,Mullings,,NMSt,,50,46,1,7,1,,,,,13,2,40,Layup Shot,3,Field Goal Made,0,0,0,304,304,
2,5,59,Winston Shepard makes a 3-point jump shot from 23 feet out. Josh Davis with the assist.,116431,88229,true,true,false,Winston,Josh,Shepard,Davis,SDSU,SDSU,53,46,1,7,1,,,,,5,3,45,Jump Shot,3,Field Goal Made,23,7.2,21.8,210,210,
2,5,36,Daniel Mullings with a lost ball turnover: Lost Ball,110592,,true,false,false,Daniel,,Mullings,,NMSt,,53,46,1,7,1,,,,,13,,2,Lost Ball,7,Turnover,,,,304,304,
2,5,25,Winston Shepard misses a jump shot from 10 feet out.,116431,,true,false,false,Winston,,Shepard,,SDSU,,53,46,1,7,1,,,,,5,2,45,Jump Shot,4,Field Goal Missed,10,-1,10,210,210,
2,5,25,SDSU with an offensive rebound.,,,false,false,false,,,,,,,53,46,1,7,0,,,,,0,,,,5,Offensive Rebound,,,,210,210,
2,5,05,Shooting foul committed by Ian Baker.,122617,,true,false,false,Ian,,Baker,,NMSt,,53,46,2,7,2,,,,,3,,2,Shooting,8,Foul,,,,304,304,
2,5,05,Xavier Thames misses free throw 1 of 2.,88783,,true,false,false,Xavier,,Thames,,SDSU,,53,46,2,7,3,,,,,15,1,11,Free Throw 1 of 2,2,Free Throw Missed,,,,210,210,
2,5,05,SDSU with an offensive rebound.,,,false,false,false,,,,,,,53,46,2,7,0,,,,,0,,,,5,Offensive Rebound,,,,210,210,
2,5,05,Xavier Thames makes free throw 2 of 2.,88783,,true,false,false,Xavier,,Thames,,SDSU,,54,46,2,7,3,,,,,16,1,12,Free Throw 2 of 2,1,Free Throw Made,,,,210,210,
2,4,45,Tshilidzi Nephawe misses a layup shot.,97942,,true,false,false,Tshilidzi,,Nephawe,,NMSt,,54,46,2,7,1,,,,,9,2,40,Layup Shot,4,Field Goal Missed,0,0,0,304,304,
2,4,45,Sim Bhullar with an offensive rebound.,111436,,true,false,false,Sim,,Bhullar,,NMSt,,54,46,2,7,3,,,,,12,,,,5,Offensive Rebound,,,,304,304,
2,4,39,Sim Bhullar misses a layup shot.,111436,,true,false,false,Sim,,Bhullar,,NMSt,,54,46,2,7,3,,,,,12,2,40,Layup Shot,4,Field Goal Missed,0,0,0,304,304,
2,4,39,Ian Baker with an offensive rebound.,122617,,true,false,false,Ian,,Baker,,NMSt,,54,46,2,7,2,,,,,3,,,,5,Offensive Rebound,,,,304,304,
2,4,34,Ian Baker misses a layup shot.,122617,,true,false,false,Ian,,Baker,,NMSt,,54,46,2,7,2,,,,,3,2,40,Layup Shot,4,Field Goal Missed,0,0,0,304,304,
2,4,34,Skylar Spencer with a defensive rebound.,116433,,true,false,false,Skylar,,Spencer,,SDSU,,54,46,2,7,3,,,,,2,,,,6,Defensive Rebound,,,,210,210,
2,4,28,Josh Davis misses a layup shot.,88229,,true,false,false,Josh,,Davis,,SDSU,,54,46,2,7,2,,,,,8,2,40,Layup Shot,4,Field Goal Missed,0,0,0,210,210,
2,4,28,Sim Bhullar with a defensive rebound.,111436,,true,false,false,Sim,,Bhullar,,NMSt,,54,46,2,7,3,,,,,12,,,,6,Defensive Rebound,,,,304,304,
2,4,01,Ian Baker misses a 3-point jump shot from 24 feet out.,122617,,true,false,false,Ian,,Baker,,NMSt,,54,46,2,7,2,,,,,3,3,45,Jump Shot,4,Field Goal Missed,24,.8,23.5,304,304,
2,4,01,Josh Davis with a defensive rebound.,88229,,true,false,false,Josh,,Davis,,SDSU,,54,46,2,7,2,,,,,8,,,,6,Defensive Rebound,,,,210,210,
2,3,53,Winston Shepard makes a layup shot. Josh Davis with the assist.,116431,88229,true,true,false,Winston,Josh,Shepard,Davis,SDSU,SDSU,56,46,2,7,1,,,,,7,2,40,Layup Shot,3,Field Goal Made,0,0,0,210,210,
2,3,27,Daniel Mullings with a lost ball turnover: Lost Ball,110592,,true,false,false,Daniel,,Mullings,,NMSt,,56,46,2,7,1,,,,,13,,2,Lost Ball,7,Turnover,,,,304,304,
2,3,27,Official TV timeout.,,,false,false,false,,,,,,,56,46,2,7,0,,,,,0,,3,Official TV,11,Timeout,,,,210,210,
2,2,56,Winston Shepard misses a jump shot from 18 feet out.,116431,,true,false,false,Winston,,Shepard,,SDSU,,56,46,2,7,1,,,,,7,2,45,Jump Shot,4,Field Goal Missed,18,14.9,10.4,210,210,
2,2,56,Daniel Mullings with a defensive rebound.,110592,,true,false,false,Daniel,,Mullings,,NMSt,,56,46,2,7,1,,,,,13,,,,6,Defensive Rebound,,,,304,304,
2,2,42,Daniel Mullings misses a jump shot from 8 feet out.,110592,,true,false,false,Daniel,,Mullings,,NMSt,,56,46,2,7,1,,,,,13,2,45,Jump Shot,4,Field Goal Missed,8,-1,8,304,304,
2,2,42,Renaldo Dixon with an offensive rebound.,100133,,true,false,false,Renaldo,,Dixon,,NMSt,,56,46,2,7,3,,,,,3,,,,5,Offensive Rebound,,,,304,304,
2,2,38,Sim Bhullar makes a dunk shot. Renaldo Dixon with the assist.,111436,100133,true,true,false,Sim,Renaldo,Bhullar,Dixon,NMSt,NMSt,56,48,2,7,3,,,,,14,2,48,Dunk Shot,3,Field Goal Made,0,0,0,304,304,
2,2,31,Personal foul committed by Ian Baker.,122617,,true,false,false,Ian,,Baker,,NMSt,,56,48,3,7,3,,,,,3,,1,Personal,8,Foul,,,,304,304,
2,2,05,Winston Shepard misses a 3-point jump shot from 22 feet out.,116431,,true,false,false,Winston,,Shepard,,SDSU,,56,48,3,7,1,,,,,7,3,45,Jump Shot,4,Field Goal Missed,22,-22,1,210,210,
2,2,05,Renaldo Dixon with a defensive rebound.,100133,,true,false,false,Renaldo,,Dixon,,NMSt,,56,48,3,7,3,,,,,3,,,,6,Defensive Rebound,,,,304,304,
2,1,50,Offensive foul committed by Daniel Mullings.,110592,,true,false,false,Daniel,,Mullings,,NMSt,,56,48,4,7,2,,,,,13,,4,Offensive,8,Foul,,,,304,304,
2,1,50,Daniel Mullings with a  turnover:,110592,,true,false,false,Daniel,,Mullings,,NMSt,,56,48,4,7,2,,,,,13,,,,7,Turnover,,,,304,304,
2,1,21,Xavier Thames misses a jump shot from 17 feet out.,88783,,true,false,false,Xavier,,Thames,,SDSU,,56,48,4,7,3,,,,,16,2,45,Jump Shot,4,Field Goal Missed,17,16.1,5.9,210,210,
2,1,21,Kevin Aronis with a defensive rebound.,116584,,true,false,false,Kevin,,Aronis,,NMSt,,56,48,4,7,0,,,,,6,,,,6,Defensive Rebound,,,,304,304,
2,1,14,Kevin Aronis makes a 3-point jump shot from 24 feet out.,116584,,true,false,false,Kevin,,Aronis,,NMSt,,56,51,4,7,0,,,,,9,3,45,Jump Shot,3,Field Goal Made,24,15.7,17.8,304,304,
2,1,12,NMSt take a full timeout.,,,false,false,false,,,,,,,56,51,4,7,0,,,,,0,,1,Regular,11,Timeout,,,,304,304,
2,1,08,Personal foul committed by Sim Bhullar.,111436,,true,false,false,Sim,,Bhullar,,NMSt,,56,51,5,7,4,,,,,14,,1,Personal,8,Foul,,,,304,304,
2,1,07,Personal foul committed by Daniel Mullings.,110592,,true,false,false,Daniel,,Mullings,,NMSt,,56,51,6,7,3,,,,,13,,1,Personal,8,Foul,,,,304,304,
2,1,07,SDSU take a full timeout.,,,false,false,false,,,,,,,56,51,6,7,0,,,,,0,,1,Regular,11,Timeout,,,,210,210,
2,1,01,Personal foul committed by Ian Baker.,122617,,true,false,false,Ian,,Baker,,NMSt,,56,51,7,7,4,,,,,3,,1,Personal,8,Foul,,,,304,304,
2,1,01,Dwayne Polee II makes free throw 1 of 2.,97695,,true,false,false,Dwayne,,Polee II,,SDSU,,57,51,7,7,1,,,,,9,1,11,Free Throw 1 of 2,1,Free Throw Made,,,,210,210,
2,1,01,Dwayne Polee II makes free throw 2 of 2.,97695,,true,false,false,Dwayne,,Polee II,,SDSU,,58,51,7,7,1,,,,,10,1,12,Free Throw 2 of 2,1,Free Throw Made,,,,210,210,
2,0,53.4,Kevin Aronis misses a 3-point jump shot from 24 feet out.,116584,,true,false,false,Kevin,,Aronis,,NMSt,,58,51,7,7,0,,,,,9,3,45,Jump Shot,4,Field Goal Missed,24,2.5,23.9,304,304,
2,0,53.4,Renaldo Dixon with an offensive rebound.,100133,,true,false,false,Renaldo,,Dixon,,NMSt,,58,51,7,7,3,,,,,3,,,,5,Offensive Rebound,,,,304,304,
2,0,46.2,Renaldo Dixon makes a dunk shot.,100133,,true,false,false,Renaldo,,Dixon,,NMSt,,58,53,7,7,3,,,,,5,2,48,Dunk Shot,3,Field Goal Made,0,0,0,304,304,
2,0,39.2,Personal foul committed by Kevin Aronis.,116584,,true,false,false,Kevin,,Aronis,,NMSt,,58,53,8,7,1,,,,,9,,1,Personal,8,Foul,,,,304,304,
2,0,39.2,Dwayne Polee II misses free throw 1st of 1-and-1.,97695,,true,false,false,Dwayne,,Polee II,,SDSU,,58,53,8,7,1,,,,,10,1,8,Free Throw 1st of 1-and-1,2,Free Throw Missed,,,,210,210,
2,0,39.2,Tshilidzi Nephawe with a defensive rebound.,97942,,true,false,false,Tshilidzi,,Nephawe,,NMSt,,58,53,8,7,1,,,,,9,,,,6,Defensive Rebound,,,,304,304,
2,0,33.1,Shooting foul committed by Xavier Thames.,88783,,true,false,false,Xavier,,Thames,,SDSU,,58,53,8,8,4,,,,,16,,2,Shooting,8,Foul,,,,210,210,
2,0,33.1,Daniel Mullings makes free throw 1 of 2.,110592,,true,false,false,Daniel,,Mullings,,NMSt,,58,54,8,8,3,,,,,14,1,11,Free Throw 1 of 2,1,Free Throw Made,,,,304,304,
2,0,33.1,Daniel Mullings makes free throw 2 of 2.,110592,,true,false,false,Daniel,,Mullings,,NMSt,,58,55,8,8,3,,,,,15,1,12,Free Throw 2 of 2,1,Free Throw Made,,,,304,304,
2,0,32.0,Personal foul committed by Daniel Mullings.,110592,,true,false,false,Daniel,,Mullings,,NMSt,,58,55,9,8,4,,,,,15,,1,Personal,8,Foul,,,,304,304,
2,0,32.0,Xavier Thames makes free throw 1st of 1-and-1.,88783,,true,false,false,Xavier,,Thames,,SDSU,,59,55,9,8,4,,,,,17,1,8,Free Throw 1st of 1-and-1,1,Free Throw Made,,,,210,210,
2,0,32.0,Xavier Thames makes free throw 2nd of 1-and-1.,88783,,true,false,false,Xavier,,Thames,,SDSU,,60,55,9,8,4,,,,,18,1,9,Free Throw 2nd of 1-and-1,1,Free Throw Made,,,,210,210,
2,0,21.9,Kevin Aronis misses a 3-point jump shot from 23 feet out.,116584,,true,false,false,Kevin,,Aronis,,NMSt,,60,55,9,8,1,,,,,9,3,45,Jump Shot,4,Field Goal Missed,23,17.6,14.9,304,304,
2,0,21.9,Renaldo Dixon with an offensive rebound.,100133,,true,false,false,Renaldo,,Dixon,,NMSt,,60,55,9,8,3,,,,,5,,,,5,Offensive Rebound,,,,304,304,
2,0,15.7,Renaldo Dixon makes a layup shot.,100133,,true,false,false,Renaldo,,Dixon,,NMSt,,60,57,9,8,3,,,,,7,2,40,Layup Shot,3,Field Goal Made,0,0,0,304,304,
2,0,15.6,Xavier Thames with a lost ball out of bounds turnover: Lost Ball Out of Bounds,88783,,true,false,false,Xavier,,Thames,,SDSU,,60,57,9,8,4,,,,,18,,23,Lost Ball Out of Bounds,7,Turnover,,,,210,210,
2,0,15.6,SDSU take a full timeout.,,,false,false,false,,,,,,,60,57,9,8,0,,,,,0,,1,Regular,11,Timeout,,,,210,210,
2,0,10.7,Kevin Aronis misses a 3-point jump shot from 23 feet out.,116584,,true,false,false,Kevin,,Aronis,,NMSt,,60,57,9,8,1,,,,,9,3,45,Jump Shot,4,Field Goal Missed,23,3,23,304,304,
2,0,10.7,Daniel Mullings with an offensive rebound.,110592,,true,false,false,Daniel,,Mullings,,NMSt,,60,57,9,8,4,,,,,15,,,,5,Offensive Rebound,,,,304,304,
2,0,05.4,Kevin Aronis makes a 3-point jump shot from 26 feet out. Daniel Mullings with the assist.,116584,110592,true,true,false,Kevin,Daniel,Aronis,Mullings,NMSt,NMSt,60,60,9,8,1,,,,,12,3,45,Jump Shot,3,Field Goal Made,26,4,26,304,304,
2,0,01.4,Xavier Thames misses a layup shot.,88783,,true,false,false,Xavier,,Thames,,SDSU,,60,60,9,8,4,,,,,18,2,40,Layup Shot,4,Field Goal Missed,0,0,0,210,210,
2,0,01.4,NMSt with a defensive rebound.,,,false,false,false,,,,,,,60,60,9,8,0,,,,,0,,,,6,Defensive Rebound,,,,304,304,
2,0,00,End of the 2nd Half,,,false,false,false,,,,,,,60,60,9,8,0,,,,,0,,,,15,End Period,,,,210,210,
3,5,00,Start of the Overtime,,,false,false,false,,,,,,,60,60,9,8,0,,,,,0,,,,14,Start Period,,,,210,210,
3,4,44,Tshilidzi Nephawe misses a jump shot from 15 feet out.,97942,,true,false,false,Tshilidzi,,Nephawe,,NMSt,,60,60,9,8,1,,,,,9,2,45,Jump Shot,4,Field Goal Missed,15,.8,15.4,304,304,
3,4,44,Josh Davis with a defensive rebound.,88229,,true,false,false,Josh,,Davis,,SDSU,,60,60,9,8,2,,,,,8,,,,6,Defensive Rebound,,,,210,210,
3,4,29,Xavier Thames makes a jump shot from 18 feet out.,88783,,true,false,false,Xavier,,Thames,,SDSU,,62,60,9,8,4,,,,,20,2,45,Jump Shot,3,Field Goal Made,18,-.8,18.1,210,210,
3,4,09,Tshilidzi Nephawe misses a jump shot from 9 feet out.,97942,,true,false,false,Tshilidzi,,Nephawe,,NMSt,,62,60,9,8,1,,,,,9,2,45,Jump Shot,4,Field Goal Missed,9,-.8,8.6,304,304,
3,4,09,Skylar Spencer with a defensive rebound.,116433,,true,false,false,Skylar,,Spencer,,SDSU,,62,60,9,8,3,,,,,2,,,,6,Defensive Rebound,,,,210,210,
3,3,56,Xavier Thames misses a jump shot from 18 feet out.,88783,,true,false,false,Xavier,,Thames,,SDSU,,62,60,9,8,4,,,,,20,2,45,Jump Shot,4,Field Goal Missed,18,-4.7,17.1,210,210,
3,3,56,Sim Bhullar with a defensive rebound.,111436,,true,false,false,Sim,,Bhullar,,NMSt,,62,60,9,8,4,,,,,14,,,,6,Defensive Rebound,,,,304,304,
3,3,46,Daniel Mullings misses a layup shot.,110592,,true,false,false,Daniel,,Mullings,,NMSt,,62,60,9,8,4,,,,,15,2,40,Layup Shot,4,Field Goal Missed,0,0,0,304,304,
3,3,46,Josh Davis with a defensive rebound.,88229,,true,false,false,Josh,,Davis,,SDSU,,62,60,9,8,2,,,,,8,,,,6,Defensive Rebound,,,,210,210,
3,3,21,Shooting foul committed by Sim Bhullar.,111436,,true,false,false,Sim,,Bhullar,,NMSt,,62,60,10,8,5,,,,,14,,2,Shooting,8,Foul,,,,304,304,
3,3,21,Skylar Spencer misses free throw 1 of 2.,116433,,true,false,false,Skylar,,Spencer,,SDSU,,62,60,10,8,3,,,,,2,1,11,Free Throw 1 of 2,2,Free Throw Missed,,,,210,210,
3,3,21,SDSU with an offensive rebound.,,,false,false,false,,,,,,,62,60,10,8,0,,,,,0,,,,5,Offensive Rebound,,,,210,210,
3,3,21,Skylar Spencer makes free throw 2 of 2.,116433,,true,false,false,Skylar,,Spencer,,SDSU,,63,60,10,8,3,,,,,3,1,12,Free Throw 2 of 2,1,Free Throw Made,,,,210,210,
3,3,05,Kevin Aronis misses a 3-point jump shot from 23 feet out.,116584,,true,false,false,Kevin,,Aronis,,NMSt,,63,60,10,8,1,,,,,12,3,45,Jump Shot,4,Field Goal Missed,23,22.5,1.8,304,304,
3,3,05,Dwayne Polee II with a defensive rebound.,97695,,true,false,false,Dwayne,,Polee II,,SDSU,,63,60,10,8,1,,,,,10,,,,6,Defensive Rebound,,,,210,210,
3,2,48,Dwayne Polee II makes a jump shot from 10 feet out.,97695,,true,false,false,Dwayne,,Polee II,,SDSU,,65,60,10,8,1,,,,,12,2,45,Jump Shot,3,Field Goal Made,10,-5.4,8.2,210,210,
3,2,33,Renaldo Dixon makes a 3-point jump shot from 23 feet out. Ian Baker with the assist.,100133,122617,true,true,false,Renaldo,Ian,Dixon,Baker,NMSt,NMSt,65,63,10,8,3,,,,,10,3,45,Jump Shot,3,Field Goal Made,23,-3.3,23.2,304,304,
3,2,04,Winston Shepard misses a dunk shot.,116431,,true,false,false,Winston,,Shepard,,SDSU,,65,63,10,8,1,,,,,7,2,48,Dunk Shot,4,Field Goal Missed,0,0,0,210,210,
3,2,04,Josh Davis with an offensive rebound.,88229,,true,false,false,Josh,,Davis,,SDSU,,65,63,10,8,2,,,,,8,,,,5,Offensive Rebound,,,,210,210,
3,1,57,Josh Davis makes a tip shot from 2 feet out.,88229,,true,false,false,Josh,,Davis,,SDSU,,67,63,10,8,2,,,,,10,2,53,Tip Shot,3,Field Goal Made,2,-.4,2.1,210,210,
3,1,40,Tshilidzi Nephawe makes a layup shot. Renaldo Dixon with the assist.,97942,100133,true,true,false,Tshilidzi,Renaldo,Nephawe,Dixon,NMSt,NMSt,67,65,10,8,1,,,,,11,2,40,Layup Shot,3,Field Goal Made,0,0,0,304,304,
3,1,40,Shooting foul committed by Skylar Spencer.,116433,,true,false,false,Skylar,,Spencer,,SDSU,,67,65,10,9,4,,,,,3,,2,Shooting,8,Foul,,,,210,210,
3,1,40,Tshilidzi Nephawe makes free throw 1 of 1.,97942,,true,false,false,Tshilidzi,,Nephawe,,NMSt,,67,66,10,9,1,,,,,12,1,10,Free Throw 1 of 1,1,Free Throw Made,,,,304,304,
3,1,25,Shooting foul committed by Tshilidzi Nephawe.,97942,,true,false,false,Tshilidzi,,Nephawe,,NMSt,,67,66,11,9,2,,,,,12,,2,Shooting,8,Foul,,,,304,304,
3,1,25,Xavier Thames makes free throw 1 of 2.,88783,,true,false,false,Xavier,,Thames,,SDSU,,68,66,11,9,4,,,,,21,1,11,Free Throw 1 of 2,1,Free Throw Made,,,,210,210,
3,1,25,Xavier Thames makes free throw 2 of 2.,88783,,true,false,false,Xavier,,Thames,,SDSU,,69,66,11,9,4,,,,,22,1,12,Free Throw 2 of 2,1,Free Throw Made,,,,210,210,
3,1,11,Tshilidzi Nephawe misses a jump shot from 8 feet out.,97942,,true,false,false,Tshilidzi,,Nephawe,,NMSt,,69,66,11,9,2,,,,,12,2,45,Jump Shot,4,Field Goal Missed,8,.3,7.6,304,304,
3,1,11,Xavier Thames with a defensive rebound.,88783,,true,false,false,Xavier,,Thames,,SDSU,,69,66,11,9,4,,,,,22,,,,6,Defensive Rebound,,,,210,210,
3,0,36.4,Xavier Thames misses a 3-point jump shot from 23 feet out.,88783,,true,false,false,Xavier,,Thames,,SDSU,,69,66,11,9,4,,,,,22,3,45,Jump Shot,4,Field Goal Missed,23,-8.1,21.7,210,210,
3,0,36.4,Kevin Aronis with a defensive rebound.,116584,,true,false,false,Kevin,,Aronis,,NMSt,,69,66,11,9,1,,,,,12,,,,6,Defensive Rebound,,,,304,304,
3,0,18.6,Ian Baker misses a layup shot.,122617,,true,false,false,Ian,,Baker,,NMSt,,69,66,11,9,4,,,,,3,2,40,Layup Shot,4,Field Goal Missed,0,0,0,304,304,
3,0,18.6,JJ O'Brien with a defensive rebound.,98068,,true,false,false,JJ,,O'Brien,,SDSU,,69,66,11,9,3,,,,,7,,,,6,Defensive Rebound,,,,210,210,
3,0,17.6,Personal foul committed by Renaldo Dixon.,100133,,true,false,false,Renaldo,,Dixon,,NMSt,,69,66,12,9,4,,,,,10,,1,Personal,8,Foul,,,,304,304,
3,0,17.6,Xavier Thames misses free throw 1 of 2.,88783,,true,false,false,Xavier,,Thames,,SDSU,,69,66,12,9,4,,,,,22,1,11,Free Throw 1 of 2,2,Free Throw Missed,,,,210,210,
3,0,17.6,SDSU with an offensive rebound.,,,false,false,false,,,,,,,69,66,12,9,0,,,,,0,,,,5,Offensive Rebound,,,,210,210,
3,0,17.6,Xavier Thames makes free throw 2 of 2.,88783,,true,false,false,Xavier,,Thames,,SDSU,,70,66,12,9,4,,,,,23,1,12,Free Throw 2 of 2,1,Free Throw Made,,,,210,210,
3,0,11.9,Kevin Aronis misses a 3-point jump shot from 24 feet out.,116584,,true,false,false,Kevin,,Aronis,,NMSt,,70,66,12,9,1,,,,,12,3,45,Jump Shot,4,Field Goal Missed,24,14,20,304,304,
3,0,11.9,NMSt with an offensive rebound.,,,false,false,false,,,,,,,70,66,12,9,0,,,,,0,,,,5,Offensive Rebound,,,,304,304,
3,0,08.2,Daniel Mullings makes a layup shot. Kevin Aronis with the assist.,110592,116584,true,true,false,Daniel,Kevin,Mullings,Aronis,NMSt,NMSt,70,68,12,9,4,,,,,17,2,40,Layup Shot,3,Field Goal Made,0,0,0,304,304,
3,0,08.2,SDSU take a full timeout.,,,false,false,false,,,,,,,70,68,12,9,0,,,,,0,,1,Regular,11,Timeout,,,,210,210,
3,0,06.8,Personal foul committed by Kevin Aronis.,116584,,true,false,false,Kevin,,Aronis,,NMSt,,70,68,13,9,2,,,,,12,,1,Personal,8,Foul,,,,304,304,
3,0,06.8,Dwayne Polee II misses free throw 1 of 2.,97695,,true,false,false,Dwayne,,Polee II,,SDSU,,70,68,13,9,1,,,,,12,1,11,Free Throw 1 of 2,2,Free Throw Missed,,,,210,210,
3,0,06.8,SDSU with an offensive rebound.,,,false,false,false,,,,,,,70,68,13,9,0,,,,,0,,,,5,Offensive Rebound,,,,210,210,
3,0,06.8,SDSU take a full timeout.,,,false,false,false,,,,,,,70,68,13,9,0,,,,,0,,1,Regular,11,Timeout,,,,210,210,
3,0,06.8,Dwayne Polee II makes free throw 2 of 2.,97695,,true,false,false,Dwayne,,Polee II,,SDSU,,71,68,13,9,1,,,,,13,1,12,Free Throw 2 of 2,1,Free Throw Made,,,,210,210,
3,0,03.2,Personal foul committed by JJ O'Brien.,98068,,true,false,false,JJ,,O'Brien,,SDSU,,71,68,13,10,4,,,,,7,,1,Personal,8,Foul,,,,210,210,
3,0,03.2,Daniel Mullings makes free throw 1 of 2.,110592,,true,false,false,Daniel,,Mullings,,NMSt,,71,69,13,10,4,,,,,18,1,11,Free Throw 1 of 2,1,Free Throw Made,,,,304,304,
3,0,03.2,Daniel Mullings misses free throw 2 of 2.,110592,,true,false,false,Daniel,,Mullings,,NMSt,,71,69,13,10,4,,,,,18,1,12,Free Throw 2 of 2,2,Free Throw Missed,,,,304,304,
3,0,03.2,Dwayne Polee II with a defensive rebound.,97695,,true,false,false,Dwayne,,Polee II,,SDSU,,71,69,13,10,1,,,,,13,,,,6,Defensive Rebound,,,,210,210,
3,0,01.9,Personal foul committed by Renaldo Dixon.,100133,,true,false,false,Renaldo,,Dixon,,NMSt,,71,69,14,10,5,,,,,10,,1,Personal,8,Foul,,,,304,304,
3,0,01.9,Dwayne Polee II makes free throw 1 of 2.,97695,,true,false,false,Dwayne,,Polee II,,SDSU,,72,69,14,10,1,,,,,14,1,11,Free Throw 1 of 2,1,Free Throw Made,,,,210,210,
3,0,01.9,Dwayne Polee II makes free throw 2 of 2.,97695,,true,false,false,Dwayne,,Polee II,,SDSU,,73,69,14,10,1,,,,,15,1,12,Free Throw 2 of 2,1,Free Throw Made,,,,210,210,
3,0,00,End of the Overtime,,,false,false,false,,,,,,,73,69,14,10,0,,,,,0,,,,15,End Period,,,,210,210,
3,0,00,End of the Game,,,false,false,false,,,,,,,73,69,14,10,0,,,,,0,,,,19,Game Over,,,,210,210,
