half,time-minutes,time-seconds,details,player1-id,player2-id,player1-linkable,player2-linkable,player3-linkable,player-first-name-1,player-first-name-2,player-last-name-1,player-last-name-2,player-team-alias-1,player-team-alias-2,home-score,visitor-score,visitor-fouls,home-fouls,player-fouls,fastbreak,in-paint,second-chance,off-turnover,player-score,points-type,detail-id,detail-desc,event-id,event-desc,distance,x-coord,y-coord,team-id-1,team-id-2,team-id-3
1,20,00,Start of the 1st Half,,,false,false,false,,,,,,,0,0,0,0,0,,,,,0,,,,14,Start Period,,,,258,258,
1,20,00,Admin Technical Foul foul committed by Brian Rohleder.,111466,,true,false,false,Brian,,Rohleder,,KanSt,,0,0,0,0,1,,,,,0,,30,Admin Technical Foul,8,Foul,,,,87,87,
1,20,00,Andrew Harrison misses free throw technical.,121086,,true,false,false,Andrew,,Harrison,,Kty,,0,0,0,0,0,,,,,0,1,16,Free Throw Technical,2,Free Throw Missed,,,,258,258,
1,20,00,Kty with an offensive rebound.,,,false,false,false,,,,,,,0,0,0,0,0,,,,,0,,,,5,Offensive Rebound,,,,258,258,
1,20,00,Andrew Harrison makes free throw technical.,121086,,true,false,false,Andrew,,Harrison,,Kty,,1,0,0,0,0,,,,,1,1,16,Free Throw Technical,1,Free Throw Made,,,,258,258,
1,19,31,Dakari Johnson with a traveling turnover: Traveling,121091,,true,false,false,Dakari,,Johnson,,Kty,,1,0,0,0,0,,,,,0,,4,Traveling,7,Turnover,,,,258,258,
1,19,16,Thomas Gipson makes a jump shot from 15 feet out. Marcus Foster with the assist.,109485,121724,true,true,false,Thomas,Marcus,Gipson,Foster,KanSt,KanSt,1,2,0,0,0,,,,,2,2,45,Jump Shot,3,Field Goal Made,15,-13.4,5.5,87,87,
1,19,09,Personal foul committed by Will Spradling.,97568,,true,false,false,Will,,Spradling,,KanSt,,1,2,1,0,1,,,,,0,,1,Personal,8,Foul,,,,87,87,
1,18,45,James Young misses a 3-point jump shot from 23 feet out.,121084,,true,false,false,James,,Young,,Kty,,1,2,1,0,0,,,,,0,3,45,Jump Shot,4,Field Goal Missed,23,-12.7,18.8,258,258,
1,18,45,Thomas Gipson with a defensive rebound.,109485,,true,false,false,Thomas,,Gipson,,KanSt,,1,2,1,0,0,,,,,2,,,,6,Defensive Rebound,,,,87,87,
1,18,15,Marcus Foster misses a layup shot.,121724,,true,false,false,Marcus,,Foster,,KanSt,,1,2,1,0,0,,,,,0,2,40,Layup Shot,4,Field Goal Missed,0,0,0,87,87,
1,18,15,Julius Randle with a defensive rebound.,121089,,true,false,false,Julius,,Randle,,Kty,,1,2,1,0,0,,,,,0,,,,6,Defensive Rebound,,,,258,258,
1,18,12,Aaron Harrison makes a layup shot. Andrew Harrison with the assist.,121085,121086,true,true,false,Aaron,Andrew,Harrison,Harrison,Kty,Kty,3,2,1,0,0,,,,,2,2,40,Layup Shot,3,Field Goal Made,0,0,0,258,258,
1,17,55,Will Spradling misses a 3-point jump shot from 24 feet out.,97568,,true,false,false,Will,,Spradling,,KanSt,,3,2,1,0,1,,,,,0,3,45,Jump Shot,4,Field Goal Missed,24,17.9,15.7,87,87,
1,17,55,Julius Randle with a defensive rebound.,121089,,true,false,false,Julius,,Randle,,Kty,,3,2,1,0,0,,,,,0,,,,6,Defensive Rebound,,,,258,258,
1,17,48,Andrew Harrison misses a layup shot.,121086,,true,false,false,Andrew,,Harrison,,Kty,,3,2,1,0,0,,,,,1,2,40,Layup Shot,4,Field Goal Missed,0,0,0,258,258,
1,17,48,Nino Williams with a defensive rebound.,97567,,true,false,false,Nino,,Williams,,KanSt,,3,2,1,0,0,,,,,0,,,,6,Defensive Rebound,,,,87,87,
1,17,35,Thomas Gipson makes a layup shot.,109485,,true,false,false,Thomas,,Gipson,,KanSt,,3,4,1,0,0,,,,,4,2,40,Layup Shot,3,Field Goal Made,0,0,0,87,87,
1,17,24,James Young with a traveling turnover: Traveling,121084,,true,false,false,James,,Young,,Kty,,3,4,1,0,0,,,,,0,,4,Traveling,7,Turnover,,,,258,258,
1,17,07,Will Spradling with a lost ball turnover: Lost Ball,97568,,true,false,false,Will,,Spradling,,KanSt,,3,4,1,0,1,,,,,0,,2,Lost Ball,7,Turnover,,,,87,87,
1,16,50,Andrew Harrison misses a jump shot from 8 feet out.,121086,,true,false,false,Andrew,,Harrison,,Kty,,3,4,1,0,0,,,,,1,2,45,Jump Shot,4,Field Goal Missed,8,-1.2,8.1,258,258,
1,16,50,Thomas Gipson with a defensive rebound.,109485,,true,false,false,Thomas,,Gipson,,KanSt,,3,4,1,0,0,,,,,4,,,,6,Defensive Rebound,,,,87,87,
1,16,37,Nino Williams misses a jump shot from 6 feet out.,97567,,true,false,false,Nino,,Williams,,KanSt,,3,4,1,0,0,,,,,0,2,45,Jump Shot,4,Field Goal Missed,6,-1.2,6.1,87,87,
1,16,37,KanSt with an offensive rebound.,,,false,false,false,,,,,,,3,4,1,0,0,,,,,0,,,,5,Offensive Rebound,,,,87,87,
1,16,33,Will Spradling with a lost ball turnover: Lost Ball,97568,,true,false,false,Will,,Spradling,,KanSt,,3,4,1,0,1,,,,,0,,2,Lost Ball,7,Turnover,,,,87,87,
1,16,25,James Young makes a layup shot.,121084,,true,false,false,James,,Young,,Kty,,5,4,1,0,0,,,,,2,2,40,Layup Shot,3,Field Goal Made,0,0,0,258,258,
1,16,11,Marcus Foster makes a jump shot from 20 feet out. Wesley Iwundu with the assist.,121724,121725,true,true,false,Marcus,Wesley,Foster,Iwundu,KanSt,KanSt,5,6,1,0,0,,,,,2,2,45,Jump Shot,3,Field Goal Made,20,-16.8,11.1,87,87,
1,15,45,Julius Randle misses a 3-point jump shot from 23 feet out.,121089,,true,false,false,Julius,,Randle,,Kty,,5,6,1,0,0,,,,,0,3,45,Jump Shot,4,Field Goal Missed,23,17.3,14.9,258,258,
1,15,45,Willie Cauley-Stein with an offensive rebound.,116777,,true,false,false,Willie,,Cauley-Stein,,Kty,,5,6,1,0,0,,,,,0,,,,5,Offensive Rebound,,,,258,258,
1,15,37,Willie Cauley-Stein misses a jump shot from 6 feet out.,116777,,true,false,false,Willie,,Cauley-Stein,,Kty,,5,6,1,0,0,,,,,0,2,45,Jump Shot,4,Field Goal Missed,6,2.3,5.7,258,258,
1,15,37,Alex Poythress with an offensive rebound.,116778,,true,false,false,Alex,,Poythress,,Kty,,5,6,1,0,0,,,,,0,,,,5,Offensive Rebound,,,,258,258,
1,15,36,Alex Poythress misses a jump shot from 5 feet out.,116778,,true,false,false,Alex,,Poythress,,Kty,,5,6,1,0,0,,,,,0,2,45,Jump Shot,4,Field Goal Missed,5,1.2,4.4,258,258,
1,15,36,Willie Cauley-Stein with an offensive rebound.,116777,,true,false,false,Willie,,Cauley-Stein,,Kty,,5,6,1,0,0,,,,,0,,,,5,Offensive Rebound,,,,258,258,
1,15,36,Willie Cauley-Stein misses a jump shot from 6 feet out.,116777,,true,false,false,Willie,,Cauley-Stein,,Kty,,5,6,1,0,0,,,,,0,2,45,Jump Shot,4,Field Goal Missed,6,1.2,5.5,258,258,
1,15,36,James Young with an offensive rebound.,121084,,true,false,false,James,,Young,,Kty,,5,6,1,0,0,,,,,2,,,,5,Offensive Rebound,,,,258,258,
1,15,36,James Young misses a jump shot from 5 feet out.,121084,,true,false,false,James,,Young,,Kty,,5,6,1,0,0,,,,,2,2,45,Jump Shot,4,Field Goal Missed,5,-1.4,4.8,258,258,
1,15,36,Julius Randle with an offensive rebound.,121089,,true,false,false,Julius,,Randle,,Kty,,5,6,1,0,0,,,,,0,,,,5,Offensive Rebound,,,,258,258,
1,15,35,Shooting foul committed by Nino Williams.,97567,,true,false,false,Nino,,Williams,,KanSt,,5,6,2,0,1,,,,,0,,2,Shooting,8,Foul,,,,87,87,
1,15,35,Official TV timeout.,,,false,false,false,,,,,,,5,6,2,0,0,,,,,0,,3,Official TV,11,Timeout,,,,258,258,
1,15,10,James Young misses a jump shot from 17 feet out.,121084,,true,false,false,James,,Young,,Kty,,5,6,2,0,0,,,,,2,2,45,Jump Shot,4,Field Goal Missed,17,-12.3,11.2,258,258,
1,15,10,Kty with an offensive rebound.,,,false,false,false,,,,,,,5,6,2,0,0,,,,,0,,,,5,Offensive Rebound,,,,258,258,
1,14,55,Julius Randle misses a 3-point jump shot from 24 feet out.,121089,,true,false,false,Julius,,Randle,,Kty,,5,6,2,0,0,,,,,0,3,45,Jump Shot,4,Field Goal Missed,24,12.7,19.9,258,258,
1,14,55,D.J. Johnson with a defensive rebound.,117653,,true,false,false,D.J.,,Johnson,,KanSt,,5,6,2,0,0,,,,,0,,,,6,Defensive Rebound,,,,87,87,
1,14,54,Personal foul committed by Willie Cauley-Stein.,116777,,true,false,false,Willie,,Cauley-Stein,,Kty,,5,6,2,1,1,,,,,0,,1,Personal,8,Foul,,,,258,258,
1,14,38,Marcus Foster misses a 3-point jump shot from 24 feet out.,121724,,true,false,false,Marcus,,Foster,,KanSt,,5,6,2,1,0,,,,,2,3,45,Jump Shot,4,Field Goal Missed,24,-20.8,10.9,87,87,
1,14,38,Alex Poythress with a defensive rebound.,116778,,true,false,false,Alex,,Poythress,,Kty,,5,6,2,1,0,,,,,0,,,,6,Defensive Rebound,,,,258,258,
1,14,31,Andrew Harrison with a lost ball turnover: Lost Ball,121086,,true,false,false,Andrew,,Harrison,,Kty,,5,6,2,1,0,,,,,1,,2,Lost Ball,7,Turnover,,,,258,258,
1,14,22,Marcus Foster makes a layup shot.,121724,,true,false,false,Marcus,,Foster,,KanSt,,5,8,2,1,0,,,,,4,2,40,Layup Shot,3,Field Goal Made,0,0,0,87,87,
1,14,15,Personal foul committed by Shane Southwell.,97565,,true,false,false,Shane,,Southwell,,KanSt,,5,8,3,1,1,,,,,0,,1,Personal,8,Foul,,,,87,87,
1,14,08,Alex Poythress misses a 3-point jump shot from 24 feet out.,116778,,true,false,false,Alex,,Poythress,,Kty,,5,8,3,1,0,,,,,0,3,45,Jump Shot,4,Field Goal Missed,24,-2.5,23.7,258,258,
1,14,08,Wesley Iwundu with a defensive rebound.,121725,,true,false,false,Wesley,,Iwundu,,KanSt,,5,8,3,1,0,,,,,0,,,,6,Defensive Rebound,,,,87,87,
1,13,54,Will Spradling misses a 3-point jump shot from 23 feet out.,97568,,true,false,false,Will,,Spradling,,KanSt,,5,8,3,1,1,,,,,0,3,45,Jump Shot,4,Field Goal Missed,23,17.5,15.5,87,87,
1,13,54,Julius Randle with a defensive rebound.,121089,,true,false,false,Julius,,Randle,,Kty,,5,8,3,1,0,,,,,0,,,,6,Defensive Rebound,,,,258,258,
1,13,36,Alex Poythress makes a 3-point jump shot from 23 feet out. Aaron Harrison with the assist.,116778,121085,true,true,false,Alex,Aaron,Poythress,Harrison,Kty,Kty,8,8,3,1,0,,,,,3,3,45,Jump Shot,3,Field Goal Made,23,-21,9.2,258,258,
1,13,14,Shooting foul committed by Dakari Johnson.,121091,,true,false,false,Dakari,,Johnson,,Kty,,8,8,3,2,1,,,,,0,,2,Shooting,8,Foul,,,,258,258,
1,13,14,Wesley Iwundu misses free throw 1 of 2.,121725,,true,false,false,Wesley,,Iwundu,,KanSt,,8,8,3,2,0,,,,,0,1,11,Free Throw 1 of 2,2,Free Throw Missed,,,,87,87,
1,13,14,KanSt with an offensive rebound.,,,false,false,false,,,,,,,8,8,3,2,0,,,,,0,,,,5,Offensive Rebound,,,,87,87,
1,13,14,Wesley Iwundu misses free throw 2 of 2.,121725,,true,false,false,Wesley,,Iwundu,,KanSt,,8,8,3,2,0,,,,,0,1,12,Free Throw 2 of 2,2,Free Throw Missed,,,,87,87,
1,13,14,Dakari Johnson with a defensive rebound.,121091,,true,false,false,Dakari,,Johnson,,Kty,,8,8,3,2,1,,,,,0,,,,6,Defensive Rebound,,,,258,258,
1,12,41,Shooting foul committed by D.J. Johnson.,117653,,true,false,false,D.J.,,Johnson,,KanSt,,8,8,4,2,1,,,,,0,,2,Shooting,8,Foul,,,,87,87,
1,12,41,Andrew Harrison makes free throw 1 of 2.,121086,,true,false,false,Andrew,,Harrison,,Kty,,9,8,4,2,0,,,,,2,1,11,Free Throw 1 of 2,1,Free Throw Made,,,,258,258,
1,12,41,Andrew Harrison makes free throw 2 of 2.,121086,,true,false,false,Andrew,,Harrison,,Kty,,10,8,4,2,0,,,,,3,1,12,Free Throw 2 of 2,1,Free Throw Made,,,,258,258,
1,12,16,Shane Southwell misses a 3-point jump shot from 24 feet out.,97565,,true,false,false,Shane,,Southwell,,KanSt,,10,8,4,2,1,,,,,0,3,45,Jump Shot,4,Field Goal Missed,24,-.6,23.7,87,87,
1,12,16,Omari Lawrence with an offensive rebound.,88677,,true,false,false,Omari,,Lawrence,,KanSt,,10,8,4,2,0,,,,,0,,,,5,Offensive Rebound,,,,87,87,
1,12,00,Omari Lawrence misses a layup shot.,88677,,true,false,false,Omari,,Lawrence,,KanSt,,10,8,4,2,0,,,,,0,2,40,Layup Shot,4,Field Goal Missed,0,0,0,87,87,
1,12,00,Aaron Harrison with a defensive rebound.,121085,,true,false,false,Aaron,,Harrison,,Kty,,10,8,4,2,0,,,,,2,,,,6,Defensive Rebound,,,,258,258,
1,11,55,Aaron Harrison makes a 3-point jump shot from 24 feet out. James Young with the assist.,121085,121084,true,true,false,Aaron,James,Harrison,Young,Kty,Kty,13,8,4,2,0,,,,,5,3,45,Jump Shot,3,Field Goal Made,24,.8,24,258,258,
1,11,35,Nigel Johnson with a lost ball turnover: Lost Ball,121726,,true,false,false,Nigel,,Johnson,,KanSt,,13,8,4,2,0,,,,,0,,2,Lost Ball,7,Turnover,,,,87,87,
1,11,35,Official TV timeout.,,,false,false,false,,,,,,,13,8,4,2,0,,,,,0,,3,Official TV,11,Timeout,,,,258,258,
1,10,58,Aaron Harrison misses a 3-point jump shot from 22 feet out.,121085,,true,false,false,Aaron,,Harrison,,Kty,,13,8,4,2,0,,,,,5,3,45,Jump Shot,4,Field Goal Missed,22,22.3,2.7,258,258,
1,10,58,Thomas Gipson with a defensive rebound.,109485,,true,false,false,Thomas,,Gipson,,KanSt,,13,8,4,2,0,,,,,4,,,,6,Defensive Rebound,,,,87,87,
1,10,25,Thomas Gipson makes a jump shot from 8 feet out.,109485,,true,false,false,Thomas,,Gipson,,KanSt,,13,10,4,2,0,,,,,6,2,45,Jump Shot,3,Field Goal Made,8,5.1,5.5,87,87,
1,9,55,Personal foul committed by Will Spradling.,97568,,true,false,false,Will,,Spradling,,KanSt,,13,10,5,2,2,,,,,0,,1,Personal,8,Foul,,,,87,87,
1,9,46,Andrew Harrison with a lost ball turnover: Lost Ball,121086,,true,false,false,Andrew,,Harrison,,Kty,,13,10,5,2,0,,,,,3,,2,Lost Ball,7,Turnover,,,,258,258,
1,9,37,Marcus Foster misses a layup shot.,121724,,true,false,false,Marcus,,Foster,,KanSt,,13,10,5,2,0,,,,,4,2,40,Layup Shot,4,Field Goal Missed,0,0,0,87,87,
1,9,37,KanSt with an offensive rebound.,,,false,false,false,,,,,,,13,10,5,2,0,,,,,0,,,,5,Offensive Rebound,,,,87,87,
1,9,35,Jevon Thomas with a lost ball turnover: Lost Ball,121728,,true,false,false,Jevon,,Thomas,,KanSt,,13,10,5,2,0,,,,,0,,2,Lost Ball,7,Turnover,,,,87,87,
1,9,35,Aaron Harrison with a out of bounds turnover: Out of Bounds,121085,,true,false,false,Aaron,,Harrison,,Kty,,13,10,5,2,0,,,,,5,,3,Out of Bounds,7,Turnover,,,,258,258,
1,9,20,Thomas Gipson misses a layup shot.,109485,,true,false,false,Thomas,,Gipson,,KanSt,,13,10,5,2,0,,,,,6,2,40,Layup Shot,4,Field Goal Missed,0,0,0,87,87,
1,9,20,Nino Williams with an offensive rebound.,97567,,true,false,false,Nino,,Williams,,KanSt,,13,10,5,2,1,,,,,0,,,,5,Offensive Rebound,,,,87,87,
1,9,06,Nino Williams misses a jump shot from 6 feet out.,97567,,true,false,false,Nino,,Williams,,KanSt,,13,10,5,2,1,,,,,0,2,45,Jump Shot,4,Field Goal Missed,6,0,6,87,87,
1,9,06,Andrew Harrison with a defensive rebound.,121086,,true,false,false,Andrew,,Harrison,,Kty,,13,10,5,2,0,,,,,3,,,,6,Defensive Rebound,,,,258,258,
1,8,50,Andrew Harrison makes a 3-point jump shot from 23 feet out.,121086,,true,false,false,Andrew,,Harrison,,Kty,,16,10,5,2,0,,,,,6,3,45,Jump Shot,3,Field Goal Made,23,1.8,23.1,258,258,
1,8,41,Marcus Foster misses a 3-point jump shot from 24 feet out.,121724,,true,false,false,Marcus,,Foster,,KanSt,,16,10,5,2,0,,,,,4,3,45,Jump Shot,4,Field Goal Missed,24,-10.3,21.2,87,87,
1,8,41,Andrew Harrison with a defensive rebound.,121086,,true,false,false,Andrew,,Harrison,,Kty,,16,10,5,2,0,,,,,6,,,,6,Defensive Rebound,,,,258,258,
1,8,24,Aaron Harrison makes a 3-point jump shot from 23 feet out. Andrew Harrison with the assist.,121085,121086,true,true,false,Aaron,Andrew,Harrison,Harrison,Kty,Kty,19,10,5,2,0,,,,,8,3,45,Jump Shot,3,Field Goal Made,23,18.1,14.4,258,258,
1,8,21,KanSt take a 20-second timeout.,,,false,false,false,,,,,,,19,10,5,2,0,,,,,0,,2,Short,11,Timeout,,,,87,87,
1,8,05,Thomas Gipson makes a jump shot from 6 feet out. Marcus Foster with the assist.,109485,121724,true,true,false,Thomas,Marcus,Gipson,Foster,KanSt,KanSt,19,12,5,2,0,,,,,8,2,45,Jump Shot,3,Field Goal Made,6,-4.2,3.7,87,87,
1,7,42,James Young misses a 3-point jump shot from 24 feet out.,121084,,true,false,false,James,,Young,,Kty,,19,12,5,2,0,,,,,2,3,45,Jump Shot,4,Field Goal Missed,24,20,14,258,258,
1,7,42,Willie Cauley-Stein with an offensive rebound.,116777,,true,false,false,Willie,,Cauley-Stein,,Kty,,19,12,5,2,1,,,,,0,,,,5,Offensive Rebound,,,,258,258,
1,7,42,Willie Cauley-Stein with a lost ball turnover: Lost Ball,116777,,true,false,false,Willie,,Cauley-Stein,,Kty,,19,12,5,2,1,,,,,0,,2,Lost Ball,7,Turnover,,,,258,258,
1,7,40,Official TV timeout.,,,false,false,false,,,,,,,19,12,5,2,0,,,,,0,,3,Official TV,11,Timeout,,,,258,258,
1,7,21,Nigel Johnson with a bad pass turnover: Bad Pass,121726,,true,false,false,Nigel,,Johnson,,KanSt,,19,12,5,2,0,,,,,0,,1,Bad Pass,7,Turnover,,,,87,87,
1,6,55,James Young misses a jump shot from 5 feet out.,121084,,true,false,false,James,,Young,,Kty,,19,12,5,2,0,,,,,2,2,45,Jump Shot,4,Field Goal Missed,5,.1,4.6,258,258,
1,6,55,James Young with an offensive rebound.,121084,,true,false,false,James,,Young,,Kty,,19,12,5,2,0,,,,,2,,,,5,Offensive Rebound,,,,258,258,
1,6,55,James Young makes a jump shot from 5 feet out.,121084,,true,false,false,James,,Young,,Kty,,21,12,5,2,0,,,,,4,2,45,Jump Shot,3,Field Goal Made,5,.1,4.6,258,258,
1,6,55,Shooting foul committed by Wesley Iwundu.,121725,,true,false,false,Wesley,,Iwundu,,KanSt,,21,12,6,2,1,,,,,0,,2,Shooting,8,Foul,,,,87,87,
1,6,55,James Young makes free throw 1 of 1.,121084,,true,false,false,James,,Young,,Kty,,22,12,6,2,0,,,,,5,1,10,Free Throw 1 of 1,1,Free Throw Made,,,,258,258,
1,6,42,Wesley Iwundu makes a jump shot from 18 feet out.,121725,,true,false,false,Wesley,,Iwundu,,KanSt,,22,14,6,2,1,,,,,2,2,45,Jump Shot,3,Field Goal Made,18,-1.9,17.5,87,87,
1,6,07,Julius Randle misses a layup shot.,121089,,true,false,false,Julius,,Randle,,Kty,,22,14,6,2,0,,,,,0,2,40,Layup Shot,4,Field Goal Missed,0,0,0,258,258,
1,6,07,Thomas Gipson with a defensive rebound.,109485,,true,false,false,Thomas,,Gipson,,KanSt,,22,14,6,2,0,,,,,8,,,,6,Defensive Rebound,,,,87,87,
1,6,01,Nigel Johnson misses a layup shot.,121726,,true,false,false,Nigel,,Johnson,,KanSt,,22,14,6,2,0,,,,,0,2,40,Layup Shot,4,Field Goal Missed,0,0,0,87,87,
1,6,01,James Young with a defensive rebound.,121084,,true,false,false,James,,Young,,Kty,,22,14,6,2,0,,,,,5,,,,6,Defensive Rebound,,,,258,258,
1,5,57,Shooting foul committed by Wesley Iwundu.,121725,,true,false,false,Wesley,,Iwundu,,KanSt,,22,14,7,2,2,,,,,2,,2,Shooting,8,Foul,,,,87,87,
1,5,57,Julius Randle makes free throw 1 of 2.,121089,,true,false,false,Julius,,Randle,,Kty,,23,14,7,2,0,,,,,1,1,11,Free Throw 1 of 2,1,Free Throw Made,,,,258,258,
1,5,57,Julius Randle makes free throw 2 of 2.,121089,,true,false,false,Julius,,Randle,,Kty,,24,14,7,2,0,,,,,2,1,12,Free Throw 2 of 2,1,Free Throw Made,,,,258,258,
1,5,32,Marcus Foster makes a dunk shot.,121724,,true,false,false,Marcus,,Foster,,KanSt,,24,16,7,2,0,,,,,6,2,48,Dunk Shot,3,Field Goal Made,0,0,0,87,87,
1,5,04,James Young misses a 3-point jump shot from 23 feet out.,121084,,true,false,false,James,,Young,,Kty,,24,16,7,2,0,,,,,5,3,45,Jump Shot,4,Field Goal Missed,23,19.7,12,258,258,
1,5,04,Nigel Johnson with a defensive rebound.,121726,,true,false,false,Nigel,,Johnson,,KanSt,,24,16,7,2,0,,,,,0,,,,6,Defensive Rebound,,,,87,87,
1,4,27,Will Spradling misses a layup shot.,97568,,true,false,false,Will,,Spradling,,KanSt,,24,16,7,2,2,,,,,0,2,40,Layup Shot,4,Field Goal Missed,0,0,0,87,87,
1,4,27,Willie Cauley-Stein with a defensive rebound.,116777,,true,false,false,Willie,,Cauley-Stein,,Kty,,24,16,7,2,1,,,,,0,,,,6,Defensive Rebound,,,,258,258,
1,4,23,Julius Randle makes a dunk shot. Andrew Harrison with the assist.,121089,121086,true,true,false,Julius,Andrew,Randle,Harrison,Kty,Kty,26,16,7,2,0,,,,,4,2,48,Dunk Shot,3,Field Goal Made,0,0,0,258,258,
1,4,05,Shane Southwell misses a 3-point jump shot from 23 feet out.,97565,,true,false,false,Shane,,Southwell,,KanSt,,26,16,7,2,1,,,,,0,3,45,Jump Shot,4,Field Goal Missed,23,-20.8,10.7,87,87,
1,4,05,Julius Randle with a defensive rebound.,121089,,true,false,false,Julius,,Randle,,Kty,,26,16,7,2,0,,,,,4,,,,6,Defensive Rebound,,,,258,258,
1,3,57,James Young misses a layup shot.,121084,,true,false,false,James,,Young,,Kty,,26,16,7,2,0,,,,,5,2,40,Layup Shot,4,Field Goal Missed,0,0,0,258,258,
1,3,57,Marcus Foster with a defensive rebound.,121724,,true,false,false,Marcus,,Foster,,KanSt,,26,16,7,2,0,,,,,6,,,,6,Defensive Rebound,,,,87,87,
1,3,50,Marcus Foster misses a layup shot.,121724,,true,false,false,Marcus,,Foster,,KanSt,,26,16,7,2,0,,,,,6,2,40,Layup Shot,4,Field Goal Missed,0,0,0,87,87,
1,3,50,Andrew Harrison with a defensive rebound.,121086,,true,false,false,Andrew,,Harrison,,Kty,,26,16,7,2,0,,,,,6,,,,6,Defensive Rebound,,,,258,258,
1,3,50,Offensive foul committed by James Young.,121084,,true,false,false,James,,Young,,Kty,,26,16,7,3,1,,,,,5,,4,Offensive,8,Foul,,,,258,258,
1,3,50,James Young with a  turnover:,121084,,true,false,false,James,,Young,,Kty,,26,16,7,3,1,,,,,5,,,,7,Turnover,,,,258,258,
1,3,50,Official TV timeout.,,,false,false,false,,,,,,,26,16,7,3,0,,,,,0,,3,Official TV,11,Timeout,,,,258,258,
1,3,28,Shooting foul committed by Dakari Johnson.,121091,,true,false,false,Dakari,,Johnson,,Kty,,26,16,7,4,2,,,,,0,,2,Shooting,8,Foul,,,,258,258,
1,3,28,D.J. Johnson makes free throw 1 of 2.,117653,,true,false,false,D.J.,,Johnson,,KanSt,,26,17,7,4,1,,,,,1,1,11,Free Throw 1 of 2,1,Free Throw Made,,,,87,87,
1,3,28,D.J. Johnson misses free throw 2 of 2.,117653,,true,false,false,D.J.,,Johnson,,KanSt,,26,17,7,4,1,,,,,1,1,12,Free Throw 2 of 2,2,Free Throw Missed,,,,87,87,
1,3,28,Julius Randle with a defensive rebound.,121089,,true,false,false,Julius,,Randle,,Kty,,26,17,7,4,0,,,,,4,,,,6,Defensive Rebound,,,,258,258,
1,3,03,Personal foul committed by Jevon Thomas.,121728,,true,false,false,Jevon,,Thomas,,KanSt,,26,17,8,4,1,,,,,0,,1,Personal,8,Foul,,,,87,87,
1,3,03,Aaron Harrison makes free throw 1st of 1-and-1.,121085,,true,false,false,Aaron,,Harrison,,Kty,,27,17,8,4,0,,,,,9,1,8,Free Throw 1st of 1-and-1,1,Free Throw Made,,,,258,258,
1,3,03,Aaron Harrison misses free throw 2nd of 1-and-1.,121085,,true,false,false,Aaron,,Harrison,,Kty,,27,17,8,4,0,,,,,9,1,9,Free Throw 2nd of 1-and-1,2,Free Throw Missed,,,,258,258,
1,3,03,Thomas Gipson with a defensive rebound.,109485,,true,false,false,Thomas,,Gipson,,KanSt,,27,17,8,4,0,,,,,8,,,,6,Defensive Rebound,,,,87,87,
1,2,32,Jevon Thomas misses a jump shot from 18 feet out.,121728,,true,false,false,Jevon,,Thomas,,KanSt,,27,17,8,4,1,,,,,0,2,45,Jump Shot,4,Field Goal Missed,18,3.2,17.7,87,87,
1,2,32,Andrew Harrison with a defensive rebound.,121086,,true,false,false,Andrew,,Harrison,,Kty,,27,17,8,4,0,,,,,6,,,,6,Defensive Rebound,,,,258,258,
1,2,26,Julius Randle makes a layup shot.,121089,,true,false,false,Julius,,Randle,,Kty,,29,17,8,4,0,,,,,6,2,40,Layup Shot,3,Field Goal Made,0,0,0,258,258,
1,2,05,Will Spradling misses a 3-point jump shot from 22 feet out.,97568,,true,false,false,Will,,Spradling,,KanSt,,29,17,8,4,2,,,,,0,3,45,Jump Shot,4,Field Goal Missed,22,22.3,1.4,87,87,
1,2,05,Jevon Thomas with an offensive rebound.,121728,,true,false,false,Jevon,,Thomas,,KanSt,,29,17,8,4,1,,,,,0,,,,5,Offensive Rebound,,,,87,87,
1,1,56,Jevon Thomas makes a layup shot.,121728,,true,false,false,Jevon,,Thomas,,KanSt,,29,19,8,4,1,,,,,2,2,40,Layup Shot,3,Field Goal Made,0,0,0,87,87,
1,1,21,Julius Randle misses a jump shot from 18 feet out.,121089,,true,false,false,Julius,,Randle,,Kty,,29,19,8,4,0,,,,,6,2,45,Jump Shot,4,Field Goal Missed,18,-8.6,15.9,258,258,
1,1,21,Thomas Gipson with a defensive rebound.,109485,,true,false,false,Thomas,,Gipson,,KanSt,,29,19,8,4,0,,,,,8,,,,6,Defensive Rebound,,,,87,87,
1,1,11,Shooting foul committed by Julius Randle.,121089,,true,false,false,Julius,,Randle,,Kty,,29,19,8,5,1,,,,,6,,2,Shooting,8,Foul,,,,258,258,
1,1,11,Shane Southwell makes free throw 1 of 2.,97565,,true,false,false,Shane,,Southwell,,KanSt,,29,20,8,5,1,,,,,1,1,11,Free Throw 1 of 2,1,Free Throw Made,,,,87,87,
1,1,11,Shane Southwell makes free throw 2 of 2.,97565,,true,false,false,Shane,,Southwell,,KanSt,,29,21,8,5,1,,,,,2,1,12,Free Throw 2 of 2,1,Free Throw Made,,,,87,87,
1,0,54.7,Andrew Harrison with a lost ball turnover: Lost Ball,121086,,true,false,false,Andrew,,Harrison,,Kty,,29,21,8,5,0,,,,,6,,2,Lost Ball,7,Turnover,,,,258,258,
1,0,41.4,Marcus Foster makes a layup shot.,121724,,true,false,false,Marcus,,Foster,,KanSt,,29,23,8,5,0,,,,,8,2,40,Layup Shot,3,Field Goal Made,0,0,0,87,87,
1,0,31.9,Kty take a 20-second timeout.,,,false,false,false,,,,,,,29,23,8,5,0,,,,,0,,2,Short,11,Timeout,,,,258,258,
1,0,00.9,Andrew Harrison with a shot clock turnover turnover: Shot Clock Turnover,121086,,true,false,false,Andrew,,Harrison,,Kty,,29,23,8,5,0,,,,,6,,11,Shot Clock Turnover,7,Turnover,,,,258,258,
1,0,00,End of the 1st Half,,,false,false,false,,,,,,,29,23,8,5,0,,,,,0,,,,15,End Period,,,,258,258,
2,20,00,Start of the 2nd Half,,,false,false,false,,,,,,,29,23,0,0,0,,,,,0,,,,14,Start Period,,,,258,258,
2,19,47,Shane Southwell makes a 3-point jump shot from 22 feet out. Will Spradling with the assist.,97565,97568,true,true,false,Shane,Will,Southwell,Spradling,KanSt,KanSt,29,26,0,0,1,,,,,5,3,45,Jump Shot,3,Field Goal Made,22,-6.8,21.1,87,87,
2,19,10,Andrew Harrison misses a 3-point jump shot from 23 feet out.,121086,,true,false,false,Andrew,,Harrison,,Kty,,29,26,0,0,0,,,,,6,3,45,Jump Shot,4,Field Goal Missed,23,13.2,18.8,258,258,
2,19,10,KanSt with a defensive rebound.,,,false,false,false,,,,,,,29,26,0,0,0,,,,,0,,,,6,Defensive Rebound,,,,87,87,
2,18,52,Shooting foul committed by Willie Cauley-Stein.,116777,,true,false,false,Willie,,Cauley-Stein,,Kty,,29,26,0,1,2,,,,,0,,2,Shooting,8,Foul,,,,258,258,
2,18,52,Thomas Gipson misses free throw 1 of 2.,109485,,true,false,false,Thomas,,Gipson,,KanSt,,29,26,0,1,0,,,,,8,1,11,Free Throw 1 of 2,2,Free Throw Missed,,,,87,87,
2,18,52,KanSt with an offensive rebound.,,,false,false,false,,,,,,,29,26,0,1,0,,,,,0,,,,5,Offensive Rebound,,,,87,87,
2,18,52,Thomas Gipson misses free throw 2 of 2.,109485,,true,false,false,Thomas,,Gipson,,KanSt,,29,26,0,1,0,,,,,8,1,12,Free Throw 2 of 2,2,Free Throw Missed,,,,87,87,
2,18,52,Willie Cauley-Stein with a defensive rebound.,116777,,true,false,false,Willie,,Cauley-Stein,,Kty,,29,26,0,1,2,,,,,0,,,,6,Defensive Rebound,,,,258,258,
2,18,43,Julius Randle makes a hook shot from 6 feet out. Andrew Harrison with the assist.,121089,121086,true,true,false,Julius,Andrew,Randle,Harrison,Kty,Kty,31,26,0,1,1,,,,,8,2,55,Hook Shot,3,Field Goal Made,6,-.6,5.5,258,258,
2,18,17,Shane Southwell misses a jump shot from 14 feet out.,97565,,true,false,false,Shane,,Southwell,,KanSt,,31,26,0,1,1,,,,,5,2,45,Jump Shot,4,Field Goal Missed,14,2.5,13.8,87,87,
2,18,17,Julius Randle with a defensive rebound.,121089,,true,false,false,Julius,,Randle,,Kty,,31,26,0,1,1,,,,,8,,,,6,Defensive Rebound,,,,258,258,
2,18,11,Offensive foul committed by Julius Randle.,121089,,true,false,false,Julius,,Randle,,Kty,,31,26,0,2,2,,,,,8,,4,Offensive,8,Foul,,,,258,258,
2,18,11,Julius Randle with a  turnover:,121089,,true,false,false,Julius,,Randle,,Kty,,31,26,0,2,2,,,,,8,,,,7,Turnover,,,,258,258,
2,17,51,Thomas Gipson misses a layup shot.,109485,,true,false,false,Thomas,,Gipson,,KanSt,,31,26,0,2,0,,,,,8,2,40,Layup Shot,4,Field Goal Missed,0,0,0,87,87,
2,17,51,Thomas Gipson with an offensive rebound.,109485,,true,false,false,Thomas,,Gipson,,KanSt,,31,26,0,2,0,,,,,8,,,,5,Offensive Rebound,,,,87,87,
2,17,43,Thomas Gipson with a lost ball turnover: Lost Ball,109485,,true,false,false,Thomas,,Gipson,,KanSt,,31,26,0,2,0,,,,,8,,2,Lost Ball,7,Turnover,,,,87,87,
2,17,32,Aaron Harrison makes a jump shot from 8 feet out.,121085,,true,false,false,Aaron,,Harrison,,Kty,,33,26,0,2,0,,,,,11,2,45,Jump Shot,3,Field Goal Made,8,6.8,3.3,258,258,
2,17,14,Wesley Iwundu makes a layup shot. Marcus Foster with the assist.,121725,121724,true,true,false,Wesley,Marcus,Iwundu,Foster,KanSt,KanSt,33,28,0,2,2,,,,,4,2,40,Layup Shot,3,Field Goal Made,0,0,0,87,87,
2,16,46,Personal foul committed by Will Spradling.,97568,,true,false,false,Will,,Spradling,,KanSt,,33,28,1,2,3,,,,,0,,1,Personal,8,Foul,,,,87,87,
2,16,19,Aaron Harrison makes a jump shot from 17 feet out.,121085,,true,false,false,Aaron,,Harrison,,Kty,,35,28,1,2,0,,,,,13,2,45,Jump Shot,3,Field Goal Made,17,-15.3,6.4,258,258,
2,15,58,Marcus Foster makes a layup shot.,121724,,true,false,false,Marcus,,Foster,,KanSt,,35,30,1,2,0,,,,,10,2,40,Layup Shot,3,Field Goal Made,0,0,0,87,87,
2,15,31,Alex Poythress misses a 3-point jump shot from 22 feet out.,116778,,true,false,false,Alex,,Poythress,,Kty,,35,30,1,2,0,,,,,3,3,45,Jump Shot,4,Field Goal Missed,22,22.1,2.2,258,258,
2,15,31,Wesley Iwundu with a defensive rebound.,121725,,true,false,false,Wesley,,Iwundu,,KanSt,,35,30,1,2,2,,,,,4,,,,6,Defensive Rebound,,,,87,87,
2,15,25,Marcus Foster misses a 3-point jump shot from 23 feet out.,121724,,true,false,false,Marcus,,Foster,,KanSt,,35,30,1,2,0,,,,,10,3,45,Jump Shot,4,Field Goal Missed,23,16.9,15.9,87,87,
2,15,25,Marcus Foster with an offensive rebound.,121724,,true,false,false,Marcus,,Foster,,KanSt,,35,30,1,2,0,,,,,10,,,,5,Offensive Rebound,,,,87,87,
2,15,05,Shane Southwell makes a 3-point jump shot from 24 feet out. Marcus Foster with the assist.,97565,121724,true,true,false,Shane,Marcus,Southwell,Foster,KanSt,KanSt,35,33,1,2,1,,,,,8,3,45,Jump Shot,3,Field Goal Made,24,15.6,17.5,87,87,
2,14,54,Official TV timeout.,,,false,false,false,,,,,,,35,33,1,2,0,,,,,0,,3,Official TV,11,Timeout,,,,258,258,
2,14,33,Personal foul committed by Nino Williams.,97567,,true,false,false,Nino,,Williams,,KanSt,,35,33,2,2,2,,,,,0,,1,Personal,8,Foul,,,,87,87,
2,14,20,James Young makes a jump shot from 14 feet out.,121084,,true,false,false,James,,Young,,Kty,,37,33,2,2,1,,,,,7,2,45,Jump Shot,3,Field Goal Made,14,-2.7,13.3,258,258,
2,14,00,Marcus Foster misses a layup shot.,121724,,true,false,false,Marcus,,Foster,,KanSt,,37,33,2,2,0,,,,,10,2,40,Layup Shot,4,Field Goal Missed,0,0,0,87,87,
2,14,00,Jarrod Polson with a defensive rebound.,100459,,true,false,false,Jarrod,,Polson,,Kty,,37,33,2,2,0,,,,,0,,,,6,Defensive Rebound,,,,258,258,
2,13,29,Personal foul committed by Nigel Johnson.,121726,,true,false,false,Nigel,,Johnson,,KanSt,,37,33,3,2,1,,,,,0,,1,Personal,8,Foul,,,,87,87,
2,13,21,Personal foul committed by Nino Williams.,97567,,true,false,false,Nino,,Williams,,KanSt,,37,33,4,2,3,,,,,0,,1,Personal,8,Foul,,,,87,87,
2,13,09,Andrew Harrison misses a layup shot.,121086,,true,false,false,Andrew,,Harrison,,Kty,,37,33,4,2,0,,,,,6,2,40,Layup Shot,4,Field Goal Missed,0,0,0,258,258,
2,13,09,Wesley Iwundu with a defensive rebound.,121725,,true,false,false,Wesley,,Iwundu,,KanSt,,37,33,4,2,2,,,,,4,,,,6,Defensive Rebound,,,,87,87,
2,13,01,Nigel Johnson misses a 3-point jump shot from 23 feet out.,121726,,true,false,false,Nigel,,Johnson,,KanSt,,37,33,4,2,1,,,,,0,3,45,Jump Shot,4,Field Goal Missed,23,20.3,10.3,87,87,
2,13,01,Willie Cauley-Stein with a defensive rebound.,116777,,true,false,false,Willie,,Cauley-Stein,,Kty,,37,33,4,2,2,,,,,0,,,,6,Defensive Rebound,,,,258,258,
2,12,50,Aaron Harrison makes a layup shot. Willie Cauley-Stein with the assist.,121085,116777,true,true,false,Aaron,Willie,Harrison,Cauley-Stein,Kty,Kty,39,33,4,2,0,,,,,15,2,40,Layup Shot,3,Field Goal Made,0,0,0,258,258,
2,12,38,Shane Southwell misses a layup shot.,97565,,true,false,false,Shane,,Southwell,,KanSt,,39,33,4,2,1,,,,,8,2,40,Layup Shot,4,Field Goal Missed,0,0,0,87,87,
2,12,38,James Young with a defensive rebound.,121084,,true,false,false,James,,Young,,Kty,,39,33,4,2,1,,,,,7,,,,6,Defensive Rebound,,,,258,258,
2,12,32,Technical foul committed by Shane Southwell.,97565,,true,false,false,Shane,,Southwell,,KanSt,,39,33,5,2,2,,,,,8,,11,Technical,8,Foul,,,,87,87,
2,12,32,Andrew Harrison makes free throw technical.,121086,,true,false,false,Andrew,,Harrison,,Kty,,40,33,5,2,0,,,,,7,1,16,Free Throw Technical,1,Free Throw Made,,,,258,258,
2,12,32,Andrew Harrison misses free throw technical.,121086,,true,false,false,Andrew,,Harrison,,Kty,,40,33,5,2,0,,,,,7,1,16,Free Throw Technical,2,Free Throw Missed,,,,258,258,
2,12,32,Kty with an offensive rebound.,,,false,false,false,,,,,,,40,33,5,2,0,,,,,0,,,,5,Offensive Rebound,,,,258,258,
2,12,02,Julius Randle makes a jump shot from 8 feet out.,121089,,true,false,false,Julius,,Randle,,Kty,,42,33,5,2,2,,,,,10,2,45,Jump Shot,3,Field Goal Made,8,4.7,7,258,258,
2,11,38,Marcus Foster misses a layup shot.,121724,,true,false,false,Marcus,,Foster,,KanSt,,42,33,5,2,0,,,,,10,2,40,Layup Shot,4,Field Goal Missed,0,0,0,87,87,
2,11,38,Kty with a defensive rebound.,,,false,false,false,,,,,,,42,33,5,2,0,,,,,0,,,,6,Defensive Rebound,,,,258,258,
2,11,38,Official TV timeout.,,,false,false,false,,,,,,,42,33,5,2,0,,,,,0,,3,Official TV,11,Timeout,,,,258,258,
2,11,30,Aaron Harrison misses a jump shot from 6 feet out.,121085,,true,false,false,Aaron,,Harrison,,Kty,,42,33,5,2,0,,,,,15,2,45,Jump Shot,4,Field Goal Missed,6,.3,6.4,258,258,
2,11,30,Willie Cauley-Stein with an offensive rebound.,116777,,true,false,false,Willie,,Cauley-Stein,,Kty,,42,33,5,2,2,,,,,0,,,,5,Offensive Rebound,,,,258,258,
2,11,26,Willie Cauley-Stein misses a layup shot.,116777,,true,false,false,Willie,,Cauley-Stein,,Kty,,42,33,5,2,2,,,,,0,2,40,Layup Shot,4,Field Goal Missed,0,0,0,258,258,
2,11,26,KanSt with a defensive rebound.,,,false,false,false,,,,,,,42,33,5,2,0,,,,,0,,,,6,Defensive Rebound,,,,87,87,
2,11,02,Shane Southwell makes a 3-point jump shot from 23 feet out. Marcus Foster with the assist.,97565,121724,true,true,false,Shane,Marcus,Southwell,Foster,KanSt,KanSt,42,36,5,2,2,,,,,11,3,45,Jump Shot,3,Field Goal Made,23,-17.1,15.5,87,87,
2,10,16,Andrew Harrison misses a 3-point jump shot from 23 feet out.,121086,,true,false,false,Andrew,,Harrison,,Kty,,42,36,5,2,0,,,,,7,3,45,Jump Shot,4,Field Goal Missed,23,-18.6,12.9,258,258,
2,10,16,Willie Cauley-Stein with an offensive rebound.,116777,,true,false,false,Willie,,Cauley-Stein,,Kty,,42,36,5,2,2,,,,,0,,,,5,Offensive Rebound,,,,258,258,
2,10,12,Willie Cauley-Stein makes a dunk shot.,116777,,true,false,false,Willie,,Cauley-Stein,,Kty,,44,36,5,2,2,,,,,2,2,48,Dunk Shot,3,Field Goal Made,0,0,0,258,258,
2,9,56,Shane Southwell misses a jump shot from 20 feet out.,97565,,true,false,false,Shane,,Southwell,,KanSt,,44,36,5,2,2,,,,,11,2,45,Jump Shot,4,Field Goal Missed,20,-1.4,20.3,87,87,
2,9,56,Kty with a defensive rebound.,,,false,false,false,,,,,,,44,36,5,2,0,,,,,0,,,,6,Defensive Rebound,,,,258,258,
2,9,33,James Young misses a jump shot from 6 feet out.,121084,,true,false,false,James,,Young,,Kty,,44,36,5,2,1,,,,,7,2,45,Jump Shot,4,Field Goal Missed,6,-.8,6.1,258,258,
2,9,33,Julius Randle with an offensive rebound.,121089,,true,false,false,Julius,,Randle,,Kty,,44,36,5,2,2,,,,,10,,,,5,Offensive Rebound,,,,258,258,
2,9,28,Julius Randle misses a jump shot from 4 feet out.,121089,,true,false,false,Julius,,Randle,,Kty,,44,36,5,2,2,,,,,10,2,45,Jump Shot,4,Field Goal Missed,4,-1.6,3.5,258,258,
2,9,28,KanSt with a defensive rebound.,,,false,false,false,,,,,,,44,36,5,2,0,,,,,0,,,,6,Defensive Rebound,,,,87,87,
2,9,10,Marcus Foster misses a 3-point jump shot from 23 feet out.,121724,,true,false,false,Marcus,,Foster,,KanSt,,44,36,5,2,0,,,,,10,3,45,Jump Shot,4,Field Goal Missed,23,16.9,15.9,87,87,
2,9,10,Julius Randle with a defensive rebound.,121089,,true,false,false,Julius,,Randle,,Kty,,44,36,5,2,2,,,,,10,,,,6,Defensive Rebound,,,,258,258,
2,9,06,Kty take a 20-second timeout.,,,false,false,false,,,,,,,44,36,5,2,0,,,,,0,,2,Short,11,Timeout,,,,258,258,
2,8,46,James Young misses a jump shot from 12 feet out.,121084,,true,false,false,James,,Young,,Kty,,44,36,5,2,1,,,,,7,2,45,Jump Shot,4,Field Goal Missed,12,11.2,4,258,258,
2,8,46,James Young with an offensive rebound.,121084,,true,false,false,James,,Young,,Kty,,44,36,5,2,1,,,,,7,,,,5,Offensive Rebound,,,,258,258,
2,8,44,Offensive foul committed by James Young.,121084,,true,false,false,James,,Young,,Kty,,44,36,5,3,2,,,,,7,,4,Offensive,8,Foul,,,,258,258,
2,8,44,James Young with a  turnover:,121084,,true,false,false,James,,Young,,Kty,,44,36,5,3,2,,,,,7,,,,7,Turnover,,,,258,258,
2,8,32,Shooting foul committed by Willie Cauley-Stein.,116777,,true,false,false,Willie,,Cauley-Stein,,Kty,,44,36,5,4,3,,,,,2,,2,Shooting,8,Foul,,,,258,258,
2,8,32,Thomas Gipson makes free throw 1 of 2.,109485,,true,false,false,Thomas,,Gipson,,KanSt,,44,37,5,4,0,,,,,9,1,11,Free Throw 1 of 2,1,Free Throw Made,,,,87,87,
2,8,32,Thomas Gipson makes free throw 2 of 2.,109485,,true,false,false,Thomas,,Gipson,,KanSt,,44,38,5,4,0,,,,,10,1,12,Free Throw 2 of 2,1,Free Throw Made,,,,87,87,
2,8,07,Dakari Johnson misses a layup shot.,121091,,true,false,false,Dakari,,Johnson,,Kty,,44,38,5,4,2,,,,,0,2,40,Layup Shot,4,Field Goal Missed,0,0,0,258,258,
2,8,07,Julius Randle with an offensive rebound.,121089,,true,false,false,Julius,,Randle,,Kty,,44,38,5,4,2,,,,,10,,,,5,Offensive Rebound,,,,258,258,
2,8,02,Julius Randle makes a layup shot.,121089,,true,false,false,Julius,,Randle,,Kty,,46,38,5,4,2,,,,,12,2,40,Layup Shot,3,Field Goal Made,0,0,0,258,258,
2,7,35,Official TV timeout.,,,false,false,false,,,,,,,46,38,5,4,0,,,,,0,,3,Official TV,11,Timeout,,,,258,258,
2,7,17,KanSt with a turnover: Shot Clock Turnover,,,false,false,false,,,,,,,46,38,5,4,0,,,,,0,,11,Shot Clock Turnover,7,Turnover,,,,87,87,
2,7,07,Andrew Harrison with a traveling turnover: Traveling,121086,,true,false,false,Andrew,,Harrison,,Kty,,46,38,5,4,0,,,,,7,,4,Traveling,7,Turnover,,,,258,258,
2,6,33,Will Spradling with a lost ball turnover: Lost Ball,97568,,true,false,false,Will,,Spradling,,KanSt,,46,38,5,4,3,,,,,0,,2,Lost Ball,7,Turnover,,,,87,87,
2,6,02,Aaron Harrison misses a 3-point jump shot from 23 feet out.,121085,,true,false,false,Aaron,,Harrison,,Kty,,46,38,5,4,0,,,,,15,3,45,Jump Shot,4,Field Goal Missed,23,-19.5,12,258,258,
2,6,02,Marcus Foster with a defensive rebound.,121724,,true,false,false,Marcus,,Foster,,KanSt,,46,38,5,4,0,,,,,10,,,,6,Defensive Rebound,,,,87,87,
2,5,56,Wesley Iwundu with a lost ball turnover: Lost Ball,121725,,true,false,false,Wesley,,Iwundu,,KanSt,,46,38,5,4,2,,,,,4,,2,Lost Ball,7,Turnover,,,,87,87,
2,5,27,Julius Randle makes a layup shot.,121089,,true,false,false,Julius,,Randle,,Kty,,48,38,5,4,2,,,,,14,2,40,Layup Shot,3,Field Goal Made,0,0,0,258,258,
2,5,26,Shooting foul committed by Thomas Gipson.,109485,,true,false,false,Thomas,,Gipson,,KanSt,,48,38,6,4,1,,,,,10,,2,Shooting,8,Foul,,,,87,87,
2,5,26,Julius Randle makes free throw 1 of 1.,121089,,true,false,false,Julius,,Randle,,Kty,,49,38,6,4,2,,,,,15,1,10,Free Throw 1 of 1,1,Free Throw Made,,,,258,258,
2,5,09,Marcus Foster misses a 3-point jump shot from 22 feet out.,121724,,true,false,false,Marcus,,Foster,,KanSt,,49,38,6,4,0,,,,,10,3,45,Jump Shot,4,Field Goal Missed,22,-21.9,3.1,87,87,
2,5,09,Julius Randle with a defensive rebound.,121089,,true,false,false,Julius,,Randle,,Kty,,49,38,6,4,2,,,,,15,,,,6,Defensive Rebound,,,,258,258,
2,4,32,Aaron Harrison misses a jump shot from 18 feet out.,121085,,true,false,false,Aaron,,Harrison,,Kty,,49,38,6,4,0,,,,,15,2,45,Jump Shot,4,Field Goal Missed,18,-14.7,9.8,258,258,
2,4,32,Nigel Johnson with a defensive rebound.,121726,,true,false,false,Nigel,,Johnson,,KanSt,,49,38,6,4,1,,,,,0,,,,6,Defensive Rebound,,,,87,87,
2,4,24,Offensive foul committed by Thomas Gipson.,109485,,true,false,false,Thomas,,Gipson,,KanSt,,49,38,7,4,2,,,,,10,,4,Offensive,8,Foul,,,,87,87,
2,4,24,Thomas Gipson with a  turnover:,109485,,true,false,false,Thomas,,Gipson,,KanSt,,49,38,7,4,2,,,,,10,,,,7,Turnover,,,,87,87,
2,4,17,James Young misses a jump shot from 6 feet out.,121084,,true,false,false,James,,Young,,Kty,,49,38,7,4,2,,,,,7,2,45,Jump Shot,4,Field Goal Missed,6,-.6,6.1,258,258,
2,4,17,Nigel Johnson with a defensive rebound.,121726,,true,false,false,Nigel,,Johnson,,KanSt,,49,38,7,4,1,,,,,0,,,,6,Defensive Rebound,,,,87,87,
2,4,00,Wesley Iwundu makes a dunk shot.,121725,,true,false,false,Wesley,,Iwundu,,KanSt,,49,40,7,4,2,,,,,6,2,48,Dunk Shot,3,Field Goal Made,0,0,0,87,87,
2,3,19,Julius Randle makes a layup shot. Andrew Harrison with the assist.,121089,121086,true,true,false,Julius,Andrew,Randle,Harrison,Kty,Kty,51,40,7,4,2,,,,,17,2,40,Layup Shot,3,Field Goal Made,0,0,0,258,258,
2,2,59,Shane Southwell misses a 3-point jump shot from 24 feet out.,97565,,true,false,false,Shane,,Southwell,,KanSt,,51,40,7,4,2,,,,,11,3,45,Jump Shot,4,Field Goal Missed,24,9.5,22.5,87,87,
2,2,59,Andrew Harrison with a defensive rebound.,121086,,true,false,false,Andrew,,Harrison,,Kty,,51,40,7,4,0,,,,,7,,,,6,Defensive Rebound,,,,258,258,
2,2,36,Andrew Harrison with a 5 second violation turnover: 5 Second Violation,121086,,true,false,false,Andrew,,Harrison,,Kty,,51,40,7,4,0,,,,,7,,9,5 Second Violation,7,Turnover,,,,258,258,
2,2,36,Official TV timeout.,,,false,false,false,,,,,,,51,40,7,4,0,,,,,0,,3,Official TV,11,Timeout,,,,258,258,
2,2,25,Personal foul committed by Willie Cauley-Stein.,116777,,true,false,false,Willie,,Cauley-Stein,,Kty,,51,40,7,5,4,,,,,2,,1,Personal,8,Foul,,,,258,258,
2,2,14,Will Spradling misses a 3-point jump shot from 22 feet out.,97568,,true,false,false,Will,,Spradling,,KanSt,,51,40,7,5,3,,,,,0,3,45,Jump Shot,4,Field Goal Missed,22,-22.1,4,87,87,
2,2,14,Julius Randle with a defensive rebound.,121089,,true,false,false,Julius,,Randle,,Kty,,51,40,7,5,2,,,,,17,,,,6,Defensive Rebound,,,,258,258,
2,1,58,Personal foul committed by Marcus Foster.,121724,,true,false,false,Marcus,,Foster,,KanSt,,51,40,8,5,1,,,,,10,,1,Personal,8,Foul,,,,87,87,
2,1,58,Aaron Harrison makes free throw 1st of 1-and-1.,121085,,true,false,false,Aaron,,Harrison,,Kty,,52,40,8,5,0,,,,,16,1,8,Free Throw 1st of 1-and-1,1,Free Throw Made,,,,258,258,
2,1,58,Aaron Harrison makes free throw 2nd of 1-and-1.,121085,,true,false,false,Aaron,,Harrison,,Kty,,53,40,8,5,0,,,,,17,1,9,Free Throw 2nd of 1-and-1,1,Free Throw Made,,,,258,258,
2,1,49,Marcus Foster misses a 3-point jump shot from 22 feet out.,121724,,true,false,false,Marcus,,Foster,,KanSt,,53,40,8,5,1,,,,,10,3,45,Jump Shot,4,Field Goal Missed,22,-21.8,5.3,87,87,
2,1,49,KanSt with an offensive rebound.,,,false,false,false,,,,,,,53,40,8,5,0,,,,,0,,,,5,Offensive Rebound,,,,87,87,
2,1,42,Will Spradling misses a 3-point jump shot from 22 feet out.,97568,,true,false,false,Will,,Spradling,,KanSt,,53,40,8,5,3,,,,,0,3,45,Jump Shot,4,Field Goal Missed,22,-21.2,7.4,87,87,
2,1,42,Julius Randle with a defensive rebound.,121089,,true,false,false,Julius,,Randle,,Kty,,53,40,8,5,2,,,,,17,,,,6,Defensive Rebound,,,,258,258,
2,1,15,Julius Randle with a lost ball turnover: Lost Ball,121089,,true,false,false,Julius,,Randle,,Kty,,53,40,8,5,2,,,,,17,,2,Lost Ball,7,Turnover,,,,258,258,
2,1,14,Shooting foul committed by Andrew Harrison.,121086,,true,false,false,Andrew,,Harrison,,Kty,,53,40,8,6,1,,,,,7,,2,Shooting,8,Foul,,,,258,258,
2,1,14,Wesley Iwundu misses free throw 1 of 2.,121725,,true,false,false,Wesley,,Iwundu,,KanSt,,53,40,8,6,2,,,,,6,1,11,Free Throw 1 of 2,2,Free Throw Missed,,,,87,87,
2,1,14,KanSt with an offensive rebound.,,,false,false,false,,,,,,,53,40,8,6,0,,,,,0,,,,5,Offensive Rebound,,,,87,87,
2,1,14,Wesley Iwundu makes free throw 2 of 2.,121725,,true,false,false,Wesley,,Iwundu,,KanSt,,53,41,8,6,2,,,,,7,1,12,Free Throw 2 of 2,1,Free Throw Made,,,,87,87,
2,1,04,Personal foul committed by Wesley Iwundu.,121725,,true,false,false,Wesley,,Iwundu,,KanSt,,53,41,9,6,3,,,,,7,,1,Personal,8,Foul,,,,87,87,
2,1,04,Julius Randle misses free throw 1st of 1-and-1.,121089,,true,false,false,Julius,,Randle,,Kty,,53,41,9,6,2,,,,,17,1,8,Free Throw 1st of 1-and-1,2,Free Throw Missed,,,,258,258,
2,1,04,Shane Southwell with a defensive rebound.,97565,,true,false,false,Shane,,Southwell,,KanSt,,53,41,9,6,2,,,,,11,,,,6,Defensive Rebound,,,,87,87,
2,0,58.8,Wesley Iwundu misses a jump shot from 11 feet out.,121725,,true,false,false,Wesley,,Iwundu,,KanSt,,53,41,9,6,3,,,,,7,2,45,Jump Shot,4,Field Goal Missed,11,-9.5,6.2,87,87,
2,0,58.8,Julius Randle with a defensive rebound.,121089,,true,false,false,Julius,,Randle,,Kty,,53,41,9,6,2,,,,,17,,,,6,Defensive Rebound,,,,258,258,
2,0,52.7,Personal foul committed by Will Spradling.,97568,,true,false,false,Will,,Spradling,,KanSt,,53,41,10,6,4,,,,,0,,1,Personal,8,Foul,,,,87,87,
2,0,52.7,Julius Randle misses free throw 1 of 2.,121089,,true,false,false,Julius,,Randle,,Kty,,53,41,10,6,2,,,,,17,1,11,Free Throw 1 of 2,2,Free Throw Missed,,,,258,258,
2,0,52.7,Kty with an offensive rebound.,,,false,false,false,,,,,,,53,41,10,6,0,,,,,0,,,,5,Offensive Rebound,,,,258,258,
2,0,52.7,Julius Randle makes free throw 2 of 2.,121089,,true,false,false,Julius,,Randle,,Kty,,54,41,10,6,2,,,,,18,1,12,Free Throw 2 of 2,1,Free Throw Made,,,,258,258,
2,0,46.5,Marcus Foster makes a dunk shot. Wesley Iwundu with the assist.,121724,121725,true,true,false,Marcus,Wesley,Foster,Iwundu,KanSt,KanSt,54,43,10,6,1,,,,,12,2,48,Dunk Shot,3,Field Goal Made,0,0,0,87,87,
2,0,45.9,KanSt take a 20-second timeout.,,,false,false,false,,,,,,,54,43,10,6,0,,,,,0,,2,Short,11,Timeout,,,,87,87,
2,0,45.9,Aaron Harrison with a lost ball turnover: Lost Ball,121085,,true,false,false,Aaron,,Harrison,,Kty,,54,43,10,6,0,,,,,17,,2,Lost Ball,7,Turnover,,,,258,258,
2,0,36.7,Shane Southwell misses a jump shot from 10 feet out.,97565,,true,false,false,Shane,,Southwell,,KanSt,,54,43,10,6,2,,,,,11,2,45,Jump Shot,4,Field Goal Missed,10,-4.7,8.5,87,87,
2,0,36.7,Will Spradling with an offensive rebound.,97568,,true,false,false,Will,,Spradling,,KanSt,,54,43,10,6,4,,,,,0,,,,5,Offensive Rebound,,,,87,87,
2,0,32.3,Will Spradling makes a 3-point jump shot from 23 feet out.,97568,,true,false,false,Will,,Spradling,,KanSt,,54,46,10,6,4,,,,,3,3,45,Jump Shot,3,Field Goal Made,23,19.5,12.9,87,87,
2,0,32.0,KanSt take a 20-second timeout.,,,false,false,false,,,,,,,54,46,10,6,0,,,,,0,,2,Short,11,Timeout,,,,87,87,
2,0,31.1,Personal foul committed by Marcus Foster.,121724,,true,false,false,Marcus,,Foster,,KanSt,,54,46,11,6,2,,,,,12,,1,Personal,8,Foul,,,,87,87,
2,0,31.1,Aaron Harrison misses free throw 1 of 2.,121085,,true,false,false,Aaron,,Harrison,,Kty,,54,46,11,6,0,,,,,17,1,11,Free Throw 1 of 2,2,Free Throw Missed,,,,258,258,
2,0,31.1,Kty with an offensive rebound.,,,false,false,false,,,,,,,54,46,11,6,0,,,,,0,,,,5,Offensive Rebound,,,,258,258,
2,0,31.1,Aaron Harrison makes free throw 2 of 2.,121085,,true,false,false,Aaron,,Harrison,,Kty,,55,46,11,6,0,,,,,18,1,12,Free Throw 2 of 2,1,Free Throw Made,,,,258,258,
2,0,24.1,Marcus Foster makes a 3-point jump shot from 23 feet out.,121724,,true,false,false,Marcus,,Foster,,KanSt,,55,49,11,6,2,,,,,15,3,45,Jump Shot,3,Field Goal Made,23,-16.2,17,87,87,
2,0,24.1,KanSt take a 20-second timeout.,,,false,false,false,,,,,,,55,49,11,6,0,,,,,0,,2,Short,11,Timeout,,,,87,87,
2,0,14.1,Personal foul committed by Wesley Iwundu.,121725,,true,false,false,Wesley,,Iwundu,,KanSt,,55,49,12,6,4,,,,,7,,1,Personal,8,Foul,,,,87,87,
2,0,14.1,Julius Randle misses free throw 1 of 2.,121089,,true,false,false,Julius,,Randle,,Kty,,55,49,12,6,2,,,,,18,1,11,Free Throw 1 of 2,2,Free Throw Missed,,,,258,258,
2,0,14.1,Kty with an offensive rebound.,,,false,false,false,,,,,,,55,49,12,6,0,,,,,0,,,,5,Offensive Rebound,,,,258,258,
2,0,14.1,Julius Randle makes free throw 2 of 2.,121089,,true,false,false,Julius,,Randle,,Kty,,56,49,12,6,2,,,,,19,1,12,Free Throw 2 of 2,1,Free Throw Made,,,,258,258,
2,0,00,Will Spradling misses a 3-point jump shot from 25 feet out.,97568,,true,false,false,Will,,Spradling,,KanSt,,56,49,12,6,4,,,,,3,3,45,Jump Shot,4,Field Goal Missed,25,-15.8,19.6,87,87,
2,0,00,Julius Randle with a defensive rebound.,121089,,true,false,false,Julius,,Randle,,Kty,,56,49,12,6,2,,,,,19,,,,6,Defensive Rebound,,,,258,258,
2,0,00,End of the 2nd Half,,,false,false,false,,,,,,,56,49,12,6,0,,,,,0,,,,15,End Period,,,,258,258,
2,0,00,End of the Game,,,false,false,false,,,,,,,56,49,12,6,0,,,,,0,,,,19,Game Over,,,,258,258,
