half,time-minutes,time-seconds,details,player1-id,player2-id,player1-linkable,player2-linkable,player3-linkable,player-first-name-1,player-first-name-2,player-last-name-1,player-last-name-2,player-team-alias-1,player-team-alias-2,home-score,visitor-score,visitor-fouls,home-fouls,player-fouls,fastbreak,in-paint,second-chance,off-turnover,player-score,points-type,detail-id,detail-desc,event-id,event-desc,distance,x-coord,y-coord,team-id-1,team-id-2,team-id-3
1,20,00,Start of the 1st Half,,,false,false,false,,,,,,,0,0,0,0,0,,,,,0,,,,14,Start Period,,,,256,256,
1,19,26,Michael Frazier II misses a 3-point jump shot from 25 feet out.,116521,,true,false,false,Michael,,Frazier II,,Fla,,0,0,0,0,0,,,,,0,3,45,Jump Shot,4,Field Goal Missed,25,-13,21,256,256,
1,19,26,Patric Young with an offensive rebound.,97391,,true,false,false,Patric,,Young,,Fla,,0,0,0,0,0,,,,,0,,,,5,Offensive Rebound,,,,256,256,
1,19,22,Patric Young misses a layup shot.,97391,,true,false,false,Patric,,Young,,Fla,,0,0,0,0,0,,,,,0,2,40,Layup Shot,4,Field Goal Missed,0,0,0,256,256,
1,19,22,Patric Young with an offensive rebound.,97391,,true,false,false,Patric,,Young,,Fla,,0,0,0,0,0,,,,,0,,,,5,Offensive Rebound,,,,256,256,
1,19,17,Patric Young misses a jump shot from 4 feet out.,97391,,true,false,false,Patric,,Young,,Fla,,0,0,0,0,0,,,,,0,2,45,Jump Shot,4,Field Goal Missed,4,3.1,2.5,256,256,
1,19,17,Patric Young with an offensive rebound.,97391,,true,false,false,Patric,,Young,,Fla,,0,0,0,0,0,,,,,0,,,,5,Offensive Rebound,,,,256,256,
1,19,09,Patric Young misses a layup shot.,97391,,true,false,false,Patric,,Young,,Fla,,0,0,0,0,0,,,,,0,2,40,Layup Shot,4,Field Goal Missed,0,0,0,256,256,
1,19,09,Lamar Patterson with a defensive rebound.,88282,,true,false,false,Lamar,,Patterson,,Pitt,,0,0,0,0,0,,,,,0,,,,6,Defensive Rebound,,,,47,47,
1,18,44,Michael Young makes a jump shot from 17 feet out. Cameron Wright with the assist.,120761,97236,true,true,false,Michael,Cameron,Young,Wright,Pitt,Pitt,0,2,0,0,0,,,,,2,2,45,Jump Shot,3,Field Goal Made,17,17.4,-.4,47,47,
1,18,30,Scottie Wilbekin makes a 3-point jump shot from 24 feet out. Michael Frazier II with the assist.,97392,116521,true,true,false,Scottie,Michael,Wilbekin,Frazier II,Fla,Fla,3,2,0,0,0,,,,,3,3,45,Jump Shot,3,Field Goal Made,24,-24.1,4,256,256,
1,17,45,Lamar Patterson misses a 3-point jump shot from 29 feet out.,88282,,true,false,false,Lamar,,Patterson,,Pitt,,3,2,0,0,0,,,,,0,3,45,Jump Shot,4,Field Goal Missed,29,-10.3,27.5,47,47,
1,17,45,Casey Prather with a defensive rebound.,97394,,true,false,false,Casey,,Prather,,Fla,,3,2,0,0,0,,,,,0,,,,6,Defensive Rebound,,,,256,256,
1,17,35,Patric Young misses a hook shot from 7 feet out.,97391,,true,false,false,Patric,,Young,,Fla,,3,2,0,0,0,,,,,0,2,55,Hook Shot,4,Field Goal Missed,7,4.3,5.2,256,256,
1,17,35,Lamar Patterson with a defensive rebound.,88282,,true,false,false,Lamar,,Patterson,,Pitt,,3,2,0,0,0,,,,,0,,,,6,Defensive Rebound,,,,47,47,
1,17,20,Cameron Wright misses a jump shot from 11 feet out.,97236,,true,false,false,Cameron,,Wright,,Pitt,,3,2,0,0,0,,,,,0,2,45,Jump Shot,4,Field Goal Missed,11,-7.2,7.9,47,47,
1,17,20,Lamar Patterson with an offensive rebound.,88282,,true,false,false,Lamar,,Patterson,,Pitt,,3,2,0,0,0,,,,,0,,,,5,Offensive Rebound,,,,47,47,
1,17,17,Lamar Patterson makes a tip shot from 4 feet out.,88282,,true,false,false,Lamar,,Patterson,,Pitt,,3,4,0,0,0,,,,,2,2,53,Tip Shot,3,Field Goal Made,4,-2.1,3.6,47,47,
1,16,59,Will Yeguete makes a hook shot from 7 feet out.,97393,,true,false,false,Will,,Yeguete,,Fla,,5,4,0,0,0,,,,,2,2,55,Hook Shot,3,Field Goal Made,7,6.9,2.3,256,256,
1,16,39,Talib Zanna makes a layup shot. Lamar Patterson with the assist.,88283,88282,true,true,false,Talib,Lamar,Zanna,Patterson,Pitt,Pitt,5,6,0,0,0,,,,,2,2,40,Layup Shot,3,Field Goal Made,0,0,0,47,47,
1,16,07,Michael Frazier II with a lost ball turnover: Lost Ball,116521,,true,false,false,Michael,,Frazier II,,Fla,,5,6,0,0,0,,,,,0,,2,Lost Ball,7,Turnover,,,,256,256,
1,16,01,Lamar Patterson misses a 3-point jump shot from 25 feet out.,88282,,true,false,false,Lamar,,Patterson,,Pitt,,5,6,0,0,0,,,,,2,3,45,Jump Shot,4,Field Goal Missed,25,19.3,15.6,47,47,
1,16,01,Scottie Wilbekin with a defensive rebound.,97392,,true,false,false,Scottie,,Wilbekin,,Fla,,5,6,0,0,0,,,,,3,,,,6,Defensive Rebound,,,,256,256,
1,15,33,Will Yeguete misses a 3-point jump shot from 22 feet out.,97393,,true,false,false,Will,,Yeguete,,Fla,,5,6,0,0,0,,,,,2,3,45,Jump Shot,4,Field Goal Missed,22,21.9,1.4,256,256,
1,15,33,Casey Prather with an offensive rebound.,97394,,true,false,false,Casey,,Prather,,Fla,,5,6,0,0,0,,,,,0,,,,5,Offensive Rebound,,,,256,256,
1,15,27,Casey Prather makes a dunk shot.,97394,,true,false,false,Casey,,Prather,,Fla,,7,6,0,0,0,,,,,2,2,48,Dunk Shot,3,Field Goal Made,0,0,0,256,256,
1,14,52,Cameron Wright misses a 3-point jump shot from 25 feet out.,97236,,true,false,false,Cameron,,Wright,,Pitt,,7,6,0,0,0,,,,,0,3,45,Jump Shot,4,Field Goal Missed,25,20,15,47,47,
1,14,52,Fla with a defensive rebound.,,,false,false,false,,,,,,,7,6,0,0,0,,,,,0,,,,6,Defensive Rebound,,,,256,256,
1,14,50,Personal foul committed by Talib Zanna.,88283,,true,false,false,Talib,,Zanna,,Pitt,,7,6,1,0,1,,,,,2,,1,Personal,8,Foul,,,,47,47,
1,14,50,Official TV timeout.,,,false,false,false,,,,,,,7,6,1,0,0,,,,,0,,3,Official TV,11,Timeout,,,,256,256,
1,14,27,Dorian Finney-Smith misses a 3-point jump shot from 24 feet out.,110224,,true,false,false,Dorian,,Finney-Smith,,Fla,,7,6,1,0,0,,,,,0,3,45,Jump Shot,4,Field Goal Missed,24,3.5,23.4,256,256,
1,14,27,Lamar Patterson with a defensive rebound.,88282,,true,false,false,Lamar,,Patterson,,Pitt,,7,6,1,0,0,,,,,2,,,,6,Defensive Rebound,,,,47,47,
1,13,51,Talib Zanna makes a dunk shot. Josh Newkirk with the assist.,88283,120759,true,true,false,Talib,Josh,Zanna,Newkirk,Pitt,Pitt,7,8,1,0,1,,,,,4,2,48,Dunk Shot,3,Field Goal Made,0,0,0,47,47,
1,13,36,Dorian Finney-Smith misses a layup shot.,110224,,true,false,false,Dorian,,Finney-Smith,,Fla,,7,8,1,0,0,,,,,0,2,40,Layup Shot,4,Field Goal Missed,0,0,0,256,256,
1,13,36,Talib Zanna with a defensive rebound.,88283,,true,false,false,Talib,,Zanna,,Pitt,,7,8,1,0,1,,,,,4,,,,6,Defensive Rebound,,,,47,47,
1,13,23,Lamar Patterson misses a 3-point jump shot from 25 feet out.,88282,,true,false,false,Lamar,,Patterson,,Pitt,,7,8,1,0,0,,,,,2,3,45,Jump Shot,4,Field Goal Missed,25,17.3,18.6,47,47,
1,13,23,Talib Zanna with an offensive rebound.,88283,,true,false,false,Talib,,Zanna,,Pitt,,7,8,1,0,1,,,,,4,,,,5,Offensive Rebound,,,,47,47,
1,13,16,Michael Young misses a jump shot from 18 feet out.,120761,,true,false,false,Michael,,Young,,Pitt,,7,8,1,0,0,,,,,2,2,45,Jump Shot,4,Field Goal Missed,18,-17.6,2.1,47,47,
1,13,16,Scottie Wilbekin with a defensive rebound.,97392,,true,false,false,Scottie,,Wilbekin,,Fla,,7,8,1,0,0,,,,,3,,,,6,Defensive Rebound,,,,256,256,
1,12,46,Scottie Wilbekin makes a layup shot.,97392,,true,false,false,Scottie,,Wilbekin,,Fla,,9,8,1,0,0,,,,,5,2,40,Layup Shot,3,Field Goal Made,0,0,0,256,256,
1,12,29,Michael Young misses a hook shot from 8 feet out.,120761,,true,false,false,Michael,,Young,,Pitt,,9,8,1,0,0,,,,,2,2,55,Hook Shot,4,Field Goal Missed,8,8.4,.4,47,47,
1,12,29,Fla with a defensive rebound.,,,false,false,false,,,,,,,9,8,1,0,0,,,,,0,,,,6,Defensive Rebound,,,,256,256,
1,12,11,Personal foul committed by Josh Newkirk.,120759,,true,false,false,Josh,,Newkirk,,Pitt,,9,8,2,0,1,,,,,0,,1,Personal,8,Foul,,,,47,47,
1,12,11,Kasey Hill misses free throw 1 of 2.,120718,,true,false,false,Kasey,,Hill,,Fla,,9,8,2,0,0,,,,,0,1,11,Free Throw 1 of 2,2,Free Throw Missed,,,,256,256,
1,12,11,Fla with an offensive rebound.,,,false,false,false,,,,,,,9,8,2,0,0,,,,,0,,,,5,Offensive Rebound,,,,256,256,
1,12,11,Kasey Hill makes free throw 2 of 2.,120718,,true,false,false,Kasey,,Hill,,Fla,,10,8,2,0,0,,,,,1,1,12,Free Throw 2 of 2,1,Free Throw Made,,,,256,256,
1,12,00,Cameron Wright misses a jump shot from 13 feet out.,97236,,true,false,false,Cameron,,Wright,,Pitt,,10,8,2,0,0,,,,,0,2,45,Jump Shot,4,Field Goal Missed,13,-7.7,11,47,47,
1,12,00,Michael Frazier II with a defensive rebound.,116521,,true,false,false,Michael,,Frazier II,,Fla,,10,8,2,0,0,,,,,0,,,,6,Defensive Rebound,,,,256,256,
1,11,52,Personal foul committed by James Robinson.,116087,,true,false,false,James,,Robinson,,Pitt,,10,8,3,0,1,,,,,0,,1,Personal,8,Foul,,,,47,47,
1,11,52,Official TV timeout.,,,false,false,false,,,,,,,10,8,3,0,0,,,,,0,,3,Official TV,11,Timeout,,,,256,256,
1,11,49,Casey Prather misses a layup shot.,97394,,true,false,false,Casey,,Prather,,Fla,,10,8,3,0,0,,,,,2,2,40,Layup Shot,4,Field Goal Missed,0,0,0,256,256,
1,11,49,Cameron Wright with a defensive rebound.,97236,,true,false,false,Cameron,,Wright,,Pitt,,10,8,3,0,0,,,,,0,,,,6,Defensive Rebound,,,,47,47,
1,11,14,James Robinson misses a 3-point jump shot from 27 feet out.,116087,,true,false,false,James,,Robinson,,Pitt,,10,8,3,0,1,,,,,0,3,45,Jump Shot,4,Field Goal Missed,27,11.1,24.2,47,47,
1,11,14,Jamel Artis with an offensive rebound.,120758,,true,false,false,Jamel,,Artis,,Pitt,,10,8,3,0,0,,,,,0,,,,5,Offensive Rebound,,,,47,47,
1,11,10,Jamel Artis makes a jump shot from 7 feet out.,120758,,true,false,false,Jamel,,Artis,,Pitt,,10,10,3,0,0,,,,,2,2,45,Jump Shot,3,Field Goal Made,7,4,5.7,47,47,
1,10,45,Kasey Hill with a lost ball turnover: Lost Ball,120718,,true,false,false,Kasey,,Hill,,Fla,,10,10,3,0,0,,,,,1,,2,Lost Ball,7,Turnover,,,,256,256,
1,10,33,Josh Newkirk makes a 3-point jump shot from 25 feet out. James Robinson with the assist.,120759,116087,true,true,false,Josh,James,Newkirk,Robinson,Pitt,Pitt,10,13,3,0,1,,,,,3,3,45,Jump Shot,3,Field Goal Made,25,-2.1,24.7,47,47,
1,10,33,Shooting foul committed by Kasey Hill.,120718,,true,false,false,Kasey,,Hill,,Fla,,10,13,3,1,1,,,,,1,,2,Shooting,8,Foul,,,,256,256,
1,10,33,Josh Newkirk misses free throw 1 of 1.,120759,,true,false,false,Josh,,Newkirk,,Pitt,,10,13,3,1,1,,,,,3,1,10,Free Throw 1 of 1,2,Free Throw Missed,,,,47,47,
1,10,33,Dorian Finney-Smith with a defensive rebound.,110224,,true,false,false,Dorian,,Finney-Smith,,Fla,,10,13,3,1,0,,,,,0,,,,6,Defensive Rebound,,,,256,256,
1,10,04,Scottie Wilbekin misses a 3-point jump shot from 30 feet out.,97392,,true,false,false,Scottie,,Wilbekin,,Fla,,10,13,3,1,0,,,,,5,3,45,Jump Shot,4,Field Goal Missed,30,16.8,24.7,256,256,
1,10,04,Pitt with a defensive rebound.,,,false,false,false,,,,,,,10,13,3,1,0,,,,,0,,,,6,Defensive Rebound,,,,47,47,
1,9,41,Jamel Artis misses a jump shot from 14 feet out.,120758,,true,false,false,Jamel,,Artis,,Pitt,,10,13,3,1,0,,,,,2,2,45,Jump Shot,4,Field Goal Missed,14,9.6,9.6,47,47,
1,9,41,Michael Frazier II with a defensive rebound.,116521,,true,false,false,Michael,,Frazier II,,Fla,,10,13,3,1,0,,,,,0,,,,6,Defensive Rebound,,,,256,256,
1,9,32,Michael Frazier II makes a 3-point jump shot from 26 feet out. Scottie Wilbekin with the assist.,116521,97392,true,true,false,Michael,Scottie,Frazier II,Wilbekin,Fla,Fla,13,13,3,1,0,,,,,3,3,45,Jump Shot,3,Field Goal Made,26,3.1,25.9,256,256,
1,9,12,Jamel Artis makes a layup shot. Josh Newkirk with the assist.,120758,120759,true,true,false,Jamel,Josh,Artis,Newkirk,Pitt,Pitt,13,15,3,1,0,,,,,4,2,40,Layup Shot,3,Field Goal Made,0,0,0,47,47,
1,8,57,Michael Frazier II misses a 3-point jump shot from 25 feet out.,116521,,true,false,false,Michael,,Frazier II,,Fla,,13,15,3,1,0,,,,,3,3,45,Jump Shot,4,Field Goal Missed,25,13.9,20.3,256,256,
1,8,57,Dorian Finney-Smith with an offensive rebound.,110224,,true,false,false,Dorian,,Finney-Smith,,Fla,,13,15,3,1,0,,,,,0,,,,5,Offensive Rebound,,,,256,256,
1,8,51,Dorian Finney-Smith misses a layup shot.,110224,,true,false,false,Dorian,,Finney-Smith,,Fla,,13,15,3,1,0,,,,,0,2,40,Layup Shot,4,Field Goal Missed,0,0,0,256,256,
1,8,51,Fla with an offensive rebound.,,,false,false,false,,,,,,,13,15,3,1,0,,,,,0,,,,5,Offensive Rebound,,,,256,256,
1,8,49,Scottie Wilbekin with a lost ball turnover: Lost Ball,97392,,true,false,false,Scottie,,Wilbekin,,Fla,,13,15,3,1,0,,,,,5,,2,Lost Ball,7,Turnover,,,,256,256,
1,8,13,Josh Newkirk misses a layup shot.,120759,,true,false,false,Josh,,Newkirk,,Pitt,,13,15,3,1,1,,,,,3,2,40,Layup Shot,4,Field Goal Missed,0,0,0,47,47,
1,8,13,Casey Prather with a defensive rebound.,97394,,true,false,false,Casey,,Prather,,Fla,,13,15,3,1,0,,,,,2,,,,6,Defensive Rebound,,,,256,256,
1,8,00,Patric Young misses a layup shot.,97391,,true,false,false,Patric,,Young,,Fla,,13,15,3,1,0,,,,,0,2,40,Layup Shot,4,Field Goal Missed,0,0,0,256,256,
1,8,00,Talib Zanna with a defensive rebound.,88283,,true,false,false,Talib,,Zanna,,Pitt,,13,15,3,1,1,,,,,4,,,,6,Defensive Rebound,,,,47,47,
1,7,44,Talib Zanna with a lost ball turnover: Lost Ball,88283,,true,false,false,Talib,,Zanna,,Pitt,,13,15,3,1,1,,,,,4,,2,Lost Ball,7,Turnover,,,,47,47,
1,7,15,Will Yeguete makes a layup shot.,97393,,true,false,false,Will,,Yeguete,,Fla,,15,15,3,1,0,,,,,4,2,40,Layup Shot,3,Field Goal Made,0,0,0,256,256,
1,6,36,Lamar Patterson misses a jump shot from 5 feet out.,88282,,true,false,false,Lamar,,Patterson,,Pitt,,15,15,3,1,0,,,,,2,2,45,Jump Shot,4,Field Goal Missed,5,.6,5,47,47,
1,6,36,Will Yeguete with a defensive rebound.,97393,,true,false,false,Will,,Yeguete,,Fla,,15,15,3,1,0,,,,,4,,,,6,Defensive Rebound,,,,256,256,
1,6,14,Offensive foul committed by Casey Prather.,97394,,true,false,false,Casey,,Prather,,Fla,,15,15,3,2,1,,,,,2,,4,Offensive,8,Foul,,,,256,256,
1,6,14,Casey Prather with a  turnover:,97394,,true,false,false,Casey,,Prather,,Fla,,15,15,3,2,1,,,,,2,,,,7,Turnover,,,,256,256,
1,6,14,Official TV timeout.,,,false,false,false,,,,,,,15,15,3,2,0,,,,,0,,3,Official TV,11,Timeout,,,,256,256,
1,5,44,James Robinson with a lost ball turnover: Lost Ball,116087,,true,false,false,James,,Robinson,,Pitt,,15,15,3,2,1,,,,,0,,2,Lost Ball,7,Turnover,,,,47,47,
1,5,40,Kasey Hill makes a layup shot.,120718,,true,false,false,Kasey,,Hill,,Fla,,17,15,3,2,1,,,,,3,2,40,Layup Shot,3,Field Goal Made,0,0,0,256,256,
1,5,05,Cameron Wright with a lost ball turnover: Lost Ball,97236,,true,false,false,Cameron,,Wright,,Pitt,,17,15,3,2,0,,,,,0,,2,Lost Ball,7,Turnover,,,,47,47,
1,4,44,Scottie Wilbekin misses a jump shot from 15 feet out.,97392,,true,false,false,Scottie,,Wilbekin,,Fla,,17,15,3,2,0,,,,,5,2,45,Jump Shot,4,Field Goal Missed,15,2.1,14.4,256,256,
1,4,44,James Robinson with a defensive rebound.,116087,,true,false,false,James,,Robinson,,Pitt,,17,15,3,2,1,,,,,0,,,,6,Defensive Rebound,,,,47,47,
1,4,33,James Robinson misses a jump shot from 8 feet out.,116087,,true,false,false,James,,Robinson,,Pitt,,17,15,3,2,1,,,,,0,2,45,Jump Shot,4,Field Goal Missed,8,-2.1,7.7,47,47,
1,4,33,Dorian Finney-Smith with a defensive rebound.,110224,,true,false,false,Dorian,,Finney-Smith,,Fla,,17,15,3,2,0,,,,,0,,,,6,Defensive Rebound,,,,256,256,
1,4,12,Michael Frazier II makes a 3-point jump shot from 25 feet out.,116521,,true,false,false,Michael,,Frazier II,,Fla,,20,15,3,2,0,,,,,6,3,45,Jump Shot,3,Field Goal Made,25,17.3,18.3,256,256,
1,3,54,Pitt take a 20-second timeout.,,,false,false,false,,,,,,,20,15,3,2,0,,,,,0,,2,Short,11,Timeout,,,,47,47,
1,3,26,Cameron Wright misses a jump shot from 16 feet out.,97236,,true,false,false,Cameron,,Wright,,Pitt,,20,15,3,2,0,,,,,0,2,45,Jump Shot,4,Field Goal Missed,16,2.8,15.7,47,47,
1,3,26,Casey Prather with a defensive rebound.,97394,,true,false,false,Casey,,Prather,,Fla,,20,15,3,2,1,,,,,2,,,,6,Defensive Rebound,,,,256,256,
1,2,59,Dorian Finney-Smith misses a 3-point jump shot from 26 feet out.,110224,,true,false,false,Dorian,,Finney-Smith,,Fla,,20,15,3,2,0,,,,,0,3,45,Jump Shot,4,Field Goal Missed,26,-21.3,15.4,256,256,
1,2,59,James Robinson with a defensive rebound.,116087,,true,false,false,James,,Robinson,,Pitt,,20,15,3,2,1,,,,,0,,,,6,Defensive Rebound,,,,47,47,
1,2,40,Lamar Patterson makes a layup shot.,88282,,true,false,false,Lamar,,Patterson,,Pitt,,20,17,3,2,0,,,,,4,2,40,Layup Shot,3,Field Goal Made,0,0,0,47,47,
1,2,31,Dorian Finney-Smith makes a dunk shot. Scottie Wilbekin with the assist.,110224,97392,true,true,false,Dorian,Scottie,Finney-Smith,Wilbekin,Fla,Fla,22,17,3,2,0,,,,,2,2,48,Dunk Shot,3,Field Goal Made,0,0,0,256,256,
1,2,16,Cameron Wright with a lost ball turnover: Lost Ball,97236,,true,false,false,Cameron,,Wright,,Pitt,,22,17,3,2,0,,,,,0,,2,Lost Ball,7,Turnover,,,,47,47,
1,2,16,Official TV timeout.,,,false,false,false,,,,,,,22,17,3,2,0,,,,,0,,3,Official TV,11,Timeout,,,,256,256,
1,2,04,Dorian Finney-Smith with a lost ball turnover: Lost Ball,110224,,true,false,false,Dorian,,Finney-Smith,,Fla,,22,17,3,2,0,,,,,2,,2,Lost Ball,7,Turnover,,,,256,256,
1,1,50,Lamar Patterson makes a 3-point jump shot from 26 feet out. Michael Young with the assist.,88282,120761,true,true,false,Lamar,Michael,Patterson,Young,Pitt,Pitt,22,20,3,2,0,,,,,7,3,45,Jump Shot,3,Field Goal Made,26,-21.7,13.9,47,47,
1,1,36,Casey Prather misses a jump shot from 17 feet out.,97394,,true,false,false,Casey,,Prather,,Fla,,22,20,3,2,1,,,,,2,2,45,Jump Shot,4,Field Goal Missed,17,-4.5,16.2,256,256,
1,1,36,Lamar Patterson with a defensive rebound.,88282,,true,false,false,Lamar,,Patterson,,Pitt,,22,20,3,2,0,,,,,7,,,,6,Defensive Rebound,,,,47,47,
1,1,20,James Robinson misses a 3-point jump shot from 24 feet out.,116087,,true,false,false,James,,Robinson,,Pitt,,22,20,3,2,1,,,,,0,3,45,Jump Shot,4,Field Goal Missed,24,-23.6,3.5,47,47,
1,1,20,Kasey Hill with a defensive rebound.,120718,,true,false,false,Kasey,,Hill,,Fla,,22,20,3,2,1,,,,,3,,,,6,Defensive Rebound,,,,256,256,
1,0,51.9,Casey Prather makes a jump shot from 6 feet out. Kasey Hill with the assist.,97394,120718,true,true,false,Casey,Kasey,Prather,Hill,Fla,Fla,24,20,3,2,1,,,,,4,2,45,Jump Shot,3,Field Goal Made,6,2,5.7,256,256,
1,0,10.6,Michael Young makes a jump shot from 15 feet out. Lamar Patterson with the assist.,120761,88282,true,true,false,Michael,Lamar,Young,Patterson,Pitt,Pitt,24,22,3,2,0,,,,,4,2,45,Jump Shot,3,Field Goal Made,15,-15.4,1.6,47,47,
1,0,05.9,Fla take a 20-second timeout.,,,false,false,false,,,,,,,24,22,3,2,0,,,,,0,,2,Short,11,Timeout,,,,256,256,
1,0,03.9,Personal foul committed by Chris Jones.,116086,,true,false,false,Chris,,Jones,,Pitt,,24,22,4,2,1,,,,,0,,1,Personal,8,Foul,,,,47,47,
1,0,00,Scottie Wilbekin makes a 3-point jump shot from 23 feet out.,97392,,true,false,false,Scottie,,Wilbekin,,Fla,,27,22,4,2,0,,,,,8,3,45,Jump Shot,3,Field Goal Made,23,4.8,22.7,256,256,
1,0,00,End of the 1st Half,,,false,false,false,,,,,,,27,22,4,2,0,,,,,0,,,,15,End Period,,,,256,256,
2,20,00,Start of the 2nd Half,,,false,false,false,,,,,,,27,22,0,0,0,,,,,0,,,,14,Start Period,,,,256,256,
2,19,31,Talib Zanna misses a jump shot from 10 feet out.,88283,,true,false,false,Talib,,Zanna,,Pitt,,27,22,0,0,1,,,,,4,2,45,Jump Shot,4,Field Goal Missed,10,-10.5,.6,47,47,
2,19,31,Pitt with an offensive rebound.,,,false,false,false,,,,,,,27,22,0,0,0,,,,,0,,,,5,Offensive Rebound,,,,47,47,
2,19,28,Talib Zanna makes a layup shot. James Robinson with the assist.,88283,116087,true,true,false,Talib,James,Zanna,Robinson,Pitt,Pitt,27,24,0,0,1,,,,,6,2,40,Layup Shot,3,Field Goal Made,0,0,0,47,47,
2,19,17,Casey Prather misses a layup shot.,97394,,true,false,false,Casey,,Prather,,Fla,,27,24,0,0,1,,,,,4,2,40,Layup Shot,4,Field Goal Missed,0,0,0,256,256,
2,19,17,Patric Young with an offensive rebound.,97391,,true,false,false,Patric,,Young,,Fla,,27,24,0,0,0,,,,,0,,,,5,Offensive Rebound,,,,256,256,
2,19,12,Shooting foul committed by Talib Zanna.,88283,,true,false,false,Talib,,Zanna,,Pitt,,27,24,1,0,2,,,,,6,,2,Shooting,8,Foul,,,,47,47,
2,19,12,Patric Young makes free throw 1 of 2.,97391,,true,false,false,Patric,,Young,,Fla,,28,24,1,0,0,,,,,1,1,11,Free Throw 1 of 2,1,Free Throw Made,,,,256,256,
2,19,12,Patric Young misses free throw 2 of 2.,97391,,true,false,false,Patric,,Young,,Fla,,28,24,1,0,0,,,,,1,1,12,Free Throw 2 of 2,2,Free Throw Missed,,,,256,256,
2,19,12,Talib Zanna with a defensive rebound.,88283,,true,false,false,Talib,,Zanna,,Pitt,,28,24,1,0,2,,,,,6,,,,6,Defensive Rebound,,,,47,47,
2,18,42,Cameron Wright misses a jump shot from 16 feet out.,97236,,true,false,false,Cameron,,Wright,,Pitt,,28,24,1,0,0,,,,,0,2,45,Jump Shot,4,Field Goal Missed,16,-3.7,15.2,47,47,
2,18,42,Patric Young with a defensive rebound.,97391,,true,false,false,Patric,,Young,,Fla,,28,24,1,0,0,,,,,1,,,,6,Defensive Rebound,,,,256,256,
2,18,20,Scottie Wilbekin misses a 3-point jump shot from 25 feet out.,97392,,true,false,false,Scottie,,Wilbekin,,Fla,,28,24,1,0,0,,,,,8,3,45,Jump Shot,4,Field Goal Missed,25,-21,14,256,256,
2,18,20,James Robinson with a defensive rebound.,116087,,true,false,false,James,,Robinson,,Pitt,,28,24,1,0,1,,,,,0,,,,6,Defensive Rebound,,,,47,47,
2,18,13,James Robinson with a lost ball turnover: Lost Ball,116087,,true,false,false,James,,Robinson,,Pitt,,28,24,1,0,1,,,,,0,,2,Lost Ball,7,Turnover,,,,47,47,
2,18,04,Patric Young makes a jump shot from 6 feet out. Casey Prather with the assist.,97391,97394,true,true,false,Patric,Casey,Young,Prather,Fla,Fla,30,24,1,0,0,,,,,3,2,45,Jump Shot,3,Field Goal Made,6,6,1,256,256,
2,17,50,Lamar Patterson with a lost ball turnover: Lost Ball,88282,,true,false,false,Lamar,,Patterson,,Pitt,,30,24,1,0,0,,,,,7,,2,Lost Ball,7,Turnover,,,,47,47,
2,17,42,Scottie Wilbekin misses a 3-point jump shot from 23 feet out.,97392,,true,false,false,Scottie,,Wilbekin,,Fla,,30,24,1,0,0,,,,,8,3,45,Jump Shot,4,Field Goal Missed,23,21.2,8.7,256,256,
2,17,42,Patric Young with an offensive rebound.,97391,,true,false,false,Patric,,Young,,Fla,,30,24,1,0,0,,,,,3,,,,5,Offensive Rebound,,,,256,256,
2,17,38,Patric Young misses a layup shot.,97391,,true,false,false,Patric,,Young,,Fla,,30,24,1,0,0,,,,,3,2,40,Layup Shot,4,Field Goal Missed,0,0,0,256,256,
2,17,38,Will Yeguete with an offensive rebound.,97393,,true,false,false,Will,,Yeguete,,Fla,,30,24,1,0,0,,,,,4,,,,5,Offensive Rebound,,,,256,256,
2,17,37,Will Yeguete makes a layup shot.,97393,,true,false,false,Will,,Yeguete,,Fla,,32,24,1,0,0,,,,,6,2,40,Layup Shot,3,Field Goal Made,0,0,0,256,256,
2,17,37,Pitt take a full timeout.,,,false,false,false,,,,,,,32,24,1,0,0,,,,,0,,1,Regular,11,Timeout,,,,47,47,
2,17,22,Lamar Patterson misses a 3-point jump shot from 23 feet out.,88282,,true,false,false,Lamar,,Patterson,,Pitt,,32,24,1,0,0,,,,,7,3,45,Jump Shot,4,Field Goal Missed,23,-20.7,10.8,47,47,
2,17,22,Fla with a defensive rebound.,,,false,false,false,,,,,,,32,24,1,0,0,,,,,0,,,,6,Defensive Rebound,,,,256,256,
2,17,08,Michael Frazier II misses a 3-point jump shot from 24 feet out.,116521,,true,false,false,Michael,,Frazier II,,Fla,,32,24,1,0,0,,,,,6,3,45,Jump Shot,4,Field Goal Missed,24,-16.8,16.9,256,256,
2,17,08,Michael Young with a defensive rebound.,120761,,true,false,false,Michael,,Young,,Pitt,,32,24,1,0,0,,,,,4,,,,6,Defensive Rebound,,,,47,47,
2,16,59,James Robinson misses a layup shot.,116087,,true,false,false,James,,Robinson,,Pitt,,32,24,1,0,1,,,,,0,2,40,Layup Shot,4,Field Goal Missed,0,0,0,47,47,
2,16,59,Pitt with an offensive rebound.,,,false,false,false,,,,,,,32,24,1,0,0,,,,,0,,,,5,Offensive Rebound,,,,47,47,
2,16,28,Lamar Patterson with a bad pass turnover: Bad Pass,88282,,true,false,false,Lamar,,Patterson,,Pitt,,32,24,1,0,0,,,,,7,,1,Bad Pass,7,Turnover,,,,47,47,
2,16,14,Michael Frazier II misses a 3-point jump shot from 23 feet out.,116521,,true,false,false,Michael,,Frazier II,,Fla,,32,24,1,0,0,,,,,6,3,45,Jump Shot,4,Field Goal Missed,23,-22.9,-.1,256,256,
2,16,14,Scottie Wilbekin with an offensive rebound.,97392,,true,false,false,Scottie,,Wilbekin,,Fla,,32,24,1,0,0,,,,,8,,,,5,Offensive Rebound,,,,256,256,
2,16,04,Patric Young makes a dunk shot. Casey Prather with the assist.,97391,97394,true,true,false,Patric,Casey,Young,Prather,Fla,Fla,34,24,1,0,0,,,,,5,2,48,Dunk Shot,3,Field Goal Made,0,0,0,256,256,
2,15,34,Jamel Artis misses a 3-point jump shot from 23 feet out.,120758,,true,false,false,Jamel,,Artis,,Pitt,,34,24,1,0,0,,,,,4,3,45,Jump Shot,4,Field Goal Missed,23,22.9,.2,47,47,
2,15,34,Dorian Finney-Smith with a defensive rebound.,110224,,true,false,false,Dorian,,Finney-Smith,,Fla,,34,24,1,0,0,,,,,2,,,,6,Defensive Rebound,,,,256,256,
2,15,02,Dorian Finney-Smith misses a 3-point jump shot from 24 feet out.,110224,,true,false,false,Dorian,,Finney-Smith,,Fla,,34,24,1,0,0,,,,,2,3,45,Jump Shot,4,Field Goal Missed,24,14.7,19.5,256,256,
2,15,02,Casey Prather with an offensive rebound.,97394,,true,false,false,Casey,,Prather,,Fla,,34,24,1,0,1,,,,,4,,,,5,Offensive Rebound,,,,256,256,
2,14,58,Personal foul committed by James Robinson.,116087,,true,false,false,James,,Robinson,,Pitt,,34,24,2,0,2,,,,,0,,1,Personal,8,Foul,,,,47,47,
2,14,58,Official TV timeout.,,,false,false,false,,,,,,,34,24,2,0,0,,,,,0,,3,Official TV,11,Timeout,,,,256,256,
2,14,53,Patric Young misses a hook shot from 6 feet out.,97391,,true,false,false,Patric,,Young,,Fla,,34,24,2,0,0,,,,,5,2,55,Hook Shot,4,Field Goal Missed,6,-3.5,4.3,256,256,
2,14,53,Lamar Patterson with a defensive rebound.,88282,,true,false,false,Lamar,,Patterson,,Pitt,,34,24,2,0,0,,,,,7,,,,6,Defensive Rebound,,,,47,47,
2,14,46,Josh Newkirk misses a 3-point jump shot from 26 feet out.,120759,,true,false,false,Josh,,Newkirk,,Pitt,,34,24,2,0,1,,,,,3,3,45,Jump Shot,4,Field Goal Missed,26,16.9,19.3,47,47,
2,14,46,Jamel Artis with an offensive rebound.,120758,,true,false,false,Jamel,,Artis,,Pitt,,34,24,2,0,0,,,,,4,,,,5,Offensive Rebound,,,,47,47,
2,14,41,Jamel Artis misses a layup shot.,120758,,true,false,false,Jamel,,Artis,,Pitt,,34,24,2,0,0,,,,,4,2,40,Layup Shot,4,Field Goal Missed,0,0,0,47,47,
2,14,41,Pitt with an offensive rebound.,,,false,false,false,,,,,,,34,24,2,0,0,,,,,0,,,,5,Offensive Rebound,,,,47,47,
2,14,29,Talib Zanna misses a layup shot.,88283,,true,false,false,Talib,,Zanna,,Pitt,,34,24,2,0,2,,,,,6,2,40,Layup Shot,4,Field Goal Missed,0,0,0,47,47,
2,14,29,Will Yeguete with a defensive rebound.,97393,,true,false,false,Will,,Yeguete,,Fla,,34,24,2,0,0,,,,,6,,,,6,Defensive Rebound,,,,256,256,
2,14,16,Scottie Wilbekin misses a jump shot from 1 foot out.,97392,,true,false,false,Scottie,,Wilbekin,,Fla,,34,24,2,0,0,,,,,8,2,45,Jump Shot,4,Field Goal Missed,1,.1,1.3,256,256,
2,14,16,Will Yeguete with an offensive rebound.,97393,,true,false,false,Will,,Yeguete,,Fla,,34,24,2,0,0,,,,,6,,,,5,Offensive Rebound,,,,256,256,
2,14,13,Personal foul committed by Lamar Patterson.,88282,,true,false,false,Lamar,,Patterson,,Pitt,,34,24,3,0,1,,,,,7,,1,Personal,8,Foul,,,,47,47,
2,13,53,Scottie Wilbekin misses a 3-point jump shot from 26 feet out.,97392,,true,false,false,Scottie,,Wilbekin,,Fla,,34,24,3,0,0,,,,,8,3,45,Jump Shot,4,Field Goal Missed,26,-17.8,18.6,256,256,
2,13,53,Lamar Patterson with a defensive rebound.,88282,,true,false,false,Lamar,,Patterson,,Pitt,,34,24,3,0,1,,,,,7,,,,6,Defensive Rebound,,,,47,47,
2,13,42,Lamar Patterson misses a layup shot.,88282,,true,false,false,Lamar,,Patterson,,Pitt,,34,24,3,0,1,,,,,7,2,40,Layup Shot,4,Field Goal Missed,0,0,0,47,47,
2,13,42,Pitt with an offensive rebound.,,,false,false,false,,,,,,,34,24,3,0,0,,,,,0,,,,5,Offensive Rebound,,,,47,47,
2,13,38,Jamel Artis misses a jump shot from 15 feet out.,120758,,true,false,false,Jamel,,Artis,,Pitt,,34,24,3,0,0,,,,,4,2,45,Jump Shot,4,Field Goal Missed,15,-14.9,.8,47,47,
2,13,38,Kasey Hill with a defensive rebound.,120718,,true,false,false,Kasey,,Hill,,Fla,,34,24,3,0,1,,,,,3,,,,6,Defensive Rebound,,,,256,256,
2,13,21,Michael Frazier II misses a 3-point jump shot from 25 feet out.,116521,,true,false,false,Michael,,Frazier II,,Fla,,34,24,3,0,0,,,,,6,3,45,Jump Shot,4,Field Goal Missed,25,-21.3,13.3,256,256,
2,13,21,Josh Newkirk with a defensive rebound.,120759,,true,false,false,Josh,,Newkirk,,Pitt,,34,24,3,0,1,,,,,3,,,,6,Defensive Rebound,,,,47,47,
2,13,05,Josh Newkirk makes a jump shot from 14 feet out.,120759,,true,false,false,Josh,,Newkirk,,Pitt,,34,26,3,0,1,,,,,5,2,45,Jump Shot,3,Field Goal Made,14,-4.3,13.7,47,47,
2,12,51,Kasey Hill misses a layup shot.,120718,,true,false,false,Kasey,,Hill,,Fla,,34,26,3,0,1,,,,,3,2,40,Layup Shot,4,Field Goal Missed,0,0,0,256,256,
2,12,51,Talib Zanna with a defensive rebound.,88283,,true,false,false,Talib,,Zanna,,Pitt,,34,26,3,0,2,,,,,6,,,,6,Defensive Rebound,,,,47,47,
2,12,36,Lamar Patterson with a lost ball turnover: Lost Ball,88282,,true,false,false,Lamar,,Patterson,,Pitt,,34,26,3,0,1,,,,,7,,2,Lost Ball,7,Turnover,,,,47,47,
2,12,34,Casey Prather makes a jump shot from 1 foot out. Will Yeguete with the assist.,97394,97393,true,true,false,Casey,Will,Prather,Yeguete,Fla,Fla,36,26,3,0,1,,,,,6,2,45,Jump Shot,3,Field Goal Made,1,-.6,-.6,256,256,
2,11,58,Josh Newkirk with a lost ball turnover: Lost Ball,120759,,true,false,false,Josh,,Newkirk,,Pitt,,36,26,3,0,1,,,,,5,,2,Lost Ball,7,Turnover,,,,47,47,
2,11,55,Shooting foul committed by Cameron Wright.,97236,,true,false,false,Cameron,,Wright,,Pitt,,36,26,4,0,1,,,,,0,,2,Shooting,8,Foul,,,,47,47,
2,11,55,Official TV timeout.,,,false,false,false,,,,,,,36,26,4,0,0,,,,,0,,3,Official TV,11,Timeout,,,,256,256,
2,11,52,Michael Frazier II misses a 3-point jump shot from 24 feet out.,116521,,true,false,false,Michael,,Frazier II,,Fla,,36,26,4,0,0,,,,,6,3,45,Jump Shot,4,Field Goal Missed,24,-22,8.6,256,256,
2,11,52,Patric Young with an offensive rebound.,97391,,true,false,false,Patric,,Young,,Fla,,36,26,4,0,0,,,,,5,,,,5,Offensive Rebound,,,,256,256,
2,11,35,Patric Young misses a hook shot from 6 feet out.,97391,,true,false,false,Patric,,Young,,Fla,,36,26,4,0,0,,,,,5,2,55,Hook Shot,4,Field Goal Missed,6,2.5,5.3,256,256,
2,11,35,Jamel Artis with a defensive rebound.,120758,,true,false,false,Jamel,,Artis,,Pitt,,36,26,4,0,0,,,,,4,,,,6,Defensive Rebound,,,,47,47,
2,10,56,Personal foul committed by Will Yeguete.,97393,,true,false,false,Will,,Yeguete,,Fla,,36,26,4,1,1,,,,,6,,1,Personal,8,Foul,,,,256,256,
2,10,50,Shooting foul committed by Patric Young.,97391,,true,false,false,Patric,,Young,,Fla,,36,26,4,2,1,,,,,5,,2,Shooting,8,Foul,,,,256,256,
2,10,50,James Robinson misses free throw 1 of 2.,116087,,true,false,false,James,,Robinson,,Pitt,,36,26,4,2,2,,,,,0,1,11,Free Throw 1 of 2,2,Free Throw Missed,,,,47,47,
2,10,50,Pitt with an offensive rebound.,,,false,false,false,,,,,,,36,26,4,2,0,,,,,0,,,,5,Offensive Rebound,,,,47,47,
2,10,50,James Robinson makes free throw 2 of 2.,116087,,true,false,false,James,,Robinson,,Pitt,,36,27,4,2,2,,,,,1,1,12,Free Throw 2 of 2,1,Free Throw Made,,,,47,47,
2,10,40,Fla take a 20-second timeout.,,,false,false,false,,,,,,,36,27,4,2,0,,,,,0,,2,Short,11,Timeout,,,,256,256,
2,10,26,Dorian Finney-Smith makes a layup shot.,110224,,true,false,false,Dorian,,Finney-Smith,,Fla,,38,27,4,2,0,,,,,4,2,40,Layup Shot,3,Field Goal Made,0,0,0,256,256,
2,10,13,Jamel Artis misses a jump shot from 5 feet out.,120758,,true,false,false,Jamel,,Artis,,Pitt,,38,27,4,2,0,,,,,4,2,45,Jump Shot,4,Field Goal Missed,5,3.5,3.6,47,47,
2,10,13,Pitt with an offensive rebound.,,,false,false,false,,,,,,,38,27,4,2,0,,,,,0,,,,5,Offensive Rebound,,,,47,47,
2,10,03,Michael Young with a lost ball turnover: Lost Ball,120761,,true,false,false,Michael,,Young,,Pitt,,38,27,4,2,0,,,,,4,,2,Lost Ball,7,Turnover,,,,47,47,
2,9,38,Shooting foul committed by Michael Young.,120761,,true,false,false,Michael,,Young,,Pitt,,38,27,5,2,1,,,,,4,,2,Shooting,8,Foul,,,,47,47,
2,9,38,Casey Prather makes free throw 1 of 2.,97394,,true,false,false,Casey,,Prather,,Fla,,39,27,5,2,1,,,,,7,1,11,Free Throw 1 of 2,1,Free Throw Made,,,,256,256,
2,9,38,Casey Prather makes free throw 2 of 2.,97394,,true,false,false,Casey,,Prather,,Fla,,40,27,5,2,1,,,,,8,1,12,Free Throw 2 of 2,1,Free Throw Made,,,,256,256,
2,9,30,Cameron Wright makes a layup shot.,97236,,true,false,false,Cameron,,Wright,,Pitt,,40,29,5,2,1,,,,,2,2,40,Layup Shot,3,Field Goal Made,0,0,0,47,47,
2,9,02,Patric Young makes a hook shot from 4 feet out. Dorian Finney-Smith with the assist.,97391,110224,true,true,false,Patric,Dorian,Young,Finney-Smith,Fla,Fla,42,29,5,2,1,,,,,7,2,55,Hook Shot,3,Field Goal Made,4,2.6,3.5,256,256,
2,8,46,Talib Zanna makes a layup shot. James Robinson with the assist.,88283,116087,true,true,false,Talib,James,Zanna,Robinson,Pitt,Pitt,42,31,5,2,2,,,,,8,2,40,Layup Shot,3,Field Goal Made,0,0,0,47,47,
2,8,25,Scottie Wilbekin makes a 3-point jump shot from 26 feet out.,97392,,true,false,false,Scottie,,Wilbekin,,Fla,,45,31,5,2,0,,,,,11,3,45,Jump Shot,3,Field Goal Made,26,17.8,18.4,256,256,
2,8,20,Official's timeout.,,,false,false,false,,,,,,,45,31,5,2,0,,,,,0,,4,Official,11,Timeout,,,,256,256,
2,8,11,Personal foul committed by Scottie Wilbekin.,97392,,true,false,false,Scottie,,Wilbekin,,Fla,,45,31,5,3,1,,,,,11,,1,Personal,8,Foul,,,,256,256,
2,8,10,Cameron Wright makes a layup shot. Lamar Patterson with the assist.,97236,88282,true,true,false,Cameron,Lamar,Wright,Patterson,Pitt,Pitt,45,33,5,3,1,,,,,4,2,40,Layup Shot,3,Field Goal Made,0,0,0,47,47,
2,7,46,Scottie Wilbekin makes a layup shot.,97392,,true,false,false,Scottie,,Wilbekin,,Fla,,47,33,5,3,1,,,,,13,2,40,Layup Shot,3,Field Goal Made,0,0,0,256,256,
2,7,29,Cameron Wright makes a 3-point jump shot from 24 feet out. James Robinson with the assist.,97236,116087,true,true,false,Cameron,James,Wright,Robinson,Pitt,Pitt,47,36,5,3,1,,,,,7,3,45,Jump Shot,3,Field Goal Made,24,-21.7,9.8,47,47,
2,7,09,Michael Frazier II misses a 3-point jump shot from 24 feet out.,116521,,true,false,false,Michael,,Frazier II,,Fla,,47,36,5,3,0,,,,,6,3,45,Jump Shot,4,Field Goal Missed,24,-2.3,23.7,256,256,
2,7,09,Cameron Wright with a defensive rebound.,97236,,true,false,false,Cameron,,Wright,,Pitt,,47,36,5,3,1,,,,,7,,,,6,Defensive Rebound,,,,47,47,
2,6,59,Cameron Wright misses a jump shot from 9 feet out.,97236,,true,false,false,Cameron,,Wright,,Pitt,,47,36,5,3,1,,,,,7,2,45,Jump Shot,4,Field Goal Missed,9,-3.3,8.1,47,47,
2,6,59,Dorian Finney-Smith with a defensive rebound.,110224,,true,false,false,Dorian,,Finney-Smith,,Fla,,47,36,5,3,0,,,,,4,,,,6,Defensive Rebound,,,,256,256,
2,6,50,Will Yeguete makes a layup shot. Kasey Hill with the assist.,97393,120718,true,true,false,Will,Kasey,Yeguete,Hill,Fla,Fla,49,36,5,3,1,,,,,8,2,40,Layup Shot,3,Field Goal Made,0,0,0,256,256,
2,6,47,Pitt take a 20-second timeout.,,,false,false,false,,,,,,,49,36,5,3,0,,,,,0,,2,Short,11,Timeout,,,,47,47,
2,6,25,Jamel Artis makes a layup shot. James Robinson with the assist.,120758,116087,true,true,false,Jamel,James,Artis,Robinson,Pitt,Pitt,49,38,5,3,0,,,,,6,2,40,Layup Shot,3,Field Goal Made,0,0,0,47,47,
2,6,25,Shooting foul committed by Will Yeguete.,97393,,true,false,false,Will,,Yeguete,,Fla,,49,38,5,4,2,,,,,8,,2,Shooting,8,Foul,,,,256,256,
2,6,25,Official TV timeout.,,,false,false,false,,,,,,,49,38,5,4,0,,,,,0,,3,Official TV,11,Timeout,,,,256,256,
2,6,25,Jamel Artis makes free throw 1 of 1.,120758,,true,false,false,Jamel,,Artis,,Pitt,,49,39,5,4,0,,,,,7,1,10,Free Throw 1 of 1,1,Free Throw Made,,,,47,47,
2,5,59,Kasey Hill misses a jump shot from 7 feet out.,120718,,true,false,false,Kasey,,Hill,,Fla,,49,39,5,4,1,,,,,3,2,45,Jump Shot,4,Field Goal Missed,7,5.5,3.8,256,256,
2,5,59,Lamar Patterson with a defensive rebound.,88282,,true,false,false,Lamar,,Patterson,,Pitt,,49,39,5,4,1,,,,,7,,,,6,Defensive Rebound,,,,47,47,
2,5,34,Talib Zanna makes a layup shot. Lamar Patterson with the assist.,88283,88282,true,true,false,Talib,Lamar,Zanna,Patterson,Pitt,Pitt,49,41,5,4,2,,,,,10,2,40,Layup Shot,3,Field Goal Made,0,0,0,47,47,
2,5,00,Scottie Wilbekin makes a jump shot from 8 feet out.,97392,,true,false,false,Scottie,,Wilbekin,,Fla,,51,41,5,4,1,,,,,15,2,45,Jump Shot,3,Field Goal Made,8,3.3,7,256,256,
2,4,41,Talib Zanna with a lost ball turnover: Lost Ball,88283,,true,false,false,Talib,,Zanna,,Pitt,,51,41,5,4,2,,,,,10,,2,Lost Ball,7,Turnover,,,,47,47,
2,4,08,Scottie Wilbekin makes a jump shot from 9 feet out.,97392,,true,false,false,Scottie,,Wilbekin,,Fla,,53,41,5,4,1,,,,,17,2,45,Jump Shot,3,Field Goal Made,9,-9,2,256,256,
2,3,37,Josh Newkirk makes a 3-point jump shot from 25 feet out. James Robinson with the assist.,120759,116087,true,true,false,Josh,James,Newkirk,Robinson,Pitt,Pitt,53,44,5,4,1,,,,,8,3,45,Jump Shot,3,Field Goal Made,25,-21.3,12.5,47,47,
2,3,13,Personal foul committed by Talib Zanna.,88283,,true,false,false,Talib,,Zanna,,Pitt,,53,44,6,4,3,,,,,10,,1,Personal,8,Foul,,,,47,47,
2,3,13,Official TV timeout.,,,false,false,false,,,,,,,53,44,6,4,0,,,,,0,,3,Official TV,11,Timeout,,,,256,256,
2,3,03,Scottie Wilbekin makes a jump shot from 7 feet out.,97392,,true,false,false,Scottie,,Wilbekin,,Fla,,55,44,6,4,1,,,,,19,2,45,Jump Shot,3,Field Goal Made,7,6.4,2.1,256,256,
2,2,43,Shooting foul committed by Scottie Wilbekin.,97392,,true,false,false,Scottie,,Wilbekin,,Fla,,55,44,6,5,2,,,,,19,,2,Shooting,8,Foul,,,,256,256,
2,2,43,Lamar Patterson makes free throw 1 of 2.,88282,,true,false,false,Lamar,,Patterson,,Pitt,,55,45,6,5,1,,,,,8,1,11,Free Throw 1 of 2,1,Free Throw Made,,,,47,47,
2,2,43,Lamar Patterson misses free throw 2 of 2.,88282,,true,false,false,Lamar,,Patterson,,Pitt,,55,45,6,5,1,,,,,8,1,12,Free Throw 2 of 2,2,Free Throw Missed,,,,47,47,
2,2,43,Dorian Finney-Smith with a defensive rebound.,110224,,true,false,false,Dorian,,Finney-Smith,,Fla,,55,45,6,5,0,,,,,4,,,,6,Defensive Rebound,,,,256,256,
2,2,33,Fla take a 20-second timeout.,,,false,false,false,,,,,,,55,45,6,5,0,,,,,0,,2,Short,11,Timeout,,,,256,256,
2,2,05,Dorian Finney-Smith misses a jump shot from 18 feet out.,110224,,true,false,false,Dorian,,Finney-Smith,,Fla,,55,45,6,5,0,,,,,4,2,45,Jump Shot,4,Field Goal Missed,18,-3.3,17.4,256,256,
2,2,05,Dorian Finney-Smith with an offensive rebound.,110224,,true,false,false,Dorian,,Finney-Smith,,Fla,,55,45,6,5,0,,,,,4,,,,5,Offensive Rebound,,,,256,256,
2,1,35,Scottie Wilbekin makes a layup shot.,97392,,true,false,false,Scottie,,Wilbekin,,Fla,,57,45,6,5,2,,,,,21,2,40,Layup Shot,3,Field Goal Made,0,0,0,256,256,
2,1,25,James Robinson misses a 3-point jump shot from 24 feet out.,116087,,true,false,false,James,,Robinson,,Pitt,,57,45,6,5,2,,,,,1,3,45,Jump Shot,4,Field Goal Missed,24,21.3,11.5,47,47,
2,1,25,Patric Young with a defensive rebound.,97391,,true,false,false,Patric,,Young,,Fla,,57,45,6,5,1,,,,,7,,,,6,Defensive Rebound,,,,256,256,
2,1,16,Personal foul committed by Talib Zanna.,88283,,true,false,false,Talib,,Zanna,,Pitt,,57,45,7,5,4,,,,,10,,1,Personal,8,Foul,,,,47,47,
2,1,16,Scottie Wilbekin misses free throw 1st of 1-and-1.,97392,,true,false,false,Scottie,,Wilbekin,,Fla,,57,45,7,5,2,,,,,21,1,8,Free Throw 1st of 1-and-1,2,Free Throw Missed,,,,256,256,
2,1,16,Pitt with a defensive rebound.,,,false,false,false,,,,,,,57,45,7,5,0,,,,,0,,,,6,Defensive Rebound,,,,47,47,
2,1,09,Cameron Wright misses a 3-point jump shot from 24 feet out.,97236,,true,false,false,Cameron,,Wright,,Pitt,,57,45,7,5,1,,,,,7,3,45,Jump Shot,4,Field Goal Missed,24,-20.2,13.2,47,47,
2,1,09,Michael Frazier II with a defensive rebound.,116521,,true,false,false,Michael,,Frazier II,,Fla,,57,45,7,5,0,,,,,6,,,,6,Defensive Rebound,,,,256,256,
2,1,04,Personal foul committed by Josh Newkirk.,120759,,true,false,false,Josh,,Newkirk,,Pitt,,57,45,8,5,2,,,,,8,,1,Personal,8,Foul,,,,47,47,
2,1,04,Michael Frazier II makes free throw 1st of 1-and-1.,116521,,true,false,false,Michael,,Frazier II,,Fla,,58,45,8,5,0,,,,,7,1,8,Free Throw 1st of 1-and-1,1,Free Throw Made,,,,256,256,
2,1,04,Michael Frazier II makes free throw 2nd of 1-and-1.,116521,,true,false,false,Michael,,Frazier II,,Fla,,59,45,8,5,0,,,,,8,1,9,Free Throw 2nd of 1-and-1,1,Free Throw Made,,,,256,256,
2,0,59.2,Josh Newkirk misses a layup shot.,120759,,true,false,false,Josh,,Newkirk,,Pitt,,59,45,8,5,2,,,,,8,2,40,Layup Shot,4,Field Goal Missed,0,0,0,47,47,
2,0,59.2,Talib Zanna with an offensive rebound.,88283,,true,false,false,Talib,,Zanna,,Pitt,,59,45,8,5,4,,,,,10,,,,5,Offensive Rebound,,,,47,47,
2,0,55.1,Lamar Patterson misses a 3-point jump shot from 25 feet out.,88282,,true,false,false,Lamar,,Patterson,,Pitt,,59,45,8,5,1,,,,,8,3,45,Jump Shot,4,Field Goal Missed,25,-20.2,14.9,47,47,
2,0,55.1,Dorian Finney-Smith with a defensive rebound.,110224,,true,false,false,Dorian,,Finney-Smith,,Fla,,59,45,8,5,0,,,,,4,,,,6,Defensive Rebound,,,,256,256,
2,0,48.7,Michael Frazier II makes a layup shot.,116521,,true,false,false,Michael,,Frazier II,,Fla,,61,45,8,5,0,,,,,10,2,40,Layup Shot,3,Field Goal Made,0,0,0,256,256,
2,0,42.2,Lamar Patterson misses a 3-point jump shot from 25 feet out.,88282,,true,false,false,Lamar,,Patterson,,Pitt,,61,45,8,5,1,,,,,8,3,45,Jump Shot,4,Field Goal Missed,25,-1,25,47,47,
2,0,42.2,Casey Prather with a defensive rebound.,97394,,true,false,false,Casey,,Prather,,Fla,,61,45,8,5,1,,,,,8,,,,6,Defensive Rebound,,,,256,256,
2,0,04.6,Fla with a turnover: Shot Clock Turnover,,,false,false,false,,,,,,,61,45,8,5,0,,,,,0,,11,Shot Clock Turnover,7,Turnover,,,,256,256,
2,0,00,End of the 2nd Half,,,false,false,false,,,,,,,61,45,8,5,0,,,,,0,,,,15,End Period,,,,256,256,
2,0,00,End of the Game,,,false,false,false,,,,,,,61,45,8,5,0,,,,,0,,,,19,Game Over,,,,256,256,
