half,time-minutes,time-seconds,details,player1-id,player2-id,player1-linkable,player2-linkable,player3-linkable,player-first-name-1,player-first-name-2,player-last-name-1,player-last-name-2,player-team-alias-1,player-team-alias-2,home-score,visitor-score,visitor-fouls,home-fouls,player-fouls,fastbreak,in-paint,second-chance,off-turnover,player-score,points-type,detail-id,detail-desc,event-id,event-desc,distance,x-coord,y-coord,team-id-1,team-id-2,team-id-3
1,20,00,Start of the 1st Half,,,false,false,false,,,,,,,0,0,0,0,0,,,,,0,,,,14,Start Period,,,,52,52,
1,19,44,C.J. Fair makes a jump shot from 15 feet out.,97404,,true,false,false,C.J.,,Fair,,Syr,,2,0,0,0,0,,,,,2,2,45,Jump Shot,3,Field Goal Made,15,-5.9,13.3,52,52,
1,19,20,Troy Williams with a lost ball turnover: Lost Ball,121077,,true,false,false,Troy,,Williams,,Ind,,2,0,0,0,0,,,,,0,,2,Lost Ball,7,Turnover,,,,73,73,
1,18,57,Trevor Cooney misses a 3-point jump shot from 24 feet out.,110467,,true,false,false,Trevor,,Cooney,,Syr,,2,0,0,0,0,,,,,0,3,45,Jump Shot,4,Field Goal Missed,24,16.2,18.1,52,52,
1,18,57,Jeremy Hollowell with a defensive rebound.,116726,,true,false,false,Jeremy,,Hollowell,,Ind,,2,0,0,0,0,,,,,0,,,,6,Defensive Rebound,,,,73,73,
1,18,44,Troy Williams misses a 3-point jump shot from 24 feet out.,121077,,true,false,false,Troy,,Williams,,Ind,,2,0,0,0,0,,,,,0,3,45,Jump Shot,4,Field Goal Missed,24,16.2,18.3,73,73,
1,18,44,DaJuan Coleman with a defensive rebound.,116756,,true,false,false,DaJuan,,Coleman,,Syr,,2,0,0,0,0,,,,,0,,,,6,Defensive Rebound,,,,52,52,
1,18,34,Trevor Cooney makes a 3-point jump shot from 23 feet out.,110467,,true,false,false,Trevor,,Cooney,,Syr,,5,0,0,0,0,,,,,3,3,45,Jump Shot,3,Field Goal Made,23,16.6,16.1,52,52,
1,18,13,Jeremy Hollowell misses a jump shot from 14 feet out.,116726,,true,false,false,Jeremy,,Hollowell,,Ind,,5,0,0,0,0,,,,,0,2,45,Jump Shot,4,Field Goal Missed,14,13.2,4.8,73,73,
1,18,13,Ind with an offensive rebound.,,,false,false,false,,,,,,,5,0,0,0,0,,,,,0,,,,5,Offensive Rebound,,,,73,73,
1,17,56,Will Sheehey misses a 3-point jump shot from 25 feet out.,97590,,true,false,false,Will,,Sheehey,,Ind,,5,0,0,0,0,,,,,0,3,45,Jump Shot,4,Field Goal Missed,25,-18.5,17.3,73,73,
1,17,56,Jeremy Hollowell with an offensive rebound.,116726,,true,false,false,Jeremy,,Hollowell,,Ind,,5,0,0,0,0,,,,,0,,,,5,Offensive Rebound,,,,73,73,
1,17,36,Yogi Ferrell misses a 3-point jump shot from 24 feet out.,116724,,true,false,false,Yogi,,Ferrell,,Ind,,5,0,0,0,0,,,,,0,3,45,Jump Shot,4,Field Goal Missed,24,3.1,23.5,73,73,
1,17,36,Syr with a defensive rebound.,,,false,false,false,,,,,,,5,0,0,0,0,,,,,0,,,,6,Defensive Rebound,,,,52,52,
1,17,13,Rakeem Christmas with a lost ball turnover: Lost Ball,110466,,true,false,false,Rakeem,,Christmas,,Syr,,5,0,0,0,0,,,,,0,,2,Lost Ball,7,Turnover,,,,52,52,
1,17,02,Troy Williams misses a layup shot.,121077,,true,false,false,Troy,,Williams,,Ind,,5,0,0,0,0,,,,,0,2,40,Layup Shot,4,Field Goal Missed,0,0,0,73,73,
1,17,02,Trevor Cooney with a defensive rebound.,110467,,true,false,false,Trevor,,Cooney,,Syr,,5,0,0,0,0,,,,,3,,,,6,Defensive Rebound,,,,52,52,
1,16,56,C.J. Fair misses a jump shot from 12 feet out.,97404,,true,false,false,C.J.,,Fair,,Syr,,5,0,0,0,0,,,,,2,2,45,Jump Shot,4,Field Goal Missed,12,-12.2,1.8,52,52,
1,16,56,C.J. Fair with an offensive rebound.,97404,,true,false,false,C.J.,,Fair,,Syr,,5,0,0,0,0,,,,,2,,,,5,Offensive Rebound,,,,52,52,
1,16,55,Tyler Ennis makes a jump shot from 5 feet out.,121072,,true,false,false,Tyler,,Ennis,,Syr,,7,0,0,0,0,,,,,2,2,45,Jump Shot,3,Field Goal Made,5,1.6,5,52,52,
1,16,50,Ind take a 20-second timeout.,,,false,false,false,,,,,,,7,0,0,0,0,,,,,0,,2,Short,11,Timeout,,,,73,73,
1,16,32,Jeremy Hollowell with a lost ball turnover: Lost Ball,116726,,true,false,false,Jeremy,,Hollowell,,Ind,,7,0,0,0,0,,,,,0,,2,Lost Ball,7,Turnover,,,,73,73,
1,16,14,C.J. Fair with a double dribble turnover: Double Dribble,97404,,true,false,false,C.J.,,Fair,,Syr,,7,0,0,0,0,,,,,2,,6,Double Dribble,7,Turnover,,,,52,52,
1,15,56,Troy Williams misses a 3-point jump shot from 23 feet out.,121077,,true,false,false,Troy,,Williams,,Ind,,7,0,0,0,0,,,,,0,3,45,Jump Shot,4,Field Goal Missed,23,21.2,8.7,73,73,
1,15,56,Tyler Ennis with a defensive rebound.,121072,,true,false,false,Tyler,,Ennis,,Syr,,7,0,0,0,0,,,,,2,,,,6,Defensive Rebound,,,,52,52,
1,15,41,Trevor Cooney makes a 3-point jump shot from 24 feet out. Tyler Ennis with the assist.,110467,121072,true,true,false,Trevor,Tyler,Cooney,Ennis,Syr,Syr,10,0,0,0,0,,,,,6,3,45,Jump Shot,3,Field Goal Made,24,-21.2,12.3,52,52,
1,15,19,Will Sheehey misses a jump shot from 16 feet out.,97590,,true,false,false,Will,,Sheehey,,Ind,,10,0,0,0,0,,,,,0,2,45,Jump Shot,4,Field Goal Missed,16,-10.1,12.3,73,73,
1,15,19,Troy Williams with an offensive rebound.,121077,,true,false,false,Troy,,Williams,,Ind,,10,0,0,0,0,,,,,0,,,,5,Offensive Rebound,,,,73,73,
1,15,16,Troy Williams misses a dunk shot.,121077,,true,false,false,Troy,,Williams,,Ind,,10,0,0,0,0,,,,,0,2,48,Dunk Shot,4,Field Goal Missed,0,0,0,73,73,
1,15,16,Noah Vonleh with an offensive rebound.,121075,,true,false,false,Noah,,Vonleh,,Ind,,10,0,0,0,0,,,,,0,,,,5,Offensive Rebound,,,,73,73,
1,15,16,Shooting foul committed by Rakeem Christmas.,110466,,true,false,false,Rakeem,,Christmas,,Syr,,10,0,0,1,1,,,,,0,,2,Shooting,8,Foul,,,,52,52,
1,15,16,Official TV timeout.,,,false,false,false,,,,,,,10,0,0,1,0,,,,,0,,3,Official TV,11,Timeout,,,,52,52,
1,15,16,Noah Vonleh makes free throw 1 of 2.,121075,,true,false,false,Noah,,Vonleh,,Ind,,10,1,0,1,0,,,,,1,1,11,Free Throw 1 of 2,1,Free Throw Made,,,,73,73,
1,15,16,Noah Vonleh makes free throw 2 of 2.,121075,,true,false,false,Noah,,Vonleh,,Ind,,10,2,0,1,0,,,,,2,1,12,Free Throw 2 of 2,1,Free Throw Made,,,,73,73,
1,15,02,Personal foul committed by Jeremy Hollowell.,116726,,true,false,false,Jeremy,,Hollowell,,Ind,,10,2,1,1,1,,,,,0,,1,Personal,8,Foul,,,,73,73,
1,14,47,Tyler Ennis with a lost ball turnover: Lost Ball,121072,,true,false,false,Tyler,,Ennis,,Syr,,10,2,1,1,0,,,,,2,,2,Lost Ball,7,Turnover,,,,52,52,
1,14,43,Troy Williams makes a dunk shot.,121077,,true,false,false,Troy,,Williams,,Ind,,10,4,1,1,0,,,,,2,2,48,Dunk Shot,3,Field Goal Made,0,0,0,73,73,
1,14,14,Trevor Cooney misses a 3-point jump shot from 24 feet out.,110467,,true,false,false,Trevor,,Cooney,,Syr,,10,4,1,1,0,,,,,6,3,45,Jump Shot,4,Field Goal Missed,24,-23,6.5,52,52,
1,14,14,Noah Vonleh with a defensive rebound.,121075,,true,false,false,Noah,,Vonleh,,Ind,,10,4,1,1,0,,,,,2,,,,6,Defensive Rebound,,,,73,73,
1,14,06,Troy Williams misses a layup shot.,121077,,true,false,false,Troy,,Williams,,Ind,,10,4,1,1,0,,,,,2,2,40,Layup Shot,4,Field Goal Missed,0,0,0,73,73,
1,14,06,Syr with a defensive rebound.,,,false,false,false,,,,,,,10,4,1,1,0,,,,,0,,,,6,Defensive Rebound,,,,52,52,
1,13,29,Jerami Grant misses a jump shot from 8 feet out.,116757,,true,false,false,Jerami,,Grant,,Syr,,10,4,1,1,0,,,,,0,2,45,Jump Shot,4,Field Goal Missed,8,-7.9,1.8,52,52,
1,13,29,Tyler Ennis with an offensive rebound.,121072,,true,false,false,Tyler,,Ennis,,Syr,,10,4,1,1,0,,,,,2,,,,5,Offensive Rebound,,,,52,52,
1,13,26,Trevor Cooney misses a 3-point jump shot from 24 feet out.,110467,,true,false,false,Trevor,,Cooney,,Syr,,10,4,1,1,0,,,,,6,3,45,Jump Shot,4,Field Goal Missed,24,23,5.2,52,52,
1,13,26,Devin Davis with a defensive rebound.,121078,,true,false,false,Devin,,Davis,,Ind,,10,4,1,1,0,,,,,0,,,,6,Defensive Rebound,,,,73,73,
1,13,10,Devin Davis misses a jump shot from 6 feet out.,121078,,true,false,false,Devin,,Davis,,Ind,,10,4,1,1,0,,,,,0,2,45,Jump Shot,4,Field Goal Missed,6,3,5.7,73,73,
1,13,10,Rakeem Christmas with a defensive rebound.,110466,,true,false,false,Rakeem,,Christmas,,Syr,,10,4,1,1,1,,,,,0,,,,6,Defensive Rebound,,,,52,52,
1,12,46,Personal foul committed by Will Sheehey.,97590,,true,false,false,Will,,Sheehey,,Ind,,10,4,2,1,1,,,,,0,,1,Personal,8,Foul,,,,73,73,
1,12,39,Jerami Grant misses a jump shot from 6 feet out.,116757,,true,false,false,Jerami,,Grant,,Syr,,10,4,2,1,0,,,,,0,2,45,Jump Shot,4,Field Goal Missed,6,-.1,5.9,52,52,
1,12,39,Luke Fischer with a defensive rebound.,121082,,true,false,false,Luke,,Fischer,,Ind,,10,4,2,1,0,,,,,0,,,,6,Defensive Rebound,,,,73,73,
1,12,26,Yogi Ferrell makes a 3-point jump shot from 24 feet out.,116724,,true,false,false,Yogi,,Ferrell,,Ind,,10,7,2,1,0,,,,,3,3,45,Jump Shot,3,Field Goal Made,24,16,18,73,73,
1,11,57,Rakeem Christmas misses a jump shot from 16 feet out.,110466,,true,false,false,Rakeem,,Christmas,,Syr,,10,7,2,1,1,,,,,0,2,45,Jump Shot,4,Field Goal Missed,16,7.2,14,52,52,
1,11,57,Jerami Grant with an offensive rebound.,116757,,true,false,false,Jerami,,Grant,,Syr,,10,7,2,1,0,,,,,0,,,,5,Offensive Rebound,,,,52,52,
1,11,48,Jerami Grant makes a layup shot.,116757,,true,false,false,Jerami,,Grant,,Syr,,12,7,2,1,0,,,,,2,2,40,Layup Shot,3,Field Goal Made,0,0,0,52,52,
1,11,36,Will Sheehey misses a layup shot.,97590,,true,false,false,Will,,Sheehey,,Ind,,12,7,2,1,1,,,,,0,2,40,Layup Shot,4,Field Goal Missed,0,0,0,73,73,
1,11,36,Will Sheehey with an offensive rebound.,97590,,true,false,false,Will,,Sheehey,,Ind,,12,7,2,1,1,,,,,0,,,,5,Offensive Rebound,,,,73,73,
1,11,19,Will Sheehey misses a layup shot.,97590,,true,false,false,Will,,Sheehey,,Ind,,12,7,2,1,1,,,,,0,2,40,Layup Shot,4,Field Goal Missed,0,0,0,73,73,
1,11,19,Devin Davis with an offensive rebound.,121078,,true,false,false,Devin,,Davis,,Ind,,12,7,2,1,0,,,,,0,,,,5,Offensive Rebound,,,,73,73,
1,11,06,Devin Davis misses a jump shot from 6 feet out.,121078,,true,false,false,Devin,,Davis,,Ind,,12,7,2,1,0,,,,,0,2,45,Jump Shot,4,Field Goal Missed,6,-6.2,1.6,73,73,
1,11,06,Rakeem Christmas with a defensive rebound.,110466,,true,false,false,Rakeem,,Christmas,,Syr,,12,7,2,1,1,,,,,0,,,,6,Defensive Rebound,,,,52,52,
1,11,00,Personal foul committed by Luke Fischer.,121082,,true,false,false,Luke,,Fischer,,Ind,,12,7,3,1,1,,,,,0,,1,Personal,8,Foul,,,,73,73,
1,11,00,Official TV timeout.,,,false,false,false,,,,,,,12,7,3,1,0,,,,,0,,3,Official TV,11,Timeout,,,,52,52,
1,10,50,C.J. Fair misses a jump shot from 9 feet out.,97404,,true,false,false,C.J.,,Fair,,Syr,,12,7,3,1,0,,,,,2,2,45,Jump Shot,4,Field Goal Missed,9,7.4,4.8,52,52,
1,10,50,Jerami Grant with an offensive rebound.,116757,,true,false,false,Jerami,,Grant,,Syr,,12,7,3,1,0,,,,,2,,,,5,Offensive Rebound,,,,52,52,
1,10,50,Jerami Grant makes a dunk shot.,116757,,true,false,false,Jerami,,Grant,,Syr,,14,7,3,1,0,,,,,4,2,48,Dunk Shot,3,Field Goal Made,0,0,0,52,52,
1,10,50,Personal foul committed by Baye Moussa Keita.,97403,,true,false,false,Baye Moussa,,Keita,,Syr,,14,7,3,2,1,,,,,0,,1,Personal,8,Foul,,,,52,52,
1,10,26,Yogi Ferrell misses a 3-point jump shot from 23 feet out.,116724,,true,false,false,Yogi,,Ferrell,,Ind,,14,7,3,2,0,,,,,3,3,45,Jump Shot,4,Field Goal Missed,23,-1.6,23.2,73,73,
1,10,26,Tyler Ennis with a defensive rebound.,121072,,true,false,false,Tyler,,Ennis,,Syr,,14,7,3,2,0,,,,,2,,,,6,Defensive Rebound,,,,52,52,
1,9,53,Shooting foul committed by Will Sheehey.,97590,,true,false,false,Will,,Sheehey,,Ind,,14,7,4,2,2,,,,,0,,2,Shooting,8,Foul,,,,73,73,
1,9,53,C.J. Fair makes free throw 1 of 2.,97404,,true,false,false,C.J.,,Fair,,Syr,,15,7,4,2,0,,,,,3,1,11,Free Throw 1 of 2,1,Free Throw Made,,,,52,52,
1,9,53,C.J. Fair makes free throw 2 of 2.,97404,,true,false,false,C.J.,,Fair,,Syr,,16,7,4,2,0,,,,,4,1,12,Free Throw 2 of 2,1,Free Throw Made,,,,52,52,
1,9,40,Stanford Robinson makes a layup shot. Yogi Ferrell with the assist.,121080,116724,true,true,false,Stanford,Yogi,Robinson,Ferrell,Ind,Ind,16,9,4,2,0,,,,,2,2,40,Layup Shot,3,Field Goal Made,0,0,0,73,73,
1,9,09,Trevor Cooney misses a layup shot.,110467,,true,false,false,Trevor,,Cooney,,Syr,,16,9,4,2,0,,,,,6,2,40,Layup Shot,4,Field Goal Missed,0,0,0,52,52,
1,9,09,Baye Moussa Keita with an offensive rebound.,97403,,true,false,false,Baye Moussa,,Keita,,Syr,,16,9,4,2,1,,,,,0,,,,5,Offensive Rebound,,,,52,52,
1,8,58,Baye Moussa Keita misses a layup shot.,97403,,true,false,false,Baye Moussa,,Keita,,Syr,,16,9,4,2,1,,,,,0,2,40,Layup Shot,4,Field Goal Missed,0,0,0,52,52,
1,8,58,Evan Gordon with a defensive rebound.,88325,,true,false,false,Evan,,Gordon,,Ind,,16,9,4,2,0,,,,,0,,,,6,Defensive Rebound,,,,73,73,
1,8,46,Yogi Ferrell with a bad pass turnover: Bad Pass,116724,,true,false,false,Yogi,,Ferrell,,Ind,,16,9,4,2,0,,,,,3,,1,Bad Pass,7,Turnover,,,,73,73,
1,8,34,Jerami Grant misses a layup shot.,116757,,true,false,false,Jerami,,Grant,,Syr,,16,9,4,2,0,,,,,4,2,40,Layup Shot,4,Field Goal Missed,0,0,0,52,52,
1,8,34,Baye Moussa Keita with an offensive rebound.,97403,,true,false,false,Baye Moussa,,Keita,,Syr,,16,9,4,2,1,,,,,0,,,,5,Offensive Rebound,,,,52,52,
1,8,29,Baye Moussa Keita misses a layup shot.,97403,,true,false,false,Baye Moussa,,Keita,,Syr,,16,9,4,2,1,,,,,0,2,40,Layup Shot,4,Field Goal Missed,0,0,0,52,52,
1,8,29,Noah Vonleh with a defensive rebound.,121075,,true,false,false,Noah,,Vonleh,,Ind,,16,9,4,2,0,,,,,2,,,,6,Defensive Rebound,,,,73,73,
1,8,25,Shooting foul committed by Michael Gbinije.,109414,,true,false,false,Michael,,Gbinije,,Syr,,16,9,4,3,1,,,,,0,,2,Shooting,8,Foul,,,,52,52,
1,8,25,Stanford Robinson makes free throw 1 of 2.,121080,,true,false,false,Stanford,,Robinson,,Ind,,16,10,4,3,0,,,,,3,1,11,Free Throw 1 of 2,1,Free Throw Made,,,,73,73,
1,8,25,Stanford Robinson misses free throw 2 of 2.,121080,,true,false,false,Stanford,,Robinson,,Ind,,16,10,4,3,0,,,,,3,1,12,Free Throw 2 of 2,2,Free Throw Missed,,,,73,73,
1,8,25,Ind with an offensive rebound.,,,false,false,false,,,,,,,16,10,4,3,0,,,,,0,,,,5,Offensive Rebound,,,,73,73,
1,8,24,Personal foul committed by Michael Gbinije.,109414,,true,false,false,Michael,,Gbinije,,Syr,,16,10,4,4,2,,,,,0,,1,Personal,8,Foul,,,,52,52,
1,8,18,Personal foul committed by Baye Moussa Keita.,97403,,true,false,false,Baye Moussa,,Keita,,Syr,,16,10,4,5,2,,,,,0,,1,Personal,8,Foul,,,,52,52,
1,8,11,Flagrant foul committed by Noah Vonleh.,121075,,true,false,false,Noah,,Vonleh,,Ind,,16,10,5,5,1,,,,,2,,21,Flagrant,8,Foul,,,,73,73,
1,8,11,Rakeem Christmas misses free throw 1 of 2.,110466,,true,false,false,Rakeem,,Christmas,,Syr,,16,10,5,5,1,,,,,0,1,11,Free Throw 1 of 2,2,Free Throw Missed,,,,52,52,
1,8,11,Syr with an offensive rebound.,,,false,false,false,,,,,,,16,10,5,5,0,,,,,0,,,,5,Offensive Rebound,,,,52,52,
1,8,11,Rakeem Christmas makes free throw 2 of 2.,110466,,true,false,false,Rakeem,,Christmas,,Syr,,17,10,5,5,1,,,,,1,1,12,Free Throw 2 of 2,1,Free Throw Made,,,,52,52,
1,7,47,Rakeem Christmas with a lost ball turnover: Lost Ball,110466,,true,false,false,Rakeem,,Christmas,,Syr,,17,10,5,5,1,,,,,1,,2,Lost Ball,7,Turnover,,,,52,52,
1,7,31,Personal foul committed by Rakeem Christmas.,110466,,true,false,false,Rakeem,,Christmas,,Syr,,17,10,5,6,2,,,,,1,,1,Personal,8,Foul,,,,52,52,
1,7,31,Official TV timeout.,,,false,false,false,,,,,,,17,10,5,6,0,,,,,0,,3,Official TV,11,Timeout,,,,52,52,
1,7,11,Shooting foul committed by C.J. Fair.,97404,,true,false,false,C.J.,,Fair,,Syr,,17,10,5,7,1,,,,,4,,2,Shooting,8,Foul,,,,52,52,
1,7,11,Noah Vonleh makes free throw 1 of 2.,121075,,true,false,false,Noah,,Vonleh,,Ind,,17,11,5,7,1,,,,,3,1,11,Free Throw 1 of 2,1,Free Throw Made,,,,73,73,
1,7,11,Noah Vonleh makes free throw 2 of 2.,121075,,true,false,false,Noah,,Vonleh,,Ind,,17,12,5,7,1,,,,,4,1,12,Free Throw 2 of 2,1,Free Throw Made,,,,73,73,
1,7,02,C.J. Fair makes a jump shot from 8 feet out.,97404,,true,false,false,C.J.,,Fair,,Syr,,19,12,5,7,1,,,,,6,2,45,Jump Shot,3,Field Goal Made,8,-7.2,3.3,52,52,
1,6,51,Stanford Robinson misses a jump shot from 8 feet out.,121080,,true,false,false,Stanford,,Robinson,,Ind,,19,12,5,7,0,,,,,3,2,45,Jump Shot,4,Field Goal Missed,8,-5.4,5.9,73,73,
1,6,51,Tyler Ennis with a defensive rebound.,121072,,true,false,false,Tyler,,Ennis,,Syr,,19,12,5,7,0,,,,,2,,,,6,Defensive Rebound,,,,52,52,
1,6,41,DaJuan Coleman makes a layup shot. Jerami Grant with the assist.,116756,116757,true,true,false,DaJuan,Jerami,Coleman,Grant,Syr,Syr,21,12,5,7,0,,,,,2,2,40,Layup Shot,3,Field Goal Made,0,0,0,52,52,
1,6,15,Noah Vonleh misses a jump shot from 6 feet out.,121075,,true,false,false,Noah,,Vonleh,,Ind,,21,12,5,7,1,,,,,4,2,45,Jump Shot,4,Field Goal Missed,6,2,5,73,73,
1,6,15,Jeremy Hollowell with an offensive rebound.,116726,,true,false,false,Jeremy,,Hollowell,,Ind,,21,12,5,7,1,,,,,0,,,,5,Offensive Rebound,,,,73,73,
1,6,05,Jeremy Hollowell makes a layup shot.,116726,,true,false,false,Jeremy,,Hollowell,,Ind,,21,14,5,7,1,,,,,2,2,40,Layup Shot,3,Field Goal Made,0,0,0,73,73,
1,6,00,Jerami Grant makes a layup shot.,116757,,true,false,false,Jerami,,Grant,,Syr,,23,14,5,7,0,,,,,6,2,40,Layup Shot,3,Field Goal Made,0,0,0,52,52,
1,5,48,Shooting foul committed by DaJuan Coleman.,116756,,true,false,false,DaJuan,,Coleman,,Syr,,23,14,5,8,1,,,,,2,,2,Shooting,8,Foul,,,,52,52,
1,5,48,Noah Vonleh makes free throw 1 of 2.,121075,,true,false,false,Noah,,Vonleh,,Ind,,23,15,5,8,1,,,,,5,1,11,Free Throw 1 of 2,1,Free Throw Made,,,,73,73,
1,5,48,Noah Vonleh makes free throw 2 of 2.,121075,,true,false,false,Noah,,Vonleh,,Ind,,23,16,5,8,1,,,,,6,1,12,Free Throw 2 of 2,1,Free Throw Made,,,,73,73,
1,5,48,Personal foul committed by Hanner Mosquera-Perea.,116725,,true,false,false,Hanner,,Mosquera-Perea,,Ind,,23,16,6,8,1,,,,,0,,1,Personal,8,Foul,,,,73,73,
1,5,48,Jerami Grant misses a jump shot from 4 feet out.,116757,,true,false,false,Jerami,,Grant,,Syr,,23,16,6,8,0,,,,,6,2,45,Jump Shot,4,Field Goal Missed,4,-2.8,3.1,52,52,
1,5,48,Jeremy Hollowell with a defensive rebound.,116726,,true,false,false,Jeremy,,Hollowell,,Ind,,23,16,6,8,1,,,,,2,,,,6,Defensive Rebound,,,,73,73,
1,5,48,Troy Williams misses a jump shot from 11 feet out.,121077,,true,false,false,Troy,,Williams,,Ind,,23,16,6,8,0,,,,,2,2,45,Jump Shot,4,Field Goal Missed,11,-11.5,-.1,73,73,
1,5,48,Troy Williams with an offensive rebound.,121077,,true,false,false,Troy,,Williams,,Ind,,23,16,6,8,0,,,,,2,,,,5,Offensive Rebound,,,,73,73,
1,5,40,Hanner Mosquera-Perea makes a layup shot. Yogi Ferrell with the assist.,116725,116724,true,true,false,Hanner,Yogi,Mosquera-Perea,Ferrell,Ind,Ind,23,18,6,8,1,,,,,2,2,40,Layup Shot,3,Field Goal Made,0,0,0,73,73,
1,5,24,DaJuan Coleman misses a jump shot from 3 feet out.,116756,,true,false,false,DaJuan,,Coleman,,Syr,,23,18,6,8,1,,,,,2,2,45,Jump Shot,4,Field Goal Missed,3,-1.3,3,52,52,
1,5,24,Will Sheehey with a defensive rebound.,97590,,true,false,false,Will,,Sheehey,,Ind,,23,18,6,8,2,,,,,0,,,,6,Defensive Rebound,,,,73,73,
1,5,16,Will Sheehey makes a layup shot.,97590,,true,false,false,Will,,Sheehey,,Ind,,23,20,6,8,2,,,,,2,2,40,Layup Shot,3,Field Goal Made,0,0,0,73,73,
1,5,13,Shooting foul committed by DaJuan Coleman.,116756,,true,false,false,DaJuan,,Coleman,,Syr,,23,20,6,9,2,,,,,2,,2,Shooting,8,Foul,,,,52,52,
1,5,13,Will Sheehey makes free throw 1 of 1.,97590,,true,false,false,Will,,Sheehey,,Ind,,23,21,6,9,2,,,,,3,1,10,Free Throw 1 of 1,1,Free Throw Made,,,,73,73,
1,4,55,Shooting foul committed by Hanner Mosquera-Perea.,116725,,true,false,false,Hanner,,Mosquera-Perea,,Ind,,23,21,7,9,2,,,,,2,,2,Shooting,8,Foul,,,,73,73,
1,4,55,Baye Moussa Keita misses free throw 1 of 2.,97403,,true,false,false,Baye Moussa,,Keita,,Syr,,23,21,7,9,2,,,,,0,1,11,Free Throw 1 of 2,2,Free Throw Missed,,,,52,52,
1,4,55,Syr with an offensive rebound.,,,false,false,false,,,,,,,23,21,7,9,0,,,,,0,,,,5,Offensive Rebound,,,,52,52,
1,4,55,Baye Moussa Keita makes free throw 2 of 2.,97403,,true,false,false,Baye Moussa,,Keita,,Syr,,24,21,7,9,2,,,,,1,1,12,Free Throw 2 of 2,1,Free Throw Made,,,,52,52,
1,4,21,Yogi Ferrell makes a 3-point jump shot from 23 feet out. Evan Gordon with the assist.,116724,88325,true,true,false,Yogi,Evan,Ferrell,Gordon,Ind,Ind,24,24,7,9,0,,,,,6,3,45,Jump Shot,3,Field Goal Made,23,7.6,21.7,73,73,
1,4,08,Tyler Ennis makes a layup shot. Baye Moussa Keita with the assist.,121072,97403,true,true,false,Tyler,Baye Moussa,Ennis,Keita,Syr,Syr,26,24,7,9,0,,,,,4,2,40,Layup Shot,3,Field Goal Made,0,0,0,52,52,
1,3,20,Yogi Ferrell makes a 3-point jump shot from 25 feet out. Jeremy Hollowell with the assist.,116724,116726,true,true,false,Yogi,Jeremy,Ferrell,Hollowell,Ind,Ind,26,27,7,9,0,,,,,9,3,45,Jump Shot,3,Field Goal Made,25,3.3,24.7,73,73,
1,3,18,Personal foul committed by Luke Fischer.,121082,,true,false,false,Luke,,Fischer,,Ind,,26,27,8,9,2,,,,,0,,1,Personal,8,Foul,,,,73,73,
1,3,18,Official TV timeout.,,,false,false,false,,,,,,,26,27,8,9,0,,,,,0,,3,Official TV,11,Timeout,,,,52,52,
1,3,18,Tyler Ennis makes free throw 1st of 1-and-1.,121072,,true,false,false,Tyler,,Ennis,,Syr,,27,27,8,9,0,,,,,5,1,8,Free Throw 1st of 1-and-1,1,Free Throw Made,,,,52,52,
1,3,18,Tyler Ennis makes free throw 2nd of 1-and-1.,121072,,true,false,false,Tyler,,Ennis,,Syr,,28,27,8,9,0,,,,,6,1,9,Free Throw 2nd of 1-and-1,1,Free Throw Made,,,,52,52,
1,2,45,Will Sheehey misses a layup shot.,97590,,true,false,false,Will,,Sheehey,,Ind,,28,27,8,9,2,,,,,3,2,40,Layup Shot,4,Field Goal Missed,0,0,0,73,73,
1,2,45,Devin Davis with an offensive rebound.,121078,,true,false,false,Devin,,Davis,,Ind,,28,27,8,9,0,,,,,0,,,,5,Offensive Rebound,,,,73,73,
1,2,31,Devin Davis misses a jump shot from 4 feet out.,121078,,true,false,false,Devin,,Davis,,Ind,,28,27,8,9,0,,,,,0,2,45,Jump Shot,4,Field Goal Missed,4,-3.3,1.4,73,73,
1,2,31,C.J. Fair with a defensive rebound.,97404,,true,false,false,C.J.,,Fair,,Syr,,28,27,8,9,1,,,,,6,,,,6,Defensive Rebound,,,,52,52,
1,2,16,C.J. Fair makes a jump shot from 8 feet out.,97404,,true,false,false,C.J.,,Fair,,Syr,,30,27,8,9,1,,,,,8,2,45,Jump Shot,3,Field Goal Made,8,7.2,3.1,52,52,
1,2,06,Jeremy Hollowell misses a jump shot from 14 feet out.,116726,,true,false,false,Jeremy,,Hollowell,,Ind,,30,27,8,9,1,,,,,2,2,45,Jump Shot,4,Field Goal Missed,14,6,13,73,73,
1,2,06,Troy Williams with an offensive rebound.,121077,,true,false,false,Troy,,Williams,,Ind,,30,27,8,9,0,,,,,2,,,,5,Offensive Rebound,,,,73,73,
1,1,58,Troy Williams makes a dunk shot.,121077,,true,false,false,Troy,,Williams,,Ind,,30,29,8,9,0,,,,,4,2,48,Dunk Shot,3,Field Goal Made,0,0,0,73,73,
1,1,47,Trevor Cooney with a bad pass turnover: Bad Pass,110467,,true,false,false,Trevor,,Cooney,,Syr,,30,29,8,9,0,,,,,6,,1,Bad Pass,7,Turnover,,,,52,52,
1,0,59.0,Noah Vonleh misses a jump shot from 3 feet out.,121075,,true,false,false,Noah,,Vonleh,,Ind,,30,29,8,9,1,,,,,6,2,45,Jump Shot,4,Field Goal Missed,3,-2.5,1.8,73,73,
1,0,59.0,Syr with a defensive rebound.,,,false,false,false,,,,,,,30,29,8,9,0,,,,,0,,,,6,Defensive Rebound,,,,52,52,
1,0,56.8,Tyler Ennis misses a layup shot.,121072,,true,false,false,Tyler,,Ennis,,Syr,,30,29,8,9,0,,,,,6,2,40,Layup Shot,4,Field Goal Missed,0,0,0,52,52,
1,0,56.8,Tyler Ennis with an offensive rebound.,121072,,true,false,false,Tyler,,Ennis,,Syr,,30,29,8,9,0,,,,,6,,,,5,Offensive Rebound,,,,52,52,
1,0,42.5,Syr take a 20-second timeout.,,,false,false,false,,,,,,,30,29,8,9,0,,,,,0,,2,Short,11,Timeout,,,,52,52,
1,0,27.5,Trevor Cooney makes a 3-point jump shot from 25 feet out. Baye Moussa Keita with the assist.,110467,97403,true,true,false,Trevor,Baye Moussa,Cooney,Keita,Syr,Syr,33,29,8,9,0,,,,,9,3,45,Jump Shot,3,Field Goal Made,25,-22.5,11.8,52,52,
1,0,05.3,Luke Fischer with a lost ball turnover: Lost Ball,121082,,true,false,false,Luke,,Fischer,,Ind,,33,29,8,9,2,,,,,0,,2,Lost Ball,7,Turnover,,,,73,73,
1,0,00,C.J. Fair misses a 3-point jump shot from 22 feet out.,97404,,true,false,false,C.J.,,Fair,,Syr,,33,29,8,9,1,,,,,8,3,45,Jump Shot,4,Field Goal Missed,22,-21.7,5.9,52,52,
1,0,00,Baye Moussa Keita with an offensive rebound.,97403,,true,false,false,Baye Moussa,,Keita,,Syr,,33,29,8,9,2,,,,,1,,,,5,Offensive Rebound,,,,52,52,
1,0,00,Baye Moussa Keita misses a layup shot.,97403,,true,false,false,Baye Moussa,,Keita,,Syr,,33,29,8,9,2,,,,,1,2,40,Layup Shot,4,Field Goal Missed,0,0,0,52,52,
1,0,00,Syr with an offensive rebound.,,,false,false,false,,,,,,,33,29,8,9,0,,,,,0,,,,5,Offensive Rebound,,,,52,52,
1,0,00,End of the 1st Half,,,false,false,false,,,,,,,33,29,8,9,0,,,,,0,,,,15,End Period,,,,52,52,
2,20,00,Start of the 2nd Half,,,false,false,false,,,,,,,33,29,0,0,0,,,,,0,,,,14,Start Period,,,,52,52,
2,19,36,Troy Williams makes a layup shot.,121077,,true,false,false,Troy,,Williams,,Ind,,33,31,0,0,0,,,,,6,2,40,Layup Shot,3,Field Goal Made,0,0,0,73,73,
2,19,20,Personal foul committed by Will Sheehey.,97590,,true,false,false,Will,,Sheehey,,Ind,,33,31,1,0,3,,,,,3,,1,Personal,8,Foul,,,,73,73,
2,19,08,Personal foul committed by Noah Vonleh.,121075,,true,false,false,Noah,,Vonleh,,Ind,,33,31,2,0,2,,,,,6,,1,Personal,8,Foul,,,,73,73,
2,18,56,Trevor Cooney misses a layup shot.,110467,,true,false,false,Trevor,,Cooney,,Syr,,33,31,2,0,0,,,,,9,2,40,Layup Shot,4,Field Goal Missed,0,0,0,52,52,
2,18,56,Noah Vonleh with a defensive rebound.,121075,,true,false,false,Noah,,Vonleh,,Ind,,33,31,2,0,2,,,,,6,,,,6,Defensive Rebound,,,,73,73,
2,18,29,Troy Williams misses a 3-point jump shot from 25 feet out.,121077,,true,false,false,Troy,,Williams,,Ind,,33,31,2,0,0,,,,,6,3,45,Jump Shot,4,Field Goal Missed,25,-22.5,11,73,73,
2,18,29,Tyler Ennis with a defensive rebound.,121072,,true,false,false,Tyler,,Ennis,,Syr,,33,31,2,0,0,,,,,6,,,,6,Defensive Rebound,,,,52,52,
2,18,21,C.J. Fair misses a 3-point jump shot from 25 feet out.,97404,,true,false,false,C.J.,,Fair,,Syr,,33,31,2,0,1,,,,,8,3,45,Jump Shot,4,Field Goal Missed,25,3,24.4,52,52,
2,18,21,Yogi Ferrell with a defensive rebound.,116724,,true,false,false,Yogi,,Ferrell,,Ind,,33,31,2,0,0,,,,,9,,,,6,Defensive Rebound,,,,73,73,
2,18,07,Yogi Ferrell misses a 3-point jump shot from 24 feet out.,116724,,true,false,false,Yogi,,Ferrell,,Ind,,33,31,2,0,0,,,,,9,3,45,Jump Shot,4,Field Goal Missed,24,-19.6,14.4,73,73,
2,18,07,Rakeem Christmas with a defensive rebound.,110466,,true,false,false,Rakeem,,Christmas,,Syr,,33,31,2,0,2,,,,,1,,,,6,Defensive Rebound,,,,52,52,
2,17,53,Tyler Ennis with a bad pass turnover: Bad Pass,121072,,true,false,false,Tyler,,Ennis,,Syr,,33,31,2,0,0,,,,,6,,1,Bad Pass,7,Turnover,,,,52,52,
2,17,46,Noah Vonleh makes a jump shot from 8 feet out.,121075,,true,false,false,Noah,,Vonleh,,Ind,,33,33,2,0,2,,,,,8,2,45,Jump Shot,3,Field Goal Made,8,3.7,6.9,73,73,
2,17,25,C.J. Fair misses a jump shot from 14 feet out.,97404,,true,false,false,C.J.,,Fair,,Syr,,33,33,2,0,1,,,,,8,2,45,Jump Shot,4,Field Goal Missed,14,-9.9,9.3,52,52,
2,17,25,DaJuan Coleman with an offensive rebound.,116756,,true,false,false,DaJuan,,Coleman,,Syr,,33,33,2,0,2,,,,,2,,,,5,Offensive Rebound,,,,52,52,
2,17,19,DaJuan Coleman makes a layup shot.,116756,,true,false,false,DaJuan,,Coleman,,Syr,,35,33,2,0,2,,,,,4,2,40,Layup Shot,3,Field Goal Made,0,0,0,52,52,
2,16,47,Yogi Ferrell with a lost ball turnover: Lost Ball,116724,,true,false,false,Yogi,,Ferrell,,Ind,,35,33,2,0,0,,,,,9,,2,Lost Ball,7,Turnover,,,,73,73,
2,16,43,Trevor Cooney makes a 3-point jump shot from 24 feet out. Tyler Ennis with the assist.,110467,121072,true,true,false,Trevor,Tyler,Cooney,Ennis,Syr,Syr,38,33,2,0,0,,,,,12,3,45,Jump Shot,3,Field Goal Made,24,-22.7,6.4,52,52,
2,16,18,Noah Vonleh misses a 3-point jump shot from 24 feet out.,121075,,true,false,false,Noah,,Vonleh,,Ind,,38,33,2,0,2,,,,,8,3,45,Jump Shot,4,Field Goal Missed,24,-11.3,20.8,73,73,
2,16,18,Syr with a defensive rebound.,,,false,false,false,,,,,,,38,33,2,0,0,,,,,0,,,,6,Defensive Rebound,,,,52,52,
2,16,07,Shooting foul committed by Troy Williams.,121077,,true,false,false,Troy,,Williams,,Ind,,38,33,3,0,1,,,,,6,,2,Shooting,8,Foul,,,,73,73,
2,16,07,Trevor Cooney makes free throw 1 of 3.,110467,,true,false,false,Trevor,,Cooney,,Syr,,39,33,3,0,0,,,,,13,1,13,Free Throw 1 of 3,1,Free Throw Made,,,,52,52,
2,16,07,Trevor Cooney makes free throw 2 of 3.,110467,,true,false,false,Trevor,,Cooney,,Syr,,40,33,3,0,0,,,,,14,1,14,Free Throw 2 of 3,1,Free Throw Made,,,,52,52,
2,16,07,Trevor Cooney makes free throw 3 of 3.,110467,,true,false,false,Trevor,,Cooney,,Syr,,41,33,3,0,0,,,,,15,1,15,Free Throw 3 of 3,1,Free Throw Made,,,,52,52,
2,15,55,Official TV timeout.,,,false,false,false,,,,,,,41,33,3,0,0,,,,,0,,3,Official TV,11,Timeout,,,,52,52,
2,15,33,Ind with a turnover: Shot Clock Turnover,,,false,false,false,,,,,,,41,33,3,0,0,,,,,0,,11,Shot Clock Turnover,7,Turnover,,,,73,73,
2,15,16,Tyler Ennis makes a jump shot from 7 feet out.,121072,,true,false,false,Tyler,,Ennis,,Syr,,43,33,3,0,0,,,,,8,2,45,Jump Shot,3,Field Goal Made,7,-4.7,5,52,52,
2,15,06,Personal foul committed by DaJuan Coleman.,116756,,true,false,false,DaJuan,,Coleman,,Syr,,43,33,3,1,3,,,,,4,,1,Personal,8,Foul,,,,52,52,
2,14,34,Luke Fischer with a lost ball turnover: Lost Ball,121082,,true,false,false,Luke,,Fischer,,Ind,,43,33,3,1,2,,,,,0,,2,Lost Ball,7,Turnover,,,,73,73,
2,14,24,Trevor Cooney misses a 3-point jump shot from 23 feet out.,110467,,true,false,false,Trevor,,Cooney,,Syr,,43,33,3,1,0,,,,,15,3,45,Jump Shot,4,Field Goal Missed,23,-22.9,.8,52,52,
2,14,24,Luke Fischer with a defensive rebound.,121082,,true,false,false,Luke,,Fischer,,Ind,,43,33,3,1,2,,,,,0,,,,6,Defensive Rebound,,,,73,73,
2,14,17,Jeremy Hollowell with a lost ball turnover: Lost Ball,116726,,true,false,false,Jeremy,,Hollowell,,Ind,,43,33,3,1,1,,,,,2,,2,Lost Ball,7,Turnover,,,,73,73,
2,13,52,Personal foul committed by C.J. Fair.,97404,,true,false,false,C.J.,,Fair,,Syr,,43,33,3,2,2,,,,,8,,1,Personal,8,Foul,,,,52,52,
2,13,51,Personal foul committed by Devin Davis.,121078,,true,false,false,Devin,,Davis,,Ind,,43,33,4,2,1,,,,,0,,1,Personal,8,Foul,,,,73,73,
2,13,41,Stanford Robinson with a lost ball turnover: Lost Ball,121080,,true,false,false,Stanford,,Robinson,,Ind,,43,33,4,2,0,,,,,3,,2,Lost Ball,7,Turnover,,,,73,73,
2,13,17,C.J. Fair makes a jump shot from 11 feet out.,97404,,true,false,false,C.J.,,Fair,,Syr,,45,33,4,2,2,,,,,10,2,45,Jump Shot,3,Field Goal Made,11,-10.3,2.8,52,52,
2,13,16,Shooting foul committed by Stanford Robinson.,121080,,true,false,false,Stanford,,Robinson,,Ind,,45,33,5,2,1,,,,,3,,2,Shooting,8,Foul,,,,73,73,
2,13,16,C.J. Fair misses free throw 1 of 1.,97404,,true,false,false,C.J.,,Fair,,Syr,,45,33,5,2,2,,,,,10,1,10,Free Throw 1 of 1,2,Free Throw Missed,,,,52,52,
2,13,16,C.J. Fair with an offensive rebound.,97404,,true,false,false,C.J.,,Fair,,Syr,,45,33,5,2,2,,,,,10,,,,5,Offensive Rebound,,,,52,52,
2,13,00,Shooting foul committed by Devin Davis.,121078,,true,false,false,Devin,,Davis,,Ind,,45,33,6,2,2,,,,,0,,2,Shooting,8,Foul,,,,73,73,
2,13,00,Jerami Grant misses free throw 1 of 2.,116757,,true,false,false,Jerami,,Grant,,Syr,,45,33,6,2,0,,,,,6,1,11,Free Throw 1 of 2,2,Free Throw Missed,,,,52,52,
2,13,00,Syr with an offensive rebound.,,,false,false,false,,,,,,,45,33,6,2,0,,,,,0,,,,5,Offensive Rebound,,,,52,52,
2,13,00,Jerami Grant misses free throw 2 of 2.,116757,,true,false,false,Jerami,,Grant,,Syr,,45,33,6,2,0,,,,,6,1,12,Free Throw 2 of 2,2,Free Throw Missed,,,,52,52,
2,13,00,Noah Vonleh with a defensive rebound.,121075,,true,false,false,Noah,,Vonleh,,Ind,,45,33,6,2,2,,,,,8,,,,6,Defensive Rebound,,,,73,73,
2,12,46,Noah Vonleh with a lost ball turnover: Lost Ball,121075,,true,false,false,Noah,,Vonleh,,Ind,,45,33,6,2,2,,,,,8,,2,Lost Ball,7,Turnover,,,,73,73,
2,12,15,Jerami Grant misses a jump shot from 12 feet out.,116757,,true,false,false,Jerami,,Grant,,Syr,,45,33,6,2,0,,,,,6,2,45,Jump Shot,4,Field Goal Missed,12,12.3,1.4,52,52,
2,12,15,Syr with an offensive rebound.,,,false,false,false,,,,,,,45,33,6,2,0,,,,,0,,,,5,Offensive Rebound,,,,52,52,
2,12,04,Offensive foul committed by C.J. Fair.,97404,,true,false,false,C.J.,,Fair,,Syr,,45,33,6,3,3,,,,,10,,4,Offensive,8,Foul,,,,52,52,
2,12,04,C.J. Fair with a  turnover:,97404,,true,false,false,C.J.,,Fair,,Syr,,45,33,6,3,3,,,,,10,,,,7,Turnover,,,,52,52,
2,11,46,Shooting foul committed by Jerami Grant.,116757,,true,false,false,Jerami,,Grant,,Syr,,45,33,6,4,1,,,,,6,,2,Shooting,8,Foul,,,,52,52,
2,11,46,Official TV timeout.,,,false,false,false,,,,,,,45,33,6,4,0,,,,,0,,3,Official TV,11,Timeout,,,,52,52,
2,11,46,Noah Vonleh makes free throw 1 of 2.,121075,,true,false,false,Noah,,Vonleh,,Ind,,45,34,6,4,2,,,,,9,1,11,Free Throw 1 of 2,1,Free Throw Made,,,,73,73,
2,11,46,Noah Vonleh misses free throw 2 of 2.,121075,,true,false,false,Noah,,Vonleh,,Ind,,45,34,6,4,2,,,,,9,1,12,Free Throw 2 of 2,2,Free Throw Missed,,,,73,73,
2,11,46,C.J. Fair with a defensive rebound.,97404,,true,false,false,C.J.,,Fair,,Syr,,45,34,6,4,3,,,,,10,,,,6,Defensive Rebound,,,,52,52,
2,11,07,Tyler Ennis makes a 3-point jump shot from 26 feet out. Michael Gbinije with the assist.,121072,109414,true,true,false,Tyler,Michael,Ennis,Gbinije,Syr,Syr,48,34,6,4,0,,,,,11,3,45,Jump Shot,3,Field Goal Made,26,-19.8,16.4,52,52,
2,10,47,Personal foul committed by C.J. Fair.,97404,,true,false,false,C.J.,,Fair,,Syr,,48,34,6,5,4,,,,,10,,1,Personal,8,Foul,,,,52,52,
2,10,31,Will Sheehey with a lost ball turnover: Lost Ball,97590,,true,false,false,Will,,Sheehey,,Ind,,48,34,6,5,3,,,,,3,,2,Lost Ball,7,Turnover,,,,73,73,
2,10,13,Tyler Ennis makes a layup shot.,121072,,true,false,false,Tyler,,Ennis,,Syr,,50,34,6,5,0,,,,,13,2,40,Layup Shot,3,Field Goal Made,0,0,0,52,52,
2,9,56,Shooting foul committed by Rakeem Christmas.,110466,,true,false,false,Rakeem,,Christmas,,Syr,,50,34,6,6,3,,,,,1,,2,Shooting,8,Foul,,,,52,52,
2,9,56,Jeremy Hollowell makes free throw 1 of 2.,116726,,true,false,false,Jeremy,,Hollowell,,Ind,,50,35,6,6,1,,,,,3,1,11,Free Throw 1 of 2,1,Free Throw Made,,,,73,73,
2,9,56,Jeremy Hollowell makes free throw 2 of 2.,116726,,true,false,false,Jeremy,,Hollowell,,Ind,,50,36,6,6,1,,,,,4,1,12,Free Throw 2 of 2,1,Free Throw Made,,,,73,73,
2,9,42,Trevor Cooney makes a 3-point jump shot from 26 feet out. Tyler Ennis with the assist.,110467,121072,true,true,false,Trevor,Tyler,Cooney,Ennis,Syr,Syr,53,36,6,6,0,,,,,18,3,45,Jump Shot,3,Field Goal Made,26,10.3,23.9,52,52,
2,9,20,Jeremy Hollowell with a lost ball turnover: Lost Ball,116726,,true,false,false,Jeremy,,Hollowell,,Ind,,53,36,6,6,1,,,,,4,,2,Lost Ball,7,Turnover,,,,73,73,
2,9,19,Flagrant foul committed by Austin Etherington.,109543,,true,false,false,Austin,,Etherington,,Ind,,53,36,7,6,1,,,,,0,,21,Flagrant,8,Foul,,,,73,73,
2,9,19,Trevor Cooney makes free throw 1 of 2.,110467,,true,false,false,Trevor,,Cooney,,Syr,,54,36,7,6,0,,,,,19,1,11,Free Throw 1 of 2,1,Free Throw Made,,,,52,52,
2,9,19,Trevor Cooney misses free throw 2 of 2.,110467,,true,false,false,Trevor,,Cooney,,Syr,,54,36,7,6,0,,,,,19,1,12,Free Throw 2 of 2,2,Free Throw Missed,,,,52,52,
2,9,19,Syr with an offensive rebound.,,,false,false,false,,,,,,,54,36,7,6,0,,,,,0,,,,5,Offensive Rebound,,,,52,52,
2,9,18,Shooting foul committed by Yogi Ferrell.,116724,,true,false,false,Yogi,,Ferrell,,Ind,,54,36,8,6,1,,,,,9,,2,Shooting,8,Foul,,,,73,73,
2,9,18,Tyler Ennis makes free throw 1st of 1-and-1.,121072,,true,false,false,Tyler,,Ennis,,Syr,,55,36,8,6,0,,,,,14,1,8,Free Throw 1st of 1-and-1,1,Free Throw Made,,,,52,52,
2,9,18,Tyler Ennis misses free throw 2 of 2.,121072,,true,false,false,Tyler,,Ennis,,Syr,,55,36,8,6,0,,,,,14,1,12,Free Throw 2 of 2,2,Free Throw Missed,,,,52,52,
2,9,18,Noah Vonleh with a defensive rebound.,121075,,true,false,false,Noah,,Vonleh,,Ind,,55,36,8,6,2,,,,,9,,,,6,Defensive Rebound,,,,73,73,
2,9,02,Jeremy Hollowell misses a 3-point jump shot from 26 feet out.,116726,,true,false,false,Jeremy,,Hollowell,,Ind,,55,36,8,6,1,,,,,4,3,45,Jump Shot,4,Field Goal Missed,26,13.4,22.2,73,73,
2,9,02,Tyler Ennis with a defensive rebound.,121072,,true,false,false,Tyler,,Ennis,,Syr,,55,36,8,6,0,,,,,14,,,,6,Defensive Rebound,,,,52,52,
2,8,57,Personal foul committed by Tyler Ennis.,121072,,true,false,false,Tyler,,Ennis,,Syr,,55,36,8,7,1,,,,,14,,1,Personal,8,Foul,,,,52,52,
2,8,57,Tyler Ennis makes free throw 1st of 1-and-1.,121072,,true,false,false,Tyler,,Ennis,,Syr,,56,36,8,7,1,,,,,15,1,8,Free Throw 1st of 1-and-1,1,Free Throw Made,,,,52,52,
2,8,57,Tyler Ennis misses free throw 2nd of 1-and-1.,121072,,true,false,false,Tyler,,Ennis,,Syr,,56,36,8,7,1,,,,,15,1,9,Free Throw 2nd of 1-and-1,2,Free Throw Missed,,,,52,52,
2,8,57,Hanner Mosquera-Perea with a defensive rebound.,116725,,true,false,false,Hanner,,Mosquera-Perea,,Ind,,56,36,8,7,2,,,,,2,,,,6,Defensive Rebound,,,,73,73,
2,8,50,Personal foul committed by Michael Gbinije.,109414,,true,false,false,Michael,,Gbinije,,Syr,,56,36,8,8,3,,,,,0,,1,Personal,8,Foul,,,,52,52,
2,8,50,Hanner Mosquera-Perea misses free throw 1st of 1-and-1.,116725,,true,false,false,Hanner,,Mosquera-Perea,,Ind,,56,36,8,8,2,,,,,2,1,8,Free Throw 1st of 1-and-1,2,Free Throw Missed,,,,73,73,
2,8,50,Michael Gbinije with a defensive rebound.,109414,,true,false,false,Michael,,Gbinije,,Syr,,56,36,8,8,3,,,,,0,,,,6,Defensive Rebound,,,,52,52,
2,8,20,Tyler Ennis misses a jump shot from 10 feet out.,121072,,true,false,false,Tyler,,Ennis,,Syr,,56,36,8,8,1,,,,,15,2,45,Jump Shot,4,Field Goal Missed,10,9.9,3,52,52,
2,8,20,Hanner Mosquera-Perea with a defensive rebound.,116725,,true,false,false,Hanner,,Mosquera-Perea,,Ind,,56,36,8,8,2,,,,,2,,,,6,Defensive Rebound,,,,73,73,
2,8,18,Shooting foul committed by Michael Gbinije.,109414,,true,false,false,Michael,,Gbinije,,Syr,,56,36,8,9,4,,,,,0,,2,Shooting,8,Foul,,,,52,52,
2,8,18,Jeremy Hollowell misses free throw 1 of 2.,116726,,true,false,false,Jeremy,,Hollowell,,Ind,,56,36,8,9,1,,,,,4,1,11,Free Throw 1 of 2,2,Free Throw Missed,,,,73,73,
2,8,18,Ind with an offensive rebound.,,,false,false,false,,,,,,,56,36,8,9,0,,,,,0,,,,5,Offensive Rebound,,,,73,73,
2,8,18,Jeremy Hollowell makes free throw 2 of 2.,116726,,true,false,false,Jeremy,,Hollowell,,Ind,,56,37,8,9,1,,,,,5,1,12,Free Throw 2 of 2,1,Free Throw Made,,,,73,73,
2,7,40,Michael Gbinije misses a 3-point jump shot from 24 feet out.,109414,,true,false,false,Michael,,Gbinije,,Syr,,56,37,8,9,4,,,,,0,3,45,Jump Shot,4,Field Goal Missed,24,-3.5,23.5,52,52,
2,7,40,Evan Gordon with a defensive rebound.,88325,,true,false,false,Evan,,Gordon,,Ind,,56,37,8,9,0,,,,,0,,,,6,Defensive Rebound,,,,73,73,
2,7,31,Evan Gordon with a lost ball turnover: Lost Ball,88325,,true,false,false,Evan,,Gordon,,Ind,,56,37,8,9,0,,,,,0,,2,Lost Ball,7,Turnover,,,,73,73,
2,7,22,Trevor Cooney makes a dunk shot. Michael Gbinije with the assist.,110467,109414,true,true,false,Trevor,Michael,Cooney,Gbinije,Syr,Syr,58,37,8,9,0,,,,,21,2,48,Dunk Shot,3,Field Goal Made,0,0,0,52,52,
2,7,10,Will Sheehey misses a jump shot from 12 feet out.,97590,,true,false,false,Will,,Sheehey,,Ind,,58,37,8,9,3,,,,,3,2,45,Jump Shot,4,Field Goal Missed,12,-5.5,11.1,73,73,
2,7,10,Evan Gordon with an offensive rebound.,88325,,true,false,false,Evan,,Gordon,,Ind,,58,37,8,9,0,,,,,0,,,,5,Offensive Rebound,,,,73,73,
2,6,55,Will Sheehey misses a jump shot from 3 feet out.,97590,,true,false,false,Will,,Sheehey,,Ind,,58,37,8,9,3,,,,,3,2,45,Jump Shot,4,Field Goal Missed,3,-.8,3.1,73,73,
2,6,55,Michael Gbinije with a defensive rebound.,109414,,true,false,false,Michael,,Gbinije,,Syr,,58,37,8,9,4,,,,,0,,,,6,Defensive Rebound,,,,52,52,
2,6,31,Offensive foul committed by Jerami Grant.,116757,,true,false,false,Jerami,,Grant,,Syr,,58,37,8,10,2,,,,,6,,4,Offensive,8,Foul,,,,52,52,
2,6,31,Jerami Grant with a  turnover:,116757,,true,false,false,Jerami,,Grant,,Syr,,58,37,8,10,2,,,,,6,,,,7,Turnover,,,,52,52,
2,6,31,Official TV timeout.,,,false,false,false,,,,,,,58,37,8,10,0,,,,,0,,3,Official TV,11,Timeout,,,,52,52,
2,6,27,Personal foul committed by Baye Moussa Keita.,97403,,true,false,false,Baye Moussa,,Keita,,Syr,,58,37,8,11,3,,,,,1,,1,Personal,8,Foul,,,,52,52,
2,6,27,Noah Vonleh makes free throw 1 of 2.,121075,,true,false,false,Noah,,Vonleh,,Ind,,58,38,8,11,2,,,,,10,1,11,Free Throw 1 of 2,1,Free Throw Made,,,,73,73,
2,6,27,Noah Vonleh misses free throw 2 of 2.,121075,,true,false,false,Noah,,Vonleh,,Ind,,58,38,8,11,2,,,,,10,1,12,Free Throw 2 of 2,2,Free Throw Missed,,,,73,73,
2,6,27,Trevor Cooney with a defensive rebound.,110467,,true,false,false,Trevor,,Cooney,,Syr,,58,38,8,11,0,,,,,21,,,,6,Defensive Rebound,,,,52,52,
2,6,01,Baye Moussa Keita with a lost ball turnover: Lost Ball,97403,,true,false,false,Baye Moussa,,Keita,,Syr,,58,38,8,11,3,,,,,1,,2,Lost Ball,7,Turnover,,,,52,52,
2,5,46,Offensive foul committed by Jerami Grant.,116757,,true,false,false,Jerami,,Grant,,Syr,,58,38,8,12,3,,,,,6,,4,Offensive,8,Foul,,,,52,52,
2,5,46,Jerami Grant with a  turnover:,116757,,true,false,false,Jerami,,Grant,,Syr,,58,38,8,12,3,,,,,6,,,,7,Turnover,,,,52,52,
2,5,46,Noah Vonleh makes free throw 1 of 2.,121075,,true,false,false,Noah,,Vonleh,,Ind,,58,39,8,12,2,,,,,11,1,11,Free Throw 1 of 2,1,Free Throw Made,,,,73,73,
2,5,46,Noah Vonleh makes free throw 2 of 2.,121075,,true,false,false,Noah,,Vonleh,,Ind,,58,40,8,12,2,,,,,12,1,12,Free Throw 2 of 2,1,Free Throw Made,,,,73,73,
2,5,11,Tyler Ennis makes a layup shot.,121072,,true,false,false,Tyler,,Ennis,,Syr,,60,40,8,12,1,,,,,17,2,40,Layup Shot,3,Field Goal Made,0,0,0,52,52,
2,4,48,Shooting foul committed by Noah Vonleh.,121075,,true,false,false,Noah,,Vonleh,,Ind,,60,40,9,12,3,,,,,12,,2,Shooting,8,Foul,,,,73,73,
2,4,48,Tyler Ennis misses free throw 1 of 1.,121072,,true,false,false,Tyler,,Ennis,,Syr,,60,40,9,12,1,,,,,17,1,10,Free Throw 1 of 1,2,Free Throw Missed,,,,52,52,
2,4,48,Stanford Robinson with a defensive rebound.,121080,,true,false,false,Stanford,,Robinson,,Ind,,60,40,9,12,1,,,,,3,,,,6,Defensive Rebound,,,,73,73,
2,4,46,Noah Vonleh makes a dunk shot. Stanford Robinson with the assist.,121075,121080,true,true,false,Noah,Stanford,Vonleh,Robinson,Ind,Ind,60,42,9,12,3,,,,,14,2,48,Dunk Shot,3,Field Goal Made,0,0,0,73,73,
2,4,26,Personal foul committed by Troy Williams.,121077,,true,false,false,Troy,,Williams,,Ind,,60,42,10,12,2,,,,,6,,1,Personal,8,Foul,,,,73,73,
2,4,26,C.J. Fair misses free throw 1 of 2.,97404,,true,false,false,C.J.,,Fair,,Syr,,60,42,10,12,4,,,,,10,1,11,Free Throw 1 of 2,2,Free Throw Missed,,,,52,52,
2,4,26,Syr with an offensive rebound.,,,false,false,false,,,,,,,60,42,10,12,0,,,,,0,,,,5,Offensive Rebound,,,,52,52,
2,4,26,C.J. Fair makes free throw 2 of 2.,97404,,true,false,false,C.J.,,Fair,,Syr,,61,42,10,12,4,,,,,11,1,12,Free Throw 2 of 2,1,Free Throw Made,,,,52,52,
2,4,14,Personal foul committed by Baye Moussa Keita.,97403,,true,false,false,Baye Moussa,,Keita,,Syr,,61,42,10,13,4,,,,,1,,1,Personal,8,Foul,,,,52,52,
2,4,14,Noah Vonleh misses free throw 1 of 2.,121075,,true,false,false,Noah,,Vonleh,,Ind,,61,42,10,13,3,,,,,14,1,11,Free Throw 1 of 2,2,Free Throw Missed,,,,73,73,
2,4,14,Ind with an offensive rebound.,,,false,false,false,,,,,,,61,42,10,13,0,,,,,0,,,,5,Offensive Rebound,,,,73,73,
2,4,14,Noah Vonleh makes free throw 2 of 2.,121075,,true,false,false,Noah,,Vonleh,,Ind,,61,43,10,13,3,,,,,15,1,12,Free Throw 2 of 2,1,Free Throw Made,,,,73,73,
2,3,42,Michael Gbinije makes a layup shot. Tyler Ennis with the assist.,109414,121072,true,true,false,Michael,Tyler,Gbinije,Ennis,Syr,Syr,63,43,10,13,4,,,,,2,2,40,Layup Shot,3,Field Goal Made,0,0,0,52,52,
2,3,22,Personal foul committed by Rakeem Christmas.,110466,,true,false,false,Rakeem,,Christmas,,Syr,,63,43,10,14,4,,,,,1,,1,Personal,8,Foul,,,,52,52,
2,3,22,Official TV timeout.,,,false,false,false,,,,,,,63,43,10,14,0,,,,,0,,3,Official TV,11,Timeout,,,,52,52,
2,3,22,Noah Vonleh makes free throw 1 of 2.,121075,,true,false,false,Noah,,Vonleh,,Ind,,63,44,10,14,3,,,,,16,1,11,Free Throw 1 of 2,1,Free Throw Made,,,,73,73,
2,3,22,Noah Vonleh makes free throw 2 of 2.,121075,,true,false,false,Noah,,Vonleh,,Ind,,63,45,10,14,3,,,,,17,1,12,Free Throw 2 of 2,1,Free Throw Made,,,,73,73,
2,2,54,C.J. Fair with a lost ball turnover: Lost Ball,97404,,true,false,false,C.J.,,Fair,,Syr,,63,45,10,14,4,,,,,11,,2,Lost Ball,7,Turnover,,,,52,52,
2,2,47,Troy Williams with a traveling turnover: Traveling,121077,,true,false,false,Troy,,Williams,,Ind,,63,45,10,14,2,,,,,6,,4,Traveling,7,Turnover,,,,73,73,
2,2,11,C.J. Fair makes a jump shot from 15 feet out.,97404,,true,false,false,C.J.,,Fair,,Syr,,65,45,10,14,4,,,,,13,2,45,Jump Shot,3,Field Goal Made,15,6.7,13,52,52,
2,1,56,Yogi Ferrell makes a 3-point jump shot from 25 feet out.,116724,,true,false,false,Yogi,,Ferrell,,Ind,,65,48,10,14,1,,,,,12,3,45,Jump Shot,3,Field Goal Made,25,-19.6,15.4,73,73,
2,1,30,Rakeem Christmas makes a dunk shot. Tyler Ennis with the assist.,110466,121072,true,true,false,Rakeem,Tyler,Christmas,Ennis,Syr,Syr,67,48,10,14,4,,,,,3,2,48,Dunk Shot,3,Field Goal Made,0,0,0,52,52,
2,1,18,Evan Gordon makes a jump shot from 2 feet out.,88325,,true,false,false,Evan,,Gordon,,Ind,,67,50,10,14,0,,,,,2,2,45,Jump Shot,3,Field Goal Made,2,.6,1.4,73,73,
2,0,51.9,Shooting foul committed by Troy Williams.,121077,,true,false,false,Troy,,Williams,,Ind,,67,50,11,14,3,,,,,6,,2,Shooting,8,Foul,,,,73,73,
2,0,51.9,C.J. Fair makes free throw 1 of 2.,97404,,true,false,false,C.J.,,Fair,,Syr,,68,50,11,14,4,,,,,14,1,11,Free Throw 1 of 2,1,Free Throw Made,,,,52,52,
2,0,51.9,C.J. Fair makes free throw 2 of 2.,97404,,true,false,false,C.J.,,Fair,,Syr,,69,50,11,14,4,,,,,15,1,12,Free Throw 2 of 2,1,Free Throw Made,,,,52,52,
2,0,35.5,Taylor Wayer misses a 3-point jump shot from 24 feet out.,100129,,true,false,false,Taylor,,Wayer,,Ind,,69,50,11,14,0,,,,,0,3,45,Jump Shot,4,Field Goal Missed,24,24.2,1.9,73,73,
2,0,35.5,Jeff Howard with an offensive rebound.,97591,,true,false,false,Jeff,,Howard,,Ind,,69,50,11,14,0,,,,,0,,,,5,Offensive Rebound,,,,73,73,
2,0,25.7,Jeff Howard makes a layup shot.,97591,,true,false,false,Jeff,,Howard,,Ind,,69,52,11,14,0,,,,,2,2,40,Layup Shot,3,Field Goal Made,0,0,0,73,73,
2,0,00,End of the 2nd Half,,,false,false,false,,,,,,,69,52,11,14,0,,,,,0,,,,15,End Period,,,,52,52,
2,0,00,End of the Game,,,false,false,false,,,,,,,69,52,11,14,0,,,,,0,,,,19,Game Over,,,,52,52,
