half,time-minutes,time-seconds,details,player1-id,player2-id,player1-linkable,player2-linkable,player3-linkable,player-first-name-1,player-first-name-2,player-last-name-1,player-last-name-2,player-team-alias-1,player-team-alias-2,home-score,visitor-score,visitor-fouls,home-fouls,player-fouls,fastbreak,in-paint,second-chance,off-turnover,player-score,points-type,detail-id,detail-desc,event-id,event-desc,distance,x-coord,y-coord,team-id-1,team-id-2,team-id-3
1,20,00,Start of the 1st Half,,,false,false,false,,,,,,,0,0,0,0,0,,,,,0,,,,14,Start Period,,,,17,17,
1,19,42,Justin Anderson makes a jump shot.,116701,,true,false,false,Justin,,Anderson,,UVa,,2,0,0,0,0,,,,,2,2,45,Jump Shot,3,Field Goal Made,,,,17,17,
1,19,32,Darion Atkins makes a jump shot.,109419,,true,false,false,Darion,,Atkins,,UVa,,4,0,0,0,0,,,,,2,2,45,Jump Shot,3,Field Goal Made,,,,17,17,
1,16,09,Justin Anderson makes a 3-point jump shot.,116701,,true,false,false,Justin,,Anderson,,UVa,,7,0,0,0,0,,,,,5,3,45,Jump Shot,3,Field Goal Made,,,,17,17,
1,16,08,Nor take a full timeout.,,,false,false,false,,,,,,,7,0,0,0,0,,,,,0,,1,Regular,11,Timeout,,,,193,193,
1,15,54,Personal foul committed by London Perrantes.,120610,,true,false,false,London,,Perrantes,,UVa,,7,0,0,1,1,,,,,0,,1,Personal,8,Foul,,,,17,17,
1,15,52,Official TV timeout.,,,false,false,false,,,,,,,7,0,0,1,0,,,,,0,,3,Official TV,11,Timeout,,,,17,17,
1,15,52,Malcolm Hawkins misses a 3-point jump shot.,89093,,true,false,false,Malcolm,,Hawkins,,Nor,,7,0,0,1,0,,,,,0,3,45,Jump Shot,4,Field Goal Missed,,,,193,193,
1,15,52,Malcolm Hawkins misses a jump shot.,89093,,true,false,false,Malcolm,,Hawkins,,Nor,,7,0,0,1,0,,,,,0,2,45,Jump Shot,4,Field Goal Missed,,,,193,193,
1,15,52,Anell Alexis misses a 3-point jump shot.,91407,,true,false,false,Anell,,Alexis,,Nor,,7,0,0,1,0,,,,,0,3,45,Jump Shot,4,Field Goal Missed,,,,193,193,
1,15,52,Jamel Fuentes misses a jump shot.,110920,,true,false,false,Jamel,,Fuentes,,Nor,,7,0,0,1,0,,,,,0,2,45,Jump Shot,4,Field Goal Missed,,,,193,193,
1,15,52,Malcolm Brogdon misses a jump shot.,109418,,true,false,false,Malcolm,,Brogdon,,UVa,,7,0,0,1,0,,,,,0,2,45,Jump Shot,4,Field Goal Missed,,,,17,17,
1,15,52,Jamel Fuentes makes free throw 1 of 2.,110920,,true,false,false,Jamel,,Fuentes,,Nor,,7,1,0,1,0,,,,,1,1,11,Free Throw 1 of 2,1,Free Throw Made,,,,193,193,
1,15,52,Jamel Fuentes makes free throw 2 of 2.,110920,,true,false,false,Jamel,,Fuentes,,Nor,,7,2,0,1,0,,,,,2,1,12,Free Throw 2 of 2,1,Free Throw Made,,,,193,193,
1,15,28,Joe Harris makes a jump shot.,97108,,true,false,false,Joe,,Harris,,UVa,,9,2,0,1,0,,,,,2,2,45,Jump Shot,3,Field Goal Made,,,,17,17,
1,14,49,Malcolm Hawkins makes a jump shot.,89093,,true,false,false,Malcolm,,Hawkins,,Nor,,9,4,0,1,0,,,,,2,2,45,Jump Shot,3,Field Goal Made,,,,193,193,
1,14,16,Joe Harris misses a jump shot.,97108,,true,false,false,Joe,,Harris,,UVa,,9,4,0,1,0,,,,,2,2,45,Jump Shot,4,Field Goal Missed,,,,17,17,
1,14,05,Joe Harris makes a layup shot.,97108,,true,false,false,Joe,,Harris,,UVa,,11,4,0,1,0,,,,,4,2,40,Layup Shot,3,Field Goal Made,,,,17,17,
1,13,36,Personal foul committed by Malcolm Hawkins.,89093,,true,false,false,Malcolm,,Hawkins,,Nor,,11,4,1,1,1,,,,,2,,1,Personal,8,Foul,,,,193,193,
1,13,36,Personal foul committed by Anell Alexis.,91407,,true,false,false,Anell,,Alexis,,Nor,,11,4,2,1,1,,,,,0,,1,Personal,8,Foul,,,,193,193,
1,13,36,Personal foul committed by Justin Anderson.,116701,,true,false,false,Justin,,Anderson,,UVa,,11,4,2,2,1,,,,,5,,1,Personal,8,Foul,,,,17,17,
1,13,19,Joe Harris misses a 3-point jump shot.,97108,,true,false,false,Joe,,Harris,,UVa,,11,4,2,2,0,,,,,4,3,45,Jump Shot,4,Field Goal Missed,,,,17,17,
1,12,45,Marese Phelps misses a jump shot.,117573,,true,false,false,Marese,,Phelps,,Nor,,11,4,2,2,0,,,,,0,2,45,Jump Shot,4,Field Goal Missed,,,,193,193,
1,12,22,Malcolm Brogdon misses a 3-point jump shot.,109418,,true,false,false,Malcolm,,Brogdon,,UVa,,11,4,2,2,0,,,,,0,3,45,Jump Shot,4,Field Goal Missed,,,,17,17,
1,12,21,Personal foul committed by Anell Alexis.,91407,,true,false,false,Anell,,Alexis,,Nor,,11,4,3,2,2,,,,,0,,1,Personal,8,Foul,,,,193,193,
1,12,10,Evan Nolte makes a 3-point jump shot.,116699,,true,false,false,Evan,,Nolte,,UVa,,14,4,3,2,0,,,,,3,3,45,Jump Shot,3,Field Goal Made,,,,17,17,
1,11,52,Brandon Goode makes a jump shot.,98400,,true,false,false,Brandon,,Goode,,Nor,,14,6,3,2,0,,,,,2,2,45,Jump Shot,3,Field Goal Made,,,,193,193,
1,11,34,Official TV timeout.,,,false,false,false,,,,,,,14,6,3,2,0,,,,,0,,3,Official TV,11,Timeout,,,,17,17,
1,11,34,Personal foul committed by Riley Maye.,98401,,true,false,false,Riley,,Maye,,Nor,,14,6,4,2,1,,,,,0,,1,Personal,8,Foul,,,,193,193,
1,11,34,Akil Mitchell misses free throw 1 of 2.,97111,,true,false,false,Akil,,Mitchell,,UVa,,14,6,4,2,0,,,,,0,1,11,Free Throw 1 of 2,2,Free Throw Missed,,,,17,17,
1,11,34,Akil Mitchell misses free throw 2 of 2.,97111,,true,false,false,Akil,,Mitchell,,UVa,,14,6,4,2,0,,,,,0,1,12,Free Throw 2 of 2,2,Free Throw Missed,,,,17,17,
1,11,20,Pendarvis Williams misses a jump shot.,98398,,true,false,false,Pendarvis,,Williams,,Nor,,14,6,4,2,0,,,,,0,2,45,Jump Shot,4,Field Goal Missed,,,,193,193,
1,11,15,Brandon Goode makes a dunk shot.,98400,,true,false,false,Brandon,,Goode,,Nor,,14,8,4,2,0,,,,,4,2,48,Dunk Shot,3,Field Goal Made,,,,193,193,
1,10,52,London Perrantes misses a 3-point jump shot.,120610,,true,false,false,London,,Perrantes,,UVa,,14,8,4,2,1,,,,,0,3,45,Jump Shot,4,Field Goal Missed,,,,17,17,
1,10,18,Pendarvis Williams misses a 3-point jump shot.,98398,,true,false,false,Pendarvis,,Williams,,Nor,,14,8,4,2,0,,,,,0,3,45,Jump Shot,4,Field Goal Missed,,,,193,193,
1,10,06,Mike Tobey misses a jump shot.,116698,,true,false,false,Mike,,Tobey,,UVa,,14,8,4,2,0,,,,,0,2,45,Jump Shot,4,Field Goal Missed,,,,17,17,
1,9,59,Akil Mitchell makes a jump shot.,97111,,true,false,false,Akil,,Mitchell,,UVa,,16,8,4,2,0,,,,,2,2,45,Jump Shot,3,Field Goal Made,,,,17,17,
1,9,30,Marese Phelps misses a layup shot.,117573,,true,false,false,Marese,,Phelps,,Nor,,16,8,4,2,0,,,,,0,2,40,Layup Shot,4,Field Goal Missed,,,,193,193,
1,9,19,Shooting foul committed by Brandon Goode.,98400,,true,false,false,Brandon,,Goode,,Nor,,16,8,5,2,1,,,,,4,,2,Shooting,8,Foul,,,,193,193,
1,9,19,Mike Tobey makes free throw 1 of 2.,116698,,true,false,false,Mike,,Tobey,,UVa,,17,8,5,2,0,,,,,1,1,11,Free Throw 1 of 2,1,Free Throw Made,,,,17,17,
1,9,19,Mike Tobey misses free throw 2 of 2.,116698,,true,false,false,Mike,,Tobey,,UVa,,17,8,5,2,0,,,,,1,1,12,Free Throw 2 of 2,2,Free Throw Missed,,,,17,17,
1,8,57,Personal foul committed by Evan Nolte.,116699,,true,false,false,Evan,,Nolte,,UVa,,17,8,5,3,1,,,,,3,,1,Personal,8,Foul,,,,17,17,
1,8,30,Marese Phelps makes a jump shot.,117573,,true,false,false,Marese,,Phelps,,Nor,,17,10,5,3,0,,,,,2,2,45,Jump Shot,3,Field Goal Made,,,,193,193,
1,8,12,Offensive foul committed by Mike Tobey.,116698,,true,false,false,Mike,,Tobey,,UVa,,17,10,5,4,1,,,,,1,,4,Offensive,8,Foul,,,,17,17,
1,7,42,Pendarvis Williams makes a layup shot.,98398,,true,false,false,Pendarvis,,Williams,,Nor,,17,12,5,4,0,,,,,2,2,40,Layup Shot,3,Field Goal Made,,,,193,193,
1,7,29,Official TV timeout.,,,false,false,false,,,,,,,17,12,5,4,0,,,,,0,,3,Official TV,11,Timeout,,,,17,17,
1,7,12,Shooting foul committed by Riley Maye.,98401,,true,false,false,Riley,,Maye,,Nor,,17,12,6,4,2,,,,,0,,2,Shooting,8,Foul,,,,193,193,
1,7,12,Joe Harris makes free throw 1 of 2.,97108,,true,false,false,Joe,,Harris,,UVa,,18,12,6,4,0,,,,,5,1,11,Free Throw 1 of 2,1,Free Throw Made,,,,17,17,
1,7,12,Joe Harris misses free throw 2 of 2.,97108,,true,false,false,Joe,,Harris,,UVa,,18,12,6,4,0,,,,,5,1,12,Free Throw 2 of 2,2,Free Throw Missed,,,,17,17,
1,7,12,Malcolm Brogdon makes free throw 1st of 1-and-1.,109418,,true,false,false,Malcolm,,Brogdon,,UVa,,19,12,6,4,0,,,,,1,1,8,Free Throw 1st of 1-and-1,1,Free Throw Made,,,,17,17,
1,7,12,Malcolm Brogdon makes free throw 2nd of 1-and-1.,109418,,true,false,false,Malcolm,,Brogdon,,UVa,,20,12,6,4,0,,,,,2,1,9,Free Throw 2nd of 1-and-1,1,Free Throw Made,,,,17,17,
1,7,10,Personal foul committed by Jamel Fuentes.,110920,,true,false,false,Jamel,,Fuentes,,Nor,,20,12,7,4,1,,,,,2,,1,Personal,8,Foul,,,,193,193,
1,6,51,Malcolm Hawkins misses a jump shot.,89093,,true,false,false,Malcolm,,Hawkins,,Nor,,20,12,7,4,1,,,,,2,2,45,Jump Shot,4,Field Goal Missed,,,,193,193,
1,6,39,Darion Atkins makes a jump shot.,109419,,true,false,false,Darion,,Atkins,,UVa,,22,12,7,4,0,,,,,4,2,45,Jump Shot,3,Field Goal Made,,,,17,17,
1,6,13,Shooting foul committed by Joe Harris.,97108,,true,false,false,Joe,,Harris,,UVa,,22,12,7,5,1,,,,,5,,2,Shooting,8,Foul,,,,17,17,
1,6,13,Jamel Fuentes makes free throw 1 of 2.,110920,,true,false,false,Jamel,,Fuentes,,Nor,,22,13,7,5,1,,,,,3,1,11,Free Throw 1 of 2,1,Free Throw Made,,,,193,193,
1,6,13,Jamel Fuentes makes free throw 2 of 2.,110920,,true,false,false,Jamel,,Fuentes,,Nor,,22,14,7,5,1,,,,,4,1,12,Free Throw 2 of 2,1,Free Throw Made,,,,193,193,
1,6,00,London Perrantes misses a 3-point jump shot.,120610,,true,false,false,London,,Perrantes,,UVa,,22,14,7,5,1,,,,,0,3,45,Jump Shot,4,Field Goal Missed,,,,17,17,
1,5,52,Pendarvis Williams makes a 3-point jump shot.,98398,,true,false,false,Pendarvis,,Williams,,Nor,,22,17,7,5,0,,,,,5,3,45,Jump Shot,3,Field Goal Made,,,,193,193,
1,5,46,Joe Harris makes free throw 1st of 1-and-1.,97108,,true,false,false,Joe,,Harris,,UVa,,23,17,7,5,1,,,,,6,1,8,Free Throw 1st of 1-and-1,1,Free Throw Made,,,,17,17,
1,5,46,Joe Harris makes free throw 2nd of 1-and-1.,97108,,true,false,false,Joe,,Harris,,UVa,,24,17,7,5,1,,,,,7,1,9,Free Throw 2nd of 1-and-1,1,Free Throw Made,,,,17,17,
1,5,45,Personal foul committed by Malcolm Hawkins.,89093,,true,false,false,Malcolm,,Hawkins,,Nor,,24,17,8,5,2,,,,,2,,1,Personal,8,Foul,,,,193,193,
1,5,24,Kievyn Lila-St. Rose misses a 3-point jump shot.,110919,,true,false,false,Kievyn,,Lila-St. Rose,,Nor,,24,17,8,5,0,,,,,0,3,45,Jump Shot,4,Field Goal Missed,,,,193,193,
1,5,20,Justin Anderson makes free throw 1 of 2.,116701,,true,false,false,Justin,,Anderson,,UVa,,25,17,8,5,1,,,,,6,1,11,Free Throw 1 of 2,1,Free Throw Made,,,,17,17,
1,5,20,Justin Anderson makes free throw 2 of 2.,116701,,true,false,false,Justin,,Anderson,,UVa,,26,17,8,5,1,,,,,7,1,12,Free Throw 2 of 2,1,Free Throw Made,,,,17,17,
1,5,18,Shooting foul committed by Pendarvis Williams.,98398,,true,false,false,Pendarvis,,Williams,,Nor,,26,17,9,5,1,,,,,5,,2,Shooting,8,Foul,,,,193,193,
1,5,03,Marese Phelps makes a layup shot.,117573,,true,false,false,Marese,,Phelps,,Nor,,26,19,9,5,0,,,,,4,2,40,Layup Shot,3,Field Goal Made,,,,193,193,
1,4,29,Justin Anderson misses a jump shot.,116701,,true,false,false,Justin,,Anderson,,UVa,,26,19,9,5,1,,,,,7,2,45,Jump Shot,4,Field Goal Missed,,,,17,17,
1,4,21,Jamel Fuentes makes a layup shot.,110920,,true,false,false,Jamel,,Fuentes,,Nor,,26,21,9,5,1,,,,,6,2,40,Layup Shot,3,Field Goal Made,,,,193,193,
1,3,32,Marese Phelps misses a jump shot.,117573,,true,false,false,Marese,,Phelps,,Nor,,26,21,9,5,0,,,,,4,2,45,Jump Shot,4,Field Goal Missed,,,,193,193,
1,3,17,Shooting foul committed by Akil Mitchell.,97111,,true,false,false,Akil,,Mitchell,,UVa,,26,21,9,6,1,,,,,2,,2,Shooting,8,Foul,,,,17,17,
1,3,17,Official TV timeout.,,,false,false,false,,,,,,,26,21,9,6,0,,,,,0,,3,Official TV,11,Timeout,,,,17,17,
1,3,17,Pendarvis Williams makes free throw 1 of 2.,98398,,true,false,false,Pendarvis,,Williams,,Nor,,26,22,9,6,1,,,,,6,1,11,Free Throw 1 of 2,1,Free Throw Made,,,,193,193,
1,3,17,Pendarvis Williams makes free throw 2 of 2.,98398,,true,false,false,Pendarvis,,Williams,,Nor,,26,23,9,6,1,,,,,7,1,12,Free Throw 2 of 2,1,Free Throw Made,,,,193,193,
1,2,50,Mike Tobey misses a layup shot.,116698,,true,false,false,Mike,,Tobey,,UVa,,26,23,9,6,1,,,,,1,2,40,Layup Shot,4,Field Goal Missed,,,,17,17,
1,2,25,Kievyn Lila-St. Rose misses a 3-point jump shot.,110919,,true,false,false,Kievyn,,Lila-St. Rose,,Nor,,26,23,9,6,0,,,,,0,3,45,Jump Shot,4,Field Goal Missed,,,,193,193,
1,2,01,Mike Tobey makes a hook shot.,116698,,true,false,false,Mike,,Tobey,,UVa,,28,23,9,6,1,,,,,3,2,55,Hook Shot,3,Field Goal Made,,,,17,17,
1,1,28,Jamel Fuentes misses a jump shot.,110920,,true,false,false,Jamel,,Fuentes,,Nor,,28,23,9,6,1,,,,,6,2,45,Jump Shot,4,Field Goal Missed,,,,193,193,
1,1,18,Marese Phelps misses a 3-point jump shot.,117573,,true,false,false,Marese,,Phelps,,Nor,,28,23,9,6,0,,,,,4,3,45,Jump Shot,4,Field Goal Missed,,,,193,193,
1,1,17,Kievyn Lila-St. Rose makes free throw 1st of 1-and-1.,110919,,true,false,false,Kievyn,,Lila-St. Rose,,Nor,,28,24,9,6,0,,,,,1,1,8,Free Throw 1st of 1-and-1,1,Free Throw Made,,,,193,193,
1,1,17,Kievyn Lila-St. Rose misses free throw 2nd of 1-and-1.,110919,,true,false,false,Kievyn,,Lila-St. Rose,,Nor,,28,24,9,6,0,,,,,1,1,9,Free Throw 2nd of 1-and-1,2,Free Throw Missed,,,,193,193,
1,1,16,Personal foul committed by Joe Harris.,97108,,true,false,false,Joe,,Harris,,UVa,,28,24,9,7,2,,,,,7,,1,Personal,8,Foul,,,,17,17,
1,0,59.8,Marese Phelps misses a jump shot.,117573,,true,false,false,Marese,,Phelps,,Nor,,28,24,9,7,0,,,,,4,2,45,Jump Shot,4,Field Goal Missed,,,,193,193,
1,0,59.8,Justin Anderson makes a jump shot.,116701,,true,false,false,Justin,,Anderson,,UVa,,30,24,9,7,1,,,,,9,2,45,Jump Shot,3,Field Goal Made,,,,17,17,
1,0,20.5,Marese Phelps makes a layup shot.,117573,,true,false,false,Marese,,Phelps,,Nor,,30,26,9,7,0,,,,,6,2,40,Layup Shot,3,Field Goal Made,,,,193,193,
1,0,04.7,Justin Anderson misses a 3-point jump shot.,116701,,true,false,false,Justin,,Anderson,,UVa,,30,26,9,7,1,,,,,9,3,45,Jump Shot,4,Field Goal Missed,,,,17,17,
1,0,00,Teven Jones misses a jump shot.,116697,,true,false,false,Teven,,Jones,,UVa,,30,26,9,7,0,,,,,0,2,45,Jump Shot,4,Field Goal Missed,,,,17,17,
1,0,00,Akil Mitchell makes a jump shot.,97111,,true,false,false,Akil,,Mitchell,,UVa,,32,26,9,7,1,,,,,4,2,45,Jump Shot,3,Field Goal Made,,,,17,17,
1,0,00,End of the 1st Half,,,false,false,false,,,,,,,32,26,9,7,0,,,,,0,,,,15,End Period,,,,17,17,
2,20,00,Start of the 2nd Half,,,false,false,false,,,,,,,32,26,0,0,0,,,,,0,,,,14,Start Period,,,,17,17,
2,19,33,Brandon Goode misses a layup shot.,98400,,true,false,false,Brandon,,Goode,,Nor,,32,26,0,0,1,,,,,4,2,40,Layup Shot,4,Field Goal Missed,,,,193,193,
2,19,17,Jamel Fuentes misses free throw 1 of 2.,110920,,true,false,false,Jamel,,Fuentes,,Nor,,32,26,0,0,1,,,,,6,1,11,Free Throw 1 of 2,2,Free Throw Missed,,,,193,193,
2,19,17,Jamel Fuentes misses free throw 2 of 2.,110920,,true,false,false,Jamel,,Fuentes,,Nor,,32,26,0,0,1,,,,,6,1,12,Free Throw 2 of 2,2,Free Throw Missed,,,,193,193,
2,19,16,Shooting foul committed by Justin Anderson.,116701,,true,false,false,Justin,,Anderson,,UVa,,32,26,0,1,2,,,,,9,,2,Shooting,8,Foul,,,,17,17,
2,18,55,Malcolm Brogdon misses a layup shot.,109418,,true,false,false,Malcolm,,Brogdon,,UVa,,32,26,0,1,0,,,,,2,2,40,Layup Shot,4,Field Goal Missed,,,,17,17,
2,18,48,Pendarvis Williams misses a jump shot.,98398,,true,false,false,Pendarvis,,Williams,,Nor,,32,26,0,1,1,,,,,7,2,45,Jump Shot,4,Field Goal Missed,,,,193,193,
2,18,23,Anell Alexis makes a layup shot.,91407,,true,false,false,Anell,,Alexis,,Nor,,32,28,0,1,2,,,,,2,2,40,Layup Shot,3,Field Goal Made,,,,193,193,
2,18,18,Jamel Fuentes misses a jump shot.,110920,,true,false,false,Jamel,,Fuentes,,Nor,,32,28,0,1,1,,,,,6,2,45,Jump Shot,4,Field Goal Missed,,,,193,193,
2,17,58,Malcolm Hawkins makes a layup shot.,89093,,true,false,false,Malcolm,,Hawkins,,Nor,,32,30,0,1,2,,,,,4,2,40,Layup Shot,3,Field Goal Made,,,,193,193,
2,17,37,Pendarvis Williams makes a layup shot.,98398,,true,false,false,Pendarvis,,Williams,,Nor,,32,32,0,1,1,,,,,9,2,40,Layup Shot,3,Field Goal Made,,,,193,193,
2,17,37,UVa take a full timeout.,,,false,false,false,,,,,,,32,32,0,1,0,,,,,0,,1,Regular,11,Timeout,,,,17,17,
2,17,10,Shooting foul committed by Brandon Goode.,98400,,true,false,false,Brandon,,Goode,,Nor,,32,32,1,1,2,,,,,4,,2,Shooting,8,Foul,,,,193,193,
2,17,10,Anthony Gill misses free throw 1 of 2.,109947,,true,false,false,Anthony,,Gill,,UVa,,32,32,1,1,0,,,,,0,1,11,Free Throw 1 of 2,2,Free Throw Missed,,,,17,17,
2,17,10,Anthony Gill makes free throw 2 of 2.,109947,,true,false,false,Anthony,,Gill,,UVa,,33,32,1,1,0,,,,,1,1,12,Free Throw 2 of 2,1,Free Throw Made,,,,17,17,
2,16,54,Malcolm Hawkins misses a jump shot.,89093,,true,false,false,Malcolm,,Hawkins,,Nor,,33,32,1,1,2,,,,,4,2,45,Jump Shot,4,Field Goal Missed,,,,193,193,
2,16,47,Personal foul committed by Anell Alexis.,91407,,true,false,false,Anell,,Alexis,,Nor,,33,32,2,1,3,,,,,2,,1,Personal,8,Foul,,,,193,193,
2,16,28,Anthony Gill misses free throw 1 of 1.,109947,,true,false,false,Anthony,,Gill,,UVa,,33,32,2,1,0,,,,,1,1,10,Free Throw 1 of 1,2,Free Throw Missed,,,,17,17,
2,16,27,Anthony Gill makes a jump shot.,109947,,true,false,false,Anthony,,Gill,,UVa,,35,32,2,1,0,,,,,3,2,45,Jump Shot,3,Field Goal Made,,,,17,17,
2,16,27,Shooting foul committed by Malcolm Hawkins.,89093,,true,false,false,Malcolm,,Hawkins,,Nor,,35,32,3,1,3,,,,,4,,2,Shooting,8,Foul,,,,193,193,
2,16,04,Pendarvis Williams misses a jump shot.,98398,,true,false,false,Pendarvis,,Williams,,Nor,,35,32,3,1,1,,,,,9,2,45,Jump Shot,4,Field Goal Missed,,,,193,193,
2,15,54,Shooting foul committed by Malcolm Hawkins.,89093,,true,false,false,Malcolm,,Hawkins,,Nor,,35,32,4,1,4,,,,,4,,2,Shooting,8,Foul,,,,193,193,
2,15,54,Official TV timeout.,,,false,false,false,,,,,,,35,32,4,1,0,,,,,0,,3,Official TV,11,Timeout,,,,17,17,
2,15,54,Teven Jones makes free throw 1 of 3.,116697,,true,false,false,Teven,,Jones,,UVa,,36,32,4,1,0,,,,,1,1,13,Free Throw 1 of 3,1,Free Throw Made,,,,17,17,
2,15,54,Teven Jones misses free throw 2 of 3.,116697,,true,false,false,Teven,,Jones,,UVa,,36,32,4,1,0,,,,,1,1,14,Free Throw 2 of 3,2,Free Throw Missed,,,,17,17,
2,15,54,Teven Jones makes free throw 3 of 3.,116697,,true,false,false,Teven,,Jones,,UVa,,37,32,4,1,0,,,,,2,1,15,Free Throw 3 of 3,1,Free Throw Made,,,,17,17,
2,15,08,Akil Mitchell makes a layup shot.,97111,,true,false,false,Akil,,Mitchell,,UVa,,39,32,4,1,1,,,,,6,2,40,Layup Shot,3,Field Goal Made,,,,17,17,
2,14,39,Brandon Goode misses a jump shot.,98400,,true,false,false,Brandon,,Goode,,Nor,,39,32,4,1,2,,,,,4,2,45,Jump Shot,4,Field Goal Missed,,,,193,193,
2,14,28,Anthony Gill makes free throw 1 of 2.,109947,,true,false,false,Anthony,,Gill,,UVa,,40,32,4,1,0,,,,,4,1,11,Free Throw 1 of 2,1,Free Throw Made,,,,17,17,
2,14,28,Anthony Gill makes free throw 2 of 2.,109947,,true,false,false,Anthony,,Gill,,UVa,,41,32,4,1,0,,,,,5,1,12,Free Throw 2 of 2,1,Free Throw Made,,,,17,17,
2,14,27,Shooting foul committed by Riley Maye.,98401,,true,false,false,Riley,,Maye,,Nor,,41,32,5,1,3,,,,,0,,2,Shooting,8,Foul,,,,193,193,
2,14,05,Kievyn Lila-St. Rose makes a jump shot.,110919,,true,false,false,Kievyn,,Lila-St. Rose,,Nor,,41,34,5,1,0,,,,,3,2,45,Jump Shot,3,Field Goal Made,,,,193,193,
2,13,47,Shooting foul committed by Kievyn Lila-St. Rose.,110919,,true,false,false,Kievyn,,Lila-St. Rose,,Nor,,41,34,6,1,1,,,,,3,,2,Shooting,8,Foul,,,,193,193,
2,13,47,Joe Harris makes a layup shot.,97108,,true,false,false,Joe,,Harris,,UVa,,43,34,6,1,2,,,,,9,2,40,Layup Shot,3,Field Goal Made,,,,17,17,
2,13,47,Joe Harris makes free throw 1 of 1.,97108,,true,false,false,Joe,,Harris,,UVa,,44,34,6,1,2,,,,,10,1,10,Free Throw 1 of 1,1,Free Throw Made,,,,17,17,
2,13,25,Pendarvis Williams makes a 3-point jump shot.,98398,,true,false,false,Pendarvis,,Williams,,Nor,,44,37,6,1,1,,,,,12,3,45,Jump Shot,3,Field Goal Made,,,,193,193,
2,13,05,Marese Phelps misses a 3-point jump shot.,117573,,true,false,false,Marese,,Phelps,,Nor,,44,37,6,1,0,,,,,6,3,45,Jump Shot,4,Field Goal Missed,,,,193,193,
2,12,51,Personal foul committed by Pendarvis Williams.,98398,,true,false,false,Pendarvis,,Williams,,Nor,,44,37,7,1,2,,,,,12,,1,Personal,8,Foul,,,,193,193,
2,12,51,London Perrantes makes free throw 1 of 2.,120610,,true,false,false,London,,Perrantes,,UVa,,45,37,7,1,1,,,,,1,1,11,Free Throw 1 of 2,1,Free Throw Made,,,,17,17,
2,12,51,London Perrantes makes free throw 2 of 2.,120610,,true,false,false,London,,Perrantes,,UVa,,46,37,7,1,1,,,,,2,1,12,Free Throw 2 of 2,1,Free Throw Made,,,,17,17,
2,12,23,Marese Phelps misses a layup shot.,117573,,true,false,false,Marese,,Phelps,,Nor,,46,37,7,1,0,,,,,6,2,40,Layup Shot,4,Field Goal Missed,,,,193,193,
2,11,56,Official TV timeout.,,,false,false,false,,,,,,,46,37,7,1,0,,,,,0,,3,Official TV,11,Timeout,,,,17,17,
2,11,29,Personal foul committed by Akil Mitchell.,97111,,true,false,false,Akil,,Mitchell,,UVa,,46,37,7,2,2,,,,,6,,1,Personal,8,Foul,,,,17,17,
2,11,23,Jamel Fuentes misses a jump shot.,110920,,true,false,false,Jamel,,Fuentes,,Nor,,46,37,7,2,1,,,,,6,2,45,Jump Shot,4,Field Goal Missed,,,,193,193,
2,11,05,Zieyik Estime misses a 3-point jump shot.,117575,,true,false,false,Zieyik,,Estime,,Nor,,46,37,7,2,0,,,,,0,3,45,Jump Shot,4,Field Goal Missed,,,,193,193,
2,10,55,London Perrantes misses a jump shot.,120610,,true,false,false,London,,Perrantes,,UVa,,46,37,7,2,1,,,,,2,2,45,Jump Shot,4,Field Goal Missed,,,,17,17,
2,10,33,Personal foul committed by Anthony Gill.,109947,,true,false,false,Anthony,,Gill,,UVa,,46,37,7,3,1,,,,,5,,1,Personal,8,Foul,,,,17,17,
2,10,33,Jamel Fuentes misses free throw 1 of 2.,110920,,true,false,false,Jamel,,Fuentes,,Nor,,46,37,7,3,1,,,,,6,1,11,Free Throw 1 of 2,2,Free Throw Missed,,,,193,193,
2,10,33,Jamel Fuentes misses free throw 2 of 2.,110920,,true,false,false,Jamel,,Fuentes,,Nor,,46,37,7,3,1,,,,,6,1,12,Free Throw 2 of 2,2,Free Throw Missed,,,,193,193,
2,10,22,Malcolm Brogdon misses a layup shot.,109418,,true,false,false,Malcolm,,Brogdon,,UVa,,46,37,7,3,0,,,,,2,2,40,Layup Shot,4,Field Goal Missed,,,,17,17,
2,10,18,Shooting foul committed by Anell Alexis.,91407,,true,false,false,Anell,,Alexis,,Nor,,46,37,8,3,4,,,,,2,,2,Shooting,8,Foul,,,,193,193,
2,10,18,Akil Mitchell makes free throw 1 of 2.,97111,,true,false,false,Akil,,Mitchell,,UVa,,47,37,8,3,2,,,,,7,1,11,Free Throw 1 of 2,1,Free Throw Made,,,,17,17,
2,10,18,Akil Mitchell makes free throw 2 of 2.,97111,,true,false,false,Akil,,Mitchell,,UVa,,48,37,8,3,2,,,,,8,1,12,Free Throw 2 of 2,1,Free Throw Made,,,,17,17,
2,10,04,Pendarvis Williams misses a layup shot.,98398,,true,false,false,Pendarvis,,Williams,,Nor,,48,37,8,3,2,,,,,12,2,40,Layup Shot,4,Field Goal Missed,,,,193,193,
2,9,58,Nor take a 20-second timeout.,,,false,false,false,,,,,,,48,37,8,3,0,,,,,0,,2,Short,11,Timeout,,,,193,193,
2,9,57,Justin Anderson makes a layup shot.,116701,,true,false,false,Justin,,Anderson,,UVa,,50,37,8,3,2,,,,,11,2,40,Layup Shot,3,Field Goal Made,,,,17,17,
2,9,25,Brandon Goode misses a jump shot.,98400,,true,false,false,Brandon,,Goode,,Nor,,50,37,8,3,2,,,,,4,2,45,Jump Shot,4,Field Goal Missed,,,,193,193,
2,9,08,Personal foul committed by Justin Anderson.,116701,,true,false,false,Justin,,Anderson,,UVa,,50,37,8,4,3,,,,,11,,1,Personal,8,Foul,,,,17,17,
2,8,44,Riley Maye misses a jump shot.,98401,,true,false,false,Riley,,Maye,,Nor,,50,37,8,4,3,,,,,0,2,45,Jump Shot,4,Field Goal Missed,,,,193,193,
2,8,29,Darion Atkins misses free throw 1 of 2.,109419,,true,false,false,Darion,,Atkins,,UVa,,50,37,8,4,0,,,,,4,1,11,Free Throw 1 of 2,2,Free Throw Missed,,,,17,17,
2,8,29,Darion Atkins misses free throw 2 of 2.,109419,,true,false,false,Darion,,Atkins,,UVa,,50,37,8,4,0,,,,,4,1,12,Free Throw 2 of 2,2,Free Throw Missed,,,,17,17,
2,8,28,Shooting foul committed by Riley Maye.,98401,,true,false,false,Riley,,Maye,,Nor,,50,37,9,4,4,,,,,0,,2,Shooting,8,Foul,,,,193,193,
2,8,19,Teven Jones makes a layup shot.,116697,,true,false,false,Teven,,Jones,,UVa,,52,37,9,4,0,,,,,4,2,40,Layup Shot,3,Field Goal Made,,,,17,17,
2,7,50,Brandon Goode makes a hook shot.,98400,,true,false,false,Brandon,,Goode,,Nor,,52,39,9,4,2,,,,,6,2,55,Hook Shot,3,Field Goal Made,,,,193,193,
2,7,36,Malcolm Brogdon misses a 3-point jump shot.,109418,,true,false,false,Malcolm,,Brogdon,,UVa,,52,39,9,4,0,,,,,2,3,45,Jump Shot,4,Field Goal Missed,,,,17,17,
2,7,28,Pendarvis Williams misses a 3-point jump shot.,98398,,true,false,false,Pendarvis,,Williams,,Nor,,52,39,9,4,2,,,,,12,3,45,Jump Shot,4,Field Goal Missed,,,,193,193,
2,7,09,Mike Tobey misses a jump shot.,116698,,true,false,false,Mike,,Tobey,,UVa,,52,39,9,4,1,,,,,3,2,45,Jump Shot,4,Field Goal Missed,,,,17,17,
2,7,09,Official TV timeout.,,,false,false,false,,,,,,,52,39,9,4,0,,,,,0,,3,Official TV,11,Timeout,,,,17,17,
2,7,08,Mike Tobey misses a tip shot.,116698,,true,false,false,Mike,,Tobey,,UVa,,52,39,9,4,1,,,,,3,2,53,Tip Shot,4,Field Goal Missed,,,,17,17,
2,6,59,Personal foul committed by Joe Harris.,97108,,true,false,false,Joe,,Harris,,UVa,,52,39,9,5,3,,,,,10,,1,Personal,8,Foul,,,,17,17,
2,6,36,Anell Alexis makes a layup shot.,91407,,true,false,false,Anell,,Alexis,,Nor,,52,41,9,5,4,,,,,4,2,40,Layup Shot,3,Field Goal Made,,,,193,193,
2,6,27,Marese Phelps misses a layup shot.,117573,,true,false,false,Marese,,Phelps,,Nor,,52,41,9,5,0,,,,,6,2,40,Layup Shot,4,Field Goal Missed,,,,193,193,
2,6,26,Personal foul committed by Teven Jones.,116697,,true,false,false,Teven,,Jones,,UVa,,52,41,9,6,1,,,,,4,,1,Personal,8,Foul,,,,17,17,
2,6,26,Anell Alexis makes free throw 1 of 2.,91407,,true,false,false,Anell,,Alexis,,Nor,,52,42,9,6,4,,,,,5,1,11,Free Throw 1 of 2,1,Free Throw Made,,,,193,193,
2,6,26,Anell Alexis makes free throw 2 of 2.,91407,,true,false,false,Anell,,Alexis,,Nor,,52,43,9,6,4,,,,,6,1,12,Free Throw 2 of 2,1,Free Throw Made,,,,193,193,
2,6,03,Anthony Gill makes a jump shot.,109947,,true,false,false,Anthony,,Gill,,UVa,,54,43,9,6,1,,,,,7,2,45,Jump Shot,3,Field Goal Made,,,,17,17,
2,5,32,Anell Alexis misses a 3-point jump shot.,91407,,true,false,false,Anell,,Alexis,,Nor,,54,43,9,6,4,,,,,6,3,45,Jump Shot,4,Field Goal Missed,,,,193,193,
2,5,01,Justin Anderson misses a 3-point jump shot.,116701,,true,false,false,Justin,,Anderson,,UVa,,54,43,9,6,3,,,,,11,3,45,Jump Shot,4,Field Goal Missed,,,,17,17,
2,4,48,Akil Mitchell misses a jump shot.,97111,,true,false,false,Akil,,Mitchell,,UVa,,54,43,9,6,2,,,,,8,2,45,Jump Shot,4,Field Goal Missed,,,,17,17,
2,4,41,Marese Phelps makes a layup shot.,117573,,true,false,false,Marese,,Phelps,,Nor,,54,45,9,6,0,,,,,8,2,40,Layup Shot,3,Field Goal Made,,,,193,193,
2,4,41,Nor take a full timeout.,,,false,false,false,,,,,,,54,45,9,6,0,,,,,0,,1,Regular,11,Timeout,,,,193,193,
2,4,08,Justin Anderson misses a jump shot.,116701,,true,false,false,Justin,,Anderson,,UVa,,54,45,9,6,3,,,,,11,2,45,Jump Shot,4,Field Goal Missed,,,,17,17,
2,3,36,Marese Phelps makes a layup shot.,117573,,true,false,false,Marese,,Phelps,,Nor,,54,47,9,6,0,,,,,10,2,40,Layup Shot,3,Field Goal Made,,,,193,193,
2,3,05,Malcolm Brogdon makes a 3-point jump shot.,109418,,true,false,false,Malcolm,,Brogdon,,UVa,,57,47,9,6,0,,,,,5,3,45,Jump Shot,3,Field Goal Made,,,,17,17,
2,2,46,Official TV timeout.,,,false,false,false,,,,,,,57,47,9,6,0,,,,,0,,3,Official TV,11,Timeout,,,,17,17,
2,2,32,Pendarvis Williams misses a 3-point jump shot.,98398,,true,false,false,Pendarvis,,Williams,,Nor,,57,47,9,6,2,,,,,12,3,45,Jump Shot,4,Field Goal Missed,,,,193,193,
2,2,21,UVa take a 20-second timeout.,,,false,false,false,,,,,,,57,47,9,6,0,,,,,0,,2,Short,11,Timeout,,,,17,17,
2,2,05,Akil Mitchell misses free throw 1 of 2.,97111,,true,false,false,Akil,,Mitchell,,UVa,,57,47,9,6,2,,,,,8,1,11,Free Throw 1 of 2,2,Free Throw Missed,,,,17,17,
2,2,05,Akil Mitchell misses free throw 2 of 2.,97111,,true,false,false,Akil,,Mitchell,,UVa,,57,47,9,6,2,,,,,8,1,12,Free Throw 2 of 2,2,Free Throw Missed,,,,17,17,
2,2,04,Shooting foul committed by Anell Alexis.,91407,,true,false,false,Anell,,Alexis,,Nor,,57,47,10,6,5,,,,,6,,2,Shooting,8,Foul,,,,193,193,
2,1,56,Jamel Fuentes misses a jump shot.,110920,,true,false,false,Jamel,,Fuentes,,Nor,,57,47,10,6,1,,,,,6,2,45,Jump Shot,4,Field Goal Missed,,,,193,193,
2,1,32,Malcolm Brogdon misses a jump shot.,109418,,true,false,false,Malcolm,,Brogdon,,UVa,,57,47,10,6,0,,,,,5,2,45,Jump Shot,4,Field Goal Missed,,,,17,17,
2,1,27,Justin Anderson misses a tip shot.,116701,,true,false,false,Justin,,Anderson,,UVa,,57,47,10,6,3,,,,,11,2,53,Tip Shot,4,Field Goal Missed,,,,17,17,
2,1,11,Marese Phelps misses a jump shot.,117573,,true,false,false,Marese,,Phelps,,Nor,,57,47,10,6,0,,,,,10,2,45,Jump Shot,4,Field Goal Missed,,,,193,193,
2,1,07,UVa take a full timeout.,,,false,false,false,,,,,,,57,47,10,6,0,,,,,0,,1,Regular,11,Timeout,,,,17,17,
2,0,59.9,London Perrantes makes free throw 2 of 2.,120610,,true,false,false,London,,Perrantes,,UVa,,58,47,10,6,1,,,,,3,1,12,Free Throw 2 of 2,1,Free Throw Made,,,,17,17,
2,0,58.9,Personal foul committed by Jamel Fuentes.,110920,,true,false,false,Jamel,,Fuentes,,Nor,,58,47,11,6,2,,,,,6,,1,Personal,8,Foul,,,,193,193,
2,0,58.9,London Perrantes makes free throw 1 of 2.,120610,,true,false,false,London,,Perrantes,,UVa,,59,47,11,6,1,,,,,4,1,11,Free Throw 1 of 2,1,Free Throw Made,,,,17,17,
2,0,53.8,Personal foul committed by London Perrantes.,120610,,true,false,false,London,,Perrantes,,UVa,,59,47,11,7,2,,,,,4,,1,Personal,8,Foul,,,,17,17,
2,0,52.8,Jamel Fuentes makes free throw 1st of 1-and-1.,110920,,true,false,false,Jamel,,Fuentes,,Nor,,59,48,11,7,2,,,,,7,1,8,Free Throw 1st of 1-and-1,1,Free Throw Made,,,,193,193,
2,0,52.8,Jamel Fuentes makes free throw 2nd of 1-and-1.,110920,,true,false,false,Jamel,,Fuentes,,Nor,,59,49,11,7,2,,,,,8,1,9,Free Throw 2nd of 1-and-1,1,Free Throw Made,,,,193,193,
2,0,47.7,Joe Harris misses a layup shot.,97108,,true,false,false,Joe,,Harris,,UVa,,59,49,11,7,3,,,,,10,2,40,Layup Shot,4,Field Goal Missed,,,,17,17,
2,0,43.9,Personal foul committed by Jamel Fuentes.,110920,,true,false,false,Jamel,,Fuentes,,Nor,,59,49,12,7,3,,,,,8,,1,Personal,8,Foul,,,,193,193,
2,0,43.9,Malcolm Brogdon makes free throw 1 of 2.,109418,,true,false,false,Malcolm,,Brogdon,,UVa,,60,49,12,7,0,,,,,6,1,11,Free Throw 1 of 2,1,Free Throw Made,,,,17,17,
2,0,43.9,Malcolm Brogdon makes free throw 2 of 2.,109418,,true,false,false,Malcolm,,Brogdon,,UVa,,61,49,12,7,0,,,,,7,1,12,Free Throw 2 of 2,1,Free Throw Made,,,,17,17,
2,0,33.4,Personal foul committed by Malcolm Brogdon.,109418,,true,false,false,Malcolm,,Brogdon,,UVa,,61,49,12,8,1,,,,,7,,1,Personal,8,Foul,,,,17,17,
2,0,33.4,Jamel Fuentes makes free throw 1 of 2.,110920,,true,false,false,Jamel,,Fuentes,,Nor,,61,50,12,8,3,,,,,9,1,11,Free Throw 1 of 2,1,Free Throw Made,,,,193,193,
2,0,33.4,Jamel Fuentes misses free throw 2 of 2.,110920,,true,false,false,Jamel,,Fuentes,,Nor,,61,50,12,8,3,,,,,9,1,12,Free Throw 2 of 2,2,Free Throw Missed,,,,193,193,
2,0,32.7,Personal foul committed by Pendarvis Williams.,98398,,true,false,false,Pendarvis,,Williams,,Nor,,61,50,13,8,3,,,,,12,,1,Personal,8,Foul,,,,193,193,
2,0,32.7,Justin Anderson makes free throw 1 of 2.,116701,,true,false,false,Justin,,Anderson,,UVa,,62,50,13,8,3,,,,,12,1,11,Free Throw 1 of 2,1,Free Throw Made,,,,17,17,
2,0,32.7,Justin Anderson makes free throw 2 of 2.,116701,,true,false,false,Justin,,Anderson,,UVa,,63,50,13,8,3,,,,,13,1,12,Free Throw 2 of 2,1,Free Throw Made,,,,17,17,
2,0,27.6,Malcolm Hawkins makes a 3-point jump shot.,89093,,true,false,false,Malcolm,,Hawkins,,Nor,,63,53,13,8,4,,,,,7,3,45,Jump Shot,3,Field Goal Made,,,,193,193,
2,0,27.3,Nor take a 20-second timeout.,,,false,false,false,,,,,,,63,53,13,8,0,,,,,0,,2,Short,11,Timeout,,,,193,193,
2,0,27.2,Personal foul committed by Pendarvis Williams.,98398,,true,false,false,Pendarvis,,Williams,,Nor,,63,53,14,8,4,,,,,12,,1,Personal,8,Foul,,,,193,193,
2,0,27.2,Justin Anderson makes free throw 1 of 2.,116701,,true,false,false,Justin,,Anderson,,UVa,,64,53,14,8,3,,,,,14,1,11,Free Throw 1 of 2,1,Free Throw Made,,,,17,17,
2,0,27.2,Justin Anderson misses free throw 2 of 2.,116701,,true,false,false,Justin,,Anderson,,UVa,,64,53,14,8,3,,,,,14,1,12,Free Throw 2 of 2,2,Free Throw Missed,,,,17,17,
2,0,17.4,Malcolm Hawkins makes a 3-point jump shot.,89093,,true,false,false,Malcolm,,Hawkins,,Nor,,64,56,14,8,4,,,,,10,3,45,Jump Shot,3,Field Goal Made,,,,193,193,
2,0,16.4,Nor take a 20-second timeout.,,,false,false,false,,,,,,,64,56,14,8,0,,,,,0,,2,Short,11,Timeout,,,,193,193,
2,0,14.4,Personal foul committed by Marese Phelps.,117573,,true,false,false,Marese,,Phelps,,Nor,,64,56,15,8,1,,,,,10,,1,Personal,8,Foul,,,,193,193,
2,0,14.4,Joe Harris makes free throw 1 of 2.,97108,,true,false,false,Joe,,Harris,,UVa,,65,56,15,8,3,,,,,11,1,11,Free Throw 1 of 2,1,Free Throw Made,,,,17,17,
2,0,14.4,Joe Harris makes free throw 2 of 2.,97108,,true,false,false,Joe,,Harris,,UVa,,66,56,15,8,3,,,,,12,1,12,Free Throw 2 of 2,1,Free Throw Made,,,,17,17,
2,0,08.1,Malcolm Hawkins misses a 3-point jump shot.,89093,,true,false,false,Malcolm,,Hawkins,,Nor,,66,56,15,8,4,,,,,10,3,45,Jump Shot,4,Field Goal Missed,,,,193,193,
2,0,00,End of the 2nd Half,,,false,false,false,,,,,,,66,56,15,8,0,,,,,0,,,,15,End Period,,,,17,17,
2,0,00,End of the Game,,,false,false,false,,,,,,,66,56,15,8,0,,,,,0,,,,19,Game Over,,,,17,17,
