half,time-minutes,time-seconds,details,player1-id,player2-id,player1-linkable,player2-linkable,player3-linkable,player-first-name-1,player-first-name-2,player-last-name-1,player-last-name-2,player-team-alias-1,player-team-alias-2,home-score,visitor-score,visitor-fouls,home-fouls,player-fouls,fastbreak,in-paint,second-chance,off-turnover,player-score,points-type,detail-id,detail-desc,event-id,event-desc,distance,x-coord,y-coord,team-id-1,team-id-2,team-id-3
1,20,00,Start of the 1st Half,,,false,false,false,,,,,,,0,0,0,0,0,,,,,0,,,,14,Start Period,,,,15,15,
1,19,46,J.P. Tokoto misses a jump shot from 18 feet out.,116589,,true,false,false,J.P.,,Tokoto,,UNC,,0,0,0,0,0,,,,,0,2,45,Jump Shot,4,Field Goal Missed,18,-3.3,17.8,15,15,
1,19,46,HolyCr with a defensive rebound.,,,false,false,false,,,,,,,0,0,0,0,0,,,,,0,,,,6,Defensive Rebound,,,,249,249,
1,19,29,Offensive foul committed by Dave Dudzinski.,96996,,true,false,false,Dave,,Dudzinski,,HolyCr,,0,0,1,0,1,,,,,0,,4,Offensive,8,Foul,,,,249,249,
1,19,29,Dave Dudzinski with a  turnover:,96996,,true,false,false,Dave,,Dudzinski,,HolyCr,,0,0,1,0,1,,,,,0,,,,7,Turnover,,,,249,249,
1,19,22,Nate Britt misses a jump shot from 16 feet out.,121344,,true,false,false,Nate,,Britt,,UNC,,0,0,1,0,0,,,,,0,2,45,Jump Shot,4,Field Goal Missed,16,10.8,11.8,15,15,
1,19,22,HolyCr with a defensive rebound.,,,false,false,false,,,,,,,0,0,1,0,0,,,,,0,,,,6,Defensive Rebound,,,,249,249,
1,19,22,Personal foul committed by James Michael McAdoo.,110437,,true,false,false,James Michael,,McAdoo,,UNC,,0,0,1,1,1,,,,,0,,1,Personal,8,Foul,,,,15,15,
1,18,59,Malcolm Miller with a bad pass turnover: Bad Pass,109900,,true,false,false,Malcolm,,Miller,,HolyCr,,0,0,1,1,0,,,,,0,,1,Bad Pass,7,Turnover,,,,249,249,
1,18,50,J.P. Tokoto with a bad pass turnover: Bad Pass,116589,,true,false,false,J.P.,,Tokoto,,UNC,,0,0,1,1,0,,,,,0,,1,Bad Pass,7,Turnover,,,,15,15,
1,18,38,Dave Dudzinski misses a jump shot from 5 feet out.,96996,,true,false,false,Dave,,Dudzinski,,HolyCr,,0,0,1,1,1,,,,,0,2,45,Jump Shot,4,Field Goal Missed,5,3.1,3.8,249,249,
1,18,38,Dave Dudzinski with an offensive rebound.,96996,,true,false,false,Dave,,Dudzinski,,HolyCr,,0,0,1,1,1,,,,,0,,,,5,Offensive Rebound,,,,249,249,
1,18,38,Shooting foul committed by Joel James.,116586,,true,false,false,Joel,,James,,UNC,,0,0,1,2,1,,,,,0,,2,Shooting,8,Foul,,,,15,15,
1,18,38,Dave Dudzinski makes free throw 1 of 2.,96996,,true,false,false,Dave,,Dudzinski,,HolyCr,,0,1,1,2,1,,,,,1,1,11,Free Throw 1 of 2,1,Free Throw Made,,,,249,249,
1,18,38,Dave Dudzinski misses free throw 2 of 2.,96996,,true,false,false,Dave,,Dudzinski,,HolyCr,,0,1,1,2,1,,,,,1,1,12,Free Throw 2 of 2,2,Free Throw Missed,,,,249,249,
1,18,38,Joel James with a defensive rebound.,116586,,true,false,false,Joel,,James,,UNC,,0,1,1,2,1,,,,,0,,,,6,Defensive Rebound,,,,15,15,
1,18,23,Joel James makes a layup shot. J.P. Tokoto with the assist.,116586,116589,true,true,false,Joel,J.P.,James,Tokoto,UNC,UNC,2,1,1,2,1,,,,,2,2,40,Layup Shot,3,Field Goal Made,0,0,0,15,15,
1,18,12,Malcolm Miller with a lost ball turnover: Lost Ball,109900,,true,false,false,Malcolm,,Miller,,HolyCr,,2,1,1,2,0,,,,,0,,2,Lost Ball,7,Turnover,,,,249,249,
1,18,00,Nate Britt misses a jump shot from 16 feet out.,121344,,true,false,false,Nate,,Britt,,UNC,,2,1,1,2,0,,,,,0,2,45,Jump Shot,4,Field Goal Missed,16,11.3,12,15,15,
1,18,00,Marcus Paige with an offensive rebound.,116587,,true,false,false,Marcus,,Paige,,UNC,,2,1,1,2,0,,,,,0,,,,5,Offensive Rebound,,,,15,15,
1,18,00,Personal foul committed by Malcolm Miller.,109900,,true,false,false,Malcolm,,Miller,,HolyCr,,2,1,2,2,1,,,,,0,,1,Personal,8,Foul,,,,249,249,
1,17,53,Marcus Paige makes a 3-point jump shot from 23 feet out. Nate Britt with the assist.,116587,121344,true,true,false,Marcus,Nate,Paige,Britt,UNC,UNC,5,1,2,2,0,,,,,3,3,45,Jump Shot,3,Field Goal Made,23,-.8,23.2,15,15,
1,17,39,Cullen Hamilton misses a 3-point jump shot from 25 feet out.,117332,,true,false,false,Cullen,,Hamilton,,HolyCr,,5,1,2,2,0,,,,,0,3,45,Jump Shot,4,Field Goal Missed,25,19.6,15.2,249,249,
1,17,39,J.P. Tokoto with a defensive rebound.,116589,,true,false,false,J.P.,,Tokoto,,UNC,,5,1,2,2,0,,,,,0,,,,6,Defensive Rebound,,,,15,15,
1,17,30,James Michael McAdoo misses a jump shot from 17 feet out.,110437,,true,false,false,James Michael,,McAdoo,,UNC,,5,1,2,2,1,,,,,0,2,45,Jump Shot,4,Field Goal Missed,17,13,10.6,15,15,
1,17,30,Malcolm Miller with a defensive rebound.,109900,,true,false,false,Malcolm,,Miller,,HolyCr,,5,1,2,2,1,,,,,0,,,,6,Defensive Rebound,,,,249,249,
1,17,22,Cullen Hamilton with a bad pass turnover: Bad Pass,117332,,true,false,false,Cullen,,Hamilton,,HolyCr,,5,1,2,2,0,,,,,0,,1,Bad Pass,7,Turnover,,,,249,249,
1,17,07,Marcus Paige makes a jump shot from 21 feet out. J.P. Tokoto with the assist.,116587,116589,true,true,false,Marcus,J.P.,Paige,Tokoto,UNC,UNC,7,1,2,2,0,,,,,5,2,45,Jump Shot,3,Field Goal Made,21,11.6,16.9,15,15,
1,16,55,Malcolm Miller misses a 3-point jump shot from 23 feet out.,109900,,true,false,false,Malcolm,,Miller,,HolyCr,,7,1,2,2,1,,,,,0,3,45,Jump Shot,4,Field Goal Missed,23,-23.4,-1.8,249,249,
1,16,55,James Michael McAdoo with a defensive rebound.,110437,,true,false,false,James Michael,,McAdoo,,UNC,,7,1,2,2,1,,,,,0,,,,6,Defensive Rebound,,,,15,15,
1,16,45,Marcus Paige misses a jump shot from 13 feet out.,116587,,true,false,false,Marcus,,Paige,,UNC,,7,1,2,2,0,,,,,5,2,45,Jump Shot,4,Field Goal Missed,13,-13.2,.9,15,15,
1,16,45,Malcolm Miller with a defensive rebound.,109900,,true,false,false,Malcolm,,Miller,,HolyCr,,7,1,2,2,1,,,,,0,,,,6,Defensive Rebound,,,,249,249,
1,16,26,Dave Dudzinski misses a jump shot from 8 feet out.,96996,,true,false,false,Dave,,Dudzinski,,HolyCr,,7,1,2,2,1,,,,,1,2,45,Jump Shot,4,Field Goal Missed,8,5.4,5.7,249,249,
1,16,26,Dave Dudzinski with an offensive rebound.,96996,,true,false,false,Dave,,Dudzinski,,HolyCr,,7,1,2,2,1,,,,,1,,,,5,Offensive Rebound,,,,249,249,
1,15,57,Anthony Thompson misses a 3-point jump shot from 23 feet out.,121673,,true,false,false,Anthony,,Thompson,,HolyCr,,7,1,2,2,0,,,,,0,3,45,Jump Shot,4,Field Goal Missed,23,-4.3,22.9,249,249,
1,15,57,Luke Davis with a defensive rebound.,98623,,true,false,false,Luke,,Davis,,UNC,,7,1,2,2,0,,,,,0,,,,6,Defensive Rebound,,,,15,15,
1,15,42,James Michael McAdoo makes a jump shot from 17 feet out. J.P. Tokoto with the assist.,110437,116589,true,true,false,James Michael,J.P.,McAdoo,Tokoto,UNC,UNC,9,1,2,2,1,,,,,2,2,45,Jump Shot,3,Field Goal Made,17,12.2,12.5,15,15,
1,15,18,Taylor Abt misses a jump shot from 15 feet out.,109901,,true,false,false,Taylor,,Abt,,HolyCr,,9,1,2,2,0,,,,,0,2,45,Jump Shot,4,Field Goal Missed,15,-12,9.4,249,249,
1,15,18,J.P. Tokoto with a defensive rebound.,116589,,true,false,false,J.P.,,Tokoto,,UNC,,9,1,2,2,0,,,,,0,,,,6,Defensive Rebound,,,,15,15,
1,15,17,Shooting foul committed by Taylor Abt.,109901,,true,false,false,Taylor,,Abt,,HolyCr,,9,1,3,2,1,,,,,0,,2,Shooting,8,Foul,,,,249,249,
1,15,17,Official TV timeout.,,,false,false,false,,,,,,,9,1,3,2,0,,,,,0,,3,Official TV,11,Timeout,,,,15,15,
1,15,17,Kennedy Meeks makes free throw 1 of 2.,121345,,true,false,false,Kennedy,,Meeks,,UNC,,10,1,3,2,0,,,,,1,1,11,Free Throw 1 of 2,1,Free Throw Made,,,,15,15,
1,15,17,Kennedy Meeks makes free throw 2 of 2.,121345,,true,false,false,Kennedy,,Meeks,,UNC,,11,1,3,2,0,,,,,2,1,12,Free Throw 2 of 2,1,Free Throw Made,,,,15,15,
1,14,53,Malachi Alexander misses a jump shot from 14 feet out.,121674,,true,false,false,Malachi,,Alexander,,HolyCr,,11,1,3,2,0,,,,,0,2,45,Jump Shot,4,Field Goal Missed,14,-13.5,4.7,249,249,
1,14,53,Kennedy Meeks with a defensive rebound.,121345,,true,false,false,Kennedy,,Meeks,,UNC,,11,1,3,2,0,,,,,2,,,,6,Defensive Rebound,,,,15,15,
1,14,26,J.P. Tokoto misses a jump shot from 18 feet out.,116589,,true,false,false,J.P.,,Tokoto,,UNC,,11,1,3,2,0,,,,,0,2,45,Jump Shot,4,Field Goal Missed,18,12.8,12.2,15,15,
1,14,26,Eric Green with a defensive rebound.,117334,,true,false,false,Eric,,Green,,HolyCr,,11,1,3,2,0,,,,,0,,,,6,Defensive Rebound,,,,249,249,
1,14,12,Malachi Alexander makes a jump shot from 17 feet out. Malcolm Miller with the assist.,121674,109900,true,true,false,Malachi,Malcolm,Alexander,Miller,HolyCr,HolyCr,11,3,3,2,0,,,,,2,2,45,Jump Shot,3,Field Goal Made,17,-16.8,.9,249,249,
1,13,59,Brice Johnson misses a jump shot from 17 feet out.,116588,,true,false,false,Brice,,Johnson,,UNC,,11,3,3,2,0,,,,,0,2,45,Jump Shot,4,Field Goal Missed,17,12.2,11.3,15,15,
1,13,59,Eric Green with a defensive rebound.,117334,,true,false,false,Eric,,Green,,HolyCr,,11,3,3,2,0,,,,,0,,,,6,Defensive Rebound,,,,249,249,
1,13,55,Eric Green misses a jump shot from 10 feet out.,117334,,true,false,false,Eric,,Green,,HolyCr,,11,3,3,2,0,,,,,0,2,45,Jump Shot,4,Field Goal Missed,10,-8.4,5.7,249,249,
1,13,55,HolyCr with an offensive rebound.,,,false,false,false,,,,,,,11,3,3,2,0,,,,,0,,,,5,Offensive Rebound,,,,249,249,
1,13,46,Personal foul committed by James Michael McAdoo.,110437,,true,false,false,James Michael,,McAdoo,,UNC,,11,3,3,3,2,,,,,2,,1,Personal,8,Foul,,,,15,15,
1,13,22,Shooting foul committed by Luke Davis.,98623,,true,false,false,Luke,,Davis,,UNC,,11,3,3,4,1,,,,,0,,2,Shooting,8,Foul,,,,15,15,
1,13,22,Anthony Thompson misses free throw 1 of 2.,121673,,true,false,false,Anthony,,Thompson,,HolyCr,,11,3,3,4,0,,,,,0,1,11,Free Throw 1 of 2,2,Free Throw Missed,,,,249,249,
1,13,22,HolyCr with an offensive rebound.,,,false,false,false,,,,,,,11,3,3,4,0,,,,,0,,,,5,Offensive Rebound,,,,249,249,
1,13,22,Anthony Thompson makes free throw 2 of 2.,121673,,true,false,false,Anthony,,Thompson,,HolyCr,,11,4,3,4,0,,,,,1,1,12,Free Throw 2 of 2,1,Free Throw Made,,,,249,249,
1,13,08,Kennedy Meeks misses a jump shot from 18 feet out.,121345,,true,false,false,Kennedy,,Meeks,,UNC,,11,4,3,4,0,,,,,2,2,45,Jump Shot,4,Field Goal Missed,18,14.7,10.1,15,15,
1,13,08,HolyCr with a defensive rebound.,,,false,false,false,,,,,,,11,4,3,4,0,,,,,0,,,,6,Defensive Rebound,,,,249,249,
1,12,34,Cullen Hamilton misses a jump shot from 17 feet out.,117332,,true,false,false,Cullen,,Hamilton,,HolyCr,,11,4,3,4,0,,,,,0,2,45,Jump Shot,4,Field Goal Missed,17,-15.9,5.7,249,249,
1,12,34,Kennedy Meeks with a defensive rebound.,121345,,true,false,false,Kennedy,,Meeks,,UNC,,11,4,3,4,0,,,,,2,,,,6,Defensive Rebound,,,,15,15,
1,12,20,Brice Johnson makes a jump shot from 17 feet out. Nate Britt with the assist.,116588,121344,true,true,false,Brice,Nate,Johnson,Britt,UNC,UNC,13,4,3,4,0,,,,,2,2,45,Jump Shot,3,Field Goal Made,17,-13,10.4,15,15,
1,12,11,Personal foul committed by Brice Johnson.,116588,,true,false,false,Brice,,Johnson,,UNC,,13,4,3,5,1,,,,,2,,1,Personal,8,Foul,,,,15,15,
1,11,58,Eric Green misses a 3-point jump shot from 23 feet out.,117334,,true,false,false,Eric,,Green,,HolyCr,,13,4,3,5,0,,,,,0,3,45,Jump Shot,4,Field Goal Missed,23,-11,20.5,249,249,
1,11,58,Kennedy Meeks with a defensive rebound.,121345,,true,false,false,Kennedy,,Meeks,,UNC,,13,4,3,5,0,,,,,2,,,,6,Defensive Rebound,,,,15,15,
1,11,47,Brice Johnson makes a jump shot from 17 feet out. Marcus Paige with the assist.,116588,116587,true,true,false,Brice,Marcus,Johnson,Paige,UNC,UNC,15,4,3,5,1,,,,,4,2,45,Jump Shot,3,Field Goal Made,17,16.4,1.9,15,15,
1,11,27,Dave Dudzinski misses a dunk shot.,96996,,true,false,false,Dave,,Dudzinski,,HolyCr,,15,4,3,5,1,,,,,1,2,48,Dunk Shot,4,Field Goal Missed,0,0,0,249,249,
1,11,27,Kennedy Meeks with a defensive rebound.,121345,,true,false,false,Kennedy,,Meeks,,UNC,,15,4,3,5,0,,,,,2,,,,6,Defensive Rebound,,,,15,15,
1,11,20,Brice Johnson misses a jump shot from 17 feet out.,116588,,true,false,false,Brice,,Johnson,,UNC,,15,4,3,5,1,,,,,4,2,45,Jump Shot,4,Field Goal Missed,17,12.5,11.3,15,15,
1,11,20,Kennedy Meeks with an offensive rebound.,121345,,true,false,false,Kennedy,,Meeks,,UNC,,15,4,3,5,0,,,,,2,,,,5,Offensive Rebound,,,,15,15,
1,11,14,Kennedy Meeks misses a jump shot from 16 feet out.,121345,,true,false,false,Kennedy,,Meeks,,UNC,,15,4,3,5,0,,,,,2,2,45,Jump Shot,4,Field Goal Missed,16,13.9,8.9,15,15,
1,11,14,Anthony Thompson with a defensive rebound.,121673,,true,false,false,Anthony,,Thompson,,HolyCr,,15,4,3,5,0,,,,,1,,,,6,Defensive Rebound,,,,249,249,
1,11,10,Cullen Hamilton makes a 3-point jump shot from 25 feet out. Anthony Thompson with the assist.,117332,121673,true,true,false,Cullen,Anthony,Hamilton,Thompson,HolyCr,HolyCr,15,7,3,5,0,,,,,3,3,45,Jump Shot,3,Field Goal Made,25,-15.6,19,249,249,
1,10,49,Marcus Paige with a lost ball turnover: Lost Ball,116587,,true,false,false,Marcus,,Paige,,UNC,,15,7,3,5,0,,,,,5,,2,Lost Ball,7,Turnover,,,,15,15,
1,10,31,Cullen Hamilton misses a jump shot from 9 feet out.,117332,,true,false,false,Cullen,,Hamilton,,HolyCr,,15,7,3,5,0,,,,,3,2,45,Jump Shot,4,Field Goal Missed,9,-.1,8.6,249,249,
1,10,31,Brice Johnson with a defensive rebound.,116588,,true,false,false,Brice,,Johnson,,UNC,,15,7,3,5,1,,,,,4,,,,6,Defensive Rebound,,,,15,15,
1,10,29,Personal foul committed by Malachi Alexander.,121674,,true,false,false,Malachi,,Alexander,,HolyCr,,15,7,4,5,1,,,,,2,,1,Personal,8,Foul,,,,249,249,
1,10,29,Official TV timeout.,,,false,false,false,,,,,,,15,7,4,5,0,,,,,0,,3,Official TV,11,Timeout,,,,15,15,
1,10,03,J.P. Tokoto misses a jump shot from 9 feet out.,116589,,true,false,false,J.P.,,Tokoto,,UNC,,15,7,4,5,0,,,,,0,2,45,Jump Shot,4,Field Goal Missed,9,7.9,5.2,15,15,
1,10,03,Malcolm Miller with a defensive rebound.,109900,,true,false,false,Malcolm,,Miller,,HolyCr,,15,7,4,5,1,,,,,0,,,,6,Defensive Rebound,,,,249,249,
1,9,48,Taylor Abt misses a 3-point jump shot from 23 feet out.,109901,,true,false,false,Taylor,,Abt,,HolyCr,,15,7,4,5,1,,,,,0,3,45,Jump Shot,4,Field Goal Missed,23,-23.2,2.1,249,249,
1,9,48,J.P. Tokoto with a defensive rebound.,116589,,true,false,false,J.P.,,Tokoto,,UNC,,15,7,4,5,0,,,,,0,,,,6,Defensive Rebound,,,,15,15,
1,9,42,J.P. Tokoto misses a jump shot from 18 feet out.,116589,,true,false,false,J.P.,,Tokoto,,UNC,,15,7,4,5,0,,,,,0,2,45,Jump Shot,4,Field Goal Missed,18,11,14.5,15,15,
1,9,42,Cullen Hamilton with a defensive rebound.,117332,,true,false,false,Cullen,,Hamilton,,HolyCr,,15,7,4,5,0,,,,,3,,,,6,Defensive Rebound,,,,249,249,
1,9,30,Justin Burrell misses a jump shot from 10 feet out.,109899,,true,false,false,Justin,,Burrell,,HolyCr,,15,7,4,5,0,,,,,0,2,45,Jump Shot,4,Field Goal Missed,10,7.6,7,249,249,
1,9,30,Desmond Hubert with a defensive rebound.,110434,,true,false,false,Desmond,,Hubert,,UNC,,15,7,4,5,0,,,,,0,,,,6,Defensive Rebound,,,,15,15,
1,9,18,Marcus Paige misses a 3-point jump shot from 24 feet out.,116587,,true,false,false,Marcus,,Paige,,UNC,,15,7,4,5,0,,,,,5,3,45,Jump Shot,4,Field Goal Missed,24,14.9,19.3,15,15,
1,9,18,Malcolm Miller with a defensive rebound.,109900,,true,false,false,Malcolm,,Miller,,HolyCr,,15,7,4,5,1,,,,,0,,,,6,Defensive Rebound,,,,249,249,
1,9,01,Justin Burrell misses a 3-point jump shot from 24 feet out.,109899,,true,false,false,Justin,,Burrell,,HolyCr,,15,7,4,5,0,,,,,0,3,45,Jump Shot,4,Field Goal Missed,24,-12.2,21.2,249,249,
1,9,01,Jackson Simmons with a defensive rebound.,110436,,true,false,false,Jackson,,Simmons,,UNC,,15,7,4,5,0,,,,,0,,,,6,Defensive Rebound,,,,15,15,
1,8,50,Luke Davis misses a 3-point jump shot from 24 feet out.,98623,,true,false,false,Luke,,Davis,,UNC,,15,7,4,5,1,,,,,0,3,45,Jump Shot,4,Field Goal Missed,24,23.7,3.1,15,15,
1,8,50,Cullen Hamilton with a defensive rebound.,117332,,true,false,false,Cullen,,Hamilton,,HolyCr,,15,7,4,5,0,,,,,3,,,,6,Defensive Rebound,,,,249,249,
1,8,30,Malachi Alexander with a lost ball turnover: Lost Ball,121674,,true,false,false,Malachi,,Alexander,,HolyCr,,15,7,4,5,1,,,,,2,,2,Lost Ball,7,Turnover,,,,249,249,
1,8,24,Shooting foul committed by Malcolm Miller.,109900,,true,false,false,Malcolm,,Miller,,HolyCr,,15,7,5,5,2,,,,,0,,2,Shooting,8,Foul,,,,249,249,
1,7,50,J.P. Tokoto misses a 3-point jump shot from 22 feet out.,116589,,true,false,false,J.P.,,Tokoto,,UNC,,15,7,5,5,0,,,,,0,3,45,Jump Shot,4,Field Goal Missed,22,15.7,15.6,15,15,
1,7,50,Cullen Hamilton with a defensive rebound.,117332,,true,false,false,Cullen,,Hamilton,,HolyCr,,15,7,5,5,0,,,,,3,,,,6,Defensive Rebound,,,,249,249,
1,7,44,Personal foul committed by Desmond Hubert.,110434,,true,false,false,Desmond,,Hubert,,UNC,,15,7,5,6,1,,,,,0,,1,Personal,8,Foul,,,,15,15,
1,7,44,Official TV timeout.,,,false,false,false,,,,,,,15,7,5,6,0,,,,,0,,3,Official TV,11,Timeout,,,,15,15,
1,7,24,Dave Dudzinski misses a hook shot from 8 feet out.,96996,,true,false,false,Dave,,Dudzinski,,HolyCr,,15,7,5,6,1,,,,,1,2,55,Hook Shot,4,Field Goal Missed,8,-.1,7.6,249,249,
1,7,24,HolyCr with an offensive rebound.,,,false,false,false,,,,,,,15,7,5,6,0,,,,,0,,,,5,Offensive Rebound,,,,249,249,
1,7,12,Offensive foul committed by Dave Dudzinski.,96996,,true,false,false,Dave,,Dudzinski,,HolyCr,,15,7,6,6,2,,,,,1,,4,Offensive,8,Foul,,,,249,249,
1,7,12,Dave Dudzinski with a  turnover:,96996,,true,false,false,Dave,,Dudzinski,,HolyCr,,15,7,6,6,2,,,,,1,,,,7,Turnover,,,,249,249,
1,7,06,Personal foul committed by Justin Burrell.,109899,,true,false,false,Justin,,Burrell,,HolyCr,,15,7,7,6,1,,,,,0,,1,Personal,8,Foul,,,,249,249,
1,7,06,Nate Britt misses free throw 1st of 1-and-1.,121344,,true,false,false,Nate,,Britt,,UNC,,15,7,7,6,0,,,,,0,1,8,Free Throw 1st of 1-and-1,2,Free Throw Missed,,,,15,15,
1,7,06,Isaiah Hicks with an offensive rebound.,121346,,true,false,false,Isaiah,,Hicks,,UNC,,15,7,7,6,0,,,,,0,,,,5,Offensive Rebound,,,,15,15,
1,7,06,Isaiah Hicks misses a jump shot from 16 feet out.,121346,,true,false,false,Isaiah,,Hicks,,UNC,,15,7,7,6,0,,,,,0,2,45,Jump Shot,4,Field Goal Missed,16,11.8,10.4,15,15,
1,7,06,Justin Burrell with a defensive rebound.,109899,,true,false,false,Justin,,Burrell,,HolyCr,,15,7,7,6,1,,,,,0,,,,6,Defensive Rebound,,,,249,249,
1,6,30,Offensive foul committed by Taylor Abt.,109901,,true,false,false,Taylor,,Abt,,HolyCr,,15,7,8,6,2,,,,,0,,4,Offensive,8,Foul,,,,249,249,
1,6,30,Taylor Abt with a  turnover:,109901,,true,false,false,Taylor,,Abt,,HolyCr,,15,7,8,6,2,,,,,0,,,,7,Turnover,,,,249,249,
1,6,18,Marcus Paige misses a 3-point jump shot from 23 feet out.,116587,,true,false,false,Marcus,,Paige,,UNC,,15,7,8,6,0,,,,,5,3,45,Jump Shot,4,Field Goal Missed,23,-21.9,7.4,15,15,
1,6,18,Taylor Abt with a defensive rebound.,109901,,true,false,false,Taylor,,Abt,,HolyCr,,15,7,8,6,2,,,,,0,,,,6,Defensive Rebound,,,,249,249,
1,5,55,Malcolm Miller makes a 3-point jump shot from 24 feet out. Justin Burrell with the assist.,109900,109899,true,true,false,Malcolm,Justin,Miller,Burrell,HolyCr,HolyCr,15,10,8,6,2,,,,,3,3,45,Jump Shot,3,Field Goal Made,24,-13.9,19.8,249,249,
1,5,40,Nate Britt misses a jump shot from 18 feet out.,121344,,true,false,false,Nate,,Britt,,UNC,,15,10,8,6,0,,,,,0,2,45,Jump Shot,4,Field Goal Missed,18,11.8,13.3,15,15,
1,5,40,Malachi Alexander with a defensive rebound.,121674,,true,false,false,Malachi,,Alexander,,HolyCr,,15,10,8,6,1,,,,,2,,,,6,Defensive Rebound,,,,249,249,
1,5,37,Justin Burrell with a lost ball turnover: Lost Ball,109899,,true,false,false,Justin,,Burrell,,HolyCr,,15,10,8,6,1,,,,,0,,2,Lost Ball,7,Turnover,,,,249,249,
1,5,22,James Michael McAdoo misses a jump shot from 18 feet out.,110437,,true,false,false,James Michael,,McAdoo,,UNC,,15,10,8,6,2,,,,,2,2,45,Jump Shot,4,Field Goal Missed,18,17.6,-.1,15,15,
1,5,22,Eric Green with a defensive rebound.,117334,,true,false,false,Eric,,Green,,HolyCr,,15,10,8,6,0,,,,,0,,,,6,Defensive Rebound,,,,249,249,
1,5,13,Cullen Hamilton misses a 3-point jump shot from 23 feet out.,117332,,true,false,false,Cullen,,Hamilton,,HolyCr,,15,10,8,6,0,,,,,3,3,45,Jump Shot,4,Field Goal Missed,23,-14.5,18.1,249,249,
1,5,13,James Michael McAdoo with a defensive rebound.,110437,,true,false,false,James Michael,,McAdoo,,UNC,,15,10,8,6,2,,,,,2,,,,6,Defensive Rebound,,,,15,15,
1,5,04,Cullen Hamilton misses a jump shot from 19 feet out.,117332,,true,false,false,Cullen,,Hamilton,,HolyCr,,15,10,8,6,0,,,,,3,2,45,Jump Shot,4,Field Goal Missed,19,14.2,12.8,249,249,
1,5,04,Justin Burrell with an offensive rebound.,109899,,true,false,false,Justin,,Burrell,,HolyCr,,15,10,8,6,1,,,,,0,,,,5,Offensive Rebound,,,,249,249,
1,4,59,Eric Green misses a jump shot from 15 feet out.,117334,,true,false,false,Eric,,Green,,HolyCr,,15,10,8,6,0,,,,,0,2,45,Jump Shot,4,Field Goal Missed,15,-13.9,6.9,249,249,
1,4,59,Kennedy Meeks with a defensive rebound.,121345,,true,false,false,Kennedy,,Meeks,,UNC,,15,10,8,6,0,,,,,2,,,,6,Defensive Rebound,,,,15,15,
1,4,51,Marcus Paige misses a jump shot from 16 feet out.,116587,,true,false,false,Marcus,,Paige,,UNC,,15,10,8,6,0,,,,,5,2,45,Jump Shot,4,Field Goal Missed,16,9.9,12.5,15,15,
1,4,51,Brice Johnson with an offensive rebound.,116588,,true,false,false,Brice,,Johnson,,UNC,,15,10,8,6,1,,,,,4,,,,5,Offensive Rebound,,,,15,15,
1,4,51,Brice Johnson makes a dunk shot.,116588,,true,false,false,Brice,,Johnson,,UNC,,17,10,8,6,1,,,,,6,2,48,Dunk Shot,3,Field Goal Made,0,0,0,15,15,
1,4,43,HolyCr take a full timeout.,,,false,false,false,,,,,,,17,10,8,6,0,,,,,0,,1,Regular,11,Timeout,,,,249,249,
1,4,35,Personal foul committed by Brice Johnson.,116588,,true,false,false,Brice,,Johnson,,UNC,,17,10,8,7,2,,,,,6,,1,Personal,8,Foul,,,,15,15,
1,4,35,Malachi Alexander makes free throw 1 of 2.,121674,,true,false,false,Malachi,,Alexander,,HolyCr,,17,11,8,7,1,,,,,3,1,11,Free Throw 1 of 2,1,Free Throw Made,,,,249,249,
1,4,35,Malachi Alexander makes free throw 2 of 2.,121674,,true,false,false,Malachi,,Alexander,,HolyCr,,17,12,8,7,1,,,,,4,1,12,Free Throw 2 of 2,1,Free Throw Made,,,,249,249,
1,4,21,Shooting foul committed by Taylor Abt.,109901,,true,false,false,Taylor,,Abt,,HolyCr,,17,12,9,7,3,,,,,0,,2,Shooting,8,Foul,,,,249,249,
1,4,21,James Michael McAdoo makes free throw 1 of 2.,110437,,true,false,false,James Michael,,McAdoo,,UNC,,18,12,9,7,2,,,,,3,1,11,Free Throw 1 of 2,1,Free Throw Made,,,,15,15,
1,4,21,James Michael McAdoo makes free throw 2 of 2.,110437,,true,false,false,James Michael,,McAdoo,,UNC,,19,12,9,7,2,,,,,4,1,12,Free Throw 2 of 2,1,Free Throw Made,,,,15,15,
1,4,07,Dave Dudzinski with a traveling turnover: Traveling,96996,,true,false,false,Dave,,Dudzinski,,HolyCr,,19,12,9,7,2,,,,,1,,4,Traveling,7,Turnover,,,,249,249,
1,3,53,Brice Johnson misses a jump shot from 12 feet out.,116588,,true,false,false,Brice,,Johnson,,UNC,,19,12,9,7,2,,,,,6,2,45,Jump Shot,4,Field Goal Missed,12,-3.1,11.6,15,15,
1,3,53,Malachi Alexander with a defensive rebound.,121674,,true,false,false,Malachi,,Alexander,,HolyCr,,19,12,9,7,1,,,,,4,,,,6,Defensive Rebound,,,,249,249,
1,3,33,Cullen Hamilton misses a 3-point jump shot from 24 feet out.,117332,,true,false,false,Cullen,,Hamilton,,HolyCr,,19,12,9,7,0,,,,,3,3,45,Jump Shot,4,Field Goal Missed,24,23.6,1.9,249,249,
1,3,33,Marcus Paige with a defensive rebound.,116587,,true,false,false,Marcus,,Paige,,UNC,,19,12,9,7,0,,,,,5,,,,6,Defensive Rebound,,,,15,15,
1,3,28,Shooting foul committed by Eric Green.,117334,,true,false,false,Eric,,Green,,HolyCr,,19,12,10,7,1,,,,,0,,2,Shooting,8,Foul,,,,249,249,
1,3,28,Official TV timeout.,,,false,false,false,,,,,,,19,12,10,7,0,,,,,0,,3,Official TV,11,Timeout,,,,15,15,
1,3,28,James Michael McAdoo makes free throw 1 of 2.,110437,,true,false,false,James Michael,,McAdoo,,UNC,,20,12,10,7,2,,,,,5,1,11,Free Throw 1 of 2,1,Free Throw Made,,,,15,15,
1,3,28,James Michael McAdoo makes free throw 2 of 2.,110437,,true,false,false,James Michael,,McAdoo,,UNC,,21,12,10,7,2,,,,,6,1,12,Free Throw 2 of 2,1,Free Throw Made,,,,15,15,
1,3,12,Anthony Thompson with a lost ball turnover: Lost Ball,121673,,true,false,false,Anthony,,Thompson,,HolyCr,,21,12,10,7,0,,,,,1,,2,Lost Ball,7,Turnover,,,,249,249,
1,3,00,Isaiah Hicks makes a jump shot from 6 feet out. J.P. Tokoto with the assist.,121346,116589,true,true,false,Isaiah,J.P.,Hicks,Tokoto,UNC,UNC,23,12,10,7,0,,,,,2,2,45,Jump Shot,3,Field Goal Made,6,3,5.5,15,15,
1,3,00,HolyCr take a full timeout.,,,false,false,false,,,,,,,23,12,10,7,0,,,,,0,,1,Regular,11,Timeout,,,,249,249,
1,2,36,Cullen Hamilton makes a 3-point jump shot from 24 feet out. Malcolm Miller with the assist.,117332,109900,true,true,false,Cullen,Malcolm,Hamilton,Miller,HolyCr,HolyCr,23,15,10,7,0,,,,,6,3,45,Jump Shot,3,Field Goal Made,24,18.8,15.7,249,249,
1,2,22,Joel James misses a jump shot from 18 feet out.,116586,,true,false,false,Joel,,James,,UNC,,23,15,10,7,1,,,,,2,2,45,Jump Shot,4,Field Goal Missed,18,17.6,2.3,15,15,
1,2,22,Malachi Alexander with a defensive rebound.,121674,,true,false,false,Malachi,,Alexander,,HolyCr,,23,15,10,7,1,,,,,4,,,,6,Defensive Rebound,,,,249,249,
1,2,21,Shooting foul committed by Isaiah Hicks.,121346,,true,false,false,Isaiah,,Hicks,,UNC,,23,15,10,8,1,,,,,2,,2,Shooting,8,Foul,,,,15,15,
1,2,21,Malachi Alexander makes free throw 1st of 1-and-1.,121674,,true,false,false,Malachi,,Alexander,,HolyCr,,23,16,10,8,1,,,,,5,1,8,Free Throw 1st of 1-and-1,1,Free Throw Made,,,,249,249,
1,2,21,Malachi Alexander makes free throw 2nd of 1-and-1.,121674,,true,false,false,Malachi,,Alexander,,HolyCr,,23,17,10,8,1,,,,,6,1,9,Free Throw 2nd of 1-and-1,1,Free Throw Made,,,,249,249,
1,2,08,J.P. Tokoto misses a jump shot from 18 feet out.,116589,,true,false,false,J.P.,,Tokoto,,UNC,,23,17,10,8,0,,,,,0,2,45,Jump Shot,4,Field Goal Missed,18,14,11.8,15,15,
1,2,08,Anthony Thompson with a defensive rebound.,121673,,true,false,false,Anthony,,Thompson,,HolyCr,,23,17,10,8,0,,,,,1,,,,6,Defensive Rebound,,,,249,249,
1,1,50,Dave Dudzinski makes a jump shot from 5 feet out. Anthony Thompson with the assist.,96996,121673,true,true,false,Dave,Anthony,Dudzinski,Thompson,HolyCr,HolyCr,23,19,10,8,2,,,,,3,2,45,Jump Shot,3,Field Goal Made,5,-3.1,4.5,249,249,
1,1,42,J.P. Tokoto with a lost ball turnover: Lost Ball,116589,,true,false,false,J.P.,,Tokoto,,UNC,,23,19,10,8,0,,,,,0,,2,Lost Ball,7,Turnover,,,,15,15,
1,1,19,Malachi Alexander misses a jump shot from 7 feet out.,121674,,true,false,false,Malachi,,Alexander,,HolyCr,,23,19,10,8,1,,,,,6,2,45,Jump Shot,4,Field Goal Missed,7,.6,7,249,249,
1,1,19,Malachi Alexander with an offensive rebound.,121674,,true,false,false,Malachi,,Alexander,,HolyCr,,23,19,10,8,1,,,,,6,,,,5,Offensive Rebound,,,,249,249,
1,1,15,Malachi Alexander makes a jump shot from 7 feet out.,121674,,true,false,false,Malachi,,Alexander,,HolyCr,,23,21,10,8,1,,,,,8,2,45,Jump Shot,3,Field Goal Made,7,-.8,7.2,249,249,
1,0,50.9,Marcus Paige makes a jump shot from 17 feet out.,116587,,true,false,false,Marcus,,Paige,,UNC,,25,21,10,8,0,,,,,7,2,45,Jump Shot,3,Field Goal Made,17,12.5,11.8,15,15,
1,0,35.8,Shooting foul committed by J.P. Tokoto.,116589,,true,false,false,J.P.,,Tokoto,,UNC,,25,21,10,9,1,,,,,0,,2,Shooting,8,Foul,,,,15,15,
1,0,35.8,Anthony Thompson makes free throw 1st of 1-and-1.,121673,,true,false,false,Anthony,,Thompson,,HolyCr,,25,22,10,9,0,,,,,2,1,8,Free Throw 1st of 1-and-1,1,Free Throw Made,,,,249,249,
1,0,35.8,Anthony Thompson makes free throw 2nd of 1-and-1.,121673,,true,false,false,Anthony,,Thompson,,HolyCr,,25,23,10,9,0,,,,,3,1,9,Free Throw 2nd of 1-and-1,1,Free Throw Made,,,,249,249,
1,0,23.9,Offensive foul committed by Isaiah Hicks.,121346,,true,false,false,Isaiah,,Hicks,,UNC,,25,23,10,10,2,,,,,2,,4,Offensive,8,Foul,,,,15,15,
1,0,23.9,Isaiah Hicks with a  turnover:,121346,,true,false,false,Isaiah,,Hicks,,UNC,,25,23,10,10,2,,,,,2,,,,7,Turnover,,,,15,15,
1,0,03.8,Shooting foul committed by Isaiah Hicks.,121346,,true,false,false,Isaiah,,Hicks,,UNC,,25,23,10,11,3,,,,,2,,2,Shooting,8,Foul,,,,15,15,
1,0,03.8,Anthony Thompson makes free throw 1 of 2.,121673,,true,false,false,Anthony,,Thompson,,HolyCr,,25,24,10,11,0,,,,,4,1,11,Free Throw 1 of 2,1,Free Throw Made,,,,249,249,
1,0,03.8,Anthony Thompson makes free throw 2 of 2.,121673,,true,false,false,Anthony,,Thompson,,HolyCr,,25,25,10,11,0,,,,,5,1,12,Free Throw 2 of 2,1,Free Throw Made,,,,249,249,
1,0,00,Marcus Paige misses a 3-point jump shot from 25 feet out.,116587,,true,false,false,Marcus,,Paige,,UNC,,25,25,10,11,0,,,,,7,3,45,Jump Shot,4,Field Goal Missed,25,-19.3,15.2,15,15,
1,0,00,UNC with an offensive rebound.,,,false,false,false,,,,,,,25,25,10,11,0,,,,,0,,,,5,Offensive Rebound,,,,15,15,
1,0,00,End of the 1st Half,,,false,false,false,,,,,,,25,25,10,11,0,,,,,0,,,,15,End Period,,,,15,15,
2,20,00,Start of the 2nd Half,,,false,false,false,,,,,,,25,25,0,0,0,,,,,0,,,,14,Start Period,,,,15,15,
2,19,47,Dave Dudzinski misses a 3-point jump shot from 25 feet out.,96996,,true,false,false,Dave,,Dudzinski,,HolyCr,,25,25,0,0,2,,,,,3,3,45,Jump Shot,4,Field Goal Missed,25,-19.3,15.9,249,249,
2,19,47,Marcus Paige with a defensive rebound.,116587,,true,false,false,Marcus,,Paige,,UNC,,25,25,0,0,0,,,,,7,,,,6,Defensive Rebound,,,,15,15,
2,19,32,James Michael McAdoo misses a jump shot from 18 feet out.,110437,,true,false,false,James Michael,,McAdoo,,UNC,,25,25,0,0,2,,,,,6,2,45,Jump Shot,4,Field Goal Missed,18,-17.8,.1,15,15,
2,19,32,HolyCr with a defensive rebound.,,,false,false,false,,,,,,,25,25,0,0,0,,,,,0,,,,6,Defensive Rebound,,,,249,249,
2,19,03,Shooting foul committed by Nate Britt.,121344,,true,false,false,Nate,,Britt,,UNC,,25,25,0,1,1,,,,,0,,2,Shooting,8,Foul,,,,15,15,
2,19,03,Justin Burrell makes free throw 1 of 2.,109899,,true,false,false,Justin,,Burrell,,HolyCr,,25,26,0,1,1,,,,,1,1,11,Free Throw 1 of 2,1,Free Throw Made,,,,249,249,
2,19,03,Justin Burrell makes free throw 2 of 2.,109899,,true,false,false,Justin,,Burrell,,HolyCr,,25,27,0,1,1,,,,,2,1,12,Free Throw 2 of 2,1,Free Throw Made,,,,249,249,
2,18,49,James Michael McAdoo misses a jump shot from 18 feet out.,110437,,true,false,false,James Michael,,McAdoo,,UNC,,25,27,0,1,2,,,,,6,2,45,Jump Shot,4,Field Goal Missed,18,15.4,9.9,15,15,
2,18,49,Malcolm Miller with a defensive rebound.,109900,,true,false,false,Malcolm,,Miller,,HolyCr,,25,27,0,1,2,,,,,3,,,,6,Defensive Rebound,,,,249,249,
2,18,25,Justin Burrell misses a jump shot from 18 feet out.,109899,,true,false,false,Justin,,Burrell,,HolyCr,,25,27,0,1,1,,,,,2,2,45,Jump Shot,4,Field Goal Missed,18,-17,7,249,249,
2,18,25,J.P. Tokoto with a defensive rebound.,116589,,true,false,false,J.P.,,Tokoto,,UNC,,25,27,0,1,1,,,,,0,,,,6,Defensive Rebound,,,,15,15,
2,18,24,Shooting foul committed by Taylor Abt.,109901,,true,false,false,Taylor,,Abt,,HolyCr,,25,27,1,1,4,,,,,0,,2,Shooting,8,Foul,,,,249,249,
2,18,24,James Michael McAdoo misses free throw 1 of 2.,110437,,true,false,false,James Michael,,McAdoo,,UNC,,25,27,1,1,2,,,,,6,1,11,Free Throw 1 of 2,2,Free Throw Missed,,,,15,15,
2,18,24,UNC with an offensive rebound.,,,false,false,false,,,,,,,25,27,1,1,0,,,,,0,,,,5,Offensive Rebound,,,,15,15,
2,18,24,James Michael McAdoo makes free throw 2 of 2.,110437,,true,false,false,James Michael,,McAdoo,,UNC,,26,27,1,1,2,,,,,7,1,12,Free Throw 2 of 2,1,Free Throw Made,,,,15,15,
2,18,12,Offensive foul committed by Malachi Alexander.,121674,,true,false,false,Malachi,,Alexander,,HolyCr,,26,27,2,1,2,,,,,8,,4,Offensive,8,Foul,,,,249,249,
2,18,12,Malachi Alexander is charged with a turnover due to a foul.,121674,,true,false,false,Malachi,,Alexander,,HolyCr,,26,27,2,1,2,,,,,8,,5,Offensive Foul-Charge,7,Turnover,,,,249,249,
2,18,00,Offensive foul committed by Joel James.,116586,,true,false,false,Joel,,James,,UNC,,26,27,2,2,2,,,,,2,,4,Offensive,8,Foul,,,,15,15,
2,18,00,Joel James with a  turnover:,116586,,true,false,false,Joel,,James,,UNC,,26,27,2,2,2,,,,,2,,,,7,Turnover,,,,15,15,
2,17,45,Dave Dudzinski misses a 3-point jump shot from 24 feet out.,96996,,true,false,false,Dave,,Dudzinski,,HolyCr,,26,27,2,2,2,,,,,3,3,45,Jump Shot,4,Field Goal Missed,24,-16.2,17.3,249,249,
2,17,45,Nate Britt with a defensive rebound.,121344,,true,false,false,Nate,,Britt,,UNC,,26,27,2,2,1,,,,,0,,,,6,Defensive Rebound,,,,15,15,
2,17,24,Marcus Paige makes a 3-point jump shot from 24 feet out.,116587,,true,false,false,Marcus,,Paige,,UNC,,29,27,2,2,0,,,,,10,3,45,Jump Shot,3,Field Goal Made,24,15.9,17.9,15,15,
2,17,04,Dave Dudzinski makes a 3-point jump shot from 23 feet out. Cullen Hamilton with the assist.,96996,117332,true,true,false,Dave,Cullen,Dudzinski,Hamilton,HolyCr,HolyCr,29,30,2,2,2,,,,,6,3,45,Jump Shot,3,Field Goal Made,23,-22.5,-.3,249,249,
2,16,52,Joel James with a backcourt turnover turnover: Backcourt Turnover,116586,,true,false,false,Joel,,James,,UNC,,29,30,2,2,2,,,,,2,,13,Backcourt Turnover,7,Turnover,,,,15,15,
2,16,37,Justin Burrell makes a layup shot.,109899,,true,false,false,Justin,,Burrell,,HolyCr,,29,32,2,2,1,,,,,4,2,40,Layup Shot,3,Field Goal Made,0,0,0,249,249,
2,16,30,Nate Britt with a bad pass turnover: Bad Pass,121344,,true,false,false,Nate,,Britt,,UNC,,29,32,2,2,1,,,,,0,,1,Bad Pass,7,Turnover,,,,15,15,
2,16,10,Personal foul committed by Nate Britt.,121344,,true,false,false,Nate,,Britt,,UNC,,29,32,2,3,2,,,,,0,,1,Personal,8,Foul,,,,15,15,
2,15,48,Eric Green with a lost ball turnover: Lost Ball,117334,,true,false,false,Eric,,Green,,HolyCr,,29,32,2,3,1,,,,,0,,2,Lost Ball,7,Turnover,,,,249,249,
2,15,39,Marcus Paige makes a jump shot from 15 feet out.,116587,,true,false,false,Marcus,,Paige,,UNC,,31,32,2,3,0,,,,,12,2,45,Jump Shot,3,Field Goal Made,15,-11.6,9.1,15,15,
2,15,12,Cullen Hamilton misses a jump shot from 16 feet out.,117332,,true,false,false,Cullen,,Hamilton,,HolyCr,,31,32,2,3,0,,,,,6,2,45,Jump Shot,4,Field Goal Missed,16,-11.1,12,249,249,
2,15,12,Kennedy Meeks with a defensive rebound.,121345,,true,false,false,Kennedy,,Meeks,,UNC,,31,32,2,3,0,,,,,2,,,,6,Defensive Rebound,,,,15,15,
2,15,02,Marcus Paige misses a jump shot from 16 feet out.,116587,,true,false,false,Marcus,,Paige,,UNC,,31,32,2,3,0,,,,,12,2,45,Jump Shot,4,Field Goal Missed,16,11.1,11.8,15,15,
2,15,02,Kennedy Meeks with an offensive rebound.,121345,,true,false,false,Kennedy,,Meeks,,UNC,,31,32,2,3,0,,,,,2,,,,5,Offensive Rebound,,,,15,15,
2,14,57,Kennedy Meeks makes a layup shot.,121345,,true,false,false,Kennedy,,Meeks,,UNC,,33,32,2,3,0,,,,,4,2,40,Layup Shot,3,Field Goal Made,0,0,0,15,15,
2,14,39,Malachi Alexander misses a 3-point jump shot from 24 feet out.,121674,,true,false,false,Malachi,,Alexander,,HolyCr,,33,32,2,3,2,,,,,8,3,45,Jump Shot,4,Field Goal Missed,24,-10.3,21.5,249,249,
2,14,39,J.P. Tokoto with a defensive rebound.,116589,,true,false,false,J.P.,,Tokoto,,UNC,,33,32,2,3,1,,,,,0,,,,6,Defensive Rebound,,,,15,15,
2,14,37,Official TV timeout.,,,false,false,false,,,,,,,33,32,2,3,0,,,,,0,,3,Official TV,11,Timeout,,,,15,15,
2,14,15,J.P. Tokoto makes a dunk shot. Luke Davis with the assist.,116589,98623,true,true,false,J.P.,Luke,Tokoto,Davis,UNC,UNC,35,32,2,3,1,,,,,2,2,48,Dunk Shot,3,Field Goal Made,0,0,0,15,15,
2,14,00,Personal foul committed by Kennedy Meeks.,121345,,true,false,false,Kennedy,,Meeks,,UNC,,35,32,2,4,1,,,,,4,,1,Personal,8,Foul,,,,15,15,
2,13,39,Justin Burrell makes a 3-point jump shot from 25 feet out. Dave Dudzinski with the assist.,109899,96996,true,true,false,Justin,Dave,Burrell,Dudzinski,HolyCr,HolyCr,35,35,2,4,1,,,,,7,3,45,Jump Shot,3,Field Goal Made,25,13.4,20.8,249,249,
2,13,29,Brice Johnson misses a dunk shot.,116588,,true,false,false,Brice,,Johnson,,UNC,,35,35,2,4,2,,,,,6,2,48,Dunk Shot,4,Field Goal Missed,0,0,0,15,15,
2,13,29,HolyCr with a defensive rebound.,,,false,false,false,,,,,,,35,35,2,4,0,,,,,0,,,,6,Defensive Rebound,,,,249,249,
2,13,11,Dave Dudzinski misses a jump shot from 16 feet out.,96996,,true,false,false,Dave,,Dudzinski,,HolyCr,,35,35,2,4,2,,,,,6,2,45,Jump Shot,4,Field Goal Missed,16,-15.9,3.8,249,249,
2,13,11,Luke Davis with a defensive rebound.,98623,,true,false,false,Luke,,Davis,,UNC,,35,35,2,4,1,,,,,0,,,,6,Defensive Rebound,,,,15,15,
2,13,05,Brice Johnson makes a jump shot from 14 feet out. Luke Davis with the assist.,116588,98623,true,true,false,Brice,Luke,Johnson,Davis,UNC,UNC,37,35,2,4,2,,,,,8,2,45,Jump Shot,3,Field Goal Made,14,13.5,1.4,15,15,
2,12,54,Anthony Thompson misses a 3-point jump shot from 23 feet out.,121673,,true,false,false,Anthony,,Thompson,,HolyCr,,37,35,2,4,0,,,,,5,3,45,Jump Shot,4,Field Goal Missed,23,-22.5,.6,249,249,
2,12,54,Anthony Thompson with an offensive rebound.,121673,,true,false,false,Anthony,,Thompson,,HolyCr,,37,35,2,4,0,,,,,5,,,,5,Offensive Rebound,,,,249,249,
2,12,53,Personal foul committed by Luke Davis.,98623,,true,false,false,Luke,,Davis,,UNC,,37,35,2,5,2,,,,,0,,1,Personal,8,Foul,,,,15,15,
2,12,44,Malachi Alexander with a lost ball turnover: Lost Ball,121674,,true,false,false,Malachi,,Alexander,,HolyCr,,37,35,2,5,2,,,,,8,,2,Lost Ball,7,Turnover,,,,249,249,
2,12,38,Brice Johnson makes a jump shot from 16 feet out. Marcus Paige with the assist.,116588,116587,true,true,false,Brice,Marcus,Johnson,Paige,UNC,UNC,39,35,2,5,2,,,,,10,2,45,Jump Shot,3,Field Goal Made,16,16.1,.8,15,15,
2,12,22,Malachi Alexander misses a 3-point jump shot from 23 feet out.,121674,,true,false,false,Malachi,,Alexander,,HolyCr,,39,35,2,5,2,,,,,8,3,45,Jump Shot,4,Field Goal Missed,23,-23.2,-1.6,249,249,
2,12,22,Brice Johnson with a defensive rebound.,116588,,true,false,false,Brice,,Johnson,,UNC,,39,35,2,5,2,,,,,10,,,,6,Defensive Rebound,,,,15,15,
2,12,11,J.P. Tokoto makes a jump shot from 17 feet out.,116589,,true,false,false,J.P.,,Tokoto,,UNC,,41,35,2,5,1,,,,,4,2,45,Jump Shot,3,Field Goal Made,17,-12.8,10.4,15,15,
2,12,05,HolyCr take a full timeout.,,,false,false,false,,,,,,,41,35,2,5,0,,,,,0,,1,Regular,11,Timeout,,,,249,249,
2,11,39,Cullen Hamilton misses a jump shot from 17 feet out.,117332,,true,false,false,Cullen,,Hamilton,,HolyCr,,41,35,2,5,0,,,,,6,2,45,Jump Shot,4,Field Goal Missed,17,12.8,11.5,249,249,
2,11,39,Dave Dudzinski with an offensive rebound.,96996,,true,false,false,Dave,,Dudzinski,,HolyCr,,41,35,2,5,2,,,,,6,,,,5,Offensive Rebound,,,,249,249,
2,11,37,Personal foul committed by Desmond Hubert.,110434,,true,false,false,Desmond,,Hubert,,UNC,,41,35,2,6,2,,,,,0,,1,Personal,8,Foul,,,,15,15,
2,11,37,Official TV timeout.,,,false,false,false,,,,,,,41,35,2,6,0,,,,,0,,3,Official TV,11,Timeout,,,,15,15,
2,11,29,Dave Dudzinski with a bad pass turnover: Bad Pass,96996,,true,false,false,Dave,,Dudzinski,,HolyCr,,41,35,2,6,2,,,,,6,,1,Bad Pass,7,Turnover,,,,249,249,
2,11,12,Marcus Paige makes a jump shot from 16 feet out.,116587,,true,false,false,Marcus,,Paige,,UNC,,43,35,2,6,0,,,,,14,2,45,Jump Shot,3,Field Goal Made,16,13.2,9.6,15,15,
2,11,05,Justin Burrell with a bad pass turnover: Bad Pass,109899,,true,false,false,Justin,,Burrell,,HolyCr,,43,35,2,6,1,,,,,7,,1,Bad Pass,7,Turnover,,,,249,249,
2,10,50,Brice Johnson misses a jump shot from 18 feet out.,116588,,true,false,false,Brice,,Johnson,,UNC,,43,35,2,6,2,,,,,10,2,45,Jump Shot,4,Field Goal Missed,18,13.7,12,15,15,
2,10,50,Malcolm Miller with a defensive rebound.,109900,,true,false,false,Malcolm,,Miller,,HolyCr,,43,35,2,6,2,,,,,3,,,,6,Defensive Rebound,,,,249,249,
2,10,34,Dave Dudzinski misses a 3-point jump shot from 25 feet out.,96996,,true,false,false,Dave,,Dudzinski,,HolyCr,,43,35,2,6,2,,,,,6,3,45,Jump Shot,4,Field Goal Missed,25,-16.2,18.4,249,249,
2,10,34,Marcus Paige with a defensive rebound.,116587,,true,false,false,Marcus,,Paige,,UNC,,43,35,2,6,0,,,,,14,,,,6,Defensive Rebound,,,,15,15,
2,10,15,Brice Johnson makes a jump shot from 18 feet out. James Michael McAdoo with the assist.,116588,110437,true,true,false,Brice,James Michael,Johnson,McAdoo,UNC,UNC,45,35,2,6,2,,,,,12,2,45,Jump Shot,3,Field Goal Made,18,11.5,13.3,15,15,
2,9,53,Cullen Hamilton misses a 3-point jump shot from 24 feet out.,117332,,true,false,false,Cullen,,Hamilton,,HolyCr,,45,35,2,6,0,,,,,6,3,45,Jump Shot,4,Field Goal Missed,24,10.6,22,249,249,
2,9,53,James Michael McAdoo with a defensive rebound.,110437,,true,false,false,James Michael,,McAdoo,,UNC,,45,35,2,6,2,,,,,7,,,,6,Defensive Rebound,,,,15,15,
2,9,36,Brice Johnson misses a jump shot from 17 feet out.,116588,,true,false,false,Brice,,Johnson,,UNC,,45,35,2,6,2,,,,,12,2,45,Jump Shot,4,Field Goal Missed,17,12,12.3,15,15,
2,9,36,Desmond Hubert with an offensive rebound.,110434,,true,false,false,Desmond,,Hubert,,UNC,,45,35,2,6,2,,,,,0,,,,5,Offensive Rebound,,,,15,15,
2,9,27,Marcus Paige makes a jump shot from 5 feet out.,116587,,true,false,false,Marcus,,Paige,,UNC,,47,35,2,6,0,,,,,16,2,45,Jump Shot,3,Field Goal Made,5,-.3,5.3,15,15,
2,9,26,HolyCr take a full timeout.,,,false,false,false,,,,,,,47,35,2,6,0,,,,,0,,1,Regular,11,Timeout,,,,249,249,
2,9,04,Malachi Alexander misses a jump shot from 6 feet out.,121674,,true,false,false,Malachi,,Alexander,,HolyCr,,47,35,2,6,2,,,,,8,2,45,Jump Shot,4,Field Goal Missed,6,-3,5.5,249,249,
2,9,04,Marcus Paige with a defensive rebound.,116587,,true,false,false,Marcus,,Paige,,UNC,,47,35,2,6,0,,,,,16,,,,6,Defensive Rebound,,,,15,15,
2,8,55,Marcus Paige misses a 3-point jump shot from 24 feet out.,116587,,true,false,false,Marcus,,Paige,,UNC,,47,35,2,6,0,,,,,16,3,45,Jump Shot,4,Field Goal Missed,24,17.9,15.9,15,15,
2,8,55,HolyCr with a defensive rebound.,,,false,false,false,,,,,,,47,35,2,6,0,,,,,0,,,,6,Defensive Rebound,,,,249,249,
2,8,34,Malachi Alexander makes a jump shot from 17 feet out.,121674,,true,false,false,Malachi,,Alexander,,HolyCr,,47,37,2,6,2,,,,,10,2,45,Jump Shot,3,Field Goal Made,17,-13.5,9.9,249,249,
2,8,16,James Michael McAdoo misses a jump shot from 16 feet out.,110437,,true,false,false,James Michael,,McAdoo,,UNC,,47,37,2,6,2,,,,,7,2,45,Jump Shot,4,Field Goal Missed,16,-16.4,.4,15,15,
2,8,16,Dave Dudzinski with a defensive rebound.,96996,,true,false,false,Dave,,Dudzinski,,HolyCr,,47,37,2,6,2,,,,,6,,,,6,Defensive Rebound,,,,249,249,
2,8,11,Shooting foul committed by Luke Davis.,98623,,true,false,false,Luke,,Davis,,UNC,,47,37,2,7,3,,,,,0,,2,Shooting,8,Foul,,,,15,15,
2,8,11,Anthony Thompson makes free throw 1 of 2.,121673,,true,false,false,Anthony,,Thompson,,HolyCr,,47,38,2,7,0,,,,,6,1,11,Free Throw 1 of 2,1,Free Throw Made,,,,249,249,
2,8,11,Anthony Thompson makes free throw 2 of 2.,121673,,true,false,false,Anthony,,Thompson,,HolyCr,,47,39,2,7,0,,,,,7,1,12,Free Throw 2 of 2,1,Free Throw Made,,,,249,249,
2,7,54,Joel James makes a jump shot from 18 feet out. Brice Johnson with the assist.,116586,116588,true,true,false,Joel,Brice,James,Johnson,UNC,UNC,49,39,2,7,2,,,,,4,2,45,Jump Shot,3,Field Goal Made,18,14,12,15,15,
2,7,36,Personal foul committed by Brice Johnson.,116588,,true,false,false,Brice,,Johnson,,UNC,,49,39,2,8,3,,,,,12,,1,Personal,8,Foul,,,,15,15,
2,7,36,Official TV timeout.,,,false,false,false,,,,,,,49,39,2,8,0,,,,,0,,3,Official TV,11,Timeout,,,,15,15,
2,7,36,Malachi Alexander misses free throw 1st of 1-and-1.,121674,,true,false,false,Malachi,,Alexander,,HolyCr,,49,39,2,8,2,,,,,10,1,8,Free Throw 1st of 1-and-1,2,Free Throw Missed,,,,249,249,
2,7,36,Joel James with a defensive rebound.,116586,,true,false,false,Joel,,James,,UNC,,49,39,2,8,2,,,,,4,,,,6,Defensive Rebound,,,,15,15,
2,7,20,Personal foul committed by Dave Dudzinski.,96996,,true,false,false,Dave,,Dudzinski,,HolyCr,,49,39,3,8,3,,,,,6,,1,Personal,8,Foul,,,,249,249,
2,7,02,Personal foul committed by Anthony Thompson.,121673,,true,false,false,Anthony,,Thompson,,HolyCr,,49,39,4,8,1,,,,,7,,1,Personal,8,Foul,,,,249,249,
2,6,55,Marcus Paige makes a 3-point jump shot from 25 feet out. Nate Britt with the assist.,116587,121344,true,true,false,Marcus,Nate,Paige,Britt,UNC,UNC,52,39,4,8,0,,,,,19,3,45,Jump Shot,3,Field Goal Made,25,8.2,23.5,15,15,
2,6,21,Personal foul committed by Marcus Paige.,116587,,true,false,false,Marcus,,Paige,,UNC,,52,39,4,9,1,,,,,19,,1,Personal,8,Foul,,,,15,15,
2,6,21,Anthony Thompson misses free throw 1st of 1-and-1.,121673,,true,false,false,Anthony,,Thompson,,HolyCr,,52,39,4,9,1,,,,,7,1,8,Free Throw 1st of 1-and-1,2,Free Throw Missed,,,,249,249,
2,6,21,Brice Johnson with a defensive rebound.,116588,,true,false,false,Brice,,Johnson,,UNC,,52,39,4,9,3,,,,,12,,,,6,Defensive Rebound,,,,15,15,
2,6,14,Offensive foul committed by Marcus Paige.,116587,,true,false,false,Marcus,,Paige,,UNC,,52,39,4,10,2,,,,,19,,4,Offensive,8,Foul,,,,15,15,
2,6,14,Marcus Paige with a  turnover:,116587,,true,false,false,Marcus,,Paige,,UNC,,52,39,4,10,2,,,,,19,,,,7,Turnover,,,,15,15,
2,5,59,Dave Dudzinski makes a hook shot from 9 feet out. Anthony Thompson with the assist.,96996,121673,true,true,false,Dave,Anthony,Dudzinski,Thompson,HolyCr,HolyCr,52,41,4,10,3,,,,,8,2,55,Hook Shot,3,Field Goal Made,9,9.3,1.9,249,249,
2,5,41,Marcus Paige misses a 3-point jump shot from 24 feet out.,116587,,true,false,false,Marcus,,Paige,,UNC,,52,41,4,10,2,,,,,19,3,45,Jump Shot,4,Field Goal Missed,24,-21.3,11.8,15,15,
2,5,41,Malcolm Miller with a defensive rebound.,109900,,true,false,false,Malcolm,,Miller,,HolyCr,,52,41,4,10,2,,,,,3,,,,6,Defensive Rebound,,,,249,249,
2,5,06,Justin Burrell makes a jump shot from 16 feet out.,109899,,true,false,false,Justin,,Burrell,,HolyCr,,52,43,4,10,1,,,,,9,2,45,Jump Shot,3,Field Goal Made,16,-9.1,13.5,249,249,
2,4,53,James Michael McAdoo makes a jump shot from 17 feet out. Marcus Paige with the assist.,110437,116587,true,true,false,James Michael,Marcus,McAdoo,Paige,UNC,UNC,54,43,4,10,2,,,,,9,2,45,Jump Shot,3,Field Goal Made,17,9.6,13.5,15,15,
2,4,38,Personal foul committed by James Michael McAdoo.,110437,,true,false,false,James Michael,,McAdoo,,UNC,,54,43,4,11,3,,,,,9,,1,Personal,8,Foul,,,,15,15,
2,4,38,Malachi Alexander makes free throw 1 of 2.,121674,,true,false,false,Malachi,,Alexander,,HolyCr,,54,44,4,11,2,,,,,11,1,11,Free Throw 1 of 2,1,Free Throw Made,,,,249,249,
2,4,38,Malachi Alexander misses free throw 2 of 2.,121674,,true,false,false,Malachi,,Alexander,,HolyCr,,54,44,4,11,2,,,,,11,1,12,Free Throw 2 of 2,2,Free Throw Missed,,,,249,249,
2,4,38,Brice Johnson with a defensive rebound.,116588,,true,false,false,Brice,,Johnson,,UNC,,54,44,4,11,3,,,,,12,,,,6,Defensive Rebound,,,,15,15,
2,4,27,James Michael McAdoo makes a layup shot. J.P. Tokoto with the assist.,110437,116589,true,true,false,James Michael,J.P.,McAdoo,Tokoto,UNC,UNC,56,44,4,11,3,,,,,11,2,40,Layup Shot,3,Field Goal Made,0,0,0,15,15,
2,3,56,Shooting foul committed by Brice Johnson.,116588,,true,false,false,Brice,,Johnson,,UNC,,56,44,4,12,4,,,,,12,,2,Shooting,8,Foul,,,,15,15,
2,3,56,Official TV timeout.,,,false,false,false,,,,,,,56,44,4,12,0,,,,,0,,3,Official TV,11,Timeout,,,,15,15,
2,3,56,Malcolm Miller misses free throw 1 of 2.,109900,,true,false,false,Malcolm,,Miller,,HolyCr,,56,44,4,12,2,,,,,3,1,11,Free Throw 1 of 2,2,Free Throw Missed,,,,249,249,
2,3,56,HolyCr with an offensive rebound.,,,false,false,false,,,,,,,56,44,4,12,0,,,,,0,,,,5,Offensive Rebound,,,,249,249,
2,3,56,Malcolm Miller makes free throw 2 of 2.,109900,,true,false,false,Malcolm,,Miller,,HolyCr,,56,45,4,12,2,,,,,4,1,12,Free Throw 2 of 2,1,Free Throw Made,,,,249,249,
2,3,53,Personal foul committed by Justin Burrell.,109899,,true,false,false,Justin,,Burrell,,HolyCr,,56,45,5,12,2,,,,,9,,1,Personal,8,Foul,,,,249,249,
2,3,42,James Michael McAdoo misses a jump shot from 7 feet out.,110437,,true,false,false,James Michael,,McAdoo,,UNC,,56,45,5,12,3,,,,,11,2,45,Jump Shot,4,Field Goal Missed,7,4,5.3,15,15,
2,3,42,HolyCr with a defensive rebound.,,,false,false,false,,,,,,,56,45,5,12,0,,,,,0,,,,6,Defensive Rebound,,,,249,249,
2,3,25,Dave Dudzinski makes a layup shot. Malcolm Miller with the assist.,96996,109900,true,true,false,Dave,Malcolm,Dudzinski,Miller,HolyCr,HolyCr,56,47,5,12,3,,,,,10,2,40,Layup Shot,3,Field Goal Made,0,0,0,249,249,
2,3,18,Personal foul committed by Malcolm Miller.,109900,,true,false,false,Malcolm,,Miller,,HolyCr,,56,47,6,12,3,,,,,4,,1,Personal,8,Foul,,,,249,249,
2,3,07,Marcus Paige misses a jump shot from 17 feet out.,116587,,true,false,false,Marcus,,Paige,,UNC,,56,47,6,12,2,,,,,19,2,45,Jump Shot,4,Field Goal Missed,17,13.4,10.3,15,15,
2,3,07,UNC with an offensive rebound.,,,false,false,false,,,,,,,56,47,6,12,0,,,,,0,,,,5,Offensive Rebound,,,,15,15,
2,2,53,Nate Britt with a lost ball turnover: Lost Ball,121344,,true,false,false,Nate,,Britt,,UNC,,56,47,6,12,2,,,,,0,,2,Lost Ball,7,Turnover,,,,15,15,
2,2,43,Justin Burrell misses a 3-point jump shot from 23 feet out.,109899,,true,false,false,Justin,,Burrell,,HolyCr,,56,47,6,12,2,,,,,9,3,45,Jump Shot,4,Field Goal Missed,23,-23,.2,249,249,
2,2,43,J.P. Tokoto with a defensive rebound.,116589,,true,false,false,J.P.,,Tokoto,,UNC,,56,47,6,12,1,,,,,4,,,,6,Defensive Rebound,,,,15,15,
2,2,31,Nate Britt misses a jump shot from 15 feet out.,121344,,true,false,false,Nate,,Britt,,UNC,,56,47,6,12,2,,,,,0,2,45,Jump Shot,4,Field Goal Missed,15,10.1,11,15,15,
2,2,31,Dave Dudzinski with a defensive rebound.,96996,,true,false,false,Dave,,Dudzinski,,HolyCr,,56,47,6,12,3,,,,,10,,,,6,Defensive Rebound,,,,249,249,
2,2,10,Malcolm Miller makes a layup shot.,109900,,true,false,false,Malcolm,,Miller,,HolyCr,,56,49,6,12,3,,,,,6,2,40,Layup Shot,3,Field Goal Made,0,0,0,249,249,
2,2,00,James Michael McAdoo misses a jump shot from 15 feet out.,110437,,true,false,false,James Michael,,McAdoo,,UNC,,56,49,6,12,3,,,,,11,2,45,Jump Shot,4,Field Goal Missed,15,14.7,.6,15,15,
2,2,00,Anthony Thompson with a defensive rebound.,121673,,true,false,false,Anthony,,Thompson,,HolyCr,,56,49,6,12,1,,,,,7,,,,6,Defensive Rebound,,,,249,249,
2,1,47,Justin Burrell with a lost ball turnover: Lost Ball,109899,,true,false,false,Justin,,Burrell,,HolyCr,,56,49,6,12,2,,,,,9,,2,Lost Ball,7,Turnover,,,,249,249,
2,1,41,Shooting foul committed by Anthony Thompson.,121673,,true,false,false,Anthony,,Thompson,,HolyCr,,56,49,7,12,2,,,,,7,,2,Shooting,8,Foul,,,,249,249,
2,1,41,Nate Britt misses free throw 1st of 1-and-1.,121344,,true,false,false,Nate,,Britt,,UNC,,56,49,7,12,2,,,,,0,1,8,Free Throw 1st of 1-and-1,2,Free Throw Missed,,,,15,15,
2,1,41,Eric Green with a defensive rebound.,117334,,true,false,false,Eric,,Green,,HolyCr,,56,49,7,12,1,,,,,0,,,,6,Defensive Rebound,,,,249,249,
2,1,13,Shooting foul committed by James Michael McAdoo.,110437,,true,false,false,James Michael,,McAdoo,,UNC,,56,49,7,13,4,,,,,11,,2,Shooting,8,Foul,,,,15,15,
2,1,13,Dave Dudzinski misses free throw 1 of 2.,96996,,true,false,false,Dave,,Dudzinski,,HolyCr,,56,49,7,13,3,,,,,10,1,11,Free Throw 1 of 2,2,Free Throw Missed,,,,249,249,
2,1,13,HolyCr with an offensive rebound.,,,false,false,false,,,,,,,56,49,7,13,0,,,,,0,,,,5,Offensive Rebound,,,,249,249,
2,1,13,Dave Dudzinski makes free throw 2 of 2.,96996,,true,false,false,Dave,,Dudzinski,,HolyCr,,56,50,7,13,3,,,,,11,1,12,Free Throw 2 of 2,1,Free Throw Made,,,,249,249,
2,0,58.5,Personal foul committed by Anthony Thompson.,121673,,true,false,false,Anthony,,Thompson,,HolyCr,,56,50,8,13,3,,,,,7,,1,Personal,8,Foul,,,,249,249,
2,0,58.5,Marcus Paige makes free throw 1 of 2.,116587,,true,false,false,Marcus,,Paige,,UNC,,57,50,8,13,2,,,,,20,1,11,Free Throw 1 of 2,1,Free Throw Made,,,,15,15,
2,0,58.5,Marcus Paige makes free throw 2 of 2.,116587,,true,false,false,Marcus,,Paige,,UNC,,58,50,8,13,2,,,,,21,1,12,Free Throw 2 of 2,1,Free Throw Made,,,,15,15,
2,0,42.2,Malcolm Miller misses a 3-point jump shot from 24 feet out.,109900,,true,false,false,Malcolm,,Miller,,HolyCr,,58,50,8,13,3,,,,,6,3,45,Jump Shot,4,Field Goal Missed,24,-23.6,1.6,249,249,
2,0,42.2,J.P. Tokoto with a defensive rebound.,116589,,true,false,false,J.P.,,Tokoto,,UNC,,58,50,8,13,1,,,,,4,,,,6,Defensive Rebound,,,,15,15,
2,0,42.1,Personal foul committed by Dave Dudzinski.,96996,,true,false,false,Dave,,Dudzinski,,HolyCr,,58,50,9,13,4,,,,,11,,1,Personal,8,Foul,,,,249,249,
2,0,41.9,J.P. Tokoto makes free throw 1 of 2.,116589,,true,false,false,J.P.,,Tokoto,,UNC,,59,50,9,13,1,,,,,5,1,11,Free Throw 1 of 2,1,Free Throw Made,,,,15,15,
2,0,41.8,J.P. Tokoto misses free throw 2 of 2.,116589,,true,false,false,J.P.,,Tokoto,,UNC,,59,50,9,13,1,,,,,5,1,12,Free Throw 2 of 2,2,Free Throw Missed,,,,15,15,
2,0,41.8,James Michael McAdoo with an offensive rebound.,110437,,true,false,false,James Michael,,McAdoo,,UNC,,59,50,9,13,4,,,,,11,,,,5,Offensive Rebound,,,,15,15,
2,0,37.6,Personal foul committed by Dave Dudzinski.,96996,,true,false,false,Dave,,Dudzinski,,HolyCr,,59,50,10,13,5,,,,,11,,1,Personal,8,Foul,,,,249,249,
2,0,37.6,J.P. Tokoto makes free throw 1 of 2.,116589,,true,false,false,J.P.,,Tokoto,,UNC,,60,50,10,13,1,,,,,6,1,11,Free Throw 1 of 2,1,Free Throw Made,,,,15,15,
2,0,37.6,J.P. Tokoto misses free throw 2 of 2.,116589,,true,false,false,J.P.,,Tokoto,,UNC,,60,50,10,13,1,,,,,6,1,12,Free Throw 2 of 2,2,Free Throw Missed,,,,15,15,
2,0,37.6,HolyCr with a defensive rebound.,,,false,false,false,,,,,,,60,50,10,13,0,,,,,0,,,,6,Defensive Rebound,,,,249,249,
2,0,34.8,Personal foul committed by Brice Johnson.,116588,,true,false,false,Brice,,Johnson,,UNC,,60,50,10,14,5,,,,,12,,1,Personal,8,Foul,,,,15,15,
2,0,34.8,Cullen Hamilton makes free throw 1 of 2.,117332,,true,false,false,Cullen,,Hamilton,,HolyCr,,60,51,10,14,0,,,,,7,1,11,Free Throw 1 of 2,1,Free Throw Made,,,,249,249,
2,0,34.8,Cullen Hamilton makes free throw 2 of 2.,117332,,true,false,false,Cullen,,Hamilton,,HolyCr,,60,52,10,14,0,,,,,8,1,12,Free Throw 2 of 2,1,Free Throw Made,,,,249,249,
2,0,22.3,Personal foul committed by Anthony Thompson.,121673,,true,false,false,Anthony,,Thompson,,HolyCr,,60,52,11,14,4,,,,,7,,1,Personal,8,Foul,,,,249,249,
2,0,22.3,Marcus Paige makes free throw 2 of 2.,116587,,true,false,false,Marcus,,Paige,,UNC,,61,52,11,14,2,,,,,22,1,12,Free Throw 2 of 2,1,Free Throw Made,,,,15,15,
2,0,22.3,Marcus Paige makes free throw 2 of 2.,116587,,true,false,false,Marcus,,Paige,,UNC,,62,52,11,14,2,,,,,23,1,12,Free Throw 2 of 2,1,Free Throw Made,,,,15,15,
2,0,15.7,Anthony Thompson misses a jump shot from 7 feet out.,121673,,true,false,false,Anthony,,Thompson,,HolyCr,,62,52,11,14,4,,,,,7,2,45,Jump Shot,4,Field Goal Missed,7,2.5,6.5,249,249,
2,0,15.7,Malachi Alexander with an offensive rebound.,121674,,true,false,false,Malachi,,Alexander,,HolyCr,,62,52,11,14,2,,,,,11,,,,5,Offensive Rebound,,,,249,249,
2,0,12.1,Malachi Alexander makes a jump shot from 9 feet out.,121674,,true,false,false,Malachi,,Alexander,,HolyCr,,62,54,11,14,2,,,,,13,2,45,Jump Shot,3,Field Goal Made,9,4.8,8.1,249,249,
2,0,00,End of the 2nd Half,,,false,false,false,,,,,,,62,54,11,14,0,,,,,0,,,,15,End Period,,,,15,15,
2,0,00,End of the Game,,,false,false,false,,,,,,,62,54,11,14,0,,,,,0,,,,19,Game Over,,,,15,15,
