half,time-minutes,time-seconds,details,player1-id,player2-id,player1-linkable,player2-linkable,player3-linkable,player-first-name-1,player-first-name-2,player-last-name-1,player-last-name-2,player-team-alias-1,player-team-alias-2,home-score,visitor-score,visitor-fouls,home-fouls,player-fouls,fastbreak,in-paint,second-chance,off-turnover,player-score,points-type,detail-id,detail-desc,event-id,event-desc,distance,x-coord,y-coord,team-id-1,team-id-2,team-id-3
1,20,00,Start of the 1st Half,,,false,false,false,,,,,,,0,0,0,0,0,,,,,0,,,,14,Start Period,,,,54,54,
1,19,42,Jarell Eddie makes a jump shot.,97464,,true,false,false,Jarell,,Eddie,,VaTech,,2,0,0,0,0,,,,,2,2,45,Jump Shot,3,Field Goal Made,,,,54,54,
1,19,21,Mark Blackmon makes a 3-point jump shot.,122030,,true,false,false,Mark,,Blackmon,,Md-ES,,2,3,0,0,0,,,,,3,3,45,Jump Shot,3,Field Goal Made,,,,191,191,
1,18,48,Jarell Eddie misses a 3-point jump shot.,97464,,true,false,false,Jarell,,Eddie,,VaTech,,2,3,0,0,0,,,,,2,3,45,Jump Shot,4,Field Goal Missed,,,,54,54,
1,18,24,Kyree Jones misses a 3-point jump shot.,98414,,true,false,false,Kyree,,Jones,,Md-ES,,2,3,0,0,0,,,,,0,3,45,Jump Shot,4,Field Goal Missed,,,,191,191,
1,18,02,Ben Emelogu misses a 3-point jump shot.,120764,,true,false,false,Ben,,Emelogu,,VaTech,,2,3,0,0,0,,,,,0,3,45,Jump Shot,4,Field Goal Missed,,,,54,54,
1,17,49,Shooting foul committed by Ben Emelogu.,120764,,true,false,false,Ben,,Emelogu,,VaTech,,2,3,0,1,1,,,,,0,,2,Shooting,8,Foul,,,,54,54,
1,17,49,Ishaq Pitt makes free throw 1 of 2.,110623,,true,false,false,Ishaq,,Pitt,,Md-ES,,2,4,0,1,0,,,,,1,1,11,Free Throw 1 of 2,1,Free Throw Made,,,,191,191,
1,17,49,Ishaq Pitt misses free throw 2 of 2.,110623,,true,false,false,Ishaq,,Pitt,,Md-ES,,2,4,0,1,0,,,,,1,1,12,Free Throw 2 of 2,2,Free Throw Missed,,,,191,191,
1,17,25,Personal foul committed by Ishaq Pitt.,110623,,true,false,false,Ishaq,,Pitt,,Md-ES,,2,4,1,1,1,,,,,1,,1,Personal,8,Foul,,,,191,191,
1,17,15,Ben Emelogu misses a jump shot.,120764,,true,false,false,Ben,,Emelogu,,VaTech,,2,4,1,1,1,,,,,0,2,45,Jump Shot,4,Field Goal Missed,,,,54,54,
1,17,12,C.J. Barksdale makes a layup shot.,110226,,true,false,false,C.J.,,Barksdale,,VaTech,,4,4,1,1,0,,,,,2,2,40,Layup Shot,3,Field Goal Made,,,,54,54,
1,16,58,Louis Bell misses a 3-point jump shot.,98360,,true,false,false,Louis,,Bell,,Md-ES,,4,4,1,1,0,,,,,0,3,45,Jump Shot,4,Field Goal Missed,,,,191,191,
1,16,34,Ben Emelogu misses a 3-point jump shot.,120764,,true,false,false,Ben,,Emelogu,,VaTech,,4,4,1,1,1,,,,,0,3,45,Jump Shot,4,Field Goal Missed,,,,54,54,
1,16,29,Jarell Eddie makes a 3-point jump shot.,97464,,true,false,false,Jarell,,Eddie,,VaTech,,7,4,1,1,0,,,,,5,3,45,Jump Shot,3,Field Goal Made,,,,54,54,
1,16,03,Ishaq Pitt makes a layup shot.,110623,,true,false,false,Ishaq,,Pitt,,Md-ES,,7,6,1,1,1,,,,,3,2,40,Layup Shot,3,Field Goal Made,,,,191,191,
1,15,31,Personal foul committed by Mark Blackmon.,122030,,true,false,false,Mark,,Blackmon,,Md-ES,,7,6,2,1,1,,,,,3,,1,Personal,8,Foul,,,,191,191,
1,15,31,Official TV timeout.,,,false,false,false,,,,,,,7,6,2,1,0,,,,,0,,3,Official TV,11,Timeout,,,,54,54,
1,15,31,C.J. Barksdale makes free throw 1 of 2.,110226,,true,false,false,C.J.,,Barksdale,,VaTech,,8,6,2,1,0,,,,,3,1,11,Free Throw 1 of 2,1,Free Throw Made,,,,54,54,
1,15,31,C.J. Barksdale makes free throw 2 of 2.,110226,,true,false,false,C.J.,,Barksdale,,VaTech,,9,6,2,1,0,,,,,4,1,12,Free Throw 2 of 2,1,Free Throw Made,,,,54,54,
1,15,20,Mark Blackmon misses a 3-point jump shot.,122030,,true,false,false,Mark,,Blackmon,,Md-ES,,9,6,2,1,1,,,,,3,3,45,Jump Shot,4,Field Goal Missed,,,,191,191,
1,15,12,C.J. Barksdale makes a 3-point jump shot.,110226,,true,false,false,C.J.,,Barksdale,,VaTech,,12,6,2,1,0,,,,,7,3,45,Jump Shot,3,Field Goal Made,,,,54,54,
1,14,25,Will Johnston makes a 3-point jump shot.,114787,,true,false,false,Will,,Johnston,,VaTech,,15,6,2,1,0,,,,,3,3,45,Jump Shot,3,Field Goal Made,,,,54,54,
1,14,09,Pina Guillaume misses a 3-point jump shot.,89641,,true,false,false,Pina,,Guillaume,,Md-ES,,15,6,2,1,0,,,,,0,3,45,Jump Shot,4,Field Goal Missed,,,,191,191,
1,13,45,C.J. Barksdale misses a jump shot.,110226,,true,false,false,C.J.,,Barksdale,,VaTech,,15,6,2,1,0,,,,,7,2,45,Jump Shot,4,Field Goal Missed,,,,54,54,
1,13,37,Md-ES take a 20-second timeout.,,,false,false,false,,,,,,,15,6,2,1,0,,,,,0,,2,Short,11,Timeout,,,,191,191,
1,13,20,Kyree Jones makes a jump shot.,98414,,true,false,false,Kyree,,Jones,,Md-ES,,15,8,2,1,0,,,,,2,2,45,Jump Shot,3,Field Goal Made,,,,191,191,
1,13,12,Christian Beyer makes a jump shot.,110225,,true,false,false,Christian,,Beyer,,VaTech,,17,8,2,1,0,,,,,2,2,45,Jump Shot,3,Field Goal Made,,,,54,54,
1,12,34,Kyree Jones misses a 3-point jump shot.,98414,,true,false,false,Kyree,,Jones,,Md-ES,,17,8,2,1,0,,,,,2,3,45,Jump Shot,4,Field Goal Missed,,,,191,191,
1,11,59,Shooting foul committed by Pina Guillaume.,89641,,true,false,false,Pina,,Guillaume,,Md-ES,,17,8,3,1,1,,,,,0,,2,Shooting,8,Foul,,,,191,191,
1,11,59,Official TV timeout.,,,false,false,false,,,,,,,17,8,3,1,0,,,,,0,,3,Official TV,11,Timeout,,,,54,54,
1,11,59,Trevor Thompson makes free throw 1 of 2.,120766,,true,false,false,Trevor,,Thompson,,VaTech,,18,8,3,1,0,,,,,1,1,11,Free Throw 1 of 2,1,Free Throw Made,,,,54,54,
1,11,59,Trevor Thompson makes free throw 2 of 2.,120766,,true,false,false,Trevor,,Thompson,,VaTech,,19,8,3,1,0,,,,,2,1,12,Free Throw 2 of 2,1,Free Throw Made,,,,54,54,
1,11,51,Kyree Jones makes a layup shot.,98414,,true,false,false,Kyree,,Jones,,Md-ES,,19,10,3,1,0,,,,,4,2,40,Layup Shot,3,Field Goal Made,,,,191,191,
1,11,25,VaTech take a 20-second timeout.,,,false,false,false,,,,,,,19,10,3,1,0,,,,,0,,2,Short,11,Timeout,,,,54,54,
1,11,20,Jarell Eddie makes a 3-point jump shot.,97464,,true,false,false,Jarell,,Eddie,,VaTech,,22,10,3,1,0,,,,,8,3,45,Jump Shot,3,Field Goal Made,,,,54,54,
1,11,08,Kyree Jones misses a jump shot.,98414,,true,false,false,Kyree,,Jones,,Md-ES,,22,10,3,1,0,,,,,4,2,45,Jump Shot,4,Field Goal Missed,,,,191,191,
1,11,00,Shooting foul committed by Mark Blackmon.,122030,,true,false,false,Mark,,Blackmon,,Md-ES,,22,10,4,1,2,,,,,3,,2,Shooting,8,Foul,,,,191,191,
1,10,41,Marshall Wood makes a jump shot.,116704,,true,false,false,Marshall,,Wood,,VaTech,,24,10,4,1,0,,,,,2,2,45,Jump Shot,3,Field Goal Made,,,,54,54,
1,10,23,Shooting foul committed by Joey Van Zegeren.,110222,,true,false,false,Joey,,Van Zegeren,,VaTech,,24,10,4,2,1,,,,,0,,2,Shooting,8,Foul,,,,54,54,
1,10,20,Issac Smith III misses a jump shot.,98266,,true,false,false,Issac,,Smith III,,Md-ES,,24,10,4,2,0,,,,,0,2,45,Jump Shot,4,Field Goal Missed,,,,191,191,
1,9,55,Joey Van Zegeren misses a layup shot.,110222,,true,false,false,Joey,,Van Zegeren,,VaTech,,24,10,4,2,1,,,,,0,2,40,Layup Shot,4,Field Goal Missed,,,,54,54,
1,9,38,Troy Snyder misses a 3-point jump shot.,89147,,true,false,false,Troy,,Snyder,,Md-ES,,24,10,4,2,0,,,,,0,3,45,Jump Shot,4,Field Goal Missed,,,,191,191,
1,9,24,Ben Emelogu misses a 3-point jump shot.,120764,,true,false,false,Ben,,Emelogu,,VaTech,,24,10,4,2,1,,,,,0,3,45,Jump Shot,4,Field Goal Missed,,,,54,54,
1,9,08,Devon Walker misses a hook shot.,122031,,true,false,false,Devon,,Walker,,Md-ES,,24,10,4,2,0,,,,,0,2,55,Hook Shot,4,Field Goal Missed,,,,191,191,
1,8,53,Louis Bell makes a 3-point jump shot.,98360,,true,false,false,Louis,,Bell,,Md-ES,,24,13,4,2,0,,,,,3,3,45,Jump Shot,3,Field Goal Made,,,,191,191,
1,8,52,Shooting foul committed by Trevor Thompson.,120766,,true,false,false,Trevor,,Thompson,,VaTech,,24,13,4,3,1,,,,,2,,2,Shooting,8,Foul,,,,54,54,
1,8,47,Louis Bell misses free throw 1 of 1.,98360,,true,false,false,Louis,,Bell,,Md-ES,,24,13,4,3,0,,,,,3,1,10,Free Throw 1 of 1,2,Free Throw Missed,,,,191,191,
1,8,26,Devon Walker misses a 3-point jump shot.,122031,,true,false,false,Devon,,Walker,,Md-ES,,24,13,4,3,0,,,,,0,3,45,Jump Shot,4,Field Goal Missed,,,,191,191,
1,8,14,Personal foul committed by Devon Walker.,122031,,true,false,false,Devon,,Walker,,Md-ES,,24,13,5,3,1,,,,,0,,1,Personal,8,Foul,,,,191,191,
1,8,07,Jarell Eddie makes free throw 1 of 2.,97464,,true,false,false,Jarell,,Eddie,,VaTech,,25,13,5,3,0,,,,,9,1,11,Free Throw 1 of 2,1,Free Throw Made,,,,54,54,
1,8,07,Jarell Eddie makes free throw 2 of 2.,97464,,true,false,false,Jarell,,Eddie,,VaTech,,26,13,5,3,0,,,,,10,1,12,Free Throw 2 of 2,1,Free Throw Made,,,,54,54,
1,7,51,Personal foul committed by Will Johnston.,114787,,true,false,false,Will,,Johnston,,VaTech,,26,13,5,4,1,,,,,3,,1,Personal,8,Foul,,,,54,54,
1,7,51,Official TV timeout.,,,false,false,false,,,,,,,26,13,5,4,0,,,,,0,,3,Official TV,11,Timeout,,,,54,54,
1,7,42,Louis Bell makes a 3-point jump shot.,98360,,true,false,false,Louis,,Bell,,Md-ES,,26,16,5,4,0,,,,,6,3,45,Jump Shot,3,Field Goal Made,,,,191,191,
1,7,22,Joey Van Zegeren misses a hook shot.,110222,,true,false,false,Joey,,Van Zegeren,,VaTech,,26,16,5,4,1,,,,,0,2,55,Hook Shot,4,Field Goal Missed,,,,54,54,
1,7,22,Personal foul committed by Kyree Jones.,98414,,true,false,false,Kyree,,Jones,,Md-ES,,26,16,6,4,1,,,,,4,,1,Personal,8,Foul,,,,191,191,
1,7,20,C.J. Barksdale makes a layup shot.,110226,,true,false,false,C.J.,,Barksdale,,VaTech,,28,16,6,4,0,,,,,9,2,40,Layup Shot,3,Field Goal Made,,,,54,54,
1,6,49,Shooting foul committed by Christian Beyer.,110225,,true,false,false,Christian,,Beyer,,VaTech,,28,16,6,5,1,,,,,2,,2,Shooting,8,Foul,,,,54,54,
1,6,49,Kyree Jones makes free throw 1 of 2.,98414,,true,false,false,Kyree,,Jones,,Md-ES,,28,17,6,5,1,,,,,5,1,11,Free Throw 1 of 2,1,Free Throw Made,,,,191,191,
1,6,49,Kyree Jones makes free throw 2 of 2.,98414,,true,false,false,Kyree,,Jones,,Md-ES,,28,18,6,5,1,,,,,6,1,12,Free Throw 2 of 2,1,Free Throw Made,,,,191,191,
1,6,31,Personal foul committed by Pina Guillaume.,89641,,true,false,false,Pina,,Guillaume,,Md-ES,,28,18,7,5,2,,,,,0,,1,Personal,8,Foul,,,,191,191,
1,6,31,Joey Van Zegeren makes free throw 1st of 1-and-1.,110222,,true,false,false,Joey,,Van Zegeren,,VaTech,,29,18,7,5,1,,,,,1,1,8,Free Throw 1st of 1-and-1,1,Free Throw Made,,,,54,54,
1,6,31,Joey Van Zegeren misses free throw 2nd of 1-and-1.,110222,,true,false,false,Joey,,Van Zegeren,,VaTech,,29,18,7,5,1,,,,,1,1,9,Free Throw 2nd of 1-and-1,2,Free Throw Missed,,,,54,54,
1,6,27,Joey Van Zegeren makes a dunk shot.,110222,,true,false,false,Joey,,Van Zegeren,,VaTech,,31,18,7,5,1,,,,,3,2,48,Dunk Shot,3,Field Goal Made,,,,54,54,
1,5,59,Offensive foul committed by Troy Snyder.,89147,,true,false,false,Troy,,Snyder,,Md-ES,,31,18,8,5,1,,,,,0,,4,Offensive,8,Foul,,,,191,191,
1,5,54,Joey Van Zegeren misses a jump shot.,110222,,true,false,false,Joey,,Van Zegeren,,VaTech,,31,18,8,5,1,,,,,3,2,45,Jump Shot,4,Field Goal Missed,,,,54,54,
1,5,53,Personal foul committed by C.J. Barksdale.,110226,,true,false,false,C.J.,,Barksdale,,VaTech,,31,18,8,6,1,,,,,9,,1,Personal,8,Foul,,,,54,54,
1,5,35,Kyree Jones makes a jump shot.,98414,,true,false,false,Kyree,,Jones,,Md-ES,,31,20,8,6,1,,,,,8,2,45,Jump Shot,3,Field Goal Made,,,,191,191,
1,5,08,Christian Beyer makes a 3-point jump shot.,110225,,true,false,false,Christian,,Beyer,,VaTech,,34,20,8,6,1,,,,,5,3,45,Jump Shot,3,Field Goal Made,,,,54,54,
1,4,45,Louis Bell misses a jump shot.,98360,,true,false,false,Louis,,Bell,,Md-ES,,34,20,8,6,0,,,,,6,2,45,Jump Shot,4,Field Goal Missed,,,,191,191,
1,4,35,Shooting foul committed by Louis Bell.,98360,,true,false,false,Louis,,Bell,,Md-ES,,34,20,9,6,1,,,,,6,,2,Shooting,8,Foul,,,,191,191,
1,4,35,Devin Wilson makes free throw 1 of 2.,120763,,true,false,false,Devin,,Wilson,,VaTech,,35,20,9,6,0,,,,,1,1,11,Free Throw 1 of 2,1,Free Throw Made,,,,54,54,
1,4,35,Devin Wilson makes free throw 2 of 2.,120763,,true,false,false,Devin,,Wilson,,VaTech,,36,20,9,6,0,,,,,2,1,12,Free Throw 2 of 2,1,Free Throw Made,,,,54,54,
1,4,23,Shooting foul committed by Ben Emelogu.,120764,,true,false,false,Ben,,Emelogu,,VaTech,,36,20,9,7,2,,,,,0,,2,Shooting,8,Foul,,,,54,54,
1,4,20,Kyree Jones makes free throw 1 of 2.,98414,,true,false,false,Kyree,,Jones,,Md-ES,,36,21,9,7,1,,,,,9,1,11,Free Throw 1 of 2,1,Free Throw Made,,,,191,191,
1,4,20,Kyree Jones misses free throw 2 of 2.,98414,,true,false,false,Kyree,,Jones,,Md-ES,,36,21,9,7,1,,,,,9,1,12,Free Throw 2 of 2,2,Free Throw Missed,,,,191,191,
1,4,14,Shooting foul committed by Issac Smith III.,98266,,true,false,false,Issac,,Smith III,,Md-ES,,36,21,10,7,1,,,,,0,,2,Shooting,8,Foul,,,,191,191,
1,4,14,Devin Wilson makes free throw 1 of 2.,120763,,true,false,false,Devin,,Wilson,,VaTech,,37,21,10,7,0,,,,,3,1,11,Free Throw 1 of 2,1,Free Throw Made,,,,54,54,
1,4,14,Devin Wilson makes free throw 2 of 2.,120763,,true,false,false,Devin,,Wilson,,VaTech,,38,21,10,7,0,,,,,4,1,12,Free Throw 2 of 2,1,Free Throw Made,,,,54,54,
1,4,05,Kyree Jones misses a 3-point jump shot.,98414,,true,false,false,Kyree,,Jones,,Md-ES,,38,21,10,7,1,,,,,9,3,45,Jump Shot,4,Field Goal Missed,,,,191,191,
1,3,50,Devin Wilson misses a jump shot.,120763,,true,false,false,Devin,,Wilson,,VaTech,,38,21,10,7,0,,,,,4,2,45,Jump Shot,4,Field Goal Missed,,,,54,54,
1,3,39,Shane Randall makes a jump shot.,122032,,true,false,false,Shane,,Randall,,Md-ES,,38,23,10,7,0,,,,,2,2,45,Jump Shot,3,Field Goal Made,,,,191,191,
1,3,31,Will Johnston misses a 3-point jump shot.,114787,,true,false,false,Will,,Johnston,,VaTech,,38,23,10,7,1,,,,,3,3,45,Jump Shot,4,Field Goal Missed,,,,54,54,
1,3,18,Jarell Eddie misses a jump shot.,97464,,true,false,false,Jarell,,Eddie,,VaTech,,38,23,10,7,0,,,,,10,2,45,Jump Shot,4,Field Goal Missed,,,,54,54,
1,3,18,Louis Bell misses a 3-point jump shot.,98360,,true,false,false,Louis,,Bell,,Md-ES,,38,23,10,7,1,,,,,6,3,45,Jump Shot,4,Field Goal Missed,,,,191,191,
1,3,17,Official TV timeout.,,,false,false,false,,,,,,,38,23,10,7,0,,,,,0,,3,Official TV,11,Timeout,,,,54,54,
1,3,17,Troy Snyder misses free throw 1st of 1-and-1.,89147,,true,false,false,Troy,,Snyder,,Md-ES,,38,23,10,7,1,,,,,0,1,8,Free Throw 1st of 1-and-1,2,Free Throw Missed,,,,191,191,
1,2,39,Louis Bell misses a layup shot.,98360,,true,false,false,Louis,,Bell,,Md-ES,,38,23,10,7,1,,,,,6,2,40,Layup Shot,4,Field Goal Missed,,,,191,191,
1,2,36,Personal foul committed by Shane Randall.,122032,,true,false,false,Shane,,Randall,,Md-ES,,38,23,11,7,1,,,,,2,,1,Personal,8,Foul,,,,191,191,
1,2,34,Will Johnston misses free throw 1 of 2.,114787,,true,false,false,Will,,Johnston,,VaTech,,38,23,11,7,1,,,,,3,1,11,Free Throw 1 of 2,2,Free Throw Missed,,,,54,54,
1,2,34,Will Johnston makes free throw 2 of 2.,114787,,true,false,false,Will,,Johnston,,VaTech,,39,23,11,7,1,,,,,4,1,12,Free Throw 2 of 2,1,Free Throw Made,,,,54,54,
1,1,54,Jarell Eddie makes a 3-point jump shot.,97464,,true,false,false,Jarell,,Eddie,,VaTech,,42,23,11,7,0,,,,,13,3,45,Jump Shot,3,Field Goal Made,,,,54,54,
1,1,33,Will Johnston makes a dunk shot.,114787,,true,false,false,Will,,Johnston,,VaTech,,44,23,11,7,1,,,,,6,2,48,Dunk Shot,3,Field Goal Made,,,,54,54,
1,1,20,Md-ES take a 20-second timeout.,,,false,false,false,,,,,,,44,23,11,7,0,,,,,0,,2,Short,11,Timeout,,,,191,191,
1,1,08,Louis Bell misses a jump shot.,98360,,true,false,false,Louis,,Bell,,Md-ES,,44,23,11,7,1,,,,,6,2,45,Jump Shot,4,Field Goal Missed,,,,191,191,
1,1,01,Devin Wilson makes a layup shot.,120763,,true,false,false,Devin,,Wilson,,VaTech,,46,23,11,7,0,,,,,6,2,40,Layup Shot,3,Field Goal Made,,,,54,54,
1,0,36.3,Issac Smith III misses a 3-point jump shot.,98266,,true,false,false,Issac,,Smith III,,Md-ES,,46,23,11,7,1,,,,,0,3,45,Jump Shot,4,Field Goal Missed,,,,191,191,
1,0,04.5,Will Johnston misses a 3-point jump shot.,114787,,true,false,false,Will,,Johnston,,VaTech,,46,23,11,7,1,,,,,6,3,45,Jump Shot,4,Field Goal Missed,,,,54,54,
1,0,00,End of the 1st Half,,,false,false,false,,,,,,,46,23,11,7,0,,,,,0,,,,15,End Period,,,,54,54,
2,20,00,Start of the 2nd Half,,,false,false,false,,,,,,,46,23,0,0,0,,,,,0,,,,14,Start Period,,,,54,54,
2,19,46,Marshall Wood makes a jump shot.,116704,,true,false,false,Marshall,,Wood,,VaTech,,48,23,0,0,0,,,,,4,2,45,Jump Shot,3,Field Goal Made,,,,54,54,
2,19,19,Kyree Jones misses a 3-point jump shot.,98414,,true,false,false,Kyree,,Jones,,Md-ES,,48,23,0,0,1,,,,,9,3,45,Jump Shot,4,Field Goal Missed,,,,191,191,
2,19,10,Mark Blackmon misses a layup shot.,122030,,true,false,false,Mark,,Blackmon,,Md-ES,,48,23,0,0,2,,,,,3,2,40,Layup Shot,4,Field Goal Missed,,,,191,191,
2,19,03,Devin Wilson misses a layup shot.,120763,,true,false,false,Devin,,Wilson,,VaTech,,48,23,0,0,0,,,,,6,2,40,Layup Shot,4,Field Goal Missed,,,,54,54,
2,18,57,Louis Bell makes a layup shot.,98360,,true,false,false,Louis,,Bell,,Md-ES,,48,25,0,0,1,,,,,8,2,40,Layup Shot,3,Field Goal Made,,,,191,191,
2,18,34,Marshall Wood misses a jump shot.,116704,,true,false,false,Marshall,,Wood,,VaTech,,48,25,0,0,0,,,,,4,2,45,Jump Shot,4,Field Goal Missed,,,,54,54,
2,18,30,Personal foul committed by Joey Van Zegeren.,110222,,true,false,false,Joey,,Van Zegeren,,VaTech,,48,25,0,1,2,,,,,3,,1,Personal,8,Foul,,,,54,54,
2,18,15,Personal foul committed by Joey Van Zegeren.,110222,,true,false,false,Joey,,Van Zegeren,,VaTech,,48,25,0,2,3,,,,,3,,1,Personal,8,Foul,,,,54,54,
2,18,10,Personal foul committed by Marshall Wood.,116704,,true,false,false,Marshall,,Wood,,VaTech,,48,25,0,3,1,,,,,4,,1,Personal,8,Foul,,,,54,54,
2,18,05,Ishaq Pitt misses free throw 1 of 2.,110623,,true,false,false,Ishaq,,Pitt,,Md-ES,,48,25,0,3,1,,,,,3,1,11,Free Throw 1 of 2,2,Free Throw Missed,,,,191,191,
2,18,05,Ishaq Pitt makes free throw 2 of 2.,110623,,true,false,false,Ishaq,,Pitt,,Md-ES,,48,26,0,3,1,,,,,4,1,12,Free Throw 2 of 2,1,Free Throw Made,,,,191,191,
2,17,58,Devin Wilson makes a jump shot.,120763,,true,false,false,Devin,,Wilson,,VaTech,,50,26,0,3,0,,,,,8,2,45,Jump Shot,3,Field Goal Made,,,,54,54,
2,17,40,Shooting foul committed by Trevor Thompson.,120766,,true,false,false,Trevor,,Thompson,,VaTech,,50,26,0,4,2,,,,,2,,2,Shooting,8,Foul,,,,54,54,
2,17,40,Troy Snyder misses free throw 1 of 2.,89147,,true,false,false,Troy,,Snyder,,Md-ES,,50,26,0,4,1,,,,,0,1,11,Free Throw 1 of 2,2,Free Throw Missed,,,,191,191,
2,17,40,Troy Snyder misses free throw 2 of 2.,89147,,true,false,false,Troy,,Snyder,,Md-ES,,50,26,0,4,1,,,,,0,1,12,Free Throw 2 of 2,2,Free Throw Missed,,,,191,191,
2,17,21,Ben Emelogu misses a jump shot.,120764,,true,false,false,Ben,,Emelogu,,VaTech,,50,26,0,4,2,,,,,0,2,45,Jump Shot,4,Field Goal Missed,,,,54,54,
2,17,07,Shooting foul committed by Ben Emelogu.,120764,,true,false,false,Ben,,Emelogu,,VaTech,,50,26,0,5,3,,,,,0,,2,Shooting,8,Foul,,,,54,54,
2,17,07,Kyree Jones makes free throw 1 of 2.,98414,,true,false,false,Kyree,,Jones,,Md-ES,,50,27,0,5,1,,,,,10,1,11,Free Throw 1 of 2,1,Free Throw Made,,,,191,191,
2,17,07,Kyree Jones makes free throw 2 of 2.,98414,,true,false,false,Kyree,,Jones,,Md-ES,,50,28,0,5,1,,,,,11,1,12,Free Throw 2 of 2,1,Free Throw Made,,,,191,191,
2,16,50,C.J. Barksdale misses a jump shot.,110226,,true,false,false,C.J.,,Barksdale,,VaTech,,50,28,0,5,1,,,,,9,2,45,Jump Shot,4,Field Goal Missed,,,,54,54,
2,16,48,Personal foul committed by Troy Snyder.,89147,,true,false,false,Troy,,Snyder,,Md-ES,,50,28,1,5,2,,,,,0,,1,Personal,8,Foul,,,,191,191,
2,16,47,Jarell Eddie misses a jump shot.,97464,,true,false,false,Jarell,,Eddie,,VaTech,,50,28,1,5,0,,,,,13,2,45,Jump Shot,4,Field Goal Missed,,,,54,54,
2,16,38,Kyree Jones misses a layup shot.,98414,,true,false,false,Kyree,,Jones,,Md-ES,,50,28,1,5,1,,,,,11,2,40,Layup Shot,4,Field Goal Missed,,,,191,191,
2,16,29,Trevor Thompson misses a 3-point jump shot.,120766,,true,false,false,Trevor,,Thompson,,VaTech,,50,28,1,5,2,,,,,2,3,45,Jump Shot,4,Field Goal Missed,,,,54,54,
2,16,29,Shooting foul committed by Ishaq Pitt.,110623,,true,false,false,Ishaq,,Pitt,,Md-ES,,50,28,2,5,2,,,,,4,,2,Shooting,8,Foul,,,,191,191,
2,16,29,Trevor Thompson makes free throw 1 of 2.,120766,,true,false,false,Trevor,,Thompson,,VaTech,,51,28,2,5,2,,,,,3,1,11,Free Throw 1 of 2,1,Free Throw Made,,,,54,54,
2,16,29,Trevor Thompson makes free throw 2 of 2.,120766,,true,false,false,Trevor,,Thompson,,VaTech,,52,28,2,5,2,,,,,4,1,12,Free Throw 2 of 2,1,Free Throw Made,,,,54,54,
2,16,10,Shooting foul committed by Trevor Thompson.,120766,,true,false,false,Trevor,,Thompson,,VaTech,,52,28,2,6,3,,,,,4,,2,Shooting,8,Foul,,,,54,54,
2,16,10,Issac Smith III makes free throw 1 of 2.,98266,,true,false,false,Issac,,Smith III,,Md-ES,,52,29,2,6,1,,,,,1,1,11,Free Throw 1 of 2,1,Free Throw Made,,,,191,191,
2,16,10,Issac Smith III makes free throw 2 of 2.,98266,,true,false,false,Issac,,Smith III,,Md-ES,,52,30,2,6,1,,,,,2,1,12,Free Throw 2 of 2,1,Free Throw Made,,,,191,191,
2,15,44,Personal foul committed by Pina Guillaume.,89641,,true,false,false,Pina,,Guillaume,,Md-ES,,52,30,3,6,3,,,,,0,,1,Personal,8,Foul,,,,191,191,
2,15,44,Official TV timeout.,,,false,false,false,,,,,,,52,30,3,6,0,,,,,0,,3,Official TV,11,Timeout,,,,54,54,
2,15,34,Personal foul committed by Pina Guillaume.,89641,,true,false,false,Pina,,Guillaume,,Md-ES,,52,30,4,6,4,,,,,0,,1,Personal,8,Foul,,,,191,191,
2,15,29,Cadarian Raines makes a layup shot.,88631,,true,false,false,Cadarian,,Raines,,VaTech,,54,30,4,6,0,,,,,2,2,40,Layup Shot,3,Field Goal Made,,,,54,54,
2,15,15,Issac Smith III misses a jump shot.,98266,,true,false,false,Issac,,Smith III,,Md-ES,,54,30,4,6,1,,,,,2,2,45,Jump Shot,4,Field Goal Missed,,,,191,191,
2,14,53,Shooting foul committed by Shane Randall.,122032,,true,false,false,Shane,,Randall,,Md-ES,,54,30,5,6,2,,,,,2,,2,Shooting,8,Foul,,,,191,191,
2,14,40,Ben Emelogu makes a layup shot.,120764,,true,false,false,Ben,,Emelogu,,VaTech,,56,30,5,6,3,,,,,2,2,40,Layup Shot,3,Field Goal Made,,,,54,54,
2,14,27,Mark Blackmon makes a layup shot.,122030,,true,false,false,Mark,,Blackmon,,Md-ES,,56,32,5,6,2,,,,,5,2,40,Layup Shot,3,Field Goal Made,,,,191,191,
2,14,12,Ben Emelogu misses a 3-point jump shot.,120764,,true,false,false,Ben,,Emelogu,,VaTech,,56,32,5,6,3,,,,,2,3,45,Jump Shot,4,Field Goal Missed,,,,54,54,
2,14,10,Personal foul committed by Kyree Jones.,98414,,true,false,false,Kyree,,Jones,,Md-ES,,56,32,6,6,2,,,,,11,,1,Personal,8,Foul,,,,191,191,
2,13,53,Marshall Wood makes a jump shot.,116704,,true,false,false,Marshall,,Wood,,VaTech,,58,32,6,6,1,,,,,6,2,45,Jump Shot,3,Field Goal Made,,,,54,54,
2,13,36,Shooting foul committed by Ben Emelogu.,120764,,true,false,false,Ben,,Emelogu,,VaTech,,58,32,6,7,4,,,,,2,,2,Shooting,8,Foul,,,,54,54,
2,13,36,Shane Randall misses free throw 1 of 2.,122032,,true,false,false,Shane,,Randall,,Md-ES,,58,32,6,7,2,,,,,2,1,11,Free Throw 1 of 2,2,Free Throw Missed,,,,191,191,
2,13,36,Shane Randall makes free throw 2 of 2.,122032,,true,false,false,Shane,,Randall,,Md-ES,,58,33,6,7,2,,,,,3,1,12,Free Throw 2 of 2,1,Free Throw Made,,,,191,191,
2,13,07,Marshall Wood misses a jump shot.,116704,,true,false,false,Marshall,,Wood,,VaTech,,58,33,6,7,1,,,,,6,2,45,Jump Shot,4,Field Goal Missed,,,,54,54,
2,12,51,Kyree Jones misses a 3-point jump shot.,98414,,true,false,false,Kyree,,Jones,,Md-ES,,58,33,6,7,2,,,,,11,3,45,Jump Shot,4,Field Goal Missed,,,,191,191,
2,12,36,Personal foul committed by Devin Wilson.,120763,,true,false,false,Devin,,Wilson,,VaTech,,58,33,6,8,1,,,,,8,,1,Personal,8,Foul,,,,54,54,
2,12,36,Issac Smith III makes free throw 1st of 1-and-1.,98266,,true,false,false,Issac,,Smith III,,Md-ES,,58,34,6,8,1,,,,,3,1,8,Free Throw 1st of 1-and-1,1,Free Throw Made,,,,191,191,
2,12,36,Issac Smith III makes free throw 2nd of 1-and-1.,98266,,true,false,false,Issac,,Smith III,,Md-ES,,58,35,6,8,1,,,,,4,1,9,Free Throw 2nd of 1-and-1,1,Free Throw Made,,,,191,191,
2,12,31,VaTech take a full timeout.,,,false,false,false,,,,,,,58,35,6,8,0,,,,,0,,1,Regular,11,Timeout,,,,54,54,
2,12,20,Jarell Eddie misses a jump shot.,97464,,true,false,false,Jarell,,Eddie,,VaTech,,58,35,6,8,0,,,,,13,2,45,Jump Shot,4,Field Goal Missed,,,,54,54,
2,12,08,Issac Smith III misses a 3-point jump shot.,98266,,true,false,false,Issac,,Smith III,,Md-ES,,58,35,6,8,1,,,,,4,3,45,Jump Shot,4,Field Goal Missed,,,,191,191,
2,11,59,Shooting foul committed by Shane Randall.,122032,,true,false,false,Shane,,Randall,,Md-ES,,58,35,7,8,3,,,,,3,,2,Shooting,8,Foul,,,,191,191,
2,11,59,Official TV timeout.,,,false,false,false,,,,,,,58,35,7,8,0,,,,,0,,3,Official TV,11,Timeout,,,,54,54,
2,11,59,Cadarian Raines makes free throw 1 of 2.,88631,,true,false,false,Cadarian,,Raines,,VaTech,,59,35,7,8,0,,,,,3,1,11,Free Throw 1 of 2,1,Free Throw Made,,,,54,54,
2,11,59,Cadarian Raines misses free throw 2 of 2.,88631,,true,false,false,Cadarian,,Raines,,VaTech,,59,35,7,8,0,,,,,3,1,12,Free Throw 2 of 2,2,Free Throw Missed,,,,54,54,
2,11,55,Jarell Eddie misses a 3-point jump shot.,97464,,true,false,false,Jarell,,Eddie,,VaTech,,59,35,7,8,0,,,,,13,3,45,Jump Shot,4,Field Goal Missed,,,,54,54,
2,11,39,Louis Bell misses a 3-point jump shot.,98360,,true,false,false,Louis,,Bell,,Md-ES,,59,35,7,8,1,,,,,8,3,45,Jump Shot,4,Field Goal Missed,,,,191,191,
2,11,32,Shooting foul committed by Jarell Eddie.,97464,,true,false,false,Jarell,,Eddie,,VaTech,,59,35,7,9,1,,,,,13,,2,Shooting,8,Foul,,,,54,54,
2,11,32,Kyree Jones makes free throw 1 of 2.,98414,,true,false,false,Kyree,,Jones,,Md-ES,,59,36,7,9,2,,,,,12,1,11,Free Throw 1 of 2,1,Free Throw Made,,,,191,191,
2,11,32,Kyree Jones makes free throw 2 of 2.,98414,,true,false,false,Kyree,,Jones,,Md-ES,,59,37,7,9,2,,,,,13,1,12,Free Throw 2 of 2,1,Free Throw Made,,,,191,191,
2,11,21,Devin Wilson makes a 3-point jump shot.,120763,,true,false,false,Devin,,Wilson,,VaTech,,62,37,7,9,1,,,,,11,3,45,Jump Shot,3,Field Goal Made,,,,54,54,
2,10,55,Shane Randall misses a jump shot.,122032,,true,false,false,Shane,,Randall,,Md-ES,,62,37,7,9,3,,,,,3,2,45,Jump Shot,4,Field Goal Missed,,,,191,191,
2,10,41,Personal foul committed by Pina Guillaume.,89641,,true,false,false,Pina,,Guillaume,,Md-ES,,62,37,8,9,5,,,,,0,,1,Personal,8,Foul,,,,191,191,
2,10,41,Marshall Wood misses free throw 1 of 2.,116704,,true,false,false,Marshall,,Wood,,VaTech,,62,37,8,9,1,,,,,6,1,11,Free Throw 1 of 2,2,Free Throw Missed,,,,54,54,
2,10,41,Marshall Wood makes free throw 2 of 2.,116704,,true,false,false,Marshall,,Wood,,VaTech,,63,37,8,9,1,,,,,7,1,12,Free Throw 2 of 2,1,Free Throw Made,,,,54,54,
2,10,36,Kyree Jones makes a layup shot.,98414,,true,false,false,Kyree,,Jones,,Md-ES,,63,39,8,9,2,,,,,15,2,40,Layup Shot,3,Field Goal Made,,,,191,191,
2,10,04,Cadarian Raines makes a dunk shot.,88631,,true,false,false,Cadarian,,Raines,,VaTech,,65,39,8,9,0,,,,,5,2,48,Dunk Shot,3,Field Goal Made,,,,54,54,
2,9,51,Mark Blackmon misses a layup shot.,122030,,true,false,false,Mark,,Blackmon,,Md-ES,,65,39,8,9,2,,,,,5,2,40,Layup Shot,4,Field Goal Missed,,,,191,191,
2,9,48,Shooting foul committed by Marshall Wood.,116704,,true,false,false,Marshall,,Wood,,VaTech,,65,39,8,10,2,,,,,7,,2,Shooting,8,Foul,,,,54,54,
2,9,42,Troy Snyder misses free throw 1 of 2.,89147,,true,false,false,Troy,,Snyder,,Md-ES,,65,39,8,10,2,,,,,0,1,11,Free Throw 1 of 2,2,Free Throw Missed,,,,191,191,
2,9,42,Troy Snyder makes free throw 2 of 2.,89147,,true,false,false,Troy,,Snyder,,Md-ES,,65,40,8,10,2,,,,,1,1,12,Free Throw 2 of 2,1,Free Throw Made,,,,191,191,
2,9,23,Marshall Wood misses a 3-point jump shot.,116704,,true,false,false,Marshall,,Wood,,VaTech,,65,40,8,10,2,,,,,7,3,45,Jump Shot,4,Field Goal Missed,,,,54,54,
2,9,04,Kyree Jones misses a 3-point jump shot.,98414,,true,false,false,Kyree,,Jones,,Md-ES,,65,40,8,10,2,,,,,15,3,45,Jump Shot,4,Field Goal Missed,,,,191,191,
2,8,51,Shooting foul committed by Shane Randall.,122032,,true,false,false,Shane,,Randall,,Md-ES,,65,40,9,10,4,,,,,3,,2,Shooting,8,Foul,,,,191,191,
2,8,51,Devin Wilson makes free throw 1 of 2.,120763,,true,false,false,Devin,,Wilson,,VaTech,,66,40,9,10,1,,,,,12,1,11,Free Throw 1 of 2,1,Free Throw Made,,,,54,54,
2,8,51,Devin Wilson makes free throw 2 of 2.,120763,,true,false,false,Devin,,Wilson,,VaTech,,67,40,9,10,1,,,,,13,1,12,Free Throw 2 of 2,1,Free Throw Made,,,,54,54,
2,8,19,Troy Snyder makes a layup shot.,89147,,true,false,false,Troy,,Snyder,,Md-ES,,67,42,9,10,2,,,,,3,2,40,Layup Shot,3,Field Goal Made,,,,191,191,
2,8,19,Shooting foul committed by Trevor Thompson.,120766,,true,false,false,Trevor,,Thompson,,VaTech,,67,42,9,11,4,,,,,4,,2,Shooting,8,Foul,,,,54,54,
2,8,19,Troy Snyder makes free throw 1 of 1.,89147,,true,false,false,Troy,,Snyder,,Md-ES,,67,43,9,11,2,,,,,4,1,10,Free Throw 1 of 1,1,Free Throw Made,,,,191,191,
2,8,03,C.J. Barksdale misses a hook shot.,110226,,true,false,false,C.J.,,Barksdale,,VaTech,,67,43,9,11,1,,,,,9,2,55,Hook Shot,4,Field Goal Missed,,,,54,54,
2,7,50,Mark Blackmon misses a jump shot.,122030,,true,false,false,Mark,,Blackmon,,Md-ES,,67,43,9,11,2,,,,,5,2,45,Jump Shot,4,Field Goal Missed,,,,191,191,
2,7,23,Will Johnston makes a 3-point jump shot.,114787,,true,false,false,Will,,Johnston,,VaTech,,70,43,9,11,1,,,,,9,3,45,Jump Shot,3,Field Goal Made,,,,54,54,
2,7,12,Md-ES take a 20-second timeout.,,,false,false,false,,,,,,,70,43,9,11,0,,,,,0,,2,Short,11,Timeout,,,,191,191,
2,7,00,Louis Bell makes a 3-point jump shot.,98360,,true,false,false,Louis,,Bell,,Md-ES,,70,46,9,11,1,,,,,11,3,45,Jump Shot,3,Field Goal Made,,,,191,191,
2,6,39,Troy Snyder makes a dunk shot.,89147,,true,false,false,Troy,,Snyder,,Md-ES,,70,48,9,11,2,,,,,6,2,48,Dunk Shot,3,Field Goal Made,,,,191,191,
2,6,08,Jarell Eddie misses a 3-point jump shot.,97464,,true,false,false,Jarell,,Eddie,,VaTech,,70,48,9,11,1,,,,,13,3,45,Jump Shot,4,Field Goal Missed,,,,54,54,
2,6,01,Trevor Thompson misses a layup shot.,120766,,true,false,false,Trevor,,Thompson,,VaTech,,70,48,9,11,4,,,,,4,2,40,Layup Shot,4,Field Goal Missed,,,,54,54,
2,5,54,Troy Snyder makes a jump shot.,89147,,true,false,false,Troy,,Snyder,,Md-ES,,70,50,9,11,2,,,,,8,2,45,Jump Shot,3,Field Goal Made,,,,191,191,
2,5,46,VaTech take a 20-second timeout.,,,false,false,false,,,,,,,70,50,9,11,0,,,,,0,,2,Short,11,Timeout,,,,54,54,
2,5,21,Joey Van Zegeren misses a layup shot.,110222,,true,false,false,Joey,,Van Zegeren,,VaTech,,70,50,9,11,3,,,,,3,2,40,Layup Shot,4,Field Goal Missed,,,,54,54,
2,5,16,Official TV timeout.,,,false,false,false,,,,,,,70,50,9,11,0,,,,,0,,3,Official TV,11,Timeout,,,,54,54,
2,5,13,Marshall Wood misses a 3-point jump shot.,116704,,true,false,false,Marshall,,Wood,,VaTech,,70,50,9,11,2,,,,,7,3,45,Jump Shot,4,Field Goal Missed,,,,54,54,
2,5,08,Troy Snyder makes a layup shot.,89147,,true,false,false,Troy,,Snyder,,Md-ES,,70,52,9,11,2,,,,,10,2,40,Layup Shot,3,Field Goal Made,,,,191,191,
2,4,41,Shooting foul committed by Travis Trim.,119565,,true,false,false,Travis,,Trim,,Md-ES,,70,52,10,11,1,,,,,0,,2,Shooting,8,Foul,,,,191,191,
2,4,41,Devin Wilson misses free throw 1 of 2.,120763,,true,false,false,Devin,,Wilson,,VaTech,,70,52,10,11,1,,,,,13,1,11,Free Throw 1 of 2,2,Free Throw Missed,,,,54,54,
2,4,41,Devin Wilson makes free throw 2 of 2.,120763,,true,false,false,Devin,,Wilson,,VaTech,,71,52,10,11,1,,,,,14,1,12,Free Throw 2 of 2,1,Free Throw Made,,,,54,54,
2,4,32,Shooting foul committed by Marshall Wood.,116704,,true,false,false,Marshall,,Wood,,VaTech,,71,52,10,12,3,,,,,7,,2,Shooting,8,Foul,,,,54,54,
2,4,32,Issac Smith III makes free throw 1 of 2.,98266,,true,false,false,Issac,,Smith III,,Md-ES,,71,53,10,12,1,,,,,5,1,11,Free Throw 1 of 2,1,Free Throw Made,,,,191,191,
2,4,32,Issac Smith III misses free throw 2 of 2.,98266,,true,false,false,Issac,,Smith III,,Md-ES,,71,53,10,12,1,,,,,5,1,12,Free Throw 2 of 2,2,Free Throw Missed,,,,191,191,
2,4,30,Shooting foul committed by Joey Van Zegeren.,110222,,true,false,false,Joey,,Van Zegeren,,VaTech,,71,53,10,13,4,,,,,3,,2,Shooting,8,Foul,,,,54,54,
2,4,30,Troy Snyder misses free throw 1 of 2.,89147,,true,false,false,Troy,,Snyder,,Md-ES,,71,53,10,13,2,,,,,10,1,11,Free Throw 1 of 2,2,Free Throw Missed,,,,191,191,
2,4,30,Troy Snyder makes free throw 2 of 2.,89147,,true,false,false,Troy,,Snyder,,Md-ES,,71,54,10,13,2,,,,,11,1,12,Free Throw 2 of 2,1,Free Throw Made,,,,191,191,
2,4,25,Jarell Eddie makes a layup shot.,97464,,true,false,false,Jarell,,Eddie,,VaTech,,73,54,10,13,1,,,,,15,2,40,Layup Shot,3,Field Goal Made,,,,54,54,
2,4,03,Louis Bell misses a 3-point jump shot.,98360,,true,false,false,Louis,,Bell,,Md-ES,,73,54,10,13,1,,,,,11,3,45,Jump Shot,4,Field Goal Missed,,,,191,191,
2,3,57,Troy Snyder makes a jump shot.,89147,,true,false,false,Troy,,Snyder,,Md-ES,,73,56,10,13,2,,,,,13,2,45,Jump Shot,3,Field Goal Made,,,,191,191,
2,3,55,Md-ES take a 20-second timeout.,,,false,false,false,,,,,,,73,56,10,13,0,,,,,0,,2,Short,11,Timeout,,,,191,191,
2,3,46,Devin Wilson makes a layup shot.,120763,,true,false,false,Devin,,Wilson,,VaTech,,75,56,10,13,1,,,,,16,2,40,Layup Shot,3,Field Goal Made,,,,54,54,
2,3,26,Louis Bell misses a 3-point jump shot.,98360,,true,false,false,Louis,,Bell,,Md-ES,,75,56,10,13,1,,,,,11,3,45,Jump Shot,4,Field Goal Missed,,,,191,191,
2,3,15,Issac Smith III misses a layup shot.,98266,,true,false,false,Issac,,Smith III,,Md-ES,,75,56,10,13,1,,,,,5,2,40,Layup Shot,4,Field Goal Missed,,,,191,191,
2,3,11,Official TV timeout.,,,false,false,false,,,,,,,75,56,10,13,0,,,,,0,,3,Official TV,11,Timeout,,,,54,54,
2,2,52,Devin Wilson misses a layup shot.,120763,,true,false,false,Devin,,Wilson,,VaTech,,75,56,10,13,1,,,,,16,2,40,Layup Shot,4,Field Goal Missed,,,,54,54,
2,2,20,Issac Smith III makes a layup shot.,98266,,true,false,false,Issac,,Smith III,,Md-ES,,75,58,10,13,1,,,,,7,2,40,Layup Shot,3,Field Goal Made,,,,191,191,
2,1,42,Shooting foul committed by Shane Randall.,122032,,true,false,false,Shane,,Randall,,Md-ES,,75,58,11,13,5,,,,,3,,2,Shooting,8,Foul,,,,191,191,
2,1,42,Jarell Eddie makes free throw 1 of 2.,97464,,true,false,false,Jarell,,Eddie,,VaTech,,76,58,11,13,1,,,,,16,1,11,Free Throw 1 of 2,1,Free Throw Made,,,,54,54,
2,1,42,Jarell Eddie makes free throw 2 of 2.,97464,,true,false,false,Jarell,,Eddie,,VaTech,,77,58,11,13,1,,,,,17,1,12,Free Throw 2 of 2,1,Free Throw Made,,,,54,54,
2,1,29,Issac Smith III misses a 3-point jump shot.,98266,,true,false,false,Issac,,Smith III,,Md-ES,,77,58,11,13,1,,,,,7,3,45,Jump Shot,4,Field Goal Missed,,,,191,191,
2,1,00,Shooting foul committed by Devin Wilson.,120763,,true,false,false,Devin,,Wilson,,VaTech,,77,58,11,14,2,,,,,16,,2,Shooting,8,Foul,,,,54,54,
2,1,00,Louis Bell makes free throw 1 of 2.,98360,,true,false,false,Louis,,Bell,,Md-ES,,77,59,11,14,1,,,,,12,1,11,Free Throw 1 of 2,1,Free Throw Made,,,,191,191,
2,1,00,Louis Bell misses free throw 2 of 2.,98360,,true,false,false,Louis,,Bell,,Md-ES,,77,59,11,14,1,,,,,12,1,12,Free Throw 2 of 2,2,Free Throw Missed,,,,191,191,
2,0,59.5,Louis Bell makes a layup shot.,98360,,true,false,false,Louis,,Bell,,Md-ES,,77,61,11,14,1,,,,,14,2,40,Layup Shot,3,Field Goal Made,,,,191,191,
2,0,53.9,Trevor Thompson makes a dunk shot.,120766,,true,false,false,Trevor,,Thompson,,VaTech,,79,61,11,14,4,,,,,6,2,48,Dunk Shot,3,Field Goal Made,,,,54,54,
2,0,47.7,Louis Bell misses a 3-point jump shot.,98360,,true,false,false,Louis,,Bell,,Md-ES,,79,61,11,14,1,,,,,14,3,45,Jump Shot,4,Field Goal Missed,,,,191,191,
2,0,47.7,Personal foul committed by Ishaq Pitt.,110623,,true,false,false,Ishaq,,Pitt,,Md-ES,,79,61,12,14,3,,,,,4,,1,Personal,8,Foul,,,,191,191,
2,0,47.7,Greg Donlon misses free throw 1 of 2.,120253,,true,false,false,Greg,,Donlon,,VaTech,,79,61,12,14,0,,,,,0,1,11,Free Throw 1 of 2,2,Free Throw Missed,,,,54,54,
2,0,47.7,Greg Donlon makes free throw 2 of 2.,120253,,true,false,false,Greg,,Donlon,,VaTech,,80,61,12,14,0,,,,,1,1,12,Free Throw 2 of 2,1,Free Throw Made,,,,54,54,
2,0,38.4,Issac Smith III makes a 3-point jump shot.,98266,,true,false,false,Issac,,Smith III,,Md-ES,,80,64,12,14,1,,,,,10,3,45,Jump Shot,3,Field Goal Made,,,,191,191,
2,0,23.0,Trevor Thompson makes a layup shot.,120766,,true,false,false,Trevor,,Thompson,,VaTech,,82,64,12,14,4,,,,,8,2,40,Layup Shot,3,Field Goal Made,,,,54,54,
2,0,11.9,Shooting foul committed by Greg Donlon.,120253,,true,false,false,Greg,,Donlon,,VaTech,,82,64,12,15,1,,,,,1,,2,Shooting,8,Foul,,,,54,54,
2,0,11.9,Troy Snyder makes free throw 1 of 2.,89147,,true,false,false,Troy,,Snyder,,Md-ES,,82,65,12,15,2,,,,,14,1,11,Free Throw 1 of 2,1,Free Throw Made,,,,191,191,
2,0,11.9,Troy Snyder makes free throw 2 of 2.,89147,,true,false,false,Troy,,Snyder,,Md-ES,,82,66,12,15,2,,,,,15,1,12,Free Throw 2 of 2,1,Free Throw Made,,,,191,191,
2,0,00,End of the 2nd Half,,,false,false,false,,,,,,,82,66,12,15,0,,,,,0,,,,15,End Period,,,,54,54,
2,0,00,End of the Game,,,false,false,false,,,,,,,82,66,12,15,0,,,,,0,,,,19,Game Over,,,,54,54,
