half,time-minutes,time-seconds,details,player1-id,player2-id,player1-linkable,player2-linkable,player3-linkable,player-first-name-1,player-first-name-2,player-last-name-1,player-last-name-2,player-team-alias-1,player-team-alias-2,home-score,visitor-score,visitor-fouls,home-fouls,player-fouls,fastbreak,in-paint,second-chance,off-turnover,player-score,points-type,detail-id,detail-desc,event-id,event-desc,distance,x-coord,y-coord,team-id-1,team-id-2,team-id-3
1,20,00,Start of the 1st Half,,,false,false,false,,,,,,,0,0,0,0,0,,,,,0,,,,14,Start Period,,,,46,46,
1,19,47,Carl Baptiste makes a jump shot.,88652,,true,false,false,Carl,,Baptiste,,Del,,0,2,0,0,0,,,,,2,2,45,Jump Shot,3,Field Goal Made,,,,105,105,
1,19,19,Garrick Sherman makes a layup shot.,88941,,true,false,false,Garrick,,Sherman,,ND,,2,2,0,0,0,,,,,2,2,40,Layup Shot,3,Field Goal Made,,,,46,46,
1,19,04,Kyle Anderson misses a 3-point jump shot.,110740,,true,false,false,Kyle,,Anderson,,Del,,2,2,0,0,0,,,,,0,3,45,Jump Shot,4,Field Goal Missed,,,,105,105,
1,18,54,Garrick Sherman makes a jump shot.,88941,,true,false,false,Garrick,,Sherman,,ND,,4,2,0,0,0,,,,,4,2,45,Jump Shot,3,Field Goal Made,,,,46,46,
1,18,42,Jarvis Threatt misses a jump shot.,110739,,true,false,false,Jarvis,,Threatt,,Del,,4,2,0,0,0,,,,,0,2,45,Jump Shot,4,Field Goal Missed,,,,105,105,
1,18,28,Pat Connaughton makes a layup shot.,109491,,true,false,false,Pat,,Connaughton,,ND,,6,2,0,0,0,,,,,2,2,40,Layup Shot,3,Field Goal Made,,,,46,46,
1,18,01,Carl Baptiste misses a jump shot.,88652,,true,false,false,Carl,,Baptiste,,Del,,6,2,0,0,0,,,,,2,2,45,Jump Shot,4,Field Goal Missed,,,,105,105,
1,17,40,Pat Connaughton misses a layup shot.,109491,,true,false,false,Pat,,Connaughton,,ND,,6,2,0,0,0,,,,,2,2,40,Layup Shot,4,Field Goal Missed,,,,46,46,
1,17,35,Pat Connaughton misses a jump shot.,109491,,true,false,false,Pat,,Connaughton,,ND,,6,2,0,0,0,,,,,2,2,45,Jump Shot,4,Field Goal Missed,,,,46,46,
1,17,07,Shooting foul committed by Kyle Anderson.,110740,,true,false,false,Kyle,,Anderson,,Del,,6,2,1,0,1,,,,,0,,2,Shooting,8,Foul,,,,105,105,
1,17,07,Demetrius Jackson makes free throw 1 of 2.,120755,,true,false,false,Demetrius,,Jackson,,ND,,7,2,1,0,0,,,,,1,1,11,Free Throw 1 of 2,1,Free Throw Made,,,,46,46,
1,17,07,Demetrius Jackson makes free throw 2 of 2.,120755,,true,false,false,Demetrius,,Jackson,,ND,,8,2,1,0,0,,,,,2,1,12,Free Throw 2 of 2,1,Free Throw Made,,,,46,46,
1,16,30,Garrick Sherman misses a layup shot.,88941,,true,false,false,Garrick,,Sherman,,ND,,8,2,1,0,0,,,,,4,2,40,Layup Shot,4,Field Goal Missed,,,,46,46,
1,16,12,Marvin King-Davis misses a jump shot.,110742,,true,false,false,Marvin,,King-Davis,,Del,,8,2,1,0,0,,,,,0,2,45,Jump Shot,4,Field Goal Missed,,,,105,105,
1,16,05,Garrick Sherman makes a layup shot.,88941,,true,false,false,Garrick,,Sherman,,ND,,10,2,1,0,0,,,,,6,2,40,Layup Shot,3,Field Goal Made,,,,46,46,
1,16,04,Del take a 20-second timeout.,,,false,false,false,,,,,,,10,2,1,0,0,,,,,0,,2,Short,11,Timeout,,,,105,105,
1,15,46,Davon Usher misses a jump shot.,117513,,true,false,false,Davon,,Usher,,Del,,10,2,1,0,0,,,,,0,2,45,Jump Shot,4,Field Goal Missed,,,,105,105,
1,15,38,Carl Baptiste misses a tip shot.,88652,,true,false,false,Carl,,Baptiste,,Del,,10,2,1,0,0,,,,,2,2,53,Tip Shot,4,Field Goal Missed,,,,105,105,
1,15,33,Eric Atkins misses a layup shot.,97478,,true,false,false,Eric,,Atkins,,ND,,10,2,1,0,0,,,,,0,2,40,Layup Shot,4,Field Goal Missed,,,,46,46,
1,15,28,Garrick Sherman makes a tip shot.,88941,,true,false,false,Garrick,,Sherman,,ND,,12,2,1,0,0,,,,,8,2,53,Tip Shot,3,Field Goal Made,,,,46,46,
1,15,14,Pat Connaughton misses a layup shot.,109491,,true,false,false,Pat,,Connaughton,,ND,,12,2,1,0,0,,,,,2,2,40,Layup Shot,4,Field Goal Missed,,,,46,46,
1,15,13,Official TV timeout.,,,false,false,false,,,,,,,12,2,1,0,0,,,,,0,,3,Official TV,11,Timeout,,,,46,46,
1,14,59,Garrick Sherman misses a layup shot.,88941,,true,false,false,Garrick,,Sherman,,ND,,12,2,1,0,0,,,,,8,2,40,Layup Shot,4,Field Goal Missed,,,,46,46,
1,14,50,Carl Baptiste makes a layup shot.,88652,,true,false,false,Carl,,Baptiste,,Del,,12,4,1,0,0,,,,,4,2,40,Layup Shot,3,Field Goal Made,,,,105,105,
1,14,48,Shooting foul committed by Garrick Sherman.,88941,,true,false,false,Garrick,,Sherman,,ND,,12,4,1,1,1,,,,,8,,2,Shooting,8,Foul,,,,46,46,
1,14,48,Carl Baptiste makes free throw 1 of 1.,88652,,true,false,false,Carl,,Baptiste,,Del,,12,5,1,1,0,,,,,5,1,10,Free Throw 1 of 1,1,Free Throw Made,,,,105,105,
1,14,32,Jerian Grant misses a layup shot.,97480,,true,false,false,Jerian,,Grant,,ND,,12,5,1,1,0,,,,,0,2,40,Layup Shot,4,Field Goal Missed,,,,46,46,
1,14,03,Devon Saddler makes a jump shot.,98244,,true,false,false,Devon,,Saddler,,Del,,12,7,1,1,0,,,,,2,2,45,Jump Shot,3,Field Goal Made,,,,105,105,
1,13,55,Jerian Grant makes a 3-point jump shot.,97480,,true,false,false,Jerian,,Grant,,ND,,15,7,1,1,0,,,,,3,3,45,Jump Shot,3,Field Goal Made,,,,46,46,
1,13,38,Offensive foul committed by Carl Baptiste.,88652,,true,false,false,Carl,,Baptiste,,Del,,15,7,2,1,1,,,,,5,,4,Offensive,8,Foul,,,,105,105,
1,13,27,Jerian Grant misses a 3-point jump shot.,97480,,true,false,false,Jerian,,Grant,,ND,,15,7,2,1,0,,,,,3,3,45,Jump Shot,4,Field Goal Missed,,,,46,46,
1,13,18,Jarvis Threatt misses a 3-point jump shot.,110739,,true,false,false,Jarvis,,Threatt,,Del,,15,7,2,1,0,,,,,0,3,45,Jump Shot,4,Field Goal Missed,,,,105,105,
1,12,56,Zach Auguste misses a jump shot.,116591,,true,false,false,Zach,,Auguste,,ND,,15,7,2,1,0,,,,,0,2,45,Jump Shot,4,Field Goal Missed,,,,46,46,
1,12,56,Personal foul committed by Zach Auguste.,116591,,true,false,false,Zach,,Auguste,,ND,,15,7,2,2,1,,,,,0,,1,Personal,8,Foul,,,,46,46,
1,12,48,Davon Usher makes a layup shot.,117513,,true,false,false,Davon,,Usher,,Del,,15,9,2,2,0,,,,,2,2,40,Layup Shot,3,Field Goal Made,,,,105,105,
1,12,27,Shooting foul committed by Maurice Jeffers.,116836,,true,false,false,Maurice,,Jeffers,,Del,,15,9,3,2,1,,,,,0,,2,Shooting,8,Foul,,,,105,105,
1,12,27,Zach Auguste makes free throw 1 of 2.,116591,,true,false,false,Zach,,Auguste,,ND,,16,9,3,2,1,,,,,1,1,11,Free Throw 1 of 2,1,Free Throw Made,,,,46,46,
1,12,27,Zach Auguste misses free throw 2 of 2.,116591,,true,false,false,Zach,,Auguste,,ND,,16,9,3,2,1,,,,,1,1,12,Free Throw 2 of 2,2,Free Throw Missed,,,,46,46,
1,11,57,Devonne Pinkard misses a 3-point jump shot.,121637,,true,false,false,Devonne,,Pinkard,,Del,,16,9,3,2,0,,,,,0,3,45,Jump Shot,4,Field Goal Missed,,,,105,105,
1,11,43,Official TV timeout.,,,false,false,false,,,,,,,16,9,3,2,0,,,,,0,,3,Official TV,11,Timeout,,,,46,46,
1,11,32,Davon Usher makes a 3-point jump shot.,117513,,true,false,false,Davon,,Usher,,Del,,16,12,3,2,0,,,,,5,3,45,Jump Shot,3,Field Goal Made,,,,105,105,
1,11,11,Jerian Grant makes a jump shot.,97480,,true,false,false,Jerian,,Grant,,ND,,18,12,3,2,0,,,,,5,2,45,Jump Shot,3,Field Goal Made,,,,46,46,
1,10,54,Davon Usher makes a 3-point jump shot.,117513,,true,false,false,Davon,,Usher,,Del,,18,15,3,2,0,,,,,8,3,45,Jump Shot,3,Field Goal Made,,,,105,105,
1,10,38,Pat Connaughton misses a 3-point jump shot.,109491,,true,false,false,Pat,,Connaughton,,ND,,18,15,3,2,0,,,,,2,3,45,Jump Shot,4,Field Goal Missed,,,,46,46,
1,10,16,Kyle Anderson makes a 3-point jump shot.,110740,,true,false,false,Kyle,,Anderson,,Del,,18,18,3,2,1,,,,,3,3,45,Jump Shot,3,Field Goal Made,,,,105,105,
1,9,58,Shooting foul committed by Maurice Jeffers.,116836,,true,false,false,Maurice,,Jeffers,,Del,,18,18,4,2,2,,,,,0,,2,Shooting,8,Foul,,,,105,105,
1,9,58,Garrick Sherman makes free throw 1 of 2.,88941,,true,false,false,Garrick,,Sherman,,ND,,19,18,4,2,1,,,,,9,1,11,Free Throw 1 of 2,1,Free Throw Made,,,,46,46,
1,9,58,Garrick Sherman makes free throw 2 of 2.,88941,,true,false,false,Garrick,,Sherman,,ND,,20,18,4,2,1,,,,,10,1,12,Free Throw 2 of 2,1,Free Throw Made,,,,46,46,
1,9,58,ND take a 20-second timeout.,,,false,false,false,,,,,,,20,18,4,2,0,,,,,0,,2,Short,11,Timeout,,,,46,46,
1,9,36,Kyle Anderson makes a 3-point jump shot.,110740,,true,false,false,Kyle,,Anderson,,Del,,20,21,4,2,1,,,,,6,3,45,Jump Shot,3,Field Goal Made,,,,105,105,
1,9,17,Jerian Grant makes a layup shot.,97480,,true,false,false,Jerian,,Grant,,ND,,22,21,4,2,0,,,,,7,2,40,Layup Shot,3,Field Goal Made,,,,46,46,
1,8,49,Davon Usher makes a 3-point jump shot.,117513,,true,false,false,Davon,,Usher,,Del,,22,24,4,2,0,,,,,11,3,45,Jump Shot,3,Field Goal Made,,,,105,105,
1,8,04,Personal foul committed by Eric Atkins.,97478,,true,false,false,Eric,,Atkins,,ND,,22,24,4,3,1,,,,,0,,1,Personal,8,Foul,,,,46,46,
1,7,54,Official TV timeout.,,,false,false,false,,,,,,,22,24,4,3,0,,,,,0,,3,Official TV,11,Timeout,,,,46,46,
1,7,40,Shooting foul committed by Eric Atkins.,97478,,true,false,false,Eric,,Atkins,,ND,,22,24,4,4,2,,,,,0,,2,Shooting,8,Foul,,,,46,46,
1,7,40,Jarvis Threatt makes free throw 1 of 2.,110739,,true,false,false,Jarvis,,Threatt,,Del,,22,25,4,4,0,,,,,1,1,11,Free Throw 1 of 2,1,Free Throw Made,,,,105,105,
1,7,40,Jarvis Threatt makes free throw 2 of 2.,110739,,true,false,false,Jarvis,,Threatt,,Del,,22,26,4,4,0,,,,,2,1,12,Free Throw 2 of 2,1,Free Throw Made,,,,105,105,
1,7,11,Garrick Sherman makes a hook shot.,88941,,true,false,false,Garrick,,Sherman,,ND,,24,26,4,4,1,,,,,12,2,55,Hook Shot,3,Field Goal Made,,,,46,46,
1,6,44,Kyle Anderson makes a layup shot.,110740,,true,false,false,Kyle,,Anderson,,Del,,24,28,4,4,1,,,,,8,2,40,Layup Shot,3,Field Goal Made,,,,105,105,
1,6,31,ND take a 20-second timeout.,,,false,false,false,,,,,,,24,28,4,4,0,,,,,0,,2,Short,11,Timeout,,,,46,46,
1,6,29,Jerian Grant makes a layup shot.,97480,,true,false,false,Jerian,,Grant,,ND,,26,28,4,4,0,,,,,9,2,40,Layup Shot,3,Field Goal Made,,,,46,46,
1,6,29,Shooting foul committed by Kyle Anderson.,110740,,true,false,false,Kyle,,Anderson,,Del,,26,28,5,4,2,,,,,8,,2,Shooting,8,Foul,,,,105,105,
1,6,29,Jerian Grant makes free throw 1 of 1.,97480,,true,false,false,Jerian,,Grant,,ND,,27,28,5,4,0,,,,,10,1,10,Free Throw 1 of 1,1,Free Throw Made,,,,46,46,
1,6,10,Carl Baptiste makes a layup shot.,88652,,true,false,false,Carl,,Baptiste,,Del,,27,30,5,4,1,,,,,7,2,40,Layup Shot,3,Field Goal Made,,,,105,105,
1,5,30,Carl Baptiste misses a jump shot.,88652,,true,false,false,Carl,,Baptiste,,Del,,27,30,5,4,1,,,,,7,2,45,Jump Shot,4,Field Goal Missed,,,,105,105,
1,5,20,Davon Usher misses a dunk shot.,117513,,true,false,false,Davon,,Usher,,Del,,27,30,5,4,0,,,,,11,2,48,Dunk Shot,4,Field Goal Missed,,,,105,105,
1,5,17,Shooting foul committed by Demetrius Jackson.,120755,,true,false,false,Demetrius,,Jackson,,ND,,27,30,5,5,1,,,,,2,,2,Shooting,8,Foul,,,,46,46,
1,5,17,Cazmon Hayes makes free throw 1 of 2.,121635,,true,false,false,Cazmon,,Hayes,,Del,,27,31,5,5,0,,,,,1,1,11,Free Throw 1 of 2,1,Free Throw Made,,,,105,105,
1,5,17,Cazmon Hayes makes free throw 2 of 2.,121635,,true,false,false,Cazmon,,Hayes,,Del,,27,32,5,5,0,,,,,2,1,12,Free Throw 2 of 2,1,Free Throw Made,,,,105,105,
1,5,08,Jerian Grant makes a dunk shot.,97480,,true,false,false,Jerian,,Grant,,ND,,29,32,5,5,0,,,,,12,2,48,Dunk Shot,3,Field Goal Made,,,,46,46,
1,4,58,Personal foul committed by Austin Burgett.,116593,,true,false,false,Austin,,Burgett,,ND,,29,32,5,6,1,,,,,0,,1,Personal,8,Foul,,,,46,46,
1,4,47,Jarvis Threatt misses a layup shot.,110739,,true,false,false,Jarvis,,Threatt,,Del,,29,32,5,6,0,,,,,2,2,40,Layup Shot,4,Field Goal Missed,,,,105,105,
1,4,37,Pat Connaughton misses a layup shot.,109491,,true,false,false,Pat,,Connaughton,,ND,,29,32,5,6,0,,,,,2,2,40,Layup Shot,4,Field Goal Missed,,,,46,46,
1,4,27,Cazmon Hayes misses a jump shot.,121635,,true,false,false,Cazmon,,Hayes,,Del,,29,32,5,6,0,,,,,2,2,45,Jump Shot,4,Field Goal Missed,,,,105,105,
1,4,21,Shooting foul committed by Pat Connaughton.,109491,,true,false,false,Pat,,Connaughton,,ND,,29,32,5,7,1,,,,,2,,2,Shooting,8,Foul,,,,46,46,
1,4,21,Jarvis Threatt makes free throw 1 of 2.,110739,,true,false,false,Jarvis,,Threatt,,Del,,29,33,5,7,0,,,,,3,1,11,Free Throw 1 of 2,1,Free Throw Made,,,,105,105,
1,4,21,Jarvis Threatt makes free throw 2 of 2.,110739,,true,false,false,Jarvis,,Threatt,,Del,,29,34,5,7,0,,,,,4,1,12,Free Throw 2 of 2,1,Free Throw Made,,,,105,105,
1,4,09,Tom Knight misses a jump shot.,88670,,true,false,false,Tom,,Knight,,ND,,29,34,5,7,0,,,,,0,2,45,Jump Shot,4,Field Goal Missed,,,,46,46,
1,4,04,Tom Knight makes a layup shot.,88670,,true,false,false,Tom,,Knight,,ND,,31,34,5,7,0,,,,,2,2,40,Layup Shot,3,Field Goal Made,,,,46,46,
1,3,47,Jarvis Threatt misses a 3-point jump shot.,110739,,true,false,false,Jarvis,,Threatt,,Del,,31,34,5,7,0,,,,,4,3,45,Jump Shot,4,Field Goal Missed,,,,105,105,
1,3,38,Tom Knight misses a jump shot.,88670,,true,false,false,Tom,,Knight,,ND,,31,34,5,7,0,,,,,2,2,45,Jump Shot,4,Field Goal Missed,,,,46,46,
1,3,28,Cazmon Hayes misses a 3-point jump shot.,121635,,true,false,false,Cazmon,,Hayes,,Del,,31,34,5,7,0,,,,,2,3,45,Jump Shot,4,Field Goal Missed,,,,105,105,
1,3,26,Personal foul committed by Marvin King-Davis.,110742,,true,false,false,Marvin,,King-Davis,,Del,,31,34,6,7,1,,,,,0,,1,Personal,8,Foul,,,,105,105,
1,3,14,Personal foul committed by Marvin King-Davis.,110742,,true,false,false,Marvin,,King-Davis,,Del,,31,34,7,7,2,,,,,0,,1,Personal,8,Foul,,,,105,105,
1,3,14,Austin Burgett makes free throw 1st of 1-and-1.,116593,,true,false,false,Austin,,Burgett,,ND,,32,34,7,7,1,,,,,1,1,8,Free Throw 1st of 1-and-1,1,Free Throw Made,,,,46,46,
1,3,14,Austin Burgett makes free throw 2nd of 1-and-1.,116593,,true,false,false,Austin,,Burgett,,ND,,33,34,7,7,1,,,,,2,1,9,Free Throw 2nd of 1-and-1,1,Free Throw Made,,,,46,46,
1,2,55,Jarvis Threatt misses a 3-point jump shot.,110739,,true,false,false,Jarvis,,Threatt,,Del,,33,34,7,7,0,,,,,4,3,45,Jump Shot,4,Field Goal Missed,,,,105,105,
1,2,31,Jerian Grant makes a 3-point jump shot.,97480,,true,false,false,Jerian,,Grant,,ND,,36,34,7,7,0,,,,,15,3,45,Jump Shot,3,Field Goal Made,,,,46,46,
1,2,18,Davon Usher misses a 3-point jump shot.,117513,,true,false,false,Davon,,Usher,,Del,,36,34,7,7,0,,,,,11,3,45,Jump Shot,4,Field Goal Missed,,,,105,105,
1,2,07,Pat Connaughton makes a 3-point jump shot.,109491,,true,false,false,Pat,,Connaughton,,ND,,39,34,7,7,1,,,,,5,3,45,Jump Shot,3,Field Goal Made,,,,46,46,
1,1,54,Offensive foul committed by Jarvis Threatt.,110739,,true,false,false,Jarvis,,Threatt,,Del,,39,34,8,7,1,,,,,4,,4,Offensive,8,Foul,,,,105,105,
1,1,44,Jerian Grant misses a 3-point jump shot.,97480,,true,false,false,Jerian,,Grant,,ND,,39,34,8,7,0,,,,,15,3,45,Jump Shot,4,Field Goal Missed,,,,46,46,
1,1,20,Jarvis Threatt misses a jump shot.,110739,,true,false,false,Jarvis,,Threatt,,Del,,39,34,8,7,1,,,,,4,2,45,Jump Shot,4,Field Goal Missed,,,,105,105,
1,0,56.9,Eric Atkins misses a 3-point jump shot.,97478,,true,false,false,Eric,,Atkins,,ND,,39,34,8,7,2,,,,,0,3,45,Jump Shot,4,Field Goal Missed,,,,46,46,
1,0,51.7,Pat Connaughton makes a 3-point jump shot.,109491,,true,false,false,Pat,,Connaughton,,ND,,42,34,8,7,1,,,,,8,3,45,Jump Shot,3,Field Goal Made,,,,46,46,
1,0,14.6,Shooting foul committed by Jerian Grant.,97480,,true,false,false,Jerian,,Grant,,ND,,42,34,8,8,1,,,,,15,,2,Shooting,8,Foul,,,,46,46,
1,0,14.6,Davon Usher misses free throw 1 of 2.,117513,,true,false,false,Davon,,Usher,,Del,,42,34,8,8,0,,,,,11,1,11,Free Throw 1 of 2,2,Free Throw Missed,,,,105,105,
1,0,14.6,Davon Usher makes free throw 2 of 2.,117513,,true,false,false,Davon,,Usher,,Del,,42,35,8,8,0,,,,,12,1,12,Free Throw 2 of 2,1,Free Throw Made,,,,105,105,
1,0,07.2,Tom Knight misses a layup shot.,88670,,true,false,false,Tom,,Knight,,ND,,42,35,8,8,0,,,,,2,2,40,Layup Shot,4,Field Goal Missed,,,,46,46,
1,0,00,End of the 1st Half,,,false,false,false,,,,,,,42,35,8,8,0,,,,,0,,,,15,End Period,,,,46,46,
2,20,00,Start of the 2nd Half,,,false,false,false,,,,,,,42,35,0,0,0,,,,,0,,,,14,Start Period,,,,46,46,
2,19,39,Demetrius Jackson makes a layup shot.,120755,,true,false,false,Demetrius,,Jackson,,ND,,44,35,0,0,1,,,,,4,2,40,Layup Shot,3,Field Goal Made,,,,46,46,
2,19,01,Pat Connaughton makes a layup shot.,109491,,true,false,false,Pat,,Connaughton,,ND,,46,35,0,0,1,,,,,10,2,40,Layup Shot,3,Field Goal Made,,,,46,46,
2,18,46,Kyle Anderson makes a 3-point jump shot.,110740,,true,false,false,Kyle,,Anderson,,Del,,46,38,0,0,2,,,,,11,3,45,Jump Shot,3,Field Goal Made,,,,105,105,
2,18,27,Demetrius Jackson misses a 3-point jump shot.,120755,,true,false,false,Demetrius,,Jackson,,ND,,46,38,0,0,1,,,,,4,3,45,Jump Shot,4,Field Goal Missed,,,,46,46,
2,18,23,Jerian Grant makes a jump shot.,97480,,true,false,false,Jerian,,Grant,,ND,,48,38,0,0,1,,,,,17,2,45,Jump Shot,3,Field Goal Made,,,,46,46,
2,18,03,Shooting foul committed by Demetrius Jackson.,120755,,true,false,false,Demetrius,,Jackson,,ND,,48,38,0,1,2,,,,,4,,2,Shooting,8,Foul,,,,46,46,
2,18,03,Jarvis Threatt makes free throw 1 of 2.,110739,,true,false,false,Jarvis,,Threatt,,Del,,48,39,0,1,1,,,,,5,1,11,Free Throw 1 of 2,1,Free Throw Made,,,,105,105,
2,18,03,Jarvis Threatt makes free throw 2 of 2.,110739,,true,false,false,Jarvis,,Threatt,,Del,,48,40,0,1,1,,,,,6,1,12,Free Throw 2 of 2,1,Free Throw Made,,,,105,105,
2,17,44,Garrick Sherman misses a jump shot.,88941,,true,false,false,Garrick,,Sherman,,ND,,48,40,0,1,1,,,,,12,2,45,Jump Shot,4,Field Goal Missed,,,,46,46,
2,17,35,Eric Atkins misses a 3-point jump shot.,97478,,true,false,false,Eric,,Atkins,,ND,,48,40,0,1,2,,,,,0,3,45,Jump Shot,4,Field Goal Missed,,,,46,46,
2,17,31,Garrick Sherman makes a hook shot.,88941,,true,false,false,Garrick,,Sherman,,ND,,50,40,0,1,1,,,,,14,2,55,Hook Shot,3,Field Goal Made,,,,46,46,
2,17,15,Jarvis Threatt makes a layup shot.,110739,,true,false,false,Jarvis,,Threatt,,Del,,50,42,0,1,1,,,,,8,2,40,Layup Shot,3,Field Goal Made,,,,105,105,
2,16,47,Shooting foul committed by Marvin King-Davis.,110742,,true,false,false,Marvin,,King-Davis,,Del,,50,42,1,1,3,,,,,0,,2,Shooting,8,Foul,,,,105,105,
2,16,47,Pat Connaughton misses free throw 1 of 2.,109491,,true,false,false,Pat,,Connaughton,,ND,,50,42,1,1,1,,,,,10,1,11,Free Throw 1 of 2,2,Free Throw Missed,,,,46,46,
2,16,47,Pat Connaughton makes free throw 2 of 2.,109491,,true,false,false,Pat,,Connaughton,,ND,,51,42,1,1,1,,,,,11,1,12,Free Throw 2 of 2,1,Free Throw Made,,,,46,46,
2,16,32,Pat Connaughton makes a 3-point jump shot.,109491,,true,false,false,Pat,,Connaughton,,ND,,54,42,1,1,1,,,,,14,3,45,Jump Shot,3,Field Goal Made,,,,46,46,
2,16,17,Jarvis Threatt makes a layup shot.,110739,,true,false,false,Jarvis,,Threatt,,Del,,54,44,1,1,1,,,,,10,2,40,Layup Shot,3,Field Goal Made,,,,105,105,
2,15,54,Official TV timeout.,,,false,false,false,,,,,,,54,44,1,1,0,,,,,0,,3,Official TV,11,Timeout,,,,46,46,
2,15,42,Jerian Grant misses a jump shot.,97480,,true,false,false,Jerian,,Grant,,ND,,54,44,1,1,1,,,,,17,2,45,Jump Shot,4,Field Goal Missed,,,,46,46,
2,15,33,Personal foul committed by Tom Knight.,88670,,true,false,false,Tom,,Knight,,ND,,54,44,1,2,1,,,,,2,,1,Personal,8,Foul,,,,46,46,
2,15,17,Davon Usher misses a jump shot.,117513,,true,false,false,Davon,,Usher,,Del,,54,44,1,2,0,,,,,12,2,45,Jump Shot,4,Field Goal Missed,,,,105,105,
2,15,00,Pat Connaughton misses a layup shot.,109491,,true,false,false,Pat,,Connaughton,,ND,,54,44,1,2,1,,,,,14,2,40,Layup Shot,4,Field Goal Missed,,,,46,46,
2,14,27,Jarvis Threatt misses a jump shot.,110739,,true,false,false,Jarvis,,Threatt,,Del,,54,44,1,2,1,,,,,10,2,45,Jump Shot,4,Field Goal Missed,,,,105,105,
2,14,20,Jerian Grant makes a dunk shot.,97480,,true,false,false,Jerian,,Grant,,ND,,56,44,1,2,1,,,,,19,2,48,Dunk Shot,3,Field Goal Made,,,,46,46,
2,14,07,Kyle Anderson makes a 3-point jump shot.,110740,,true,false,false,Kyle,,Anderson,,Del,,56,47,1,2,2,,,,,14,3,45,Jump Shot,3,Field Goal Made,,,,105,105,
2,13,45,Offensive foul committed by Tom Knight.,88670,,true,false,false,Tom,,Knight,,ND,,56,47,1,3,2,,,,,2,,4,Offensive,8,Foul,,,,46,46,
2,13,39,Personal foul committed by Jerian Grant.,97480,,true,false,false,Jerian,,Grant,,ND,,56,47,1,4,2,,,,,19,,1,Personal,8,Foul,,,,46,46,
2,13,22,Jarvis Threatt misses a jump shot.,110739,,true,false,false,Jarvis,,Threatt,,Del,,56,47,1,4,1,,,,,10,2,45,Jump Shot,4,Field Goal Missed,,,,105,105,
2,13,17,Eric Atkins makes a layup shot.,97478,,true,false,false,Eric,,Atkins,,ND,,58,47,1,4,2,,,,,2,2,40,Layup Shot,3,Field Goal Made,,,,46,46,
2,12,57,Personal foul committed by Jerian Grant.,97480,,true,false,false,Jerian,,Grant,,ND,,58,47,1,5,3,,,,,19,,1,Personal,8,Foul,,,,46,46,
2,12,52,Shooting foul committed by Pat Connaughton.,109491,,true,false,false,Pat,,Connaughton,,ND,,58,47,1,6,2,,,,,14,,2,Shooting,8,Foul,,,,46,46,
2,12,52,Davon Usher makes free throw 1 of 2.,117513,,true,false,false,Davon,,Usher,,Del,,58,48,1,6,0,,,,,13,1,11,Free Throw 1 of 2,1,Free Throw Made,,,,105,105,
2,12,52,Davon Usher makes free throw 2 of 2.,117513,,true,false,false,Davon,,Usher,,Del,,58,49,1,6,0,,,,,14,1,12,Free Throw 2 of 2,1,Free Throw Made,,,,105,105,
2,12,51,Personal foul committed by Davon Usher.,117513,,true,false,false,Davon,,Usher,,Del,,58,49,2,6,1,,,,,14,,1,Personal,8,Foul,,,,105,105,
2,12,36,Personal foul committed by Barnett Harris.,121634,,true,false,false,Barnett,,Harris,,Del,,58,49,3,6,1,,,,,0,,1,Personal,8,Foul,,,,105,105,
2,12,36,Demetrius Jackson makes free throw 1 of 2.,120755,,true,false,false,Demetrius,,Jackson,,ND,,59,49,3,6,2,,,,,5,1,11,Free Throw 1 of 2,1,Free Throw Made,,,,46,46,
2,12,36,Demetrius Jackson makes free throw 2 of 2.,120755,,true,false,false,Demetrius,,Jackson,,ND,,60,49,3,6,2,,,,,6,1,12,Free Throw 2 of 2,1,Free Throw Made,,,,46,46,
2,12,10,Jarvis Threatt makes a jump shot.,110739,,true,false,false,Jarvis,,Threatt,,Del,,60,51,3,6,1,,,,,12,2,45,Jump Shot,3,Field Goal Made,,,,105,105,
2,11,50,Personal foul committed by Devonne Pinkard.,121637,,true,false,false,Devonne,,Pinkard,,Del,,60,51,4,6,1,,,,,0,,1,Personal,8,Foul,,,,105,105,
2,11,50,Official TV timeout.,,,false,false,false,,,,,,,60,51,4,6,0,,,,,0,,3,Official TV,11,Timeout,,,,46,46,
2,11,31,Demetrius Jackson misses a layup shot.,120755,,true,false,false,Demetrius,,Jackson,,ND,,60,51,4,6,2,,,,,6,2,40,Layup Shot,4,Field Goal Missed,,,,46,46,
2,11,28,Garrick Sherman makes a tip shot.,88941,,true,false,false,Garrick,,Sherman,,ND,,62,51,4,6,1,,,,,16,2,53,Tip Shot,3,Field Goal Made,,,,46,46,
2,11,06,Jarvis Threatt makes a 3-point jump shot.,110739,,true,false,false,Jarvis,,Threatt,,Del,,62,54,4,6,1,,,,,15,3,45,Jump Shot,3,Field Goal Made,,,,105,105,
2,10,38,Garrick Sherman misses a hook shot.,88941,,true,false,false,Garrick,,Sherman,,ND,,62,54,4,6,1,,,,,16,2,55,Hook Shot,4,Field Goal Missed,,,,46,46,
2,10,24,Offensive foul committed by Demetrius Jackson.,120755,,true,false,false,Demetrius,,Jackson,,ND,,62,54,4,7,3,,,,,6,,4,Offensive,8,Foul,,,,46,46,
2,10,24,Devonne Pinkard makes free throw 1 of 2.,121637,,true,false,false,Devonne,,Pinkard,,Del,,62,55,4,7,1,,,,,1,1,11,Free Throw 1 of 2,1,Free Throw Made,,,,105,105,
2,10,24,Devonne Pinkard makes free throw 2 of 2.,121637,,true,false,false,Devonne,,Pinkard,,Del,,62,56,4,7,1,,,,,2,1,12,Free Throw 2 of 2,1,Free Throw Made,,,,105,105,
2,10,09,Pat Connaughton makes a layup shot.,109491,,true,false,false,Pat,,Connaughton,,ND,,64,56,4,7,2,,,,,16,2,40,Layup Shot,3,Field Goal Made,,,,46,46,
2,10,09,Shooting foul committed by Barnett Harris.,121634,,true,false,false,Barnett,,Harris,,Del,,64,56,5,7,2,,,,,0,,2,Shooting,8,Foul,,,,105,105,
2,10,09,Pat Connaughton makes free throw 1 of 1.,109491,,true,false,false,Pat,,Connaughton,,ND,,65,56,5,7,2,,,,,17,1,10,Free Throw 1 of 1,1,Free Throw Made,,,,46,46,
2,9,49,Davon Usher makes a layup shot.,117513,,true,false,false,Davon,,Usher,,Del,,65,58,5,7,1,,,,,16,2,40,Layup Shot,3,Field Goal Made,,,,105,105,
2,9,37,Offensive foul committed by Tom Knight.,88670,,true,false,false,Tom,,Knight,,ND,,65,58,5,8,3,,,,,2,,4,Offensive,8,Foul,,,,46,46,
2,9,16,Personal foul committed by Tom Knight.,88670,,true,false,false,Tom,,Knight,,ND,,65,58,5,9,4,,,,,2,,1,Personal,8,Foul,,,,46,46,
2,9,16,Carl Baptiste misses free throw 1st of 1-and-1.,88652,,true,false,false,Carl,,Baptiste,,Del,,65,58,5,9,1,,,,,7,1,8,Free Throw 1st of 1-and-1,2,Free Throw Missed,,,,105,105,
2,9,00,Tom Knight makes a layup shot.,88670,,true,false,false,Tom,,Knight,,ND,,67,58,5,9,4,,,,,4,2,40,Layup Shot,3,Field Goal Made,,,,46,46,
2,8,48,Jarvis Threatt makes a layup shot.,110739,,true,false,false,Jarvis,,Threatt,,Del,,67,60,5,9,1,,,,,17,2,40,Layup Shot,3,Field Goal Made,,,,105,105,
2,8,39,Del take a 20-second timeout.,,,false,false,false,,,,,,,67,60,5,9,0,,,,,0,,2,Short,11,Timeout,,,,105,105,
2,8,14,Shooting foul committed by Jarvis Threatt.,110739,,true,false,false,Jarvis,,Threatt,,Del,,67,60,6,9,2,,,,,17,,2,Shooting,8,Foul,,,,105,105,
2,8,14,Garrick Sherman misses free throw 1 of 2.,88941,,true,false,false,Garrick,,Sherman,,ND,,67,60,6,9,1,,,,,16,1,11,Free Throw 1 of 2,2,Free Throw Missed,,,,46,46,
2,8,14,Garrick Sherman makes free throw 2 of 2.,88941,,true,false,false,Garrick,,Sherman,,ND,,68,60,6,9,1,,,,,17,1,12,Free Throw 2 of 2,1,Free Throw Made,,,,46,46,
2,7,56,Shooting foul committed by Jerian Grant.,97480,,true,false,false,Jerian,,Grant,,ND,,68,60,6,10,4,,,,,19,,2,Shooting,8,Foul,,,,46,46,
2,7,56,Official TV timeout.,,,false,false,false,,,,,,,68,60,6,10,0,,,,,0,,3,Official TV,11,Timeout,,,,46,46,
2,7,56,Davon Usher makes free throw 1 of 2.,117513,,true,false,false,Davon,,Usher,,Del,,68,61,6,10,1,,,,,17,1,11,Free Throw 1 of 2,1,Free Throw Made,,,,105,105,
2,7,56,Davon Usher misses free throw 2 of 2.,117513,,true,false,false,Davon,,Usher,,Del,,68,61,6,10,1,,,,,17,1,12,Free Throw 2 of 2,2,Free Throw Missed,,,,105,105,
2,7,43,Jerian Grant misses a jump shot.,97480,,true,false,false,Jerian,,Grant,,ND,,68,61,6,10,4,,,,,19,2,45,Jump Shot,4,Field Goal Missed,,,,46,46,
2,7,35,Davon Usher misses a 3-point jump shot.,117513,,true,false,false,Davon,,Usher,,Del,,68,61,6,10,1,,,,,17,3,45,Jump Shot,4,Field Goal Missed,,,,105,105,
2,7,22,Devonne Pinkard misses a 3-point jump shot.,121637,,true,false,false,Devonne,,Pinkard,,Del,,68,61,6,10,1,,,,,2,3,45,Jump Shot,4,Field Goal Missed,,,,105,105,
2,7,06,Kyle Anderson makes a 3-point jump shot.,110740,,true,false,false,Kyle,,Anderson,,Del,,68,64,6,10,2,,,,,17,3,45,Jump Shot,3,Field Goal Made,,,,105,105,
2,6,44,Shooting foul committed by Davon Usher.,117513,,true,false,false,Davon,,Usher,,Del,,68,64,7,10,2,,,,,17,,2,Shooting,8,Foul,,,,105,105,
2,6,44,Jerian Grant makes free throw 1 of 2.,97480,,true,false,false,Jerian,,Grant,,ND,,69,64,7,10,4,,,,,20,1,11,Free Throw 1 of 2,1,Free Throw Made,,,,46,46,
2,6,44,Jerian Grant makes free throw 2 of 2.,97480,,true,false,false,Jerian,,Grant,,ND,,70,64,7,10,4,,,,,21,1,12,Free Throw 2 of 2,1,Free Throw Made,,,,46,46,
2,5,50,Pat Connaughton misses a layup shot.,109491,,true,false,false,Pat,,Connaughton,,ND,,70,64,7,10,2,,,,,17,2,40,Layup Shot,4,Field Goal Missed,,,,46,46,
2,5,44,Tom Knight misses a tip shot.,88670,,true,false,false,Tom,,Knight,,ND,,70,64,7,10,4,,,,,4,2,53,Tip Shot,4,Field Goal Missed,,,,46,46,
2,5,38,Kyle Anderson misses a 3-point jump shot.,110740,,true,false,false,Kyle,,Anderson,,Del,,70,64,7,10,2,,,,,17,3,45,Jump Shot,4,Field Goal Missed,,,,105,105,
2,5,14,Shooting foul committed by Garrick Sherman.,88941,,true,false,false,Garrick,,Sherman,,ND,,70,64,7,11,2,,,,,17,,2,Shooting,8,Foul,,,,46,46,
2,5,14,Jarvis Threatt makes free throw 1 of 2.,110739,,true,false,false,Jarvis,,Threatt,,Del,,70,65,7,11,2,,,,,18,1,11,Free Throw 1 of 2,1,Free Throw Made,,,,105,105,
2,5,14,Jarvis Threatt misses free throw 2 of 2.,110739,,true,false,false,Jarvis,,Threatt,,Del,,70,65,7,11,2,,,,,18,1,12,Free Throw 2 of 2,2,Free Throw Missed,,,,105,105,
2,4,51,Jerian Grant misses a 3-point jump shot.,97480,,true,false,false,Jerian,,Grant,,ND,,70,65,7,11,4,,,,,21,3,45,Jump Shot,4,Field Goal Missed,,,,46,46,
2,4,39,Davon Usher misses a 3-point jump shot.,117513,,true,false,false,Davon,,Usher,,Del,,70,65,7,11,2,,,,,17,3,45,Jump Shot,4,Field Goal Missed,,,,105,105,
2,4,26,Personal foul committed by Davon Usher.,117513,,true,false,false,Davon,,Usher,,Del,,70,65,8,11,3,,,,,17,,1,Personal,8,Foul,,,,105,105,
2,4,26,Garrick Sherman misses free throw 1st of 1-and-1.,88941,,true,false,false,Garrick,,Sherman,,ND,,70,65,8,11,2,,,,,17,1,8,Free Throw 1st of 1-and-1,2,Free Throw Missed,,,,46,46,
2,4,09,Kyle Anderson misses a 3-point jump shot.,110740,,true,false,false,Kyle,,Anderson,,Del,,70,65,8,11,2,,,,,17,3,45,Jump Shot,4,Field Goal Missed,,,,105,105,
2,4,01,Davon Usher makes a layup shot.,117513,,true,false,false,Davon,,Usher,,Del,,70,67,8,11,3,,,,,19,2,40,Layup Shot,3,Field Goal Made,,,,105,105,
2,3,51,ND take a 20-second timeout.,,,false,false,false,,,,,,,70,67,8,11,0,,,,,0,,2,Short,11,Timeout,,,,46,46,
2,3,37,Garrick Sherman misses a layup shot.,88941,,true,false,false,Garrick,,Sherman,,ND,,70,67,8,11,2,,,,,17,2,40,Layup Shot,4,Field Goal Missed,,,,46,46,
2,3,08,Jarvis Threatt misses a layup shot.,110739,,true,false,false,Jarvis,,Threatt,,Del,,70,67,8,11,2,,,,,18,2,40,Layup Shot,4,Field Goal Missed,,,,105,105,
2,2,38,Personal foul committed by Davon Usher.,117513,,true,false,false,Davon,,Usher,,Del,,70,67,9,11,4,,,,,19,,1,Personal,8,Foul,,,,105,105,
2,2,38,Official TV timeout.,,,false,false,false,,,,,,,70,67,9,11,0,,,,,0,,3,Official TV,11,Timeout,,,,46,46,
2,2,38,Jerian Grant misses free throw 1st of 1-and-1.,97480,,true,false,false,Jerian,,Grant,,ND,,70,67,9,11,4,,,,,21,1,8,Free Throw 1st of 1-and-1,2,Free Throw Missed,,,,46,46,
2,2,09,Jarvis Threatt makes a layup shot.,110739,,true,false,false,Jarvis,,Threatt,,Del,,70,69,9,11,2,,,,,20,2,40,Layup Shot,3,Field Goal Made,,,,105,105,
2,2,09,Del take a 20-second timeout.,,,false,false,false,,,,,,,70,69,9,11,0,,,,,0,,2,Short,11,Timeout,,,,105,105,
2,1,34,Jerian Grant makes a jump shot.,97480,,true,false,false,Jerian,,Grant,,ND,,72,69,9,11,4,,,,,23,2,45,Jump Shot,3,Field Goal Made,,,,46,46,
2,1,00,Jerian Grant makes a jump shot.,97480,,true,false,false,Jerian,,Grant,,ND,,74,69,9,11,4,,,,,25,2,45,Jump Shot,3,Field Goal Made,,,,46,46,
2,0,58.9,Del take a 20-second timeout.,,,false,false,false,,,,,,,74,69,9,11,0,,,,,0,,2,Short,11,Timeout,,,,105,105,
2,0,42.2,Kyle Anderson misses a 3-point jump shot.,110740,,true,false,false,Kyle,,Anderson,,Del,,74,69,9,11,2,,,,,17,3,45,Jump Shot,4,Field Goal Missed,,,,105,105,
2,0,38.5,Personal foul committed by Carl Baptiste.,88652,,true,false,false,Carl,,Baptiste,,Del,,74,69,10,11,2,,,,,7,,1,Personal,8,Foul,,,,105,105,
2,0,38.5,Garrick Sherman makes free throw 1 of 2.,88941,,true,false,false,Garrick,,Sherman,,ND,,75,69,10,11,2,,,,,18,1,11,Free Throw 1 of 2,1,Free Throw Made,,,,46,46,
2,0,38.5,Garrick Sherman makes free throw 2 of 2.,88941,,true,false,false,Garrick,,Sherman,,ND,,76,69,10,11,2,,,,,19,1,12,Free Throw 2 of 2,1,Free Throw Made,,,,46,46,
2,0,33.5,Shooting foul committed by Garrick Sherman.,88941,,true,false,false,Garrick,,Sherman,,ND,,76,69,10,12,3,,,,,19,,2,Shooting,8,Foul,,,,46,46,
2,0,33.5,Jarvis Threatt makes free throw 1 of 2.,110739,,true,false,false,Jarvis,,Threatt,,Del,,76,70,10,12,2,,,,,21,1,11,Free Throw 1 of 2,1,Free Throw Made,,,,105,105,
2,0,33.5,Jarvis Threatt misses free throw 2 of 2.,110739,,true,false,false,Jarvis,,Threatt,,Del,,76,70,10,12,2,,,,,21,1,12,Free Throw 2 of 2,2,Free Throw Missed,,,,105,105,
2,0,30.8,Personal foul committed by Devonne Pinkard.,121637,,true,false,false,Devonne,,Pinkard,,Del,,76,70,11,12,2,,,,,2,,1,Personal,8,Foul,,,,105,105,
2,0,30.8,Pat Connaughton makes free throw 1 of 2.,109491,,true,false,false,Pat,,Connaughton,,ND,,77,70,11,12,2,,,,,18,1,11,Free Throw 1 of 2,1,Free Throw Made,,,,46,46,
2,0,30.8,Pat Connaughton makes free throw 2 of 2.,109491,,true,false,false,Pat,,Connaughton,,ND,,78,70,11,12,2,,,,,19,1,12,Free Throw 2 of 2,1,Free Throw Made,,,,46,46,
2,0,26.6,Jarvis Threatt makes a layup shot.,110739,,true,false,false,Jarvis,,Threatt,,Del,,78,72,11,12,2,,,,,23,2,40,Layup Shot,3,Field Goal Made,,,,105,105,
2,0,25.6,Del take a 20-second timeout.,,,false,false,false,,,,,,,78,72,11,12,0,,,,,0,,2,Short,11,Timeout,,,,105,105,
2,0,20.3,Personal foul committed by Kyle Anderson.,110740,,true,false,false,Kyle,,Anderson,,Del,,78,72,12,12,3,,,,,17,,1,Personal,8,Foul,,,,105,105,
2,0,20.3,Demetrius Jackson misses free throw 1 of 2.,120755,,true,false,false,Demetrius,,Jackson,,ND,,78,72,12,12,3,,,,,6,1,11,Free Throw 1 of 2,2,Free Throw Missed,,,,46,46,
2,0,20.3,Demetrius Jackson misses free throw 2 of 2.,120755,,true,false,false,Demetrius,,Jackson,,ND,,78,72,12,12,3,,,,,6,1,12,Free Throw 2 of 2,2,Free Throw Missed,,,,46,46,
2,0,10.4,Jarvis Threatt misses a 3-point jump shot.,110739,,true,false,false,Jarvis,,Threatt,,Del,,78,72,12,12,2,,,,,23,3,45,Jump Shot,4,Field Goal Missed,,,,105,105,
2,0,08.8,Personal foul committed by Jarvis Threatt.,110739,,true,false,false,Jarvis,,Threatt,,Del,,78,72,13,12,3,,,,,23,,1,Personal,8,Foul,,,,105,105,
2,0,08.8,Pat Connaughton makes free throw 1 of 2.,109491,,true,false,false,Pat,,Connaughton,,ND,,79,72,13,12,2,,,,,20,1,11,Free Throw 1 of 2,1,Free Throw Made,,,,46,46,
2,0,08.8,Pat Connaughton makes free throw 2 of 2.,109491,,true,false,false,Pat,,Connaughton,,ND,,80,72,13,12,2,,,,,21,1,12,Free Throw 2 of 2,1,Free Throw Made,,,,46,46,
2,0,01.8,Devonne Pinkard makes a 3-point jump shot.,121637,,true,false,false,Devonne,,Pinkard,,Del,,80,75,13,12,2,,,,,5,3,45,Jump Shot,3,Field Goal Made,,,,105,105,
2,0,00,End of the 2nd Half,,,false,false,false,,,,,,,80,75,13,12,0,,,,,0,,,,15,End Period,,,,46,46,
2,0,00,End of the Game,,,false,false,false,,,,,,,80,75,13,12,0,,,,,0,,,,19,Game Over,,,,46,46,
