half,time-minutes,time-seconds,details,player1-id,player2-id,player1-linkable,player2-linkable,player3-linkable,player-first-name-1,player-first-name-2,player-last-name-1,player-last-name-2,player-team-alias-1,player-team-alias-2,home-score,visitor-score,visitor-fouls,home-fouls,player-fouls,fastbreak,in-paint,second-chance,off-turnover,player-score,points-type,detail-id,detail-desc,event-id,event-desc,distance,x-coord,y-coord,team-id-1,team-id-2,team-id-3
1,20,00,Start of the 1st Half,,,false,false,false,,,,,,,0,0,0,0,0,,,,,0,,,,14,Start Period,,,,15,15,
1,19,30,Terry Allen makes a jump shot from 9 feet out. Alonzo Nelson-Ododa with the assist.,116032,109858,true,true,false,Terry,Alonzo,Allen,Nelson-Ododa,Rich,Rich,0,2,0,0,0,,,,,2,2,45,Jump Shot,3,Field Goal Made,9,-1,9,37,37,
1,19,03,Joel James misses a jump shot from 19 feet out.,116586,,true,false,false,Joel,,James,,UNC,,0,2,0,0,0,,,,,0,2,45,Jump Shot,4,Field Goal Missed,19,-5.9,17.6,15,15,
1,19,03,Derrick Williams with a defensive rebound.,97692,,true,false,false,Derrick,,Williams,,Rich,,0,2,0,0,0,,,,,0,,,,6,Defensive Rebound,,,,37,37,
1,18,45,Cedrick Lindsay makes a 3-point jump shot from 24 feet out. Derrick Williams with the assist.,97693,97692,true,true,false,Cedrick,Derrick,Lindsay,Williams,Rich,Rich,0,5,0,0,0,,,,,3,3,45,Jump Shot,3,Field Goal Made,24,-13,20,37,37,
1,18,30,James Michael McAdoo with a lost ball turnover: Lost Ball,110437,,true,false,false,James Michael,,McAdoo,,UNC,,0,5,0,0,0,,,,,0,,2,Lost Ball,7,Turnover,,,,15,15,
1,18,20,Personal foul committed by Nate Britt.,121344,,true,false,false,Nate,,Britt,,UNC,,0,5,0,1,1,,,,,0,,1,Personal,8,Foul,,,,15,15,
1,18,15,Terry Allen with a lost ball turnover: Lost Ball,116032,,true,false,false,Terry,,Allen,,Rich,,0,5,0,1,0,,,,,2,,2,Lost Ball,7,Turnover,,,,37,37,
1,18,15,Shooting foul committed by Terry Allen.,116032,,true,false,false,Terry,,Allen,,Rich,,0,5,1,1,1,,,,,2,,2,Shooting,8,Foul,,,,37,37,
1,18,07,Joel James makes a hook shot from 12 feet out. Jackson Simmons with the assist.,116586,110436,true,true,false,Joel,Jackson,James,Simmons,UNC,UNC,2,5,1,1,0,,,,,2,2,55,Hook Shot,3,Field Goal Made,12,-12,3,15,15,
1,17,44,Derrick Williams makes a 3-point jump shot from 23 feet out. Cedrick Lindsay with the assist.,97692,97693,true,true,false,Derrick,Cedrick,Williams,Lindsay,Rich,Rich,2,8,1,1,0,,,,,3,3,45,Jump Shot,3,Field Goal Made,23,-22.5,.9,37,37,
1,17,37,Joel James with a bad pass turnover: Bad Pass,116586,,true,false,false,Joel,,James,,UNC,,2,8,1,1,0,,,,,2,,1,Bad Pass,7,Turnover,,,,15,15,
1,17,18,Shooting foul committed by Nate Britt.,121344,,true,false,false,Nate,,Britt,,UNC,,2,8,1,2,2,,,,,0,,2,Shooting,8,Foul,,,,15,15,
1,17,18,Cedrick Lindsay makes free throw 1 of 2.,97693,,true,false,false,Cedrick,,Lindsay,,Rich,,2,9,1,2,0,,,,,4,1,11,Free Throw 1 of 2,1,Free Throw Made,,,,37,37,
1,17,18,Cedrick Lindsay makes free throw 2 of 2.,97693,,true,false,false,Cedrick,,Lindsay,,Rich,,2,10,1,2,0,,,,,5,1,12,Free Throw 2 of 2,1,Free Throw Made,,,,37,37,
1,17,05,J.P. Tokoto makes a jump shot from 17 feet out.,116589,,true,false,false,J.P.,,Tokoto,,UNC,,4,10,1,2,0,,,,,2,2,45,Jump Shot,3,Field Goal Made,17,16.6,3,15,15,
1,16,48,Derrick Williams with a lost ball turnover: Lost Ball,97692,,true,false,false,Derrick,,Williams,,Rich,,4,10,1,2,0,,,,,3,,2,Lost Ball,7,Turnover,,,,37,37,
1,16,32,James Michael McAdoo misses a layup shot.,110437,,true,false,false,James Michael,,McAdoo,,UNC,,4,10,1,2,0,,,,,0,2,40,Layup Shot,4,Field Goal Missed,0,0,0,15,15,
1,16,32,Joel James with an offensive rebound.,116586,,true,false,false,Joel,,James,,UNC,,4,10,1,2,0,,,,,2,,,,5,Offensive Rebound,,,,15,15,
1,16,30,Joel James misses a layup shot.,116586,,true,false,false,Joel,,James,,UNC,,4,10,1,2,0,,,,,2,2,40,Layup Shot,4,Field Goal Missed,0,0,0,15,15,
1,16,30,UNC with an offensive rebound.,,,false,false,false,,,,,,,4,10,1,2,0,,,,,0,,,,5,Offensive Rebound,,,,15,15,
1,16,22,Marcus Paige misses a 3-point jump shot from 22 feet out.,116587,,true,false,false,Marcus,,Paige,,UNC,,4,10,1,2,0,,,,,0,3,45,Jump Shot,4,Field Goal Missed,22,8.1,20.7,15,15,
1,16,22,Alonzo Nelson-Ododa with a defensive rebound.,109858,,true,false,false,Alonzo,,Nelson-Ododa,,Rich,,4,10,1,2,0,,,,,0,,,,6,Defensive Rebound,,,,37,37,
1,16,14,Cedrick Lindsay with a lost ball turnover: Lost Ball,97693,,true,false,false,Cedrick,,Lindsay,,Rich,,4,10,1,2,0,,,,,5,,2,Lost Ball,7,Turnover,,,,37,37,
1,16,11,J.P. Tokoto makes a layup shot.,116589,,true,false,false,J.P.,,Tokoto,,UNC,,6,10,1,2,0,,,,,4,2,40,Layup Shot,3,Field Goal Made,0,0,0,15,15,
1,15,58,Alonzo Nelson-Ododa misses a 3-point jump shot from 22 feet out.,109858,,true,false,false,Alonzo,,Nelson-Ododa,,Rich,,6,10,1,2,0,,,,,0,3,45,Jump Shot,4,Field Goal Missed,22,22,2,37,37,
1,15,58,Cedrick Lindsay with an offensive rebound.,97693,,true,false,false,Cedrick,,Lindsay,,Rich,,6,10,1,2,0,,,,,5,,,,5,Offensive Rebound,,,,37,37,
1,15,56,Personal foul committed by James Michael McAdoo.,110437,,true,false,false,James Michael,,McAdoo,,UNC,,6,10,1,3,1,,,,,0,,1,Personal,8,Foul,,,,15,15,
1,15,56,Official TV timeout.,,,false,false,false,,,,,,,6,10,1,3,0,,,,,0,,3,Official TV,11,Timeout,,,,15,15,
1,15,37,Cedrick Lindsay makes a 3-point jump shot from 23 feet out. Trey Davis with the assist.,97693,109855,true,true,false,Cedrick,Trey,Lindsay,Davis,Rich,Rich,6,13,1,3,0,,,,,8,3,45,Jump Shot,3,Field Goal Made,23,22.4,3.8,37,37,
1,14,58,Marcus Paige misses a jump shot from 10 feet out.,116587,,true,false,false,Marcus,,Paige,,UNC,,6,13,1,3,0,,,,,0,2,45,Jump Shot,4,Field Goal Missed,10,-10,3,15,15,
1,14,58,UNC with an offensive rebound.,,,false,false,false,,,,,,,6,13,1,3,0,,,,,0,,,,5,Offensive Rebound,,,,15,15,
1,14,55,James Michael McAdoo makes a jump shot from 7 feet out. Marcus Paige with the assist.,110437,116587,true,true,false,James Michael,Marcus,McAdoo,Paige,UNC,UNC,8,13,1,3,1,,,,,2,2,45,Jump Shot,3,Field Goal Made,7,1,7,15,15,
1,14,45,Alonzo Nelson-Ododa makes a hook shot from 9 feet out.,109858,,true,false,false,Alonzo,,Nelson-Ododa,,Rich,,8,15,1,3,0,,,,,2,2,55,Hook Shot,3,Field Goal Made,9,-3,8.7,37,37,
1,14,20,J.P. Tokoto misses a 3-point jump shot from 23 feet out.,116589,,true,false,false,J.P.,,Tokoto,,UNC,,8,15,1,3,0,,,,,4,3,45,Jump Shot,4,Field Goal Missed,23,5.9,22.7,15,15,
1,14,20,Trey Davis with a defensive rebound.,109855,,true,false,false,Trey,,Davis,,Rich,,8,15,1,3,0,,,,,0,,,,6,Defensive Rebound,,,,37,37,
1,14,12,Alonzo Nelson-Ododa makes a hook shot from 8 feet out.,109858,,true,false,false,Alonzo,,Nelson-Ododa,,Rich,,8,17,1,3,0,,,,,4,2,55,Hook Shot,3,Field Goal Made,8,-2.6,8.1,37,37,
1,14,09,Luke Davis with a out of bounds turnover: Out of Bounds,98623,,true,false,false,Luke,,Davis,,UNC,,8,17,1,3,0,,,,,0,,3,Out of Bounds,7,Turnover,,,,15,15,
1,13,43,Trey Davis misses a jump shot from 19 feet out.,109855,,true,false,false,Trey,,Davis,,Rich,,8,17,1,3,0,,,,,0,2,45,Jump Shot,4,Field Goal Missed,19,9.9,16.4,37,37,
1,13,43,Brice Johnson with a defensive rebound.,116588,,true,false,false,Brice,,Johnson,,UNC,,8,17,1,3,0,,,,,0,,,,6,Defensive Rebound,,,,15,15,
1,13,35,Brice Johnson makes a layup shot. Luke Davis with the assist.,116588,98623,true,true,false,Brice,Luke,Johnson,Davis,UNC,UNC,10,17,1,3,0,,,,,2,2,40,Layup Shot,3,Field Goal Made,0,0,0,15,15,
1,13,21,Alonzo Nelson-Ododa with a bad pass turnover: Bad Pass,109858,,true,false,false,Alonzo,,Nelson-Ododa,,Rich,,10,17,1,3,0,,,,,4,,1,Bad Pass,7,Turnover,,,,37,37,
1,13,09,Brice Johnson misses a hook shot from 8 feet out.,116588,,true,false,false,Brice,,Johnson,,UNC,,10,17,1,3,0,,,,,2,2,55,Hook Shot,4,Field Goal Missed,8,-3.8,7,15,15,
1,13,09,Trey Davis with a defensive rebound.,109855,,true,false,false,Trey,,Davis,,Rich,,10,17,1,3,0,,,,,0,,,,6,Defensive Rebound,,,,37,37,
1,13,01,Offensive foul committed by Terry Allen.,116032,,true,false,false,Terry,,Allen,,Rich,,10,17,2,3,2,,,,,2,,4,Offensive,8,Foul,,,,37,37,
1,13,01,Terry Allen with a  turnover:,116032,,true,false,false,Terry,,Allen,,Rich,,10,17,2,3,2,,,,,2,,,,7,Turnover,,,,37,37,
1,12,43,Marcus Paige makes a 3-point jump shot from 24 feet out. Luke Davis with the assist.,116587,98623,true,true,false,Marcus,Luke,Paige,Davis,UNC,UNC,13,17,2,3,0,,,,,3,3,45,Jump Shot,3,Field Goal Made,24,-13.5,19.6,15,15,
1,12,12,Deion Taylor misses a 3-point jump shot from 23 feet out.,116034,,true,false,false,Deion,,Taylor,,Rich,,13,17,2,3,0,,,,,0,3,45,Jump Shot,4,Field Goal Missed,23,11.5,20.1,37,37,
1,12,12,Marcus Paige with a defensive rebound.,116587,,true,false,false,Marcus,,Paige,,UNC,,13,17,2,3,0,,,,,3,,,,6,Defensive Rebound,,,,15,15,
1,11,58,Brice Johnson misses a layup shot.,116588,,true,false,false,Brice,,Johnson,,UNC,,13,17,2,3,0,,,,,2,2,40,Layup Shot,4,Field Goal Missed,0,0,0,15,15,
1,11,58,Marcus Paige with an offensive rebound.,116587,,true,false,false,Marcus,,Paige,,UNC,,13,17,2,3,0,,,,,3,,,,5,Offensive Rebound,,,,15,15,
1,11,47,Marcus Paige misses a 3-point jump shot from 25 feet out.,116587,,true,false,false,Marcus,,Paige,,UNC,,13,17,2,3,0,,,,,3,3,45,Jump Shot,4,Field Goal Missed,25,-.8,24.7,15,15,
1,11,47,Rich with a defensive rebound.,,,false,false,false,,,,,,,13,17,2,3,0,,,,,0,,,,6,Defensive Rebound,,,,37,37,
1,11,47,Official TV timeout.,,,false,false,false,,,,,,,13,17,2,3,0,,,,,0,,3,Official TV,11,Timeout,,,,15,15,
1,11,26,Cedrick Lindsay with a lost ball turnover: Lost Ball,97693,,true,false,false,Cedrick,,Lindsay,,Rich,,13,17,2,3,0,,,,,8,,2,Lost Ball,7,Turnover,,,,37,37,
1,11,05,Nate Britt makes a layup shot.,121344,,true,false,false,Nate,,Britt,,UNC,,15,17,2,3,2,,,,,2,2,40,Layup Shot,3,Field Goal Made,0,0,0,15,15,
1,11,05,Shooting foul committed by Derrick Williams.,97692,,true,false,false,Derrick,,Williams,,Rich,,15,17,3,3,1,,,,,3,,2,Shooting,8,Foul,,,,37,37,
1,11,05,Nate Britt misses free throw 1 of 1.,121344,,true,false,false,Nate,,Britt,,UNC,,15,17,3,3,2,,,,,2,1,10,Free Throw 1 of 1,2,Free Throw Missed,,,,15,15,
1,11,05,Luke Davis with an offensive rebound.,98623,,true,false,false,Luke,,Davis,,UNC,,15,17,3,3,0,,,,,0,,,,5,Offensive Rebound,,,,15,15,
1,10,47,Brice Johnson makes a jump shot from 11 feet out.,116588,,true,false,false,Brice,,Johnson,,UNC,,17,17,3,3,0,,,,,4,2,45,Jump Shot,3,Field Goal Made,11,1.1,10.8,15,15,
1,10,22,Personal foul committed by Desmond Hubert.,110434,,true,false,false,Desmond,,Hubert,,UNC,,17,17,3,4,1,,,,,0,,1,Personal,8,Foul,,,,15,15,
1,10,19,Shooting foul committed by Desmond Hubert.,110434,,true,false,false,Desmond,,Hubert,,UNC,,17,17,3,5,2,,,,,0,,2,Shooting,8,Foul,,,,15,15,
1,10,19,Cedrick Lindsay makes free throw 1 of 2.,97693,,true,false,false,Cedrick,,Lindsay,,Rich,,17,18,3,5,0,,,,,9,1,11,Free Throw 1 of 2,1,Free Throw Made,,,,37,37,
1,10,19,Cedrick Lindsay makes free throw 2 of 2.,97693,,true,false,false,Cedrick,,Lindsay,,Rich,,17,19,3,5,0,,,,,10,1,12,Free Throw 2 of 2,1,Free Throw Made,,,,37,37,
1,10,11,Shooting foul committed by Wayne Sparrow.,97694,,true,false,false,Wayne,,Sparrow,,Rich,,17,19,4,5,1,,,,,0,,2,Shooting,8,Foul,,,,37,37,
1,10,11,Brice Johnson makes free throw 1 of 2.,116588,,true,false,false,Brice,,Johnson,,UNC,,18,19,4,5,0,,,,,5,1,11,Free Throw 1 of 2,1,Free Throw Made,,,,15,15,
1,10,11,Brice Johnson misses free throw 2 of 2.,116588,,true,false,false,Brice,,Johnson,,UNC,,18,19,4,5,0,,,,,5,1,12,Free Throw 2 of 2,2,Free Throw Missed,,,,15,15,
1,10,11,Wayne Sparrow with a defensive rebound.,97694,,true,false,false,Wayne,,Sparrow,,Rich,,18,19,4,5,1,,,,,0,,,,6,Defensive Rebound,,,,37,37,
1,9,37,Alonzo Nelson-Ododa with a lost ball turnover: Lost Ball,109858,,true,false,false,Alonzo,,Nelson-Ododa,,Rich,,18,19,4,5,0,,,,,4,,2,Lost Ball,7,Turnover,,,,37,37,
1,9,37,Brice Johnson misses a jump shot from 12 feet out.,116588,,true,false,false,Brice,,Johnson,,UNC,,18,19,4,5,0,,,,,5,2,45,Jump Shot,4,Field Goal Missed,12,4,11,15,15,
1,9,37,Wayne Sparrow with a defensive rebound.,97694,,true,false,false,Wayne,,Sparrow,,Rich,,18,19,4,5,1,,,,,0,,,,6,Defensive Rebound,,,,37,37,
1,9,30,Shooting foul committed by Luke Davis.,98623,,true,false,false,Luke,,Davis,,UNC,,18,19,4,6,1,,,,,0,,2,Shooting,8,Foul,,,,15,15,
1,9,30,Cedrick Lindsay makes free throw 1 of 2.,97693,,true,false,false,Cedrick,,Lindsay,,Rich,,18,20,4,6,0,,,,,11,1,11,Free Throw 1 of 2,1,Free Throw Made,,,,37,37,
1,9,30,Cedrick Lindsay makes free throw 2 of 2.,97693,,true,false,false,Cedrick,,Lindsay,,Rich,,18,21,4,6,0,,,,,12,1,12,Free Throw 2 of 2,1,Free Throw Made,,,,37,37,
1,9,14,Isaiah Hicks with a traveling turnover: Traveling,121346,,true,false,false,Isaiah,,Hicks,,UNC,,18,21,4,6,0,,,,,0,,4,Traveling,7,Turnover,,,,15,15,
1,9,03,Alonzo Nelson-Ododa misses a layup shot.,109858,,true,false,false,Alonzo,,Nelson-Ododa,,Rich,,18,21,4,6,0,,,,,4,2,40,Layup Shot,4,Field Goal Missed,0,0,0,37,37,
1,9,03,Trey Davis with an offensive rebound.,109855,,true,false,false,Trey,,Davis,,Rich,,18,21,4,6,0,,,,,0,,,,5,Offensive Rebound,,,,37,37,
1,8,56,Offensive foul committed by Alonzo Nelson-Ododa.,109858,,true,false,false,Alonzo,,Nelson-Ododa,,Rich,,18,21,5,6,1,,,,,4,,4,Offensive,8,Foul,,,,37,37,
1,8,56,Alonzo Nelson-Ododa with a  turnover:,109858,,true,false,false,Alonzo,,Nelson-Ododa,,Rich,,18,21,5,6,1,,,,,4,,,,7,Turnover,,,,37,37,
1,8,26,Shooting foul committed by Trey Davis.,109855,,true,false,false,Trey,,Davis,,Rich,,18,21,6,6,1,,,,,0,,2,Shooting,8,Foul,,,,37,37,
1,8,26,Marcus Paige makes free throw 1 of 3.,116587,,true,false,false,Marcus,,Paige,,UNC,,19,21,6,6,0,,,,,4,1,13,Free Throw 1 of 3,1,Free Throw Made,,,,15,15,
1,8,26,Marcus Paige makes free throw 2 of 3.,116587,,true,false,false,Marcus,,Paige,,UNC,,20,21,6,6,0,,,,,5,1,14,Free Throw 2 of 3,1,Free Throw Made,,,,15,15,
1,8,26,Marcus Paige makes free throw 3 of 3.,116587,,true,false,false,Marcus,,Paige,,UNC,,21,21,6,6,0,,,,,6,1,15,Free Throw 3 of 3,1,Free Throw Made,,,,15,15,
1,8,06,Kendall Anthony makes a 3-point jump shot from 24 feet out. Josh Jones with the assist.,109854,120877,true,true,false,Kendall,Josh,Anthony,Jones,Rich,Rich,21,24,6,6,0,,,,,3,3,45,Jump Shot,3,Field Goal Made,24,10.8,21.5,37,37,
1,7,51,Joel James misses a layup shot.,116586,,true,false,false,Joel,,James,,UNC,,21,24,6,6,0,,,,,2,2,40,Layup Shot,4,Field Goal Missed,0,0,0,15,15,
1,7,51,Joel James with an offensive rebound.,116586,,true,false,false,Joel,,James,,UNC,,21,24,6,6,0,,,,,2,,,,5,Offensive Rebound,,,,15,15,
1,7,49,Shooting foul committed by Alonzo Nelson-Ododa.,109858,,true,false,false,Alonzo,,Nelson-Ododa,,Rich,,21,24,7,6,2,,,,,4,,2,Shooting,8,Foul,,,,37,37,
1,7,49,Official TV timeout.,,,false,false,false,,,,,,,21,24,7,6,0,,,,,0,,3,Official TV,11,Timeout,,,,15,15,
1,7,49,Joel James makes free throw 1 of 2.,116586,,true,false,false,Joel,,James,,UNC,,22,24,7,6,0,,,,,3,1,11,Free Throw 1 of 2,1,Free Throw Made,,,,15,15,
1,7,49,Joel James misses free throw 2 of 2.,116586,,true,false,false,Joel,,James,,UNC,,22,24,7,6,0,,,,,3,1,12,Free Throw 2 of 2,2,Free Throw Missed,,,,15,15,
1,7,49,Derrick Williams with a defensive rebound.,97692,,true,false,false,Derrick,,Williams,,Rich,,22,24,7,6,1,,,,,3,,,,6,Defensive Rebound,,,,37,37,
1,7,14,Kendall Anthony makes a layup shot.,109854,,true,false,false,Kendall,,Anthony,,Rich,,22,26,7,6,0,,,,,5,2,40,Layup Shot,3,Field Goal Made,0,0,0,37,37,
1,7,01,Isaiah Hicks makes a layup shot. Joel James with the assist.,121346,116586,true,true,false,Isaiah,Joel,Hicks,James,UNC,UNC,24,26,7,6,0,,,,,2,2,40,Layup Shot,3,Field Goal Made,0,0,0,15,15,
1,6,33,Derrick Williams makes a layup shot.,97692,,true,false,false,Derrick,,Williams,,Rich,,24,28,7,6,1,,,,,5,2,40,Layup Shot,3,Field Goal Made,0,0,0,37,37,
1,6,18,Shooting foul committed by Wayne Sparrow.,97694,,true,false,false,Wayne,,Sparrow,,Rich,,24,28,8,6,2,,,,,0,,2,Shooting,8,Foul,,,,37,37,
1,6,18,Kennedy Meeks misses free throw 1 of 2.,121345,,true,false,false,Kennedy,,Meeks,,UNC,,24,28,8,6,0,,,,,0,1,11,Free Throw 1 of 2,2,Free Throw Missed,,,,15,15,
1,6,18,UNC with an offensive rebound.,,,false,false,false,,,,,,,24,28,8,6,0,,,,,0,,,,5,Offensive Rebound,,,,15,15,
1,6,18,Kennedy Meeks makes free throw 2 of 2.,121345,,true,false,false,Kennedy,,Meeks,,UNC,,25,28,8,6,0,,,,,1,1,12,Free Throw 2 of 2,1,Free Throw Made,,,,15,15,
1,5,45,Cedrick Lindsay misses a 3-point jump shot from 24 feet out.,97693,,true,false,false,Cedrick,,Lindsay,,Rich,,25,28,8,6,0,,,,,12,3,45,Jump Shot,4,Field Goal Missed,24,-16.1,18.3,37,37,
1,5,45,James Michael McAdoo with a defensive rebound.,110437,,true,false,false,James Michael,,McAdoo,,UNC,,25,28,8,6,1,,,,,2,,,,6,Defensive Rebound,,,,15,15,
1,5,34,Brice Johnson makes a jump shot from 12 feet out. Marcus Paige with the assist.,116588,116587,true,true,false,Brice,Marcus,Johnson,Paige,UNC,UNC,27,28,8,6,0,,,,,7,2,45,Jump Shot,3,Field Goal Made,12,-12,2.3,15,15,
1,5,26,Deion Taylor makes a layup shot. Derrick Williams with the assist.,116034,97692,true,true,false,Deion,Derrick,Taylor,Williams,Rich,Rich,27,30,8,6,0,,,,,2,2,40,Layup Shot,3,Field Goal Made,0,0,0,37,37,
1,5,26,Shooting foul committed by James Michael McAdoo.,110437,,true,false,false,James Michael,,McAdoo,,UNC,,27,30,8,7,2,,,,,2,,2,Shooting,8,Foul,,,,15,15,
1,5,26,Deion Taylor misses free throw 1 of 1.,116034,,true,false,false,Deion,,Taylor,,Rich,,27,30,8,7,0,,,,,2,1,10,Free Throw 1 of 1,2,Free Throw Missed,,,,37,37,
1,5,26,Kennedy Meeks with a defensive rebound.,121345,,true,false,false,Kennedy,,Meeks,,UNC,,27,30,8,7,0,,,,,1,,,,6,Defensive Rebound,,,,15,15,
1,5,10,J.P. Tokoto misses a 3-point jump shot from 23 feet out.,116589,,true,false,false,J.P.,,Tokoto,,UNC,,27,30,8,7,0,,,,,4,3,45,Jump Shot,4,Field Goal Missed,23,22.7,1.6,15,15,
1,5,10,Kendall Anthony with a defensive rebound.,109854,,true,false,false,Kendall,,Anthony,,Rich,,27,30,8,7,0,,,,,5,,,,6,Defensive Rebound,,,,37,37,
1,4,55,Deion Taylor misses a 3-point jump shot from 22 feet out.,116034,,true,false,false,Deion,,Taylor,,Rich,,27,30,8,7,0,,,,,2,3,45,Jump Shot,4,Field Goal Missed,22,22.2,2.1,37,37,
1,4,55,J.P. Tokoto with a defensive rebound.,116589,,true,false,false,J.P.,,Tokoto,,UNC,,27,30,8,7,0,,,,,4,,,,6,Defensive Rebound,,,,15,15,
1,4,39,Brice Johnson misses a jump shot from 12 feet out.,116588,,true,false,false,Brice,,Johnson,,UNC,,27,30,8,7,0,,,,,7,2,45,Jump Shot,4,Field Goal Missed,12,-11.8,2.5,15,15,
1,4,39,Kennedy Meeks with an offensive rebound.,121345,,true,false,false,Kennedy,,Meeks,,UNC,,27,30,8,7,0,,,,,1,,,,5,Offensive Rebound,,,,15,15,
1,4,32,Kennedy Meeks misses a layup shot.,121345,,true,false,false,Kennedy,,Meeks,,UNC,,27,30,8,7,0,,,,,1,2,40,Layup Shot,4,Field Goal Missed,0,0,0,15,15,
1,4,32,Cedrick Lindsay with a defensive rebound.,97693,,true,false,false,Cedrick,,Lindsay,,Rich,,27,30,8,7,0,,,,,12,,,,6,Defensive Rebound,,,,37,37,
1,4,24,Kendall Anthony misses a jump shot from 13 feet out.,109854,,true,false,false,Kendall,,Anthony,,Rich,,27,30,8,7,0,,,,,5,2,45,Jump Shot,4,Field Goal Missed,13,-13,2,37,37,
1,4,24,Kennedy Meeks with a defensive rebound.,121345,,true,false,false,Kennedy,,Meeks,,UNC,,27,30,8,7,0,,,,,1,,,,6,Defensive Rebound,,,,15,15,
1,4,12,Kennedy Meeks misses a layup shot.,121345,,true,false,false,Kennedy,,Meeks,,UNC,,27,30,8,7,0,,,,,1,2,40,Layup Shot,4,Field Goal Missed,0,0,0,15,15,
1,4,12,J.P. Tokoto with an offensive rebound.,116589,,true,false,false,J.P.,,Tokoto,,UNC,,27,30,8,7,0,,,,,4,,,,5,Offensive Rebound,,,,15,15,
1,4,10,Personal foul committed by Cedrick Lindsay.,97693,,true,false,false,Cedrick,,Lindsay,,Rich,,27,30,9,7,1,,,,,12,,1,Personal,8,Foul,,,,37,37,
1,4,10,James Michael McAdoo makes free throw 1st of 1-and-1.,110437,,true,false,false,James Michael,,McAdoo,,UNC,,28,30,9,7,2,,,,,3,1,8,Free Throw 1st of 1-and-1,1,Free Throw Made,,,,15,15,
1,4,10,James Michael McAdoo misses free throw 2nd of 1-and-1.,110437,,true,false,false,James Michael,,McAdoo,,UNC,,28,30,9,7,2,,,,,3,1,9,Free Throw 2nd of 1-and-1,2,Free Throw Missed,,,,15,15,
1,4,10,Cedrick Lindsay with a defensive rebound.,97693,,true,false,false,Cedrick,,Lindsay,,Rich,,28,30,9,7,1,,,,,12,,,,6,Defensive Rebound,,,,37,37,
1,3,48,Personal foul committed by Wade Moody.,118844,,true,false,false,Wade,,Moody,,UNC,,28,30,9,8,1,,,,,0,,1,Personal,8,Foul,,,,15,15,
1,3,48,Official TV timeout.,,,false,false,false,,,,,,,28,30,9,8,0,,,,,0,,3,Official TV,11,Timeout,,,,15,15,
1,3,48,Kendall Anthony makes free throw 1st of 1-and-1.,109854,,true,false,false,Kendall,,Anthony,,Rich,,28,31,9,8,0,,,,,6,1,8,Free Throw 1st of 1-and-1,1,Free Throw Made,,,,37,37,
1,3,48,Kendall Anthony misses free throw 2nd of 1-and-1.,109854,,true,false,false,Kendall,,Anthony,,Rich,,28,31,9,8,0,,,,,6,1,9,Free Throw 2nd of 1-and-1,2,Free Throw Missed,,,,37,37,
1,3,48,James Michael McAdoo with a defensive rebound.,110437,,true,false,false,James Michael,,McAdoo,,UNC,,28,31,9,8,2,,,,,3,,,,6,Defensive Rebound,,,,15,15,
1,3,25,Marcus Paige misses a jump shot from 14 feet out.,116587,,true,false,false,Marcus,,Paige,,UNC,,28,31,9,8,0,,,,,6,2,45,Jump Shot,4,Field Goal Missed,14,-13.2,4,15,15,
1,3,25,Kendall Anthony with a defensive rebound.,109854,,true,false,false,Kendall,,Anthony,,Rich,,28,31,9,8,0,,,,,6,,,,6,Defensive Rebound,,,,37,37,
1,3,24,Kendall Anthony with a lost ball turnover: Lost Ball,109854,,true,false,false,Kendall,,Anthony,,Rich,,28,31,9,8,0,,,,,6,,2,Lost Ball,7,Turnover,,,,37,37,
1,3,12,Shooting foul committed by Kendall Anthony.,109854,,true,false,false,Kendall,,Anthony,,Rich,,28,31,10,8,1,,,,,6,,2,Shooting,8,Foul,,,,37,37,
1,3,12,James Michael McAdoo makes free throw 1 of 2.,110437,,true,false,false,James Michael,,McAdoo,,UNC,,29,31,10,8,2,,,,,4,1,11,Free Throw 1 of 2,1,Free Throw Made,,,,15,15,
1,3,12,James Michael McAdoo makes free throw 2 of 2.,110437,,true,false,false,James Michael,,McAdoo,,UNC,,30,31,10,8,2,,,,,5,1,12,Free Throw 2 of 2,1,Free Throw Made,,,,15,15,
1,2,49,Derrick Williams misses a hook shot from 7 feet out.,97692,,true,false,false,Derrick,,Williams,,Rich,,30,31,10,8,1,,,,,5,2,55,Hook Shot,4,Field Goal Missed,7,-.1,7,37,37,
1,2,49,Trey Davis with an offensive rebound.,109855,,true,false,false,Trey,,Davis,,Rich,,30,31,10,8,1,,,,,0,,,,5,Offensive Rebound,,,,37,37,
1,2,47,Personal foul committed by Jackson Simmons.,110436,,true,false,false,Jackson,,Simmons,,UNC,,30,31,10,9,1,,,,,0,,1,Personal,8,Foul,,,,15,15,
1,2,47,Trey Davis makes free throw 1st of 1-and-1.,109855,,true,false,false,Trey,,Davis,,Rich,,30,32,10,9,1,,,,,1,1,8,Free Throw 1st of 1-and-1,1,Free Throw Made,,,,37,37,
1,2,47,Trey Davis makes free throw 2nd of 1-and-1.,109855,,true,false,false,Trey,,Davis,,Rich,,30,33,10,9,1,,,,,2,1,9,Free Throw 2nd of 1-and-1,1,Free Throw Made,,,,37,37,
1,2,35,Isaiah Hicks with a lost ball turnover: Lost Ball,121346,,true,false,false,Isaiah,,Hicks,,UNC,,30,33,10,9,0,,,,,2,,2,Lost Ball,7,Turnover,,,,15,15,
1,2,18,Kendall Anthony misses a layup shot.,109854,,true,false,false,Kendall,,Anthony,,Rich,,30,33,10,9,1,,,,,6,2,40,Layup Shot,4,Field Goal Missed,0,0,0,37,37,
1,2,18,Rich with an offensive rebound.,,,false,false,false,,,,,,,30,33,10,9,0,,,,,0,,,,5,Offensive Rebound,,,,37,37,
1,1,58,Cedrick Lindsay misses a 3-point jump shot from 23 feet out.,97693,,true,false,false,Cedrick,,Lindsay,,Rich,,30,33,10,9,1,,,,,12,3,45,Jump Shot,4,Field Goal Missed,23,10,21,37,37,
1,1,58,Brice Johnson with a defensive rebound.,116588,,true,false,false,Brice,,Johnson,,UNC,,30,33,10,9,0,,,,,7,,,,6,Defensive Rebound,,,,15,15,
1,1,37,Shooting foul committed by Derrick Williams.,97692,,true,false,false,Derrick,,Williams,,Rich,,30,33,11,9,2,,,,,5,,2,Shooting,8,Foul,,,,37,37,
1,1,37,Brice Johnson makes free throw 1 of 2.,116588,,true,false,false,Brice,,Johnson,,UNC,,31,33,11,9,0,,,,,8,1,11,Free Throw 1 of 2,1,Free Throw Made,,,,15,15,
1,1,37,Brice Johnson misses free throw 2 of 2.,116588,,true,false,false,Brice,,Johnson,,UNC,,31,33,11,9,0,,,,,8,1,12,Free Throw 2 of 2,2,Free Throw Missed,,,,15,15,
1,1,37,Derrick Williams with a defensive rebound.,97692,,true,false,false,Derrick,,Williams,,Rich,,31,33,11,9,2,,,,,5,,,,6,Defensive Rebound,,,,37,37,
1,1,29,Cedrick Lindsay misses a layup shot.,97693,,true,false,false,Cedrick,,Lindsay,,Rich,,31,33,11,9,1,,,,,12,2,40,Layup Shot,4,Field Goal Missed,0,0,0,37,37,
1,1,29,UNC with a defensive rebound.,,,false,false,false,,,,,,,31,33,11,9,0,,,,,0,,,,6,Defensive Rebound,,,,15,15,
1,1,26,Brice Johnson makes a dunk shot.,116588,,true,false,false,Brice,,Johnson,,UNC,,33,33,11,9,0,,,,,10,2,48,Dunk Shot,3,Field Goal Made,0,0,0,15,15,
1,1,22,Terry Allen misses a layup shot.,116032,,true,false,false,Terry,,Allen,,Rich,,33,33,11,9,2,,,,,2,2,40,Layup Shot,4,Field Goal Missed,0,0,0,37,37,
1,1,22,Jackson Simmons with a defensive rebound.,110436,,true,false,false,Jackson,,Simmons,,UNC,,33,33,11,9,1,,,,,0,,,,6,Defensive Rebound,,,,15,15,
1,1,00,Trey Davis misses a layup shot.,109855,,true,false,false,Trey,,Davis,,Rich,,33,33,11,9,1,,,,,2,2,40,Layup Shot,4,Field Goal Missed,0,0,0,37,37,
1,1,00,Jackson Simmons with a defensive rebound.,110436,,true,false,false,Jackson,,Simmons,,UNC,,33,33,11,9,1,,,,,0,,,,6,Defensive Rebound,,,,15,15,
1,0,37.3,Personal foul committed by Trey Davis.,109855,,true,false,false,Trey,,Davis,,Rich,,33,33,12,9,2,,,,,2,,1,Personal,8,Foul,,,,37,37,
1,0,37.3,Marcus Paige makes free throw 1 of 2.,116587,,true,false,false,Marcus,,Paige,,UNC,,34,33,12,9,0,,,,,7,1,11,Free Throw 1 of 2,1,Free Throw Made,,,,15,15,
1,0,37.3,Marcus Paige makes free throw 2 of 2.,116587,,true,false,false,Marcus,,Paige,,UNC,,35,33,12,9,0,,,,,8,1,12,Free Throw 2 of 2,1,Free Throw Made,,,,15,15,
1,0,37.3,Rich take a 20-second timeout.,,,false,false,false,,,,,,,35,33,12,9,0,,,,,0,,2,Short,11,Timeout,,,,37,37,
1,0,11.5,Kendall Anthony misses a 3-point jump shot from 23 feet out.,109854,,true,false,false,Kendall,,Anthony,,Rich,,35,33,12,9,1,,,,,6,3,45,Jump Shot,4,Field Goal Missed,23,-20.5,9.9,37,37,
1,0,11.5,Jackson Simmons with a defensive rebound.,110436,,true,false,false,Jackson,,Simmons,,UNC,,35,33,12,9,1,,,,,0,,,,6,Defensive Rebound,,,,15,15,
1,0,09.4,Personal foul committed by Deion Taylor.,116034,,true,false,false,Deion,,Taylor,,Rich,,35,33,13,9,1,,,,,2,,1,Personal,8,Foul,,,,37,37,
1,0,09.4,Jackson Simmons misses free throw 1 of 2.,110436,,true,false,false,Jackson,,Simmons,,UNC,,35,33,13,9,1,,,,,0,1,11,Free Throw 1 of 2,2,Free Throw Missed,,,,15,15,
1,0,09.4,UNC with an offensive rebound.,,,false,false,false,,,,,,,35,33,13,9,0,,,,,0,,,,5,Offensive Rebound,,,,15,15,
1,0,09.4,Jackson Simmons makes free throw 2 of 2.,110436,,true,false,false,Jackson,,Simmons,,UNC,,36,33,13,9,1,,,,,1,1,12,Free Throw 2 of 2,1,Free Throw Made,,,,15,15,
1,0,02.5,Kendall Anthony misses a 3-point jump shot from 24 feet out.,109854,,true,false,false,Kendall,,Anthony,,Rich,,36,33,13,9,1,,,,,6,3,45,Jump Shot,4,Field Goal Missed,24,12,21,37,37,
1,0,02.5,Brice Johnson with a defensive rebound.,116588,,true,false,false,Brice,,Johnson,,UNC,,36,33,13,9,0,,,,,10,,,,6,Defensive Rebound,,,,15,15,
1,0,00.5,Brice Johnson misses a 3-point jump shot from 56 feet out.,116588,,true,false,false,Brice,,Johnson,,UNC,,36,33,13,9,0,,,,,10,3,45,Jump Shot,4,Field Goal Missed,56,-4,56,15,15,
1,0,00.5,UNC with an offensive rebound.,,,false,false,false,,,,,,,36,33,13,9,0,,,,,0,,,,5,Offensive Rebound,,,,15,15,
1,0,00,End of the 1st Half,,,false,false,false,,,,,,,36,33,13,9,0,,,,,0,,,,15,End Period,,,,15,15,
2,20,00,Start of the 2nd Half,,,false,false,false,,,,,,,36,33,0,0,0,,,,,0,,,,14,Start Period,,,,15,15,
2,19,36,Marcus Paige misses a jump shot from 9 feet out.,116587,,true,false,false,Marcus,,Paige,,UNC,,36,33,0,0,0,,,,,8,2,45,Jump Shot,4,Field Goal Missed,9,-.8,9.3,15,15,
2,19,36,Terry Allen with a defensive rebound.,116032,,true,false,false,Terry,,Allen,,Rich,,36,33,0,0,2,,,,,2,,,,6,Defensive Rebound,,,,37,37,
2,19,07,Cedrick Lindsay misses a jump shot from 16 feet out.,97693,,true,false,false,Cedrick,,Lindsay,,Rich,,36,33,0,0,1,,,,,12,2,45,Jump Shot,4,Field Goal Missed,16,-6.2,15.2,37,37,
2,19,07,Joel James with a defensive rebound.,116586,,true,false,false,Joel,,James,,UNC,,36,33,0,0,0,,,,,3,,,,6,Defensive Rebound,,,,15,15,
2,18,46,J.P. Tokoto makes a layup shot. Joel James with the assist.,116589,116586,true,true,false,J.P.,Joel,Tokoto,James,UNC,UNC,38,33,0,0,0,,,,,6,2,40,Layup Shot,3,Field Goal Made,0,0,0,15,15,
2,18,38,Shooting foul committed by J.P. Tokoto.,116589,,true,false,false,J.P.,,Tokoto,,UNC,,38,33,0,1,1,,,,,6,,2,Shooting,8,Foul,,,,15,15,
2,18,38,Terry Allen makes free throw 1 of 2.,116032,,true,false,false,Terry,,Allen,,Rich,,38,34,0,1,2,,,,,3,1,11,Free Throw 1 of 2,1,Free Throw Made,,,,37,37,
2,18,38,Terry Allen makes free throw 2 of 2.,116032,,true,false,false,Terry,,Allen,,Rich,,38,35,0,1,2,,,,,4,1,12,Free Throw 2 of 2,1,Free Throw Made,,,,37,37,
2,18,15,Marcus Paige with a lost ball turnover: Lost Ball,116587,,true,false,false,Marcus,,Paige,,UNC,,38,35,0,1,0,,,,,8,,2,Lost Ball,7,Turnover,,,,15,15,
2,17,56,Cedrick Lindsay makes a layup shot.,97693,,true,false,false,Cedrick,,Lindsay,,Rich,,38,37,0,1,1,,,,,14,2,40,Layup Shot,3,Field Goal Made,0,0,0,37,37,
2,17,38,Marcus Paige misses a 3-point jump shot from 23 feet out.,116587,,true,false,false,Marcus,,Paige,,UNC,,38,37,0,1,0,,,,,8,3,45,Jump Shot,4,Field Goal Missed,23,-20,11.1,15,15,
2,17,38,Terry Allen with a defensive rebound.,116032,,true,false,false,Terry,,Allen,,Rich,,38,37,0,1,2,,,,,4,,,,6,Defensive Rebound,,,,37,37,
2,17,30,Shooting foul committed by Joel James.,116586,,true,false,false,Joel,,James,,UNC,,38,37,0,2,1,,,,,3,,2,Shooting,8,Foul,,,,15,15,
2,17,30,Terry Allen misses free throw 1 of 2.,116032,,true,false,false,Terry,,Allen,,Rich,,38,37,0,2,2,,,,,4,1,11,Free Throw 1 of 2,2,Free Throw Missed,,,,37,37,
2,17,30,Rich with an offensive rebound.,,,false,false,false,,,,,,,38,37,0,2,0,,,,,0,,,,5,Offensive Rebound,,,,37,37,
2,17,30,Terry Allen makes free throw 2 of 2.,116032,,true,false,false,Terry,,Allen,,Rich,,38,38,0,2,2,,,,,5,1,12,Free Throw 2 of 2,1,Free Throw Made,,,,37,37,
2,17,22,Nate Britt with a traveling turnover: Traveling,121344,,true,false,false,Nate,,Britt,,UNC,,38,38,0,2,2,,,,,2,,4,Traveling,7,Turnover,,,,15,15,
2,17,02,Terry Allen misses a 3-point jump shot from 23 feet out.,116032,,true,false,false,Terry,,Allen,,Rich,,38,38,0,2,2,,,,,5,3,45,Jump Shot,4,Field Goal Missed,23,-22.9,.2,37,37,
2,17,02,Marcus Paige with a defensive rebound.,116587,,true,false,false,Marcus,,Paige,,UNC,,38,38,0,2,0,,,,,8,,,,6,Defensive Rebound,,,,15,15,
2,16,52,Nate Britt makes a jump shot from 4 feet out. Jackson Simmons with the assist.,121344,110436,true,true,false,Nate,Jackson,Britt,Simmons,UNC,UNC,40,38,0,2,2,,,,,4,2,45,Jump Shot,3,Field Goal Made,4,-3,3,15,15,
2,16,30,Terry Allen with a lost ball turnover: Lost Ball,116032,,true,false,false,Terry,,Allen,,Rich,,40,38,0,2,2,,,,,5,,2,Lost Ball,7,Turnover,,,,37,37,
2,16,18,James Michael McAdoo misses a layup shot.,110437,,true,false,false,James Michael,,McAdoo,,UNC,,40,38,0,2,2,,,,,5,2,40,Layup Shot,4,Field Goal Missed,0,0,0,15,15,
2,16,18,Brice Johnson with an offensive rebound.,116588,,true,false,false,Brice,,Johnson,,UNC,,40,38,0,2,0,,,,,10,,,,5,Offensive Rebound,,,,15,15,
2,16,17,Shooting foul committed by Trey Davis.,109855,,true,false,false,Trey,,Davis,,Rich,,40,38,1,2,3,,,,,2,,2,Shooting,8,Foul,,,,37,37,
2,16,17,Brice Johnson makes free throw 1 of 2.,116588,,true,false,false,Brice,,Johnson,,UNC,,41,38,1,2,0,,,,,11,1,11,Free Throw 1 of 2,1,Free Throw Made,,,,15,15,
2,16,17,Brice Johnson makes free throw 2 of 2.,116588,,true,false,false,Brice,,Johnson,,UNC,,42,38,1,2,0,,,,,12,1,12,Free Throw 2 of 2,1,Free Throw Made,,,,15,15,
2,16,09,Wayne Sparrow with a lost ball turnover: Lost Ball,97694,,true,false,false,Wayne,,Sparrow,,Rich,,42,38,1,2,2,,,,,0,,2,Lost Ball,7,Turnover,,,,37,37,
2,16,04,James Michael McAdoo makes a dunk shot.,110437,,true,false,false,James Michael,,McAdoo,,UNC,,44,38,1,2,2,,,,,7,2,48,Dunk Shot,3,Field Goal Made,0,0,0,15,15,
2,15,51,Cedrick Lindsay makes a jump shot from 7 feet out.,97693,,true,false,false,Cedrick,,Lindsay,,Rich,,44,40,1,2,1,,,,,16,2,45,Jump Shot,3,Field Goal Made,7,-.1,6.9,37,37,
2,15,39,Marcus Paige makes a 3-point jump shot from 23 feet out. James Michael McAdoo with the assist.,116587,110437,true,true,false,Marcus,James Michael,Paige,McAdoo,UNC,UNC,47,40,1,2,0,,,,,11,3,45,Jump Shot,3,Field Goal Made,23,13.9,17.9,15,15,
2,15,33,Rich take a full timeout.,,,false,false,false,,,,,,,47,40,1,2,0,,,,,0,,1,Regular,11,Timeout,,,,37,37,
2,15,24,Alonzo Nelson-Ododa makes a layup shot.,109858,,true,false,false,Alonzo,,Nelson-Ododa,,Rich,,47,42,1,2,2,,,,,6,2,40,Layup Shot,3,Field Goal Made,0,0,0,37,37,
2,15,02,Brice Johnson makes a jump shot from 9 feet out.,116588,,true,false,false,Brice,,Johnson,,UNC,,49,42,1,2,0,,,,,14,2,45,Jump Shot,3,Field Goal Made,9,-7.7,4.8,15,15,
2,14,50,Shooting foul committed by Brice Johnson.,116588,,true,false,false,Brice,,Johnson,,UNC,,49,42,1,3,1,,,,,14,,2,Shooting,8,Foul,,,,15,15,
2,14,50,Official TV timeout.,,,false,false,false,,,,,,,49,42,1,3,0,,,,,0,,3,Official TV,11,Timeout,,,,15,15,
2,14,19,Trey Davis makes a 3-point jump shot from 23 feet out. Kendall Anthony with the assist.,109855,109854,true,true,false,Trey,Kendall,Davis,Anthony,Rich,Rich,49,45,1,3,3,,,,,5,3,45,Jump Shot,3,Field Goal Made,23,22.5,2.5,37,37,
2,14,00,Brice Johnson makes a jump shot from 4 feet out.,116588,,true,false,false,Brice,,Johnson,,UNC,,51,45,1,3,1,,,,,16,2,45,Jump Shot,3,Field Goal Made,4,-1.6,3.1,15,15,
2,13,35,Personal foul committed by James Michael McAdoo.,110437,,true,false,false,James Michael,,McAdoo,,UNC,,51,45,1,4,3,,,,,7,,1,Personal,8,Foul,,,,15,15,
2,13,21,Kendall Anthony misses a 3-point jump shot from 23 feet out.,109854,,true,false,false,Kendall,,Anthony,,Rich,,51,45,1,4,1,,,,,6,3,45,Jump Shot,4,Field Goal Missed,23,22.2,6.9,37,37,
2,13,21,Marcus Paige with a defensive rebound.,116587,,true,false,false,Marcus,,Paige,,UNC,,51,45,1,4,0,,,,,11,,,,6,Defensive Rebound,,,,15,15,
2,13,06,Nate Britt misses a jump shot from 7 feet out.,121344,,true,false,false,Nate,,Britt,,UNC,,51,45,1,4,2,,,,,4,2,45,Jump Shot,4,Field Goal Missed,7,-.9,7,15,15,
2,13,06,James Michael McAdoo with an offensive rebound.,110437,,true,false,false,James Michael,,McAdoo,,UNC,,51,45,1,4,3,,,,,7,,,,5,Offensive Rebound,,,,15,15,
2,13,05,Personal foul committed by Trey Davis.,109855,,true,false,false,Trey,,Davis,,Rich,,51,45,2,4,4,,,,,5,,1,Personal,8,Foul,,,,37,37,
2,12,48,J.P. Tokoto misses a jump shot from 10 feet out.,116589,,true,false,false,J.P.,,Tokoto,,UNC,,51,45,2,4,1,,,,,6,2,45,Jump Shot,4,Field Goal Missed,10,2.8,9.4,15,15,
2,12,48,Alonzo Nelson-Ododa with a defensive rebound.,109858,,true,false,false,Alonzo,,Nelson-Ododa,,Rich,,51,45,2,4,2,,,,,6,,,,6,Defensive Rebound,,,,37,37,
2,12,27,Terry Allen makes a layup shot. Kendall Anthony with the assist.,116032,109854,true,true,false,Terry,Kendall,Allen,Anthony,Rich,Rich,51,47,2,4,2,,,,,7,2,40,Layup Shot,3,Field Goal Made,0,0,0,37,37,
2,12,03,Nate Britt with a lost ball turnover: Lost Ball,121344,,true,false,false,Nate,,Britt,,UNC,,51,47,2,4,2,,,,,4,,2,Lost Ball,7,Turnover,,,,15,15,
2,11,50,Shooting foul committed by Nate Britt.,121344,,true,false,false,Nate,,Britt,,UNC,,51,47,2,5,3,,,,,4,,2,Shooting,8,Foul,,,,15,15,
2,11,50,Official TV timeout.,,,false,false,false,,,,,,,51,47,2,5,0,,,,,0,,3,Official TV,11,Timeout,,,,15,15,
2,11,50,Cedrick Lindsay makes free throw 1 of 2.,97693,,true,false,false,Cedrick,,Lindsay,,Rich,,51,48,2,5,1,,,,,17,1,11,Free Throw 1 of 2,1,Free Throw Made,,,,37,37,
2,11,50,Cedrick Lindsay makes free throw 2 of 2.,97693,,true,false,false,Cedrick,,Lindsay,,Rich,,51,49,2,5,1,,,,,18,1,12,Free Throw 2 of 2,1,Free Throw Made,,,,37,37,
2,11,19,Luke Davis misses a 3-point jump shot from 26 feet out.,98623,,true,false,false,Luke,,Davis,,UNC,,51,49,2,5,1,,,,,0,3,45,Jump Shot,4,Field Goal Missed,26,-6.9,25.2,15,15,
2,11,19,Isaiah Hicks with an offensive rebound.,121346,,true,false,false,Isaiah,,Hicks,,UNC,,51,49,2,5,0,,,,,2,,,,5,Offensive Rebound,,,,15,15,
2,11,16,J.P. Tokoto misses a jump shot from 16 feet out.,116589,,true,false,false,J.P.,,Tokoto,,UNC,,51,49,2,5,1,,,,,6,2,45,Jump Shot,4,Field Goal Missed,16,-16,3,15,15,
2,11,16,Alonzo Nelson-Ododa with a defensive rebound.,109858,,true,false,false,Alonzo,,Nelson-Ododa,,Rich,,51,49,2,5,2,,,,,6,,,,6,Defensive Rebound,,,,37,37,
2,11,02,Cedrick Lindsay makes a jump shot from 8 feet out.,97693,,true,false,false,Cedrick,,Lindsay,,Rich,,51,51,2,5,1,,,,,20,2,45,Jump Shot,3,Field Goal Made,8,-.1,7.7,37,37,
2,10,37,Marcus Paige makes a 3-point jump shot from 22 feet out.,116587,,true,false,false,Marcus,,Paige,,UNC,,54,51,2,5,0,,,,,14,3,45,Jump Shot,3,Field Goal Made,22,15.2,16.6,15,15,
2,10,13,Kendall Anthony misses a 3-point jump shot from 24 feet out.,109854,,true,false,false,Kendall,,Anthony,,Rich,,54,51,2,5,1,,,,,6,3,45,Jump Shot,4,Field Goal Missed,24,-11,21,37,37,
2,10,13,Brice Johnson with a defensive rebound.,116588,,true,false,false,Brice,,Johnson,,UNC,,54,51,2,5,1,,,,,16,,,,6,Defensive Rebound,,,,15,15,
2,10,03,Shooting foul committed by Terry Allen.,116032,,true,false,false,Terry,,Allen,,Rich,,54,51,3,5,3,,,,,7,,2,Shooting,8,Foul,,,,37,37,
2,10,03,J.P. Tokoto makes free throw 1 of 2.,116589,,true,false,false,J.P.,,Tokoto,,UNC,,55,51,3,5,1,,,,,7,1,11,Free Throw 1 of 2,1,Free Throw Made,,,,15,15,
2,10,03,J.P. Tokoto makes free throw 2 of 2.,116589,,true,false,false,J.P.,,Tokoto,,UNC,,56,51,3,5,1,,,,,8,1,12,Free Throw 2 of 2,1,Free Throw Made,,,,15,15,
2,9,46,Personal foul committed by Isaiah Hicks.,121346,,true,false,false,Isaiah,,Hicks,,UNC,,56,51,3,6,1,,,,,2,,1,Personal,8,Foul,,,,15,15,
2,9,43,Shooting foul committed by Isaiah Hicks.,121346,,true,false,false,Isaiah,,Hicks,,UNC,,56,51,3,7,2,,,,,2,,2,Shooting,8,Foul,,,,15,15,
2,9,43,Cedrick Lindsay makes free throw 1 of 2.,97693,,true,false,false,Cedrick,,Lindsay,,Rich,,56,52,3,7,1,,,,,21,1,11,Free Throw 1 of 2,1,Free Throw Made,,,,37,37,
2,9,43,Cedrick Lindsay makes free throw 2 of 2.,97693,,true,false,false,Cedrick,,Lindsay,,Rich,,56,53,3,7,1,,,,,22,1,12,Free Throw 2 of 2,1,Free Throw Made,,,,37,37,
2,9,19,Offensive foul committed by Brice Johnson.,116588,,true,false,false,Brice,,Johnson,,UNC,,56,53,3,8,2,,,,,16,,4,Offensive,8,Foul,,,,15,15,
2,9,19,Brice Johnson with a  turnover:,116588,,true,false,false,Brice,,Johnson,,UNC,,56,53,3,8,2,,,,,16,,,,7,Turnover,,,,15,15,
2,8,58,Deion Taylor misses a 3-point jump shot from 23 feet out.,116034,,true,false,false,Deion,,Taylor,,Rich,,56,53,3,8,1,,,,,2,3,45,Jump Shot,4,Field Goal Missed,23,-16,17,37,37,
2,8,58,Brice Johnson with a defensive rebound.,116588,,true,false,false,Brice,,Johnson,,UNC,,56,53,3,8,2,,,,,16,,,,6,Defensive Rebound,,,,15,15,
2,8,46,Marcus Paige with a lost ball turnover: Lost Ball,116587,,true,false,false,Marcus,,Paige,,UNC,,56,53,3,8,0,,,,,14,,2,Lost Ball,7,Turnover,,,,15,15,
2,8,39,Kendall Anthony makes a 3-point jump shot from 23 feet out. Cedrick Lindsay with the assist.,109854,97693,true,true,false,Kendall,Cedrick,Anthony,Lindsay,Rich,Rich,56,56,3,8,1,,,,,9,3,45,Jump Shot,3,Field Goal Made,23,-12.2,19.3,37,37,
2,8,23,James Michael McAdoo misses a layup shot.,110437,,true,false,false,James Michael,,McAdoo,,UNC,,56,56,3,8,3,,,,,7,2,40,Layup Shot,4,Field Goal Missed,0,0,0,15,15,
2,8,23,James Michael McAdoo with an offensive rebound.,110437,,true,false,false,James Michael,,McAdoo,,UNC,,56,56,3,8,3,,,,,7,,,,5,Offensive Rebound,,,,15,15,
2,8,23,Marcus Paige makes a 3-point jump shot from 25 feet out. James Michael McAdoo with the assist.,116587,110437,true,true,false,Marcus,James Michael,Paige,McAdoo,UNC,UNC,59,56,3,8,0,,,,,17,3,45,Jump Shot,3,Field Goal Made,25,-13,21,15,15,
2,8,07,Alonzo Nelson-Ododa misses a hook shot from 7 feet out.,109858,,true,false,false,Alonzo,,Nelson-Ododa,,Rich,,59,56,3,8,2,,,,,6,2,55,Hook Shot,4,Field Goal Missed,7,.8,6.9,37,37,
2,8,07,Brice Johnson with a defensive rebound.,116588,,true,false,false,Brice,,Johnson,,UNC,,59,56,3,8,2,,,,,16,,,,6,Defensive Rebound,,,,15,15,
2,7,45,James Michael McAdoo makes a jump shot from 16 feet out.,110437,,true,false,false,James Michael,,McAdoo,,UNC,,61,56,3,8,3,,,,,9,2,45,Jump Shot,3,Field Goal Made,16,5.2,14.9,15,15,
2,7,36,Rich take a 20-second timeout.,,,false,false,false,,,,,,,61,56,3,8,0,,,,,0,,2,Short,11,Timeout,,,,37,37,
2,7,19,Kendall Anthony misses a 3-point jump shot from 22 feet out.,109854,,true,false,false,Kendall,,Anthony,,Rich,,61,56,3,8,1,,,,,9,3,45,Jump Shot,4,Field Goal Missed,22,-12.5,18.4,37,37,
2,7,19,Terry Allen with an offensive rebound.,116032,,true,false,false,Terry,,Allen,,Rich,,61,56,3,8,3,,,,,7,,,,5,Offensive Rebound,,,,37,37,
2,7,06,Terry Allen makes a layup shot.,116032,,true,false,false,Terry,,Allen,,Rich,,61,58,3,8,3,,,,,9,2,40,Layup Shot,3,Field Goal Made,0,0,0,37,37,
2,6,51,Personal foul committed by Deion Taylor.,116034,,true,false,false,Deion,,Taylor,,Rich,,61,58,4,8,2,,,,,2,,1,Personal,8,Foul,,,,37,37,
2,6,51,Official TV timeout.,,,false,false,false,,,,,,,61,58,4,8,0,,,,,0,,3,Official TV,11,Timeout,,,,15,15,
2,6,43,Brice Johnson misses a layup shot.,116588,,true,false,false,Brice,,Johnson,,UNC,,61,58,4,8,2,,,,,16,2,40,Layup Shot,4,Field Goal Missed,0,0,0,15,15,
2,6,43,Cedrick Lindsay with a defensive rebound.,97693,,true,false,false,Cedrick,,Lindsay,,Rich,,61,58,4,8,1,,,,,22,,,,6,Defensive Rebound,,,,37,37,
2,6,23,Offensive foul committed by Alonzo Nelson-Ododa.,109858,,true,false,false,Alonzo,,Nelson-Ododa,,Rich,,61,58,5,8,3,,,,,6,,4,Offensive,8,Foul,,,,37,37,
2,6,23,Alonzo Nelson-Ododa with a  turnover:,109858,,true,false,false,Alonzo,,Nelson-Ododa,,Rich,,61,58,5,8,3,,,,,6,,,,7,Turnover,,,,37,37,
2,5,59,Brice Johnson misses a layup shot.,116588,,true,false,false,Brice,,Johnson,,UNC,,61,58,5,8,2,,,,,16,2,40,Layup Shot,4,Field Goal Missed,0,0,0,15,15,
2,5,59,Terry Allen with a defensive rebound.,116032,,true,false,false,Terry,,Allen,,Rich,,61,58,5,8,3,,,,,9,,,,6,Defensive Rebound,,,,37,37,
2,5,51,Personal foul committed by Brice Johnson.,116588,,true,false,false,Brice,,Johnson,,UNC,,61,58,5,9,3,,,,,16,,1,Personal,8,Foul,,,,15,15,
2,5,51,Alonzo Nelson-Ododa misses free throw 1st of 1-and-1.,109858,,true,false,false,Alonzo,,Nelson-Ododa,,Rich,,61,58,5,9,3,,,,,6,1,8,Free Throw 1st of 1-and-1,2,Free Throw Missed,,,,37,37,
2,5,51,Terry Allen with an offensive rebound.,116032,,true,false,false,Terry,,Allen,,Rich,,61,58,5,9,3,,,,,9,,,,5,Offensive Rebound,,,,37,37,
2,5,51,Terry Allen with a lost ball turnover: Lost Ball,116032,,true,false,false,Terry,,Allen,,Rich,,61,58,5,9,3,,,,,9,,2,Lost Ball,7,Turnover,,,,37,37,
2,5,34,Marcus Paige makes a 3-point jump shot from 23 feet out. J.P. Tokoto with the assist.,116587,116589,true,true,false,Marcus,J.P.,Paige,Tokoto,UNC,UNC,64,58,5,9,0,,,,,20,3,45,Jump Shot,3,Field Goal Made,23,-22,5,15,15,
2,5,19,Cedrick Lindsay misses a jump shot from 17 feet out.,97693,,true,false,false,Cedrick,,Lindsay,,Rich,,64,58,5,9,1,,,,,22,2,45,Jump Shot,4,Field Goal Missed,17,5.4,16.4,37,37,
2,5,19,Rich with an offensive rebound.,,,false,false,false,,,,,,,64,58,5,9,0,,,,,0,,,,5,Offensive Rebound,,,,37,37,
2,4,59,Kendall Anthony makes a jump shot from 14 feet out.,109854,,true,false,false,Kendall,,Anthony,,Rich,,64,60,5,9,1,,,,,11,2,45,Jump Shot,3,Field Goal Made,14,12,7.4,37,37,
2,4,41,Offensive foul committed by Nate Britt.,121344,,true,false,false,Nate,,Britt,,UNC,,64,60,5,10,4,,,,,4,,4,Offensive,8,Foul,,,,15,15,
2,4,41,Nate Britt with a  turnover:,121344,,true,false,false,Nate,,Britt,,UNC,,64,60,5,10,4,,,,,4,,,,7,Turnover,,,,15,15,
2,4,27,Alonzo Nelson-Ododa with a lost ball turnover: Lost Ball,109858,,true,false,false,Alonzo,,Nelson-Ododa,,Rich,,64,60,5,10,3,,,,,6,,2,Lost Ball,7,Turnover,,,,37,37,
2,4,24,J.P. Tokoto makes a dunk shot.,116589,,true,false,false,J.P.,,Tokoto,,UNC,,66,60,5,10,1,,,,,10,2,48,Dunk Shot,3,Field Goal Made,0,0,0,15,15,
2,4,12,Shooting foul committed by Marcus Paige.,116587,,true,false,false,Marcus,,Paige,,UNC,,66,60,5,11,1,,,,,20,,2,Shooting,8,Foul,,,,15,15,
2,4,12,Kendall Anthony makes free throw 1 of 2.,109854,,true,false,false,Kendall,,Anthony,,Rich,,66,61,5,11,1,,,,,12,1,11,Free Throw 1 of 2,1,Free Throw Made,,,,37,37,
2,4,12,Kendall Anthony makes free throw 2 of 2.,109854,,true,false,false,Kendall,,Anthony,,Rich,,66,62,5,11,1,,,,,13,1,12,Free Throw 2 of 2,1,Free Throw Made,,,,37,37,
2,3,59,Brice Johnson misses a jump shot from 10 feet out.,116588,,true,false,false,Brice,,Johnson,,UNC,,66,62,5,11,3,,,,,16,2,45,Jump Shot,4,Field Goal Missed,10,-1.6,9.8,15,15,
2,3,59,James Michael McAdoo with an offensive rebound.,110437,,true,false,false,James Michael,,McAdoo,,UNC,,66,62,5,11,3,,,,,9,,,,5,Offensive Rebound,,,,15,15,
2,3,57,Personal foul committed by Terry Allen.,116032,,true,false,false,Terry,,Allen,,Rich,,66,62,6,11,4,,,,,9,,1,Personal,8,Foul,,,,37,37,
2,3,57,Official TV timeout.,,,false,false,false,,,,,,,66,62,6,11,0,,,,,0,,3,Official TV,11,Timeout,,,,15,15,
2,3,42,Marcus Paige misses a layup shot.,116587,,true,false,false,Marcus,,Paige,,UNC,,66,62,6,11,1,,,,,20,2,40,Layup Shot,4,Field Goal Missed,0,0,0,15,15,
2,3,42,Brice Johnson with an offensive rebound.,116588,,true,false,false,Brice,,Johnson,,UNC,,66,62,6,11,3,,,,,16,,,,5,Offensive Rebound,,,,15,15,
2,3,38,Brice Johnson makes a layup shot.,116588,,true,false,false,Brice,,Johnson,,UNC,,68,62,6,11,3,,,,,18,2,40,Layup Shot,3,Field Goal Made,0,0,0,15,15,
2,3,03,Cedrick Lindsay misses a 3-point jump shot from 25 feet out.,97693,,true,false,false,Cedrick,,Lindsay,,Rich,,68,62,6,11,1,,,,,22,3,45,Jump Shot,4,Field Goal Missed,25,-.6,25.1,37,37,
2,3,03,Brice Johnson with a defensive rebound.,116588,,true,false,false,Brice,,Johnson,,UNC,,68,62,6,11,3,,,,,18,,,,6,Defensive Rebound,,,,15,15,
2,2,39,Marcus Paige makes a 3-point jump shot from 23 feet out. Brice Johnson with the assist.,116587,116588,true,true,false,Marcus,Brice,Paige,Johnson,UNC,UNC,71,62,6,11,1,,,,,23,3,45,Jump Shot,3,Field Goal Made,23,-17.4,15.7,15,15,
2,2,19,Alonzo Nelson-Ododa with a lost ball turnover: Lost Ball,109858,,true,false,false,Alonzo,,Nelson-Ododa,,Rich,,71,62,6,11,3,,,,,6,,2,Lost Ball,7,Turnover,,,,37,37,
2,2,03,Offensive foul committed by James Michael McAdoo.,110437,,true,false,false,James Michael,,McAdoo,,UNC,,71,62,6,12,4,,,,,9,,4,Offensive,8,Foul,,,,15,15,
2,2,03,James Michael McAdoo with a  turnover:,110437,,true,false,false,James Michael,,McAdoo,,UNC,,71,62,6,12,4,,,,,9,,,,7,Turnover,,,,15,15,
2,1,44,Kendall Anthony misses a 3-point jump shot from 22 feet out.,109854,,true,false,false,Kendall,,Anthony,,Rich,,71,62,6,12,1,,,,,13,3,45,Jump Shot,4,Field Goal Missed,22,15.9,14.5,37,37,
2,1,44,Brice Johnson with a defensive rebound.,116588,,true,false,false,Brice,,Johnson,,UNC,,71,62,6,12,3,,,,,18,,,,6,Defensive Rebound,,,,15,15,
2,1,36,UNC take a 20-second timeout.,,,false,false,false,,,,,,,71,62,6,12,0,,,,,0,,2,Short,11,Timeout,,,,15,15,
2,1,35,Personal foul committed by Cedrick Lindsay.,97693,,true,false,false,Cedrick,,Lindsay,,Rich,,71,62,7,12,2,,,,,22,,1,Personal,8,Foul,,,,37,37,
2,1,35,Brice Johnson makes free throw 1st of 1-and-1.,116588,,true,false,false,Brice,,Johnson,,UNC,,72,62,7,12,3,,,,,19,1,8,Free Throw 1st of 1-and-1,1,Free Throw Made,,,,15,15,
2,1,35,Brice Johnson misses free throw 2nd of 1-and-1.,116588,,true,false,false,Brice,,Johnson,,UNC,,72,62,7,12,3,,,,,19,1,9,Free Throw 2nd of 1-and-1,2,Free Throw Missed,,,,15,15,
2,1,35,Terry Allen with a defensive rebound.,116032,,true,false,false,Terry,,Allen,,Rich,,72,62,7,12,4,,,,,9,,,,6,Defensive Rebound,,,,37,37,
2,1,20,Kendall Anthony with a lost ball turnover: Lost Ball,109854,,true,false,false,Kendall,,Anthony,,Rich,,72,62,7,12,1,,,,,13,,2,Lost Ball,7,Turnover,,,,37,37,
2,1,19,Personal foul committed by Cedrick Lindsay.,97693,,true,false,false,Cedrick,,Lindsay,,Rich,,72,62,8,12,3,,,,,22,,1,Personal,8,Foul,,,,37,37,
2,1,19,Jackson Simmons makes free throw 1st of 1-and-1.,110436,,true,false,false,Jackson,,Simmons,,UNC,,73,62,8,12,1,,,,,2,1,8,Free Throw 1st of 1-and-1,1,Free Throw Made,,,,15,15,
2,1,19,Jackson Simmons makes free throw 2nd of 1-and-1.,110436,,true,false,false,Jackson,,Simmons,,UNC,,74,62,8,12,1,,,,,3,1,9,Free Throw 2nd of 1-and-1,1,Free Throw Made,,,,15,15,
2,1,10,Cedrick Lindsay misses a layup shot.,97693,,true,false,false,Cedrick,,Lindsay,,Rich,,74,62,8,12,3,,,,,22,2,40,Layup Shot,4,Field Goal Missed,0,0,0,37,37,
2,1,10,Rich with an offensive rebound.,,,false,false,false,,,,,,,74,62,8,12,0,,,,,0,,,,5,Offensive Rebound,,,,37,37,
2,1,04,Trey Davis with a lost ball turnover: Lost Ball,109855,,true,false,false,Trey,,Davis,,Rich,,74,62,8,12,4,,,,,5,,2,Lost Ball,7,Turnover,,,,37,37,
2,1,00,Brice Johnson with a lost ball turnover: Lost Ball,116588,,true,false,false,Brice,,Johnson,,UNC,,74,62,8,12,3,,,,,19,,2,Lost Ball,7,Turnover,,,,15,15,
2,0,59.1,Wayne Sparrow makes a jump shot from 14 feet out.,97694,,true,false,false,Wayne,,Sparrow,,Rich,,74,64,8,12,2,,,,,2,2,45,Jump Shot,3,Field Goal Made,14,13,3,37,37,
2,0,56.8,Personal foul committed by Terry Allen.,116032,,true,false,false,Terry,,Allen,,Rich,,74,64,9,12,5,,,,,9,,1,Personal,8,Foul,,,,37,37,
2,0,56.8,Jackson Simmons misses free throw 1st of 1-and-1.,110436,,true,false,false,Jackson,,Simmons,,UNC,,74,64,9,12,1,,,,,3,1,8,Free Throw 1st of 1-and-1,2,Free Throw Missed,,,,15,15,
2,0,56.8,Deion Taylor with a defensive rebound.,116034,,true,false,false,Deion,,Taylor,,Rich,,74,64,9,12,2,,,,,2,,,,6,Defensive Rebound,,,,37,37,
2,0,55.5,Personal foul committed by Brice Johnson.,116588,,true,false,false,Brice,,Johnson,,UNC,,74,64,9,13,4,,,,,19,,1,Personal,8,Foul,,,,15,15,
2,0,55.5,Deion Taylor makes free throw 1 of 2.,116034,,true,false,false,Deion,,Taylor,,Rich,,74,65,9,13,2,,,,,3,1,11,Free Throw 1 of 2,1,Free Throw Made,,,,37,37,
2,0,55.5,Deion Taylor misses free throw 2 of 2.,116034,,true,false,false,Deion,,Taylor,,Rich,,74,65,9,13,2,,,,,3,1,12,Free Throw 2 of 2,2,Free Throw Missed,,,,37,37,
2,0,55.5,Brice Johnson with a defensive rebound.,116588,,true,false,false,Brice,,Johnson,,UNC,,74,65,9,13,4,,,,,19,,,,6,Defensive Rebound,,,,15,15,
2,0,52.5,Personal foul committed by Cedrick Lindsay.,97693,,true,false,false,Cedrick,,Lindsay,,Rich,,74,65,10,13,4,,,,,22,,1,Personal,8,Foul,,,,37,37,
2,0,52.5,Brice Johnson makes free throw 1 of 2.,116588,,true,false,false,Brice,,Johnson,,UNC,,75,65,10,13,4,,,,,20,1,11,Free Throw 1 of 2,1,Free Throw Made,,,,15,15,
2,0,52.5,Brice Johnson misses free throw 2 of 2.,116588,,true,false,false,Brice,,Johnson,,UNC,,75,65,10,13,4,,,,,20,1,12,Free Throw 2 of 2,2,Free Throw Missed,,,,15,15,
2,0,52.5,Deion Taylor with a defensive rebound.,116034,,true,false,false,Deion,,Taylor,,Rich,,75,65,10,13,2,,,,,3,,,,6,Defensive Rebound,,,,37,37,
2,0,44.7,Shooting foul committed by J.P. Tokoto.,116589,,true,false,false,J.P.,,Tokoto,,UNC,,75,65,10,14,2,,,,,10,,2,Shooting,8,Foul,,,,15,15,
2,0,44.7,Cedrick Lindsay misses free throw 1 of 3.,97693,,true,false,false,Cedrick,,Lindsay,,Rich,,75,65,10,14,4,,,,,22,1,13,Free Throw 1 of 3,2,Free Throw Missed,,,,37,37,
2,0,44.7,Rich with an offensive rebound.,,,false,false,false,,,,,,,75,65,10,14,0,,,,,0,,,,5,Offensive Rebound,,,,37,37,
2,0,44.7,Cedrick Lindsay misses free throw 2 of 3.,97693,,true,false,false,Cedrick,,Lindsay,,Rich,,75,65,10,14,4,,,,,22,1,14,Free Throw 2 of 3,2,Free Throw Missed,,,,37,37,
2,0,44.7,Rich with an offensive rebound.,,,false,false,false,,,,,,,75,65,10,14,0,,,,,0,,,,5,Offensive Rebound,,,,37,37,
2,0,44.7,Cedrick Lindsay makes free throw 3 of 3.,97693,,true,false,false,Cedrick,,Lindsay,,Rich,,75,66,10,14,4,,,,,23,1,15,Free Throw 3 of 3,1,Free Throw Made,,,,37,37,
2,0,43.6,Personal foul committed by Wayne Sparrow.,97694,,true,false,false,Wayne,,Sparrow,,Rich,,75,66,11,14,3,,,,,2,,1,Personal,8,Foul,,,,37,37,
2,0,43.6,Marcus Paige misses free throw 1 of 2.,116587,,true,false,false,Marcus,,Paige,,UNC,,75,66,11,14,1,,,,,23,1,11,Free Throw 1 of 2,2,Free Throw Missed,,,,15,15,
2,0,43.6,UNC with an offensive rebound.,,,false,false,false,,,,,,,75,66,11,14,0,,,,,0,,,,5,Offensive Rebound,,,,15,15,
2,0,43.6,Marcus Paige makes free throw 2 of 2.,116587,,true,false,false,Marcus,,Paige,,UNC,,76,66,11,14,1,,,,,24,1,12,Free Throw 2 of 2,1,Free Throw Made,,,,15,15,
2,0,37.6,Cedrick Lindsay makes a layup shot.,97693,,true,false,false,Cedrick,,Lindsay,,Rich,,76,68,11,14,4,,,,,25,2,40,Layup Shot,3,Field Goal Made,0,0,0,37,37,
2,0,36.5,Personal foul committed by Josh Jones.,120877,,true,false,false,Josh,,Jones,,Rich,,76,68,12,14,1,,,,,0,,1,Personal,8,Foul,,,,37,37,
2,0,36.5,Marcus Paige makes free throw 1 of 2.,116587,,true,false,false,Marcus,,Paige,,UNC,,77,68,12,14,1,,,,,25,1,11,Free Throw 1 of 2,1,Free Throw Made,,,,15,15,
2,0,36.5,Marcus Paige makes free throw 2 of 2.,116587,,true,false,false,Marcus,,Paige,,UNC,,78,68,12,14,1,,,,,26,1,12,Free Throw 2 of 2,1,Free Throw Made,,,,15,15,
2,0,33.1,Cedrick Lindsay makes a 3-point jump shot from 24 feet out.,97693,,true,false,false,Cedrick,,Lindsay,,Rich,,78,71,12,14,4,,,,,28,3,45,Jump Shot,3,Field Goal Made,24,-13,20,37,37,
2,0,32.1,Rich take a 20-second timeout.,,,false,false,false,,,,,,,78,71,12,14,0,,,,,0,,2,Short,11,Timeout,,,,37,37,
2,0,28.9,Personal foul committed by Wayne Sparrow.,97694,,true,false,false,Wayne,,Sparrow,,Rich,,78,71,13,14,4,,,,,2,,1,Personal,8,Foul,,,,37,37,
2,0,28.9,Brice Johnson makes free throw 1 of 2.,116588,,true,false,false,Brice,,Johnson,,UNC,,79,71,13,14,4,,,,,21,1,11,Free Throw 1 of 2,1,Free Throw Made,,,,15,15,
2,0,28.9,Brice Johnson makes free throw 2 of 2.,116588,,true,false,false,Brice,,Johnson,,UNC,,80,71,13,14,4,,,,,22,1,12,Free Throw 2 of 2,1,Free Throw Made,,,,15,15,
2,0,25.4,Shooting foul committed by J.P. Tokoto.,116589,,true,false,false,J.P.,,Tokoto,,UNC,,80,71,13,15,3,,,,,10,,2,Shooting,8,Foul,,,,15,15,
2,0,25.4,Cedrick Lindsay misses free throw 1 of 2.,97693,,true,false,false,Cedrick,,Lindsay,,Rich,,80,71,13,15,4,,,,,28,1,11,Free Throw 1 of 2,2,Free Throw Missed,,,,37,37,
2,0,25.4,Rich with an offensive rebound.,,,false,false,false,,,,,,,80,71,13,15,0,,,,,0,,,,5,Offensive Rebound,,,,37,37,
2,0,25.4,Cedrick Lindsay makes free throw 2 of 2.,97693,,true,false,false,Cedrick,,Lindsay,,Rich,,80,72,13,15,4,,,,,29,1,12,Free Throw 2 of 2,1,Free Throw Made,,,,37,37,
2,0,19.0,Brice Johnson makes a dunk shot. Marcus Paige with the assist.,116588,116587,true,true,false,Brice,Marcus,Johnson,Paige,UNC,UNC,82,72,13,15,4,,,,,24,2,48,Dunk Shot,3,Field Goal Made,0,0,0,15,15,
2,0,08.0,Wayne Sparrow misses a 3-point jump shot from 23 feet out.,97694,,true,false,false,Wayne,,Sparrow,,Rich,,82,72,13,15,4,,,,,2,3,45,Jump Shot,4,Field Goal Missed,23,-14.4,18.1,37,37,
2,0,08.0,Brice Johnson with a defensive rebound.,116588,,true,false,false,Brice,,Johnson,,UNC,,82,72,13,15,4,,,,,24,,,,6,Defensive Rebound,,,,15,15,
2,0,00,End of the 2nd Half,,,false,false,false,,,,,,,82,72,13,15,0,,,,,0,,,,15,End Period,,,,15,15,
2,0,00,End of the Game,,,false,false,false,,,,,,,82,72,13,15,0,,,,,0,,,,19,Game Over,,,,15,15,
