half,time-minutes,time-seconds,details,player1-id,player2-id,player1-linkable,player2-linkable,player3-linkable,player-first-name-1,player-first-name-2,player-last-name-1,player-last-name-2,player-team-alias-1,player-team-alias-2,home-score,visitor-score,visitor-fouls,home-fouls,player-fouls,fastbreak,in-paint,second-chance,off-turnover,player-score,points-type,detail-id,detail-desc,event-id,event-desc,distance,x-coord,y-coord,team-id-1,team-id-2,team-id-3
1,20,00,Start of the 1st Half,,,false,false,false,,,,,,,0,0,0,0,0,,,,,0,,,,14,Start Period,,,,17,17,
1,19,29,Michael Young misses a hook shot from 7 feet out.,120761,,true,false,false,Michael,,Young,,Pitt,,0,0,0,0,0,,,,,0,2,55,Hook Shot,4,Field Goal Missed,7,.1,6.7,47,47,
1,19,29,Akil Mitchell with a defensive rebound.,97111,,true,false,false,Akil,,Mitchell,,UVa,,0,0,0,0,0,,,,,0,,,,6,Defensive Rebound,,,,17,17,
1,19,08,Akil Mitchell with a lost ball turnover: Lost Ball,97111,,true,false,false,Akil,,Mitchell,,UVa,,0,0,0,0,0,,,,,0,,2,Lost Ball,7,Turnover,,,,17,17,
1,18,38,Talib Zanna with a lost ball turnover: Lost Ball,88283,,true,false,false,Talib,,Zanna,,Pitt,,0,0,0,0,0,,,,,0,,2,Lost Ball,7,Turnover,,,,47,47,
1,18,17,Joe Harris makes a jump shot from 19 feet out.,97108,,true,false,false,Joe,,Harris,,UVa,,2,0,0,0,0,,,,,2,2,45,Jump Shot,3,Field Goal Made,19,-18.1,5.3,17,17,
1,17,51,Lamar Patterson misses a jump shot from 16 feet out.,88282,,true,false,false,Lamar,,Patterson,,Pitt,,2,0,0,0,0,,,,,0,2,45,Jump Shot,4,Field Goal Missed,16,1.4,15.7,47,47,
1,17,51,Akil Mitchell with a defensive rebound.,97111,,true,false,false,Akil,,Mitchell,,UVa,,2,0,0,0,0,,,,,0,,,,6,Defensive Rebound,,,,17,17,
1,17,42,Mike Tobey makes a dunk shot. London Perrantes with the assist.,116698,120610,true,true,false,Mike,London,Tobey,Perrantes,UVa,UVa,4,0,0,0,0,,,,,2,2,48,Dunk Shot,3,Field Goal Made,0,0,0,17,17,
1,17,13,Lamar Patterson misses a 3-point jump shot from 23 feet out.,88282,,true,false,false,Lamar,,Patterson,,Pitt,,4,0,0,0,0,,,,,0,3,45,Jump Shot,4,Field Goal Missed,23,-6.2,22.4,47,47,
1,17,13,London Perrantes with a defensive rebound.,120610,,true,false,false,London,,Perrantes,,UVa,,4,0,0,0,0,,,,,0,,,,6,Defensive Rebound,,,,17,17,
1,16,58,Joe Harris with a bad pass turnover: Bad Pass,97108,,true,false,false,Joe,,Harris,,UVa,,4,0,0,0,0,,,,,2,,1,Bad Pass,7,Turnover,,,,17,17,
1,16,21,Cameron Wright misses a jump shot from 19 feet out.,97236,,true,false,false,Cameron,,Wright,,Pitt,,4,0,0,0,0,,,,,0,2,45,Jump Shot,4,Field Goal Missed,19,16.4,9.8,47,47,
1,16,21,Malcolm Brogdon with a defensive rebound.,109418,,true,false,false,Malcolm,,Brogdon,,UVa,,4,0,0,0,0,,,,,0,,,,6,Defensive Rebound,,,,17,17,
1,16,08,Joe Harris misses a 3-point jump shot from 23 feet out.,97108,,true,false,false,Joe,,Harris,,UVa,,4,0,0,0,0,,,,,2,3,45,Jump Shot,4,Field Goal Missed,23,13.7,18.3,17,17,
1,16,08,Lamar Patterson with a defensive rebound.,88282,,true,false,false,Lamar,,Patterson,,Pitt,,4,0,0,0,0,,,,,0,,,,6,Defensive Rebound,,,,47,47,
1,16,04,Shooting foul committed by Akil Mitchell.,97111,,true,false,false,Akil,,Mitchell,,UVa,,4,0,0,1,1,,,,,0,,2,Shooting,8,Foul,,,,17,17,
1,16,04,Talib Zanna makes free throw 1 of 2.,88283,,true,false,false,Talib,,Zanna,,Pitt,,4,1,0,1,0,,,,,1,1,11,Free Throw 1 of 2,1,Free Throw Made,,,,47,47,
1,16,04,Talib Zanna makes free throw 2 of 2.,88283,,true,false,false,Talib,,Zanna,,Pitt,,4,2,0,1,0,,,,,2,1,12,Free Throw 2 of 2,1,Free Throw Made,,,,47,47,
1,15,48,Official TV timeout.,,,false,false,false,,,,,,,4,2,0,1,0,,,,,0,,3,Official TV,11,Timeout,,,,17,17,
1,15,30,London Perrantes misses a 3-point jump shot from 23 feet out.,120610,,true,false,false,London,,Perrantes,,UVa,,4,2,0,1,0,,,,,0,3,45,Jump Shot,4,Field Goal Missed,23,-11.8,20.1,17,17,
1,15,30,James Robinson with a defensive rebound.,116087,,true,false,false,James,,Robinson,,Pitt,,4,2,0,1,0,,,,,0,,,,6,Defensive Rebound,,,,47,47,
1,15,11,Cameron Wright makes a jump shot from 19 feet out. Lamar Patterson with the assist.,97236,88282,true,true,false,Cameron,Lamar,Wright,Patterson,Pitt,Pitt,4,4,0,1,0,,,,,2,2,45,Jump Shot,3,Field Goal Made,19,-11.3,15.4,47,47,
1,14,48,Malcolm Brogdon makes a jump shot from 16 feet out.,109418,,true,false,false,Malcolm,,Brogdon,,UVa,,6,4,0,1,0,,,,,2,2,45,Jump Shot,3,Field Goal Made,16,-2.6,15.4,17,17,
1,14,12,Talib Zanna makes a layup shot. James Robinson with the assist.,88283,116087,true,true,false,Talib,James,Zanna,Robinson,Pitt,Pitt,6,6,0,1,0,,,,,4,2,40,Layup Shot,3,Field Goal Made,0,0,0,47,47,
1,13,42,Joe Harris misses a 3-point jump shot from 23 feet out.,97108,,true,false,false,Joe,,Harris,,UVa,,6,6,0,1,0,,,,,2,3,45,Jump Shot,4,Field Goal Missed,23,-5.7,21.8,17,17,
1,13,42,Mike Tobey with an offensive rebound.,116698,,true,false,false,Mike,,Tobey,,UVa,,6,6,0,1,0,,,,,2,,,,5,Offensive Rebound,,,,17,17,
1,13,41,Personal foul committed by Michael Young.,120761,,true,false,false,Michael,,Young,,Pitt,,6,6,1,1,1,,,,,0,,1,Personal,8,Foul,,,,47,47,
1,13,36,Akil Mitchell with a lost ball turnover: Lost Ball,97111,,true,false,false,Akil,,Mitchell,,UVa,,6,6,1,1,1,,,,,0,,2,Lost Ball,7,Turnover,,,,17,17,
1,13,18,Jamel Artis misses a layup shot.,120758,,true,false,false,Jamel,,Artis,,Pitt,,6,6,1,1,0,,,,,0,2,40,Layup Shot,4,Field Goal Missed,0,0,0,47,47,
1,13,18,Talib Zanna with an offensive rebound.,88283,,true,false,false,Talib,,Zanna,,Pitt,,6,6,1,1,0,,,,,4,,,,5,Offensive Rebound,,,,47,47,
1,13,14,Talib Zanna makes a layup shot.,88283,,true,false,false,Talib,,Zanna,,Pitt,,6,8,1,1,0,,,,,6,2,40,Layup Shot,3,Field Goal Made,0,0,0,47,47,
1,13,00,Shooting foul committed by Jamel Artis.,120758,,true,false,false,Jamel,,Artis,,Pitt,,6,8,2,1,1,,,,,0,,2,Shooting,8,Foul,,,,47,47,
1,13,00,Anthony Gill makes free throw 1 of 2.,109947,,true,false,false,Anthony,,Gill,,UVa,,7,8,2,1,0,,,,,1,1,11,Free Throw 1 of 2,1,Free Throw Made,,,,17,17,
1,13,00,Anthony Gill makes free throw 2 of 2.,109947,,true,false,false,Anthony,,Gill,,UVa,,8,8,2,1,0,,,,,2,1,12,Free Throw 2 of 2,1,Free Throw Made,,,,17,17,
1,12,44,Personal foul committed by Darion Atkins.,109419,,true,false,false,Darion,,Atkins,,UVa,,8,8,2,2,1,,,,,0,,1,Personal,8,Foul,,,,17,17,
1,12,31,Lamar Patterson misses a layup shot.,88282,,true,false,false,Lamar,,Patterson,,Pitt,,8,8,2,2,0,,,,,0,2,40,Layup Shot,4,Field Goal Missed,0,0,0,47,47,
1,12,31,UVa with a defensive rebound.,,,false,false,false,,,,,,,8,8,2,2,0,,,,,0,,,,6,Defensive Rebound,,,,17,17,
1,12,13,Justin Anderson misses a layup shot.,116701,,true,false,false,Justin,,Anderson,,UVa,,8,8,2,2,0,,,,,0,2,40,Layup Shot,4,Field Goal Missed,0,0,0,17,17,
1,12,13,Justin Anderson with an offensive rebound.,116701,,true,false,false,Justin,,Anderson,,UVa,,8,8,2,2,0,,,,,0,,,,5,Offensive Rebound,,,,17,17,
1,12,10,Justin Anderson makes a layup shot.,116701,,true,false,false,Justin,,Anderson,,UVa,,10,8,2,2,0,,,,,2,2,40,Layup Shot,3,Field Goal Made,0,0,0,17,17,
1,11,46,James Robinson misses a 3-point jump shot from 22 feet out.,116087,,true,false,false,James,,Robinson,,Pitt,,10,8,2,2,0,,,,,0,3,45,Jump Shot,4,Field Goal Missed,22,-21.7,-.3,47,47,
1,11,46,Justin Anderson with a defensive rebound.,116701,,true,false,false,Justin,,Anderson,,UVa,,10,8,2,2,0,,,,,2,,,,6,Defensive Rebound,,,,17,17,
1,11,23,Anthony Gill misses a jump shot from 13 feet out.,109947,,true,false,false,Anthony,,Gill,,UVa,,10,8,2,2,0,,,,,2,2,45,Jump Shot,4,Field Goal Missed,13,-12.8,2.1,17,17,
1,11,23,Lamar Patterson with a defensive rebound.,88282,,true,false,false,Lamar,,Patterson,,Pitt,,10,8,2,2,0,,,,,0,,,,6,Defensive Rebound,,,,47,47,
1,11,08,Lamar Patterson makes a layup shot.,88282,,true,false,false,Lamar,,Patterson,,Pitt,,10,10,2,2,0,,,,,2,2,40,Layup Shot,3,Field Goal Made,0,0,0,47,47,
1,10,40,Anthony Gill misses a jump shot from 6 feet out.,109947,,true,false,false,Anthony,,Gill,,UVa,,10,10,2,2,0,,,,,2,2,45,Jump Shot,4,Field Goal Missed,6,4.3,4.3,17,17,
1,10,40,Talib Zanna with a defensive rebound.,88283,,true,false,false,Talib,,Zanna,,Pitt,,10,10,2,2,0,,,,,6,,,,6,Defensive Rebound,,,,47,47,
1,10,34,Shooting foul committed by Anthony Gill.,109947,,true,false,false,Anthony,,Gill,,UVa,,10,10,2,3,1,,,,,2,,2,Shooting,8,Foul,,,,17,17,
1,10,34,Official TV timeout.,,,false,false,false,,,,,,,10,10,2,3,0,,,,,0,,3,Official TV,11,Timeout,,,,17,17,
1,10,34,Josh Newkirk misses free throw 1 of 2.,120759,,true,false,false,Josh,,Newkirk,,Pitt,,10,10,2,3,0,,,,,0,1,11,Free Throw 1 of 2,2,Free Throw Missed,,,,47,47,
1,10,34,Pitt with an offensive rebound.,,,false,false,false,,,,,,,10,10,2,3,0,,,,,0,,,,5,Offensive Rebound,,,,47,47,
1,10,34,Josh Newkirk makes free throw 2 of 2.,120759,,true,false,false,Josh,,Newkirk,,Pitt,,10,11,2,3,0,,,,,1,1,12,Free Throw 2 of 2,1,Free Throw Made,,,,47,47,
1,10,21,Anthony Gill makes a layup shot.,109947,,true,false,false,Anthony,,Gill,,UVa,,12,11,2,3,1,,,,,4,2,40,Layup Shot,3,Field Goal Made,0,0,0,17,17,
1,9,43,Cameron Wright misses a jump shot from 18 feet out.,97236,,true,false,false,Cameron,,Wright,,Pitt,,12,11,2,3,0,,,,,2,2,45,Jump Shot,4,Field Goal Missed,18,16.2,8.2,47,47,
1,9,43,Anthony Gill with a defensive rebound.,109947,,true,false,false,Anthony,,Gill,,UVa,,12,11,2,3,1,,,,,4,,,,6,Defensive Rebound,,,,17,17,
1,9,21,Darion Atkins with a lost ball turnover: Lost Ball,109419,,true,false,false,Darion,,Atkins,,UVa,,12,11,2,3,1,,,,,0,,2,Lost Ball,7,Turnover,,,,17,17,
1,9,02,Lamar Patterson with a lost ball turnover: Lost Ball,88282,,true,false,false,Lamar,,Patterson,,Pitt,,12,11,2,3,0,,,,,2,,2,Lost Ball,7,Turnover,,,,47,47,
1,8,46,Personal foul committed by Michael Young.,120761,,true,false,false,Michael,,Young,,Pitt,,12,11,3,3,2,,,,,0,,1,Personal,8,Foul,,,,47,47,
1,8,41,Malcolm Brogdon misses a 3-point jump shot from 24 feet out.,109418,,true,false,false,Malcolm,,Brogdon,,UVa,,12,11,3,3,0,,,,,2,3,45,Jump Shot,4,Field Goal Missed,24,7.2,22.7,17,17,
1,8,41,Lamar Patterson with a defensive rebound.,88282,,true,false,false,Lamar,,Patterson,,Pitt,,12,11,3,3,0,,,,,2,,,,6,Defensive Rebound,,,,47,47,
1,8,34,Cameron Wright makes a layup shot. Lamar Patterson with the assist.,97236,88282,true,true,false,Cameron,Lamar,Wright,Patterson,Pitt,Pitt,12,13,3,3,0,,,,,4,2,40,Layup Shot,3,Field Goal Made,0,0,0,47,47,
1,8,17,Personal foul committed by Cameron Wright.,97236,,true,false,false,Cameron,,Wright,,Pitt,,12,13,4,3,1,,,,,4,,1,Personal,8,Foul,,,,47,47,
1,8,16,Akil Mitchell makes a layup shot. London Perrantes with the assist.,97111,120610,true,true,false,Akil,London,Mitchell,Perrantes,UVa,UVa,14,13,4,3,1,,,,,2,2,40,Layup Shot,3,Field Goal Made,0,0,0,17,17,
1,7,58,Josh Newkirk misses a layup shot.,120759,,true,false,false,Josh,,Newkirk,,Pitt,,14,13,4,3,0,,,,,1,2,40,Layup Shot,4,Field Goal Missed,0,0,0,47,47,
1,7,58,Talib Zanna with an offensive rebound.,88283,,true,false,false,Talib,,Zanna,,Pitt,,14,13,4,3,0,,,,,6,,,,5,Offensive Rebound,,,,47,47,
1,7,52,Talib Zanna makes a dunk shot.,88283,,true,false,false,Talib,,Zanna,,Pitt,,14,15,4,3,0,,,,,8,2,48,Dunk Shot,3,Field Goal Made,0,0,0,47,47,
1,7,47,Malcolm Brogdon makes a jump shot from 16 feet out.,109418,,true,false,false,Malcolm,,Brogdon,,UVa,,16,15,4,3,0,,,,,4,2,45,Jump Shot,3,Field Goal Made,16,14.9,7,17,17,
1,7,23,Shooting foul committed by London Perrantes.,120610,,true,false,false,London,,Perrantes,,UVa,,16,15,4,4,1,,,,,0,,2,Shooting,8,Foul,,,,17,17,
1,7,23,Official TV timeout.,,,false,false,false,,,,,,,16,15,4,4,0,,,,,0,,3,Official TV,11,Timeout,,,,17,17,
1,7,23,Talib Zanna makes free throw 1 of 2.,88283,,true,false,false,Talib,,Zanna,,Pitt,,16,16,4,4,0,,,,,9,1,11,Free Throw 1 of 2,1,Free Throw Made,,,,47,47,
1,7,23,Talib Zanna makes free throw 2 of 2.,88283,,true,false,false,Talib,,Zanna,,Pitt,,16,17,4,4,0,,,,,10,1,12,Free Throw 2 of 2,1,Free Throw Made,,,,47,47,
1,7,03,Joe Harris misses a 3-point jump shot from 24 feet out.,97108,,true,false,false,Joe,,Harris,,UVa,,16,17,4,4,0,,,,,2,3,45,Jump Shot,4,Field Goal Missed,24,15.4,18.1,17,17,
1,7,03,Talib Zanna with a defensive rebound.,88283,,true,false,false,Talib,,Zanna,,Pitt,,16,17,4,4,0,,,,,10,,,,6,Defensive Rebound,,,,47,47,
1,6,56,Lamar Patterson misses a jump shot from 20 feet out.,88282,,true,false,false,Lamar,,Patterson,,Pitt,,16,17,4,4,0,,,,,2,2,45,Jump Shot,4,Field Goal Missed,20,-13.4,15.2,47,47,
1,6,56,Joe Harris with a defensive rebound.,97108,,true,false,false,Joe,,Harris,,UVa,,16,17,4,4,0,,,,,2,,,,6,Defensive Rebound,,,,17,17,
1,6,33,Malcolm Brogdon with a lost ball turnover: Lost Ball,109418,,true,false,false,Malcolm,,Brogdon,,UVa,,16,17,4,4,0,,,,,4,,2,Lost Ball,7,Turnover,,,,17,17,
1,6,29,Shooting foul committed by Joe Harris.,97108,,true,false,false,Joe,,Harris,,UVa,,16,17,4,5,1,,,,,2,,2,Shooting,8,Foul,,,,17,17,
1,6,29,Jamel Artis misses free throw 1 of 2.,120758,,true,false,false,Jamel,,Artis,,Pitt,,16,17,4,5,1,,,,,0,1,11,Free Throw 1 of 2,2,Free Throw Missed,,,,47,47,
1,6,29,Pitt with an offensive rebound.,,,false,false,false,,,,,,,16,17,4,5,0,,,,,0,,,,5,Offensive Rebound,,,,47,47,
1,6,29,Jamel Artis misses free throw 2 of 2.,120758,,true,false,false,Jamel,,Artis,,Pitt,,16,17,4,5,1,,,,,0,1,12,Free Throw 2 of 2,2,Free Throw Missed,,,,47,47,
1,6,29,Derrick Randall with an offensive rebound.,110181,,true,false,false,Derrick,,Randall,,Pitt,,16,17,4,5,0,,,,,0,,,,5,Offensive Rebound,,,,47,47,
1,6,28,Derrick Randall makes a tip shot from 4 feet out.,110181,,true,false,false,Derrick,,Randall,,Pitt,,16,19,4,5,0,,,,,2,2,53,Tip Shot,3,Field Goal Made,4,-.4,4.2,47,47,
1,5,48,London Perrantes misses a 3-point jump shot from 26 feet out.,120610,,true,false,false,London,,Perrantes,,UVa,,16,19,4,5,1,,,,,0,3,45,Jump Shot,4,Field Goal Missed,26,-10.6,24.1,17,17,
1,5,48,Akil Mitchell with an offensive rebound.,97111,,true,false,false,Akil,,Mitchell,,UVa,,16,19,4,5,1,,,,,2,,,,5,Offensive Rebound,,,,17,17,
1,5,44,Akil Mitchell makes a layup shot.,97111,,true,false,false,Akil,,Mitchell,,UVa,,18,19,4,5,1,,,,,4,2,40,Layup Shot,3,Field Goal Made,0,0,0,17,17,
1,5,31,Offensive foul committed by Jamel Artis.,120758,,true,false,false,Jamel,,Artis,,Pitt,,18,19,5,5,2,,,,,0,,4,Offensive,8,Foul,,,,47,47,
1,5,31,Jamel Artis with a  turnover:,120758,,true,false,false,Jamel,,Artis,,Pitt,,18,19,5,5,2,,,,,0,,,,7,Turnover,,,,47,47,
1,5,06,Malcolm Brogdon misses a 3-point jump shot from 24 feet out.,109418,,true,false,false,Malcolm,,Brogdon,,UVa,,18,19,5,5,0,,,,,4,3,45,Jump Shot,4,Field Goal Missed,24,21.7,10.1,17,17,
1,5,06,Derrick Randall with a defensive rebound.,110181,,true,false,false,Derrick,,Randall,,Pitt,,18,19,5,5,0,,,,,2,,,,6,Defensive Rebound,,,,47,47,
1,4,56,Derrick Randall with a lost ball turnover: Lost Ball,110181,,true,false,false,Derrick,,Randall,,Pitt,,18,19,5,5,0,,,,,2,,2,Lost Ball,7,Turnover,,,,47,47,
1,4,48,London Perrantes with a bad pass turnover: Bad Pass,120610,,true,false,false,London,,Perrantes,,UVa,,18,19,5,5,1,,,,,0,,1,Bad Pass,7,Turnover,,,,17,17,
1,4,25,Talib Zanna makes a layup shot.,88283,,true,false,false,Talib,,Zanna,,Pitt,,18,21,5,5,0,,,,,12,2,40,Layup Shot,3,Field Goal Made,0,0,0,47,47,
1,4,04,London Perrantes makes a 3-point jump shot from 24 feet out. Malcolm Brogdon with the assist.,120610,109418,true,true,false,London,Malcolm,Perrantes,Brogdon,UVa,UVa,21,21,5,5,1,,,,,3,3,45,Jump Shot,3,Field Goal Made,24,22,10.1,17,17,
1,3,34,James Robinson misses a jump shot from 9 feet out.,116087,,true,false,false,James,,Robinson,,Pitt,,21,21,5,5,0,,,,,0,2,45,Jump Shot,4,Field Goal Missed,9,.6,9.3,47,47,
1,3,34,Talib Zanna with an offensive rebound.,88283,,true,false,false,Talib,,Zanna,,Pitt,,21,21,5,5,0,,,,,12,,,,5,Offensive Rebound,,,,47,47,
1,3,31,Personal foul committed by Justin Anderson.,116701,,true,false,false,Justin,,Anderson,,UVa,,21,21,5,6,1,,,,,2,,1,Personal,8,Foul,,,,17,17,
1,3,31,Official TV timeout.,,,false,false,false,,,,,,,21,21,5,6,0,,,,,0,,3,Official TV,11,Timeout,,,,17,17,
1,2,58,James Robinson makes a 3-point jump shot from 23 feet out. Josh Newkirk with the assist.,116087,120759,true,true,false,James,Josh,Robinson,Newkirk,Pitt,Pitt,21,24,5,6,0,,,,,3,3,45,Jump Shot,3,Field Goal Made,23,19.8,12.3,47,47,
1,2,26,Malcolm Brogdon makes a layup shot. Anthony Gill with the assist.,109418,109947,true,true,false,Malcolm,Anthony,Brogdon,Gill,UVa,UVa,23,24,5,6,0,,,,,6,2,40,Layup Shot,3,Field Goal Made,0,0,0,17,17,
1,2,09,Josh Newkirk with a lost ball turnover: Lost Ball,120759,,true,false,false,Josh,,Newkirk,,Pitt,,23,24,5,6,0,,,,,1,,2,Lost Ball,7,Turnover,,,,47,47,
1,1,58,Joe Harris misses a 3-point jump shot from 22 feet out.,97108,,true,false,false,Joe,,Harris,,UVa,,23,24,5,6,1,,,,,2,3,45,Jump Shot,4,Field Goal Missed,22,-17.4,13.3,17,17,
1,1,58,Lamar Patterson with a defensive rebound.,88282,,true,false,false,Lamar,,Patterson,,Pitt,,23,24,5,6,0,,,,,2,,,,6,Defensive Rebound,,,,47,47,
1,1,48,Josh Newkirk misses a 3-point jump shot from 22 feet out.,120759,,true,false,false,Josh,,Newkirk,,Pitt,,23,24,5,6,0,,,,,1,3,45,Jump Shot,4,Field Goal Missed,22,22.2,.2,47,47,
1,1,48,Malcolm Brogdon with a defensive rebound.,109418,,true,false,false,Malcolm,,Brogdon,,UVa,,23,24,5,6,0,,,,,6,,,,6,Defensive Rebound,,,,17,17,
1,1,41,Joe Harris makes a 3-point jump shot from 23 feet out. Malcolm Brogdon with the assist.,97108,109418,true,true,false,Joe,Malcolm,Harris,Brogdon,UVa,UVa,26,24,5,6,1,,,,,5,3,45,Jump Shot,3,Field Goal Made,23,17,16,17,17,
1,1,33,Pitt take a 20-second timeout.,,,false,false,false,,,,,,,26,24,5,6,0,,,,,0,,2,Short,11,Timeout,,,,47,47,
1,1,09,Talib Zanna misses a jump shot from 16 feet out.,88283,,true,false,false,Talib,,Zanna,,Pitt,,26,24,5,6,0,,,,,12,2,45,Jump Shot,4,Field Goal Missed,16,15.9,3.3,47,47,
1,1,09,Akil Mitchell with a defensive rebound.,97111,,true,false,false,Akil,,Mitchell,,UVa,,26,24,5,6,1,,,,,4,,,,6,Defensive Rebound,,,,17,17,
1,0,53.4,Joe Harris misses a 3-point jump shot from 23 feet out.,97108,,true,false,false,Joe,,Harris,,UVa,,26,24,5,6,1,,,,,5,3,45,Jump Shot,4,Field Goal Missed,23,-8.2,21.8,17,17,
1,0,53.4,Lamar Patterson with a defensive rebound.,88282,,true,false,false,Lamar,,Patterson,,Pitt,,26,24,5,6,0,,,,,2,,,,6,Defensive Rebound,,,,47,47,
1,0,45.9,Offensive foul committed by Talib Zanna.,88283,,true,false,false,Talib,,Zanna,,Pitt,,26,24,6,6,1,,,,,12,,4,Offensive,8,Foul,,,,47,47,
1,0,45.9,Talib Zanna with a  turnover:,88283,,true,false,false,Talib,,Zanna,,Pitt,,26,24,6,6,1,,,,,12,,,,7,Turnover,,,,47,47,
1,0,21.8,Offensive foul committed by Akil Mitchell.,97111,,true,false,false,Akil,,Mitchell,,UVa,,26,24,6,7,2,,,,,4,,4,Offensive,8,Foul,,,,17,17,
1,0,21.8,Akil Mitchell with a  turnover:,97111,,true,false,false,Akil,,Mitchell,,UVa,,26,24,6,7,2,,,,,4,,,,7,Turnover,,,,17,17,
1,0,00.6,Lamar Patterson misses a 3-point jump shot from 24 feet out.,88282,,true,false,false,Lamar,,Patterson,,Pitt,,26,24,6,7,0,,,,,2,3,45,Jump Shot,4,Field Goal Missed,24,-9.4,22.2,47,47,
1,0,00.6,Pitt with an offensive rebound.,,,false,false,false,,,,,,,26,24,6,7,0,,,,,0,,,,5,Offensive Rebound,,,,47,47,
1,0,00,End of the 1st Half,,,false,false,false,,,,,,,26,24,6,7,0,,,,,0,,,,15,End Period,,,,17,17,
2,20,00,Start of the 2nd Half,,,false,false,false,,,,,,,26,24,0,0,0,,,,,0,,,,14,Start Period,,,,17,17,
2,19,25,Akil Mitchell misses a hook shot from 8 feet out.,97111,,true,false,false,Akil,,Mitchell,,UVa,,26,24,0,0,2,,,,,4,2,55,Hook Shot,4,Field Goal Missed,8,6.5,4,17,17,
2,19,25,Michael Young with a defensive rebound.,120761,,true,false,false,Michael,,Young,,Pitt,,26,24,0,0,2,,,,,0,,,,6,Defensive Rebound,,,,47,47,
2,18,51,Lamar Patterson misses a 3-point jump shot from 24 feet out.,88282,,true,false,false,Lamar,,Patterson,,Pitt,,26,24,0,0,0,,,,,2,3,45,Jump Shot,4,Field Goal Missed,24,-.3,23.9,47,47,
2,18,51,Akil Mitchell with a defensive rebound.,97111,,true,false,false,Akil,,Mitchell,,UVa,,26,24,0,0,2,,,,,4,,,,6,Defensive Rebound,,,,17,17,
2,18,35,Mike Tobey with a bad pass turnover: Bad Pass,116698,,true,false,false,Mike,,Tobey,,UVa,,26,24,0,0,0,,,,,2,,1,Bad Pass,7,Turnover,,,,17,17,
2,18,14,Offensive foul committed by Lamar Patterson.,88282,,true,false,false,Lamar,,Patterson,,Pitt,,26,24,1,0,1,,,,,2,,4,Offensive,8,Foul,,,,47,47,
2,18,14,Lamar Patterson with a  turnover:,88282,,true,false,false,Lamar,,Patterson,,Pitt,,26,24,1,0,1,,,,,2,,,,7,Turnover,,,,47,47,
2,17,55,Mike Tobey makes a dunk shot. London Perrantes with the assist.,116698,120610,true,true,false,Mike,London,Tobey,Perrantes,UVa,UVa,28,24,1,0,0,,,,,4,2,48,Dunk Shot,3,Field Goal Made,0,0,0,17,17,
2,17,30,Shooting foul committed by Mike Tobey.,116698,,true,false,false,Mike,,Tobey,,UVa,,28,24,1,1,1,,,,,4,,2,Shooting,8,Foul,,,,17,17,
2,17,30,James Robinson makes free throw 1 of 2.,116087,,true,false,false,James,,Robinson,,Pitt,,28,25,1,1,0,,,,,4,1,11,Free Throw 1 of 2,1,Free Throw Made,,,,47,47,
2,17,30,James Robinson makes free throw 2 of 2.,116087,,true,false,false,James,,Robinson,,Pitt,,28,26,1,1,0,,,,,5,1,12,Free Throw 2 of 2,1,Free Throw Made,,,,47,47,
2,17,09,Akil Mitchell misses a layup shot.,97111,,true,false,false,Akil,,Mitchell,,UVa,,28,26,1,1,2,,,,,4,2,40,Layup Shot,4,Field Goal Missed,0,0,0,17,17,
2,17,09,Akil Mitchell with an offensive rebound.,97111,,true,false,false,Akil,,Mitchell,,UVa,,28,26,1,1,2,,,,,4,,,,5,Offensive Rebound,,,,17,17,
2,17,08,Akil Mitchell makes a jump shot from 3 feet out.,97111,,true,false,false,Akil,,Mitchell,,UVa,,30,26,1,1,2,,,,,6,2,45,Jump Shot,3,Field Goal Made,3,.4,2.8,17,17,
2,16,51,Lamar Patterson makes a 3-point jump shot from 23 feet out. James Robinson with the assist.,88282,116087,true,true,false,Lamar,James,Patterson,Robinson,Pitt,Pitt,30,29,1,1,1,,,,,5,3,45,Jump Shot,3,Field Goal Made,23,-22.7,.4,47,47,
2,16,35,Joe Harris makes a 3-point jump shot from 22 feet out. London Perrantes with the assist.,97108,120610,true,true,false,Joe,London,Harris,Perrantes,UVa,UVa,33,29,1,1,1,,,,,8,3,45,Jump Shot,3,Field Goal Made,22,-21.2,5.3,17,17,
2,16,05,Personal foul committed by Joe Harris.,97108,,true,false,false,Joe,,Harris,,UVa,,33,29,1,2,2,,,,,8,,1,Personal,8,Foul,,,,17,17,
2,15,38,Lamar Patterson makes a 3-point jump shot from 25 feet out. James Robinson with the assist.,88282,116087,true,true,false,Lamar,James,Patterson,Robinson,Pitt,Pitt,33,32,1,2,1,,,,,8,3,45,Jump Shot,3,Field Goal Made,25,15.4,19.8,47,47,
2,15,22,Malcolm Brogdon makes a layup shot.,109418,,true,false,false,Malcolm,,Brogdon,,UVa,,35,32,1,2,0,,,,,8,2,40,Layup Shot,3,Field Goal Made,0,0,0,17,17,
2,15,05,Lamar Patterson misses a 3-point jump shot from 21 feet out.,88282,,true,false,false,Lamar,,Patterson,,Pitt,,35,32,1,2,1,,,,,8,3,45,Jump Shot,4,Field Goal Missed,21,-21.3,1.3,47,47,
2,15,05,Malcolm Brogdon with a defensive rebound.,109418,,true,false,false,Malcolm,,Brogdon,,UVa,,35,32,1,2,0,,,,,8,,,,6,Defensive Rebound,,,,17,17,
2,14,49,Akil Mitchell makes a layup shot. Malcolm Brogdon with the assist.,97111,109418,true,true,false,Akil,Malcolm,Mitchell,Brogdon,UVa,UVa,37,32,1,2,2,,,,,8,2,40,Layup Shot,3,Field Goal Made,0,0,0,17,17,
2,14,25,James Robinson misses a jump shot from 18 feet out.,116087,,true,false,false,James,,Robinson,,Pitt,,37,32,1,2,0,,,,,5,2,45,Jump Shot,4,Field Goal Missed,18,-4,17.9,47,47,
2,14,25,Akil Mitchell with a defensive rebound.,97111,,true,false,false,Akil,,Mitchell,,UVa,,37,32,1,2,2,,,,,8,,,,6,Defensive Rebound,,,,17,17,
2,14,11,Official TV timeout.,,,false,false,false,,,,,,,37,32,1,2,0,,,,,0,,3,Official TV,11,Timeout,,,,17,17,
2,13,52,Malcolm Brogdon misses a jump shot from 17 feet out.,109418,,true,false,false,Malcolm,,Brogdon,,UVa,,37,32,1,2,0,,,,,8,2,45,Jump Shot,4,Field Goal Missed,17,-4,17,17,17,
2,13,52,Lamar Patterson with a defensive rebound.,88282,,true,false,false,Lamar,,Patterson,,Pitt,,37,32,1,2,1,,,,,8,,,,6,Defensive Rebound,,,,47,47,
2,13,19,Talib Zanna makes a layup shot. Josh Newkirk with the assist.,88283,120759,true,true,false,Talib,Josh,Zanna,Newkirk,Pitt,Pitt,37,34,1,2,1,,,,,14,2,40,Layup Shot,3,Field Goal Made,0,0,0,47,47,
2,12,44,Anthony Gill makes a hook shot from 13 feet out.,109947,,true,false,false,Anthony,,Gill,,UVa,,39,34,1,2,1,,,,,6,2,55,Hook Shot,3,Field Goal Made,13,12.5,3.1,17,17,
2,12,23,Lamar Patterson makes a layup shot.,88282,,true,false,false,Lamar,,Patterson,,Pitt,,39,36,1,2,1,,,,,10,2,40,Layup Shot,3,Field Goal Made,0,0,0,47,47,
2,12,02,Anthony Gill misses a jump shot from 19 feet out.,109947,,true,false,false,Anthony,,Gill,,UVa,,39,36,1,2,1,,,,,6,2,45,Jump Shot,4,Field Goal Missed,19,4,19,17,17,
2,12,02,Cameron Wright with a defensive rebound.,97236,,true,false,false,Cameron,,Wright,,Pitt,,39,36,1,2,1,,,,,4,,,,6,Defensive Rebound,,,,47,47,
2,11,56,Jamel Artis misses a layup shot.,120758,,true,false,false,Jamel,,Artis,,Pitt,,39,36,1,2,2,,,,,0,2,40,Layup Shot,4,Field Goal Missed,0,0,0,47,47,
2,11,56,Pitt with an offensive rebound.,,,false,false,false,,,,,,,39,36,1,2,0,,,,,0,,,,5,Offensive Rebound,,,,47,47,
2,11,56,Official TV timeout.,,,false,false,false,,,,,,,39,36,1,2,0,,,,,0,,3,Official TV,11,Timeout,,,,17,17,
2,11,56,Pitt take a 20-second timeout.,,,false,false,false,,,,,,,39,36,1,2,0,,,,,0,,2,Short,11,Timeout,,,,47,47,
2,11,38,Cameron Wright misses a layup shot.,97236,,true,false,false,Cameron,,Wright,,Pitt,,39,36,1,2,1,,,,,4,2,40,Layup Shot,4,Field Goal Missed,0,0,0,47,47,
2,11,38,Joe Harris with a defensive rebound.,97108,,true,false,false,Joe,,Harris,,UVa,,39,36,1,2,2,,,,,8,,,,6,Defensive Rebound,,,,17,17,
2,11,23,Shooting foul committed by Josh Newkirk.,120759,,true,false,false,Josh,,Newkirk,,Pitt,,39,36,2,2,1,,,,,1,,2,Shooting,8,Foul,,,,47,47,
2,11,23,London Perrantes makes free throw 1 of 2.,120610,,true,false,false,London,,Perrantes,,UVa,,40,36,2,2,1,,,,,4,1,11,Free Throw 1 of 2,1,Free Throw Made,,,,17,17,
2,11,23,London Perrantes makes free throw 2 of 2.,120610,,true,false,false,London,,Perrantes,,UVa,,41,36,2,2,1,,,,,5,1,12,Free Throw 2 of 2,1,Free Throw Made,,,,17,17,
2,10,55,Jamel Artis misses a 3-point jump shot from 24 feet out.,120758,,true,false,false,Jamel,,Artis,,Pitt,,41,36,2,2,2,,,,,0,3,45,Jump Shot,4,Field Goal Missed,24,6.7,22.7,47,47,
2,10,55,Joe Harris with a defensive rebound.,97108,,true,false,false,Joe,,Harris,,UVa,,41,36,2,2,2,,,,,8,,,,6,Defensive Rebound,,,,17,17,
2,10,42,Joe Harris makes a jump shot from 4 feet out.,97108,,true,false,false,Joe,,Harris,,UVa,,43,36,2,2,2,,,,,10,2,45,Jump Shot,3,Field Goal Made,4,-2.3,2.8,17,17,
2,10,41,Pitt take a 20-second timeout.,,,false,false,false,,,,,,,43,36,2,2,0,,,,,0,,2,Short,11,Timeout,,,,47,47,
2,10,06,Lamar Patterson misses a 3-point jump shot from 23 feet out.,88282,,true,false,false,Lamar,,Patterson,,Pitt,,43,36,2,2,1,,,,,10,3,45,Jump Shot,4,Field Goal Missed,23,-21.9,5.5,47,47,
2,10,06,Talib Zanna with an offensive rebound.,88283,,true,false,false,Talib,,Zanna,,Pitt,,43,36,2,2,1,,,,,14,,,,5,Offensive Rebound,,,,47,47,
2,10,04,Talib Zanna misses a layup shot.,88283,,true,false,false,Talib,,Zanna,,Pitt,,43,36,2,2,1,,,,,14,2,40,Layup Shot,4,Field Goal Missed,0,0,0,47,47,
2,10,04,Talib Zanna with an offensive rebound.,88283,,true,false,false,Talib,,Zanna,,Pitt,,43,36,2,2,1,,,,,14,,,,5,Offensive Rebound,,,,47,47,
2,10,00,Shooting foul committed by Anthony Gill.,109947,,true,false,false,Anthony,,Gill,,UVa,,43,36,2,3,2,,,,,6,,2,Shooting,8,Foul,,,,17,17,
2,10,00,Talib Zanna misses free throw 1 of 2.,88283,,true,false,false,Talib,,Zanna,,Pitt,,43,36,2,3,1,,,,,14,1,11,Free Throw 1 of 2,2,Free Throw Missed,,,,47,47,
2,10,00,Pitt with an offensive rebound.,,,false,false,false,,,,,,,43,36,2,3,0,,,,,0,,,,5,Offensive Rebound,,,,47,47,
2,10,00,Talib Zanna makes free throw 2 of 2.,88283,,true,false,false,Talib,,Zanna,,Pitt,,43,37,2,3,1,,,,,15,1,12,Free Throw 2 of 2,1,Free Throw Made,,,,47,47,
2,9,33,Personal foul committed by Josh Newkirk.,120759,,true,false,false,Josh,,Newkirk,,Pitt,,43,37,3,3,2,,,,,1,,1,Personal,8,Foul,,,,47,47,
2,9,30,Anthony Gill makes a jump shot from 13 feet out.,109947,,true,false,false,Anthony,,Gill,,UVa,,45,37,3,3,2,,,,,8,2,45,Jump Shot,3,Field Goal Made,13,13,1.8,17,17,
2,9,09,Cameron Wright misses a jump shot from 18 feet out.,97236,,true,false,false,Cameron,,Wright,,Pitt,,45,37,3,3,1,,,,,4,2,45,Jump Shot,4,Field Goal Missed,18,8,17,47,47,
2,9,09,Anthony Gill with a defensive rebound.,109947,,true,false,false,Anthony,,Gill,,UVa,,45,37,3,3,2,,,,,8,,,,6,Defensive Rebound,,,,17,17,
2,8,53,Darion Atkins with a lost ball turnover: Lost Ball,109419,,true,false,false,Darion,,Atkins,,UVa,,45,37,3,3,1,,,,,0,,2,Lost Ball,7,Turnover,,,,17,17,
2,8,45,Shooting foul committed by Anthony Gill.,109947,,true,false,false,Anthony,,Gill,,UVa,,45,37,3,4,3,,,,,8,,2,Shooting,8,Foul,,,,17,17,
2,8,45,Lamar Patterson misses free throw 1 of 2.,88282,,true,false,false,Lamar,,Patterson,,Pitt,,45,37,3,4,1,,,,,10,1,11,Free Throw 1 of 2,2,Free Throw Missed,,,,47,47,
2,8,45,Pitt with an offensive rebound.,,,false,false,false,,,,,,,45,37,3,4,0,,,,,0,,,,5,Offensive Rebound,,,,47,47,
2,8,45,Lamar Patterson makes free throw 2 of 2.,88282,,true,false,false,Lamar,,Patterson,,Pitt,,45,38,3,4,1,,,,,11,1,12,Free Throw 2 of 2,1,Free Throw Made,,,,47,47,
2,8,18,Joe Harris misses a 3-point jump shot from 23 feet out.,97108,,true,false,false,Joe,,Harris,,UVa,,45,38,3,4,2,,,,,10,3,45,Jump Shot,4,Field Goal Missed,23,-12.3,20,17,17,
2,8,18,Talib Zanna with a defensive rebound.,88283,,true,false,false,Talib,,Zanna,,Pitt,,45,38,3,4,1,,,,,15,,,,6,Defensive Rebound,,,,47,47,
2,8,11,James Robinson misses a layup shot.,116087,,true,false,false,James,,Robinson,,Pitt,,45,38,3,4,0,,,,,5,2,40,Layup Shot,4,Field Goal Missed,0,0,0,47,47,
2,8,11,Joe Harris with a defensive rebound.,97108,,true,false,false,Joe,,Harris,,UVa,,45,38,3,4,2,,,,,10,,,,6,Defensive Rebound,,,,17,17,
2,7,38,London Perrantes misses a jump shot from 16 feet out.,120610,,true,false,false,London,,Perrantes,,UVa,,45,38,3,4,1,,,,,5,2,45,Jump Shot,4,Field Goal Missed,16,2.6,16.1,17,17,
2,7,38,Lamar Patterson with a defensive rebound.,88282,,true,false,false,Lamar,,Patterson,,Pitt,,45,38,3,4,1,,,,,11,,,,6,Defensive Rebound,,,,47,47,
2,7,25,Lamar Patterson misses a 3-point jump shot from 23 feet out.,88282,,true,false,false,Lamar,,Patterson,,Pitt,,45,38,3,4,1,,,,,11,3,45,Jump Shot,4,Field Goal Missed,23,7.2,21.3,47,47,
2,7,25,Akil Mitchell with a defensive rebound.,97111,,true,false,false,Akil,,Mitchell,,UVa,,45,38,3,4,2,,,,,8,,,,6,Defensive Rebound,,,,17,17,
2,7,18,UVa take a 20-second timeout.,,,false,false,false,,,,,,,45,38,3,4,0,,,,,0,,2,Short,11,Timeout,,,,17,17,
2,6,56,Malcolm Brogdon misses a layup shot.,109418,,true,false,false,Malcolm,,Brogdon,,UVa,,45,38,3,4,0,,,,,8,2,40,Layup Shot,4,Field Goal Missed,0,0,0,17,17,
2,6,56,UVa with an offensive rebound.,,,false,false,false,,,,,,,45,38,3,4,0,,,,,0,,,,5,Offensive Rebound,,,,17,17,
2,6,56,Official TV timeout.,,,false,false,false,,,,,,,45,38,3,4,0,,,,,0,,3,Official TV,11,Timeout,,,,17,17,
2,6,49,Anthony Gill misses a jump shot from 13 feet out.,109947,,true,false,false,Anthony,,Gill,,UVa,,45,38,3,4,3,,,,,8,2,45,Jump Shot,4,Field Goal Missed,13,-9.9,8.2,17,17,
2,6,49,Michael Young with a defensive rebound.,120761,,true,false,false,Michael,,Young,,Pitt,,45,38,3,4,2,,,,,0,,,,6,Defensive Rebound,,,,47,47,
2,6,38,Michael Young makes a layup shot. Josh Newkirk with the assist.,120761,120759,true,true,false,Michael,Josh,Young,Newkirk,Pitt,Pitt,45,40,3,4,2,,,,,2,2,40,Layup Shot,3,Field Goal Made,0,0,0,47,47,
2,6,03,Malcolm Brogdon misses a jump shot from 20 feet out.,109418,,true,false,false,Malcolm,,Brogdon,,UVa,,45,40,3,4,0,,,,,8,2,45,Jump Shot,4,Field Goal Missed,20,.6,20.5,17,17,
2,6,03,James Robinson with a defensive rebound.,116087,,true,false,false,James,,Robinson,,Pitt,,45,40,3,4,0,,,,,5,,,,6,Defensive Rebound,,,,47,47,
2,5,35,Josh Newkirk misses a layup shot.,120759,,true,false,false,Josh,,Newkirk,,Pitt,,45,40,3,4,2,,,,,1,2,40,Layup Shot,4,Field Goal Missed,0,0,0,47,47,
2,5,35,James Robinson with an offensive rebound.,116087,,true,false,false,James,,Robinson,,Pitt,,45,40,3,4,0,,,,,5,,,,5,Offensive Rebound,,,,47,47,
2,5,27,James Robinson misses a jump shot from 14 feet out.,116087,,true,false,false,James,,Robinson,,Pitt,,45,40,3,4,0,,,,,5,2,45,Jump Shot,4,Field Goal Missed,14,-.8,14.4,47,47,
2,5,27,London Perrantes with a defensive rebound.,120610,,true,false,false,London,,Perrantes,,UVa,,45,40,3,4,1,,,,,5,,,,6,Defensive Rebound,,,,17,17,
2,4,54,Justin Anderson with a traveling turnover: Traveling,116701,,true,false,false,Justin,,Anderson,,UVa,,45,40,3,4,1,,,,,2,,4,Traveling,7,Turnover,,,,17,17,
2,4,26,Lamar Patterson makes a layup shot.,88282,,true,false,false,Lamar,,Patterson,,Pitt,,45,42,3,4,1,,,,,13,2,40,Layup Shot,3,Field Goal Made,0,0,0,47,47,
2,4,00,Joe Harris misses a jump shot from 15 feet out.,97108,,true,false,false,Joe,,Harris,,UVa,,45,42,3,4,2,,,,,10,2,45,Jump Shot,4,Field Goal Missed,15,6.5,13.9,17,17,
2,4,00,James Robinson with a defensive rebound.,116087,,true,false,false,James,,Robinson,,Pitt,,45,42,3,4,0,,,,,5,,,,6,Defensive Rebound,,,,47,47,
2,3,54,Cameron Wright with a bad pass turnover: Bad Pass,97236,,true,false,false,Cameron,,Wright,,Pitt,,45,42,3,4,1,,,,,4,,1,Bad Pass,7,Turnover,,,,47,47,
2,3,54,Official TV timeout.,,,false,false,false,,,,,,,45,42,3,4,0,,,,,0,,3,Official TV,11,Timeout,,,,17,17,
2,3,32,Joe Harris makes a layup shot. London Perrantes with the assist.,97108,120610,true,true,false,Joe,London,Harris,Perrantes,UVa,UVa,47,42,3,4,2,,,,,12,2,40,Layup Shot,3,Field Goal Made,0,0,0,17,17,
2,3,13,Talib Zanna misses a layup shot.,88283,,true,false,false,Talib,,Zanna,,Pitt,,47,42,3,4,1,,,,,15,2,40,Layup Shot,4,Field Goal Missed,0,0,0,47,47,
2,3,13,Anthony Gill with a defensive rebound.,109947,,true,false,false,Anthony,,Gill,,UVa,,47,42,3,4,3,,,,,8,,,,6,Defensive Rebound,,,,17,17,
2,2,35,London Perrantes misses a jump shot from 16 feet out.,120610,,true,false,false,London,,Perrantes,,UVa,,47,42,3,4,1,,,,,5,2,45,Jump Shot,4,Field Goal Missed,16,3.7,15.2,17,17,
2,2,35,Talib Zanna with a defensive rebound.,88283,,true,false,false,Talib,,Zanna,,Pitt,,47,42,3,4,1,,,,,15,,,,6,Defensive Rebound,,,,47,47,
2,2,29,Josh Newkirk makes a layup shot.,120759,,true,false,false,Josh,,Newkirk,,Pitt,,47,44,3,4,2,,,,,3,2,40,Layup Shot,3,Field Goal Made,0,0,0,47,47,
2,1,51,Malcolm Brogdon misses a jump shot from 20 feet out.,109418,,true,false,false,Malcolm,,Brogdon,,UVa,,47,44,3,4,0,,,,,8,2,45,Jump Shot,4,Field Goal Missed,20,-6.9,19,17,17,
2,1,51,James Robinson with a defensive rebound.,116087,,true,false,false,James,,Robinson,,Pitt,,47,44,3,4,0,,,,,5,,,,6,Defensive Rebound,,,,47,47,
2,1,42,Josh Newkirk misses a 3-point jump shot from 24 feet out.,120759,,true,false,false,Josh,,Newkirk,,Pitt,,47,44,3,4,2,,,,,3,3,45,Jump Shot,4,Field Goal Missed,24,6.7,22.9,47,47,
2,1,42,Anthony Gill with a defensive rebound.,109947,,true,false,false,Anthony,,Gill,,UVa,,47,44,3,4,3,,,,,8,,,,6,Defensive Rebound,,,,17,17,
2,1,15,Personal foul committed by Josh Newkirk.,120759,,true,false,false,Josh,,Newkirk,,Pitt,,47,44,4,4,3,,,,,3,,1,Personal,8,Foul,,,,47,47,
2,1,00,Malcolm Brogdon makes a layup shot.,109418,,true,false,false,Malcolm,,Brogdon,,UVa,,49,44,4,4,0,,,,,10,2,40,Layup Shot,3,Field Goal Made,0,0,0,17,17,
2,0,50.7,Lamar Patterson makes a layup shot. Cameron Wright with the assist.,88282,97236,true,true,false,Lamar,Cameron,Patterson,Wright,Pitt,Pitt,49,46,4,4,1,,,,,15,2,40,Layup Shot,3,Field Goal Made,0,0,0,47,47,
2,0,50.7,Pitt take a 20-second timeout.,,,false,false,false,,,,,,,49,46,4,4,0,,,,,0,,2,Short,11,Timeout,,,,47,47,
2,0,48.6,Personal foul committed by Lamar Patterson.,88282,,true,false,false,Lamar,,Patterson,,Pitt,,49,46,5,4,2,,,,,15,,1,Personal,8,Foul,,,,47,47,
2,0,14.9,Malcolm Brogdon with a lost ball turnover: Lost Ball,109418,,true,false,false,Malcolm,,Brogdon,,UVa,,49,46,5,4,0,,,,,10,,2,Lost Ball,7,Turnover,,,,17,17,
2,0,10.0,James Robinson makes a layup shot.,116087,,true,false,false,James,,Robinson,,Pitt,,49,48,5,4,0,,,,,7,2,40,Layup Shot,3,Field Goal Made,0,0,0,47,47,
2,0,10.0,Pitt take a 20-second timeout.,,,false,false,false,,,,,,,49,48,5,4,0,,,,,0,,2,Short,11,Timeout,,,,47,47,
2,0,09.2,Personal foul committed by James Robinson.,116087,,true,false,false,James,,Robinson,,Pitt,,49,48,6,4,1,,,,,7,,1,Personal,8,Foul,,,,47,47,
2,0,08.5,Personal foul committed by James Robinson.,116087,,true,false,false,James,,Robinson,,Pitt,,49,48,7,4,2,,,,,7,,1,Personal,8,Foul,,,,47,47,
2,0,08.5,Anthony Gill makes free throw 1st of 1-and-1.,109947,,true,false,false,Anthony,,Gill,,UVa,,50,48,7,4,3,,,,,9,1,8,Free Throw 1st of 1-and-1,1,Free Throw Made,,,,17,17,
2,0,08.5,Anthony Gill makes free throw 2nd of 1-and-1.,109947,,true,false,false,Anthony,,Gill,,UVa,,51,48,7,4,3,,,,,10,1,9,Free Throw 2nd of 1-and-1,1,Free Throw Made,,,,17,17,
2,0,06.0,Personal foul committed by London Perrantes.,120610,,true,false,false,London,,Perrantes,,UVa,,51,48,7,5,2,,,,,5,,1,Personal,8,Foul,,,,17,17,
2,0,04.0,Personal foul committed by London Perrantes.,120610,,true,false,false,London,,Perrantes,,UVa,,51,48,7,6,3,,,,,5,,1,Personal,8,Foul,,,,17,17,
2,0,01.0,James Robinson misses a 3-point jump shot from 23 feet out.,116087,,true,false,false,James,,Robinson,,Pitt,,51,48,7,6,2,,,,,7,3,45,Jump Shot,4,Field Goal Missed,23,-21,10,47,47,
2,0,01.0,Anthony Gill with a defensive rebound.,109947,,true,false,false,Anthony,,Gill,,UVa,,51,48,7,6,3,,,,,10,,,,6,Defensive Rebound,,,,17,17,
2,0,00.5,Personal foul committed by James Robinson.,116087,,true,false,false,James,,Robinson,,Pitt,,51,48,8,6,3,,,,,7,,1,Personal,8,Foul,,,,47,47,
2,0,00,Anthony Gill misses free throw 1st of 1-and-1.,109947,,true,false,false,Anthony,,Gill,,UVa,,51,48,8,6,3,,,,,10,1,8,Free Throw 1st of 1-and-1,2,Free Throw Missed,,,,17,17,
2,0,00,Cameron Wright with a defensive rebound.,97236,,true,false,false,Cameron,,Wright,,Pitt,,51,48,8,6,1,,,,,4,,,,6,Defensive Rebound,,,,47,47,
2,0,00,End of the 2nd Half,,,false,false,false,,,,,,,51,48,8,6,0,,,,,0,,,,15,End Period,,,,17,17,
2,0,00,End of the Game,,,false,false,false,,,,,,,51,48,8,6,0,,,,,0,,,,19,Game Over,,,,17,17,
