half,time-minutes,time-seconds,details,player1-id,player2-id,player1-linkable,player2-linkable,player3-linkable,player-first-name-1,player-first-name-2,player-last-name-1,player-last-name-2,player-team-alias-1,player-team-alias-2,home-score,visitor-score,visitor-fouls,home-fouls,player-fouls,fastbreak,in-paint,second-chance,off-turnover,player-score,points-type,detail-id,detail-desc,event-id,event-desc,distance,x-coord,y-coord,team-id-1,team-id-2,team-id-3
1,20,00,Start of the 1st Half,,,false,false,false,,,,,,,0,0,0,0,0,,,,,0,,,,14,Start Period,,,,14,14,
1,19,47,Jake Layman makes a jump shot from 18 feet out. Seth Allen with the assist.,116731,116730,true,true,false,Jake,Seth,Layman,Allen,MD,MD,2,0,0,0,0,,,,,2,2,45,Jump Shot,3,Field Goal Made,18,14.7,10.8,14,14,
1,19,26,Talib Zanna misses a hook shot from 7 feet out.,88283,,true,false,false,Talib,,Zanna,,Pitt,,2,0,0,0,0,,,,,0,2,55,Hook Shot,4,Field Goal Missed,7,-.8,6.5,47,47,
1,19,26,Evan Smotrycz with a defensive rebound.,97334,,true,false,false,Evan,,Smotrycz,,MD,,2,0,0,0,0,,,,,0,,,,6,Defensive Rebound,,,,14,14,
1,19,17,Evan Smotrycz makes a jump shot from 15 feet out. Seth Allen with the assist.,97334,116730,true,true,false,Evan,Seth,Smotrycz,Allen,MD,MD,4,0,0,0,0,,,,,2,2,45,Jump Shot,3,Field Goal Made,15,14.5,2.6,14,14,
1,19,08,Talib Zanna makes a layup shot.,88283,,true,false,false,Talib,,Zanna,,Pitt,,4,2,0,0,0,,,,,2,2,40,Layup Shot,3,Field Goal Made,0,0,0,47,47,
1,18,55,Offensive foul committed by Shaquille Cleare.,116734,,true,false,false,Shaquille,,Cleare,,MD,,4,2,0,1,1,,,,,0,,4,Offensive,8,Foul,,,,14,14,
1,18,55,Shaquille Cleare with a  turnover:,116734,,true,false,false,Shaquille,,Cleare,,MD,,4,2,0,1,1,,,,,0,,,,7,Turnover,,,,14,14,
1,18,37,Talib Zanna with a lost ball turnover: Lost Ball,88283,,true,false,false,Talib,,Zanna,,Pitt,,4,2,0,1,0,,,,,2,,2,Lost Ball,7,Turnover,,,,47,47,
1,18,34,Dez Wells makes a dunk shot.,109448,,true,false,false,Dez,,Wells,,MD,,6,2,0,1,0,,,,,2,2,48,Dunk Shot,3,Field Goal Made,0,0,0,14,14,
1,17,57,Lamar Patterson misses a layup shot.,88282,,true,false,false,Lamar,,Patterson,,Pitt,,6,2,0,1,0,,,,,0,2,40,Layup Shot,4,Field Goal Missed,0,0,0,47,47,
1,17,57,Evan Smotrycz with a defensive rebound.,97334,,true,false,false,Evan,,Smotrycz,,MD,,6,2,0,1,0,,,,,2,,,,6,Defensive Rebound,,,,14,14,
1,17,55,Evan Smotrycz with a lost ball turnover: Lost Ball,97334,,true,false,false,Evan,,Smotrycz,,MD,,6,2,0,1,0,,,,,2,,2,Lost Ball,7,Turnover,,,,14,14,
1,17,53,Offensive foul committed by Lamar Patterson.,88282,,true,false,false,Lamar,,Patterson,,Pitt,,6,2,1,1,1,,,,,0,,4,Offensive,8,Foul,,,,47,47,
1,17,53,Lamar Patterson with a  turnover:,88282,,true,false,false,Lamar,,Patterson,,Pitt,,6,2,1,1,1,,,,,0,,,,7,Turnover,,,,47,47,
1,17,37,Jake Layman makes a 3-point jump shot from 23 feet out. Shaquille Cleare with the assist.,116731,116734,true,true,false,Jake,Shaquille,Layman,Cleare,MD,MD,9,2,1,1,0,,,,,5,3,45,Jump Shot,3,Field Goal Made,23,-15.1,17.9,14,14,
1,17,25,Shooting foul committed by Seth Allen.,116730,,true,false,false,Seth,,Allen,,MD,,9,2,1,2,1,,,,,0,,2,Shooting,8,Foul,,,,14,14,
1,17,25,James Robinson makes free throw 1 of 2.,116087,,true,false,false,James,,Robinson,,Pitt,,9,3,1,2,0,,,,,1,1,11,Free Throw 1 of 2,1,Free Throw Made,,,,47,47,
1,17,25,James Robinson makes free throw 2 of 2.,116087,,true,false,false,James,,Robinson,,Pitt,,9,4,1,2,0,,,,,2,1,12,Free Throw 2 of 2,1,Free Throw Made,,,,47,47,
1,17,04,Jake Layman misses a 3-point jump shot from 22 feet out.,116731,,true,false,false,Jake,,Layman,,MD,,9,4,1,2,0,,,,,5,3,45,Jump Shot,4,Field Goal Missed,22,-22,4.5,14,14,
1,17,04,Michael Young with a defensive rebound.,120761,,true,false,false,Michael,,Young,,Pitt,,9,4,1,2,0,,,,,0,,,,6,Defensive Rebound,,,,47,47,
1,16,52,James Robinson misses a jump shot from 15 feet out.,116087,,true,false,false,James,,Robinson,,Pitt,,9,4,1,2,0,,,,,2,2,45,Jump Shot,4,Field Goal Missed,15,-15.2,.2,47,47,
1,16,52,Jake Layman with a defensive rebound.,116731,,true,false,false,Jake,,Layman,,MD,,9,4,1,2,0,,,,,5,,,,6,Defensive Rebound,,,,14,14,
1,16,46,Dez Wells with a lost ball turnover: Lost Ball,109448,,true,false,false,Dez,,Wells,,MD,,9,4,1,2,0,,,,,2,,2,Lost Ball,7,Turnover,,,,14,14,
1,16,39,Michael Young with a bad pass turnover: Bad Pass,120761,,true,false,false,Michael,,Young,,Pitt,,9,4,1,2,0,,,,,0,,1,Bad Pass,7,Turnover,,,,47,47,
1,16,20,Dez Wells makes a jump shot from 21 feet out. Shaquille Cleare with the assist.,109448,116734,true,true,false,Dez,Shaquille,Wells,Cleare,MD,MD,11,4,1,2,0,,,,,4,2,45,Jump Shot,3,Field Goal Made,21,4.3,21,14,14,
1,15,52,Lamar Patterson misses a jump shot from 5 feet out.,88282,,true,false,false,Lamar,,Patterson,,Pitt,,11,4,1,2,1,,,,,0,2,45,Jump Shot,4,Field Goal Missed,5,4,3.5,47,47,
1,15,52,Shaquille Cleare with a defensive rebound.,116734,,true,false,false,Shaquille,,Cleare,,MD,,11,4,1,2,1,,,,,0,,,,6,Defensive Rebound,,,,14,14,
1,15,33,Evan Smotrycz misses a jump shot from 14 feet out.,97334,,true,false,false,Evan,,Smotrycz,,MD,,11,4,1,2,0,,,,,2,2,45,Jump Shot,4,Field Goal Missed,14,-13.4,2.1,14,14,
1,15,33,Lamar Patterson with a defensive rebound.,88282,,true,false,false,Lamar,,Patterson,,Pitt,,11,4,1,2,1,,,,,0,,,,6,Defensive Rebound,,,,47,47,
1,15,24,Cameron Wright makes a jump shot from 18 feet out. Lamar Patterson with the assist.,97236,88282,true,true,false,Cameron,Lamar,Wright,Patterson,Pitt,Pitt,11,6,1,2,0,,,,,2,2,45,Jump Shot,3,Field Goal Made,18,16.8,7,47,47,
1,15,04,Evan Smotrycz misses a layup shot.,97334,,true,false,false,Evan,,Smotrycz,,MD,,11,6,1,2,0,,,,,2,2,40,Layup Shot,4,Field Goal Missed,0,0,0,14,14,
1,15,04,Talib Zanna with a defensive rebound.,88283,,true,false,false,Talib,,Zanna,,Pitt,,11,6,1,2,0,,,,,2,,,,6,Defensive Rebound,,,,47,47,
1,14,58,James Robinson misses a jump shot from 6 feet out.,116087,,true,false,false,James,,Robinson,,Pitt,,11,6,1,2,0,,,,,2,2,45,Jump Shot,4,Field Goal Missed,6,3,5,47,47,
1,14,58,Jamel Artis with an offensive rebound.,120758,,true,false,false,Jamel,,Artis,,Pitt,,11,6,1,2,0,,,,,0,,,,5,Offensive Rebound,,,,47,47,
1,14,56,Shooting foul committed by Evan Smotrycz.,97334,,true,false,false,Evan,,Smotrycz,,MD,,11,6,1,3,1,,,,,2,,2,Shooting,8,Foul,,,,14,14,
1,14,56,Official TV timeout.,,,false,false,false,,,,,,,11,6,1,3,0,,,,,0,,3,Official TV,11,Timeout,,,,14,14,
1,14,56,Jamel Artis makes free throw 1 of 2.,120758,,true,false,false,Jamel,,Artis,,Pitt,,11,7,1,3,0,,,,,1,1,11,Free Throw 1 of 2,1,Free Throw Made,,,,47,47,
1,14,56,Jamel Artis makes free throw 2 of 2.,120758,,true,false,false,Jamel,,Artis,,Pitt,,11,8,1,3,0,,,,,2,1,12,Free Throw 2 of 2,1,Free Throw Made,,,,47,47,
1,14,44,Nick Faust misses a 3-point jump shot from 23 feet out.,110907,,true,false,false,Nick,,Faust,,MD,,11,8,1,3,0,,,,,0,3,45,Jump Shot,4,Field Goal Missed,23,-18.8,12.8,14,14,
1,14,44,Cameron Wright with a defensive rebound.,97236,,true,false,false,Cameron,,Wright,,Pitt,,11,8,1,3,0,,,,,2,,,,6,Defensive Rebound,,,,47,47,
1,14,31,Jamel Artis misses a 3-point jump shot from 24 feet out.,120758,,true,false,false,Jamel,,Artis,,Pitt,,11,8,1,3,0,,,,,2,3,45,Jump Shot,4,Field Goal Missed,24,-18,16,47,47,
1,14,31,Jamel Artis with an offensive rebound.,120758,,true,false,false,Jamel,,Artis,,Pitt,,11,8,1,3,0,,,,,2,,,,5,Offensive Rebound,,,,47,47,
1,14,28,Derrick Randall with a lost ball turnover: Lost Ball,110181,,true,false,false,Derrick,,Randall,,Pitt,,11,8,1,3,0,,,,,0,,2,Lost Ball,7,Turnover,,,,47,47,
1,14,12,Charles Mitchell misses a hook shot from 7 feet out.,116729,,true,false,false,Charles,,Mitchell,,MD,,11,8,1,3,0,,,,,0,2,55,Hook Shot,4,Field Goal Missed,7,.8,6.7,14,14,
1,14,12,Jamel Artis with a defensive rebound.,120758,,true,false,false,Jamel,,Artis,,Pitt,,11,8,1,3,0,,,,,2,,,,6,Defensive Rebound,,,,47,47,
1,14,11,Jamel Artis with a lost ball out of bounds turnover: Lost Ball Out of Bounds,120758,,true,false,false,Jamel,,Artis,,Pitt,,11,8,1,3,0,,,,,2,,23,Lost Ball Out of Bounds,7,Turnover,,,,47,47,
1,14,04,Nick Faust misses a 3-point jump shot from 23 feet out.,110907,,true,false,false,Nick,,Faust,,MD,,11,8,1,3,0,,,,,0,3,45,Jump Shot,4,Field Goal Missed,23,-23,1,14,14,
1,14,04,Jake Layman with an offensive rebound.,116731,,true,false,false,Jake,,Layman,,MD,,11,8,1,3,0,,,,,5,,,,5,Offensive Rebound,,,,14,14,
1,13,50,Charles Mitchell misses a hook shot from 8 feet out.,116729,,true,false,false,Charles,,Mitchell,,MD,,11,8,1,3,0,,,,,0,2,55,Hook Shot,4,Field Goal Missed,8,-5.9,5,14,14,
1,13,50,Roddy Peters with an offensive rebound.,120753,,true,false,false,Roddy,,Peters,,MD,,11,8,1,3,0,,,,,0,,,,5,Offensive Rebound,,,,14,14,
1,13,34,Offensive foul committed by Jonathan Graham.,97094,,true,false,false,Jonathan,,Graham,,MD,,11,8,1,4,1,,,,,0,,4,Offensive,8,Foul,,,,14,14,
1,13,34,Jonathan Graham with a  turnover:,97094,,true,false,false,Jonathan,,Graham,,MD,,11,8,1,4,1,,,,,0,,,,7,Turnover,,,,14,14,
1,13,12,Cameron Wright misses a jump shot from 7 feet out.,97236,,true,false,false,Cameron,,Wright,,Pitt,,11,8,1,4,0,,,,,2,2,45,Jump Shot,4,Field Goal Missed,7,.6,7.2,47,47,
1,13,12,Jamel Artis with an offensive rebound.,120758,,true,false,false,Jamel,,Artis,,Pitt,,11,8,1,4,0,,,,,2,,,,5,Offensive Rebound,,,,47,47,
1,13,10,Jamel Artis misses a layup shot.,120758,,true,false,false,Jamel,,Artis,,Pitt,,11,8,1,4,0,,,,,2,2,40,Layup Shot,4,Field Goal Missed,0,0,0,47,47,
1,13,10,Jamel Artis with an offensive rebound.,120758,,true,false,false,Jamel,,Artis,,Pitt,,11,8,1,4,0,,,,,2,,,,5,Offensive Rebound,,,,47,47,
1,13,10,Jamel Artis with a lost ball turnover: Lost Ball,120758,,true,false,false,Jamel,,Artis,,Pitt,,11,8,1,4,0,,,,,2,,2,Lost Ball,7,Turnover,,,,47,47,
1,12,49,Dez Wells makes a layup shot. Roddy Peters with the assist.,109448,120753,true,true,false,Dez,Roddy,Wells,Peters,MD,MD,13,8,1,4,0,,,,,6,2,40,Layup Shot,3,Field Goal Made,0,0,0,14,14,
1,12,22,Jamel Artis makes a jump shot from 20 feet out. Lamar Patterson with the assist.,120758,88282,true,true,false,Jamel,Lamar,Artis,Patterson,Pitt,Pitt,13,10,1,4,0,,,,,4,2,45,Jump Shot,3,Field Goal Made,20,-20.2,2.5,47,47,
1,12,07,Dez Wells misses a jump shot from 18 feet out.,109448,,true,false,false,Dez,,Wells,,MD,,13,10,1,4,0,,,,,6,2,45,Jump Shot,4,Field Goal Missed,18,-17,6,14,14,
1,12,07,Josh Newkirk with a defensive rebound.,120759,,true,false,false,Josh,,Newkirk,,Pitt,,13,10,1,4,0,,,,,0,,,,6,Defensive Rebound,,,,47,47,
1,11,54,Chris Jones misses a jump shot from 6 feet out.,116086,,true,false,false,Chris,,Jones,,Pitt,,13,10,1,4,0,,,,,0,2,45,Jump Shot,4,Field Goal Missed,6,-1.1,6,47,47,
1,11,54,Talib Zanna with an offensive rebound.,88283,,true,false,false,Talib,,Zanna,,Pitt,,13,10,1,4,0,,,,,2,,,,5,Offensive Rebound,,,,47,47,
1,11,53,Talib Zanna makes a dunk shot.,88283,,true,false,false,Talib,,Zanna,,Pitt,,13,12,1,4,0,,,,,4,2,48,Dunk Shot,3,Field Goal Made,0,0,0,47,47,
1,11,17,Roddy Peters misses a jump shot from 12 feet out.,120753,,true,false,false,Roddy,,Peters,,MD,,13,12,1,4,0,,,,,0,2,45,Jump Shot,4,Field Goal Missed,12,-5.7,10.6,14,14,
1,11,17,Jamel Artis with a defensive rebound.,120758,,true,false,false,Jamel,,Artis,,Pitt,,13,12,1,4,0,,,,,4,,,,6,Defensive Rebound,,,,47,47,
1,11,06,Talib Zanna misses a layup shot.,88283,,true,false,false,Talib,,Zanna,,Pitt,,13,12,1,4,0,,,,,4,2,40,Layup Shot,4,Field Goal Missed,0,0,0,47,47,
1,11,06,Nick Faust with a defensive rebound.,110907,,true,false,false,Nick,,Faust,,MD,,13,12,1,4,0,,,,,0,,,,6,Defensive Rebound,,,,14,14,
1,11,00,Shooting foul committed by Talib Zanna.,88283,,true,false,false,Talib,,Zanna,,Pitt,,13,12,2,4,1,,,,,4,,2,Shooting,8,Foul,,,,47,47,
1,11,00,Official TV timeout.,,,false,false,false,,,,,,,13,12,2,4,0,,,,,0,,3,Official TV,11,Timeout,,,,14,14,
1,11,00,Charles Mitchell misses free throw 1 of 2.,116729,,true,false,false,Charles,,Mitchell,,MD,,13,12,2,4,0,,,,,0,1,11,Free Throw 1 of 2,2,Free Throw Missed,,,,14,14,
1,11,00,MD with an offensive rebound.,,,false,false,false,,,,,,,13,12,2,4,0,,,,,0,,,,5,Offensive Rebound,,,,14,14,
1,11,00,Charles Mitchell misses free throw 2 of 2.,116729,,true,false,false,Charles,,Mitchell,,MD,,13,12,2,4,0,,,,,0,1,12,Free Throw 2 of 2,2,Free Throw Missed,,,,14,14,
1,11,00,Jamel Artis with a defensive rebound.,120758,,true,false,false,Jamel,,Artis,,Pitt,,13,12,2,4,0,,,,,4,,,,6,Defensive Rebound,,,,47,47,
1,10,40,Lamar Patterson misses a 3-point jump shot from 23 feet out.,88282,,true,false,false,Lamar,,Patterson,,Pitt,,13,12,2,4,1,,,,,0,3,45,Jump Shot,4,Field Goal Missed,23,-21,10.3,47,47,
1,10,40,Seth Allen with a defensive rebound.,116730,,true,false,false,Seth,,Allen,,MD,,13,12,2,4,1,,,,,0,,,,6,Defensive Rebound,,,,14,14,
1,10,27,Jake Layman misses a jump shot from 9 feet out.,116731,,true,false,false,Jake,,Layman,,MD,,13,12,2,4,0,,,,,5,2,45,Jump Shot,4,Field Goal Missed,9,-7.9,4.8,14,14,
1,10,27,Seth Allen with an offensive rebound.,116730,,true,false,false,Seth,,Allen,,MD,,13,12,2,4,1,,,,,0,,,,5,Offensive Rebound,,,,14,14,
1,10,07,Evan Smotrycz makes a 3-point jump shot from 23 feet out.,97334,,true,false,false,Evan,,Smotrycz,,MD,,16,12,2,4,1,,,,,5,3,45,Jump Shot,3,Field Goal Made,23,21.2,9.8,14,14,
1,9,57,Personal foul committed by Charles Mitchell.,116729,,true,false,false,Charles,,Mitchell,,MD,,16,12,2,5,1,,,,,0,,1,Personal,8,Foul,,,,14,14,
1,9,40,Jamel Artis makes a jump shot from 17 feet out.,120758,,true,false,false,Jamel,,Artis,,Pitt,,16,14,2,5,0,,,,,6,2,45,Jump Shot,3,Field Goal Made,17,-12.7,11.6,47,47,
1,9,29,Seth Allen misses a jump shot from 18 feet out.,116730,,true,false,false,Seth,,Allen,,MD,,16,14,2,5,1,,,,,0,2,45,Jump Shot,4,Field Goal Missed,18,.3,17.6,14,14,
1,9,29,MD with an offensive rebound.,,,false,false,false,,,,,,,16,14,2,5,0,,,,,0,,,,5,Offensive Rebound,,,,14,14,
1,9,18,Shaquille Cleare with a lost ball turnover: Lost Ball,116734,,true,false,false,Shaquille,,Cleare,,MD,,16,14,2,5,1,,,,,0,,2,Lost Ball,7,Turnover,,,,14,14,
1,9,05,Derrick Randall makes a dunk shot. Lamar Patterson with the assist.,110181,88282,true,true,false,Derrick,Lamar,Randall,Patterson,Pitt,Pitt,16,16,2,5,0,,,,,2,2,48,Dunk Shot,3,Field Goal Made,0,0,0,47,47,
1,8,43,Shaquille Cleare misses a hook shot from 6 feet out.,116734,,true,false,false,Shaquille,,Cleare,,MD,,16,16,2,5,1,,,,,0,2,55,Hook Shot,4,Field Goal Missed,6,2.3,5.3,14,14,
1,8,43,Pitt with a defensive rebound.,,,false,false,false,,,,,,,16,16,2,5,0,,,,,0,,,,6,Defensive Rebound,,,,47,47,
1,8,26,Shooting foul committed by Evan Smotrycz.,97334,,true,false,false,Evan,,Smotrycz,,MD,,16,16,2,6,2,,,,,5,,2,Shooting,8,Foul,,,,14,14,
1,8,26,Lamar Patterson makes free throw 1 of 2.,88282,,true,false,false,Lamar,,Patterson,,Pitt,,16,17,2,6,1,,,,,1,1,11,Free Throw 1 of 2,1,Free Throw Made,,,,47,47,
1,8,26,Lamar Patterson makes free throw 2 of 2.,88282,,true,false,false,Lamar,,Patterson,,Pitt,,16,18,2,6,1,,,,,2,1,12,Free Throw 2 of 2,1,Free Throw Made,,,,47,47,
1,8,13,Jake Layman misses a jump shot from 16 feet out.,116731,,true,false,false,Jake,,Layman,,MD,,16,18,2,6,0,,,,,5,2,45,Jump Shot,4,Field Goal Missed,16,-11.1,11.8,14,14,
1,8,13,Pitt with a defensive rebound.,,,false,false,false,,,,,,,16,18,2,6,0,,,,,0,,,,6,Defensive Rebound,,,,47,47,
1,7,52,James Robinson misses a 3-point jump shot from 23 feet out.,116087,,true,false,false,James,,Robinson,,Pitt,,16,18,2,6,0,,,,,2,3,45,Jump Shot,4,Field Goal Missed,23,21,8.4,47,47,
1,7,52,Shaquille Cleare with a defensive rebound.,116734,,true,false,false,Shaquille,,Cleare,,MD,,16,18,2,6,1,,,,,0,,,,6,Defensive Rebound,,,,14,14,
1,7,45,Seth Allen with a lost ball turnover: Lost Ball,116730,,true,false,false,Seth,,Allen,,MD,,16,18,2,6,1,,,,,0,,2,Lost Ball,7,Turnover,,,,14,14,
1,7,41,Josh Newkirk misses a layup shot.,120759,,true,false,false,Josh,,Newkirk,,Pitt,,16,18,2,6,0,,,,,0,2,40,Layup Shot,4,Field Goal Missed,0,0,0,47,47,
1,7,41,Josh Newkirk with an offensive rebound.,120759,,true,false,false,Josh,,Newkirk,,Pitt,,16,18,2,6,0,,,,,0,,,,5,Offensive Rebound,,,,47,47,
1,7,37,Jamel Artis with a traveling turnover: Traveling,120758,,true,false,false,Jamel,,Artis,,Pitt,,16,18,2,6,0,,,,,6,,4,Traveling,7,Turnover,,,,47,47,
1,7,37,Official TV timeout.,,,false,false,false,,,,,,,16,18,2,6,0,,,,,0,,3,Official TV,11,Timeout,,,,14,14,
1,7,26,Dez Wells with a traveling turnover: Traveling,109448,,true,false,false,Dez,,Wells,,MD,,16,18,2,6,0,,,,,6,,4,Traveling,7,Turnover,,,,14,14,
1,7,08,Lamar Patterson makes a jump shot from 18 feet out. James Robinson with the assist.,88282,116087,true,true,false,Lamar,James,Patterson,Robinson,Pitt,Pitt,16,20,2,6,1,,,,,4,2,45,Jump Shot,3,Field Goal Made,18,-10.1,14.4,47,47,
1,6,56,Nick Faust makes a jump shot from 7 feet out. Seth Allen with the assist.,110907,116730,true,true,false,Nick,Seth,Faust,Allen,MD,MD,18,20,2,6,0,,,,,2,2,45,Jump Shot,3,Field Goal Made,7,-.3,7,14,14,
1,6,45,Shooting foul committed by Nick Faust.,110907,,true,false,false,Nick,,Faust,,MD,,18,20,2,7,1,,,,,2,,2,Shooting,8,Foul,,,,14,14,
1,6,45,Lamar Patterson makes free throw 1 of 3.,88282,,true,false,false,Lamar,,Patterson,,Pitt,,18,21,2,7,1,,,,,5,1,13,Free Throw 1 of 3,1,Free Throw Made,,,,47,47,
1,6,45,Lamar Patterson makes free throw 2 of 3.,88282,,true,false,false,Lamar,,Patterson,,Pitt,,18,22,2,7,1,,,,,6,1,14,Free Throw 2 of 3,1,Free Throw Made,,,,47,47,
1,6,45,Lamar Patterson makes free throw 3 of 3.,88282,,true,false,false,Lamar,,Patterson,,Pitt,,18,23,2,7,1,,,,,7,1,15,Free Throw 3 of 3,1,Free Throw Made,,,,47,47,
1,6,31,Charles Mitchell makes a layup shot.,116729,,true,false,false,Charles,,Mitchell,,MD,,20,23,2,7,1,,,,,2,2,40,Layup Shot,3,Field Goal Made,0,0,0,14,14,
1,6,25,Personal foul committed by Nick Faust.,110907,,true,false,false,Nick,,Faust,,MD,,20,23,2,8,2,,,,,2,,1,Personal,8,Foul,,,,14,14,
1,6,25,James Robinson makes free throw 1st of 1-and-1.,116087,,true,false,false,James,,Robinson,,Pitt,,20,24,2,8,0,,,,,3,1,8,Free Throw 1st of 1-and-1,1,Free Throw Made,,,,47,47,
1,6,25,James Robinson makes free throw 2nd of 1-and-1.,116087,,true,false,false,James,,Robinson,,Pitt,,20,25,2,8,0,,,,,4,1,9,Free Throw 2nd of 1-and-1,1,Free Throw Made,,,,47,47,
1,6,11,Shooting foul committed by Derrick Randall.,110181,,true,false,false,Derrick,,Randall,,Pitt,,20,25,3,8,1,,,,,2,,2,Shooting,8,Foul,,,,47,47,
1,6,11,Charles Mitchell makes free throw 1 of 2.,116729,,true,false,false,Charles,,Mitchell,,MD,,21,25,3,8,1,,,,,3,1,11,Free Throw 1 of 2,1,Free Throw Made,,,,14,14,
1,6,11,Charles Mitchell makes free throw 2 of 2.,116729,,true,false,false,Charles,,Mitchell,,MD,,22,25,3,8,1,,,,,4,1,12,Free Throw 2 of 2,1,Free Throw Made,,,,14,14,
1,6,01,Personal foul committed by Dez Wells.,109448,,true,false,false,Dez,,Wells,,MD,,22,25,3,9,1,,,,,6,,1,Personal,8,Foul,,,,14,14,
1,6,01,Lamar Patterson makes free throw 1st of 1-and-1.,88282,,true,false,false,Lamar,,Patterson,,Pitt,,22,26,3,9,1,,,,,8,1,8,Free Throw 1st of 1-and-1,1,Free Throw Made,,,,47,47,
1,6,01,Lamar Patterson makes free throw 2nd of 1-and-1.,88282,,true,false,false,Lamar,,Patterson,,Pitt,,22,27,3,9,1,,,,,9,1,9,Free Throw 2nd of 1-and-1,1,Free Throw Made,,,,47,47,
1,5,46,Jake Layman makes a layup shot.,116731,,true,false,false,Jake,,Layman,,MD,,24,27,3,9,0,,,,,7,2,40,Layup Shot,3,Field Goal Made,0,0,0,14,14,
1,5,32,Cameron Wright with a lost ball turnover: Lost Ball,97236,,true,false,false,Cameron,,Wright,,Pitt,,24,27,3,9,0,,,,,2,,2,Lost Ball,7,Turnover,,,,47,47,
1,5,31,Personal foul committed by James Robinson.,116087,,true,false,false,James,,Robinson,,Pitt,,24,27,4,9,1,,,,,4,,1,Personal,8,Foul,,,,47,47,
1,5,31,Seth Allen makes free throw 1 of 2.,116730,,true,false,false,Seth,,Allen,,MD,,25,27,4,9,1,,,,,1,1,11,Free Throw 1 of 2,1,Free Throw Made,,,,14,14,
1,5,31,Seth Allen makes free throw 2 of 2.,116730,,true,false,false,Seth,,Allen,,MD,,26,27,4,9,1,,,,,2,1,12,Free Throw 2 of 2,1,Free Throw Made,,,,14,14,
1,5,20,Shooting foul committed by Cameron Wright.,97236,,true,false,false,Cameron,,Wright,,Pitt,,26,27,5,9,1,,,,,2,,2,Shooting,8,Foul,,,,47,47,
1,5,20,Dez Wells makes free throw 1 of 2.,109448,,true,false,false,Dez,,Wells,,MD,,27,27,5,9,1,,,,,7,1,11,Free Throw 1 of 2,1,Free Throw Made,,,,14,14,
1,5,20,Dez Wells makes free throw 2 of 2.,109448,,true,false,false,Dez,,Wells,,MD,,28,27,5,9,1,,,,,8,1,12,Free Throw 2 of 2,1,Free Throw Made,,,,14,14,
1,5,06,Michael Young makes a layup shot. Cameron Wright with the assist.,120761,97236,true,true,false,Michael,Cameron,Young,Wright,Pitt,Pitt,28,29,5,9,0,,,,,2,2,40,Layup Shot,3,Field Goal Made,0,0,0,47,47,
1,4,30,Dez Wells with a lost ball turnover: Lost Ball,109448,,true,false,false,Dez,,Wells,,MD,,28,29,5,9,1,,,,,8,,2,Lost Ball,7,Turnover,,,,14,14,
1,4,25,James Robinson makes a layup shot. Cameron Wright with the assist.,116087,97236,true,true,false,James,Cameron,Robinson,Wright,Pitt,Pitt,28,31,5,9,1,,,,,6,2,40,Layup Shot,3,Field Goal Made,0,0,0,47,47,
1,4,17,Dez Wells misses a layup shot.,109448,,true,false,false,Dez,,Wells,,MD,,28,31,5,9,1,,,,,8,2,40,Layup Shot,4,Field Goal Missed,0,0,0,14,14,
1,4,17,Lamar Patterson with a defensive rebound.,88282,,true,false,false,Lamar,,Patterson,,Pitt,,28,31,5,9,1,,,,,9,,,,6,Defensive Rebound,,,,47,47,
1,4,10,Lamar Patterson makes a jump shot from 4 feet out.,88282,,true,false,false,Lamar,,Patterson,,Pitt,,28,33,5,9,1,,,,,11,2,45,Jump Shot,3,Field Goal Made,4,-2.8,3.3,47,47,
1,4,10,MD take a 20-second timeout.,,,false,false,false,,,,,,,28,33,5,9,0,,,,,0,,2,Short,11,Timeout,,,,14,14,
1,3,53,Jake Layman misses a 3-point jump shot from 22 feet out.,116731,,true,false,false,Jake,,Layman,,MD,,28,33,5,9,0,,,,,7,3,45,Jump Shot,4,Field Goal Missed,22,-21.2,7,14,14,
1,3,53,Cameron Wright with a defensive rebound.,97236,,true,false,false,Cameron,,Wright,,Pitt,,28,33,5,9,1,,,,,2,,,,6,Defensive Rebound,,,,47,47,
1,3,48,Cameron Wright makes a layup shot.,97236,,true,false,false,Cameron,,Wright,,Pitt,,28,35,5,9,1,,,,,4,2,40,Layup Shot,3,Field Goal Made,0,0,0,47,47,
1,3,48,Shooting foul committed by Jonathan Graham.,97094,,true,false,false,Jonathan,,Graham,,MD,,28,35,5,10,2,,,,,0,,2,Shooting,8,Foul,,,,14,14,
1,3,48,Official TV timeout.,,,false,false,false,,,,,,,28,35,5,10,0,,,,,0,,3,Official TV,11,Timeout,,,,14,14,
1,3,48,Cameron Wright makes free throw 1 of 1.,97236,,true,false,false,Cameron,,Wright,,Pitt,,28,36,5,10,1,,,,,5,1,10,Free Throw 1 of 1,1,Free Throw Made,,,,47,47,
1,3,34,Offensive foul committed by Charles Mitchell.,116729,,true,false,false,Charles,,Mitchell,,MD,,28,36,5,11,2,,,,,4,,4,Offensive,8,Foul,,,,14,14,
1,3,34,Charles Mitchell with a  turnover:,116729,,true,false,false,Charles,,Mitchell,,MD,,28,36,5,11,2,,,,,4,,,,7,Turnover,,,,14,14,
1,3,05,Jamel Artis misses a jump shot from 20 feet out.,120758,,true,false,false,Jamel,,Artis,,Pitt,,28,36,5,11,0,,,,,6,2,45,Jump Shot,4,Field Goal Missed,20,18,8,47,47,
1,3,05,Seth Allen with a defensive rebound.,116730,,true,false,false,Seth,,Allen,,MD,,28,36,5,11,1,,,,,2,,,,6,Defensive Rebound,,,,14,14,
1,2,53,Shooting foul committed by Michael Young.,120761,,true,false,false,Michael,,Young,,Pitt,,28,36,6,11,1,,,,,2,,2,Shooting,8,Foul,,,,47,47,
1,2,53,Charles Mitchell makes free throw 1 of 2.,116729,,true,false,false,Charles,,Mitchell,,MD,,29,36,6,11,2,,,,,5,1,11,Free Throw 1 of 2,1,Free Throw Made,,,,14,14,
1,2,53,Charles Mitchell misses free throw 2 of 2.,116729,,true,false,false,Charles,,Mitchell,,MD,,29,36,6,11,2,,,,,5,1,12,Free Throw 2 of 2,2,Free Throw Missed,,,,14,14,
1,2,53,Jamel Artis with a defensive rebound.,120758,,true,false,false,Jamel,,Artis,,Pitt,,29,36,6,11,0,,,,,6,,,,6,Defensive Rebound,,,,47,47,
1,2,52,Personal foul committed by Evan Smotrycz.,97334,,true,false,false,Evan,,Smotrycz,,MD,,29,36,6,12,3,,,,,5,,1,Personal,8,Foul,,,,14,14,
1,2,52,Jamel Artis makes free throw 1 of 2.,120758,,true,false,false,Jamel,,Artis,,Pitt,,29,37,6,12,0,,,,,7,1,11,Free Throw 1 of 2,1,Free Throw Made,,,,47,47,
1,2,52,Jamel Artis makes free throw 2 of 2.,120758,,true,false,false,Jamel,,Artis,,Pitt,,29,38,6,12,0,,,,,8,1,12,Free Throw 2 of 2,1,Free Throw Made,,,,47,47,
1,2,36,Charles Mitchell makes a layup shot. Seth Allen with the assist.,116729,116730,true,true,false,Charles,Seth,Mitchell,Allen,MD,MD,31,38,6,12,2,,,,,7,2,40,Layup Shot,3,Field Goal Made,0,0,0,14,14,
1,2,20,Cameron Wright misses a jump shot from 15 feet out.,97236,,true,false,false,Cameron,,Wright,,Pitt,,31,38,6,12,1,,,,,5,2,45,Jump Shot,4,Field Goal Missed,15,13,7.4,47,47,
1,2,20,Nick Faust with a defensive rebound.,110907,,true,false,false,Nick,,Faust,,MD,,31,38,6,12,2,,,,,2,,,,6,Defensive Rebound,,,,14,14,
1,2,19,Personal foul committed by Derrick Randall.,110181,,true,false,false,Derrick,,Randall,,Pitt,,31,38,7,12,2,,,,,2,,1,Personal,8,Foul,,,,47,47,
1,2,19,Nick Faust makes free throw 1st of 1-and-1.,110907,,true,false,false,Nick,,Faust,,MD,,32,38,7,12,2,,,,,3,1,8,Free Throw 1st of 1-and-1,1,Free Throw Made,,,,14,14,
1,2,19,Nick Faust makes free throw 2nd of 1-and-1.,110907,,true,false,false,Nick,,Faust,,MD,,33,38,7,12,2,,,,,4,1,9,Free Throw 2nd of 1-and-1,1,Free Throw Made,,,,14,14,
1,1,57,Lamar Patterson makes a layup shot.,88282,,true,false,false,Lamar,,Patterson,,Pitt,,33,40,7,12,1,,,,,13,2,40,Layup Shot,3,Field Goal Made,0,0,0,47,47,
1,1,57,Shooting foul committed by Charles Mitchell.,116729,,true,false,false,Charles,,Mitchell,,MD,,33,40,7,13,3,,,,,7,,2,Shooting,8,Foul,,,,14,14,
1,1,57,Lamar Patterson misses free throw 1 of 1.,88282,,true,false,false,Lamar,,Patterson,,Pitt,,33,40,7,13,1,,,,,13,1,10,Free Throw 1 of 1,2,Free Throw Missed,,,,47,47,
1,1,57,Dez Wells with a defensive rebound.,109448,,true,false,false,Dez,,Wells,,MD,,33,40,7,13,1,,,,,8,,,,6,Defensive Rebound,,,,14,14,
1,1,35,Seth Allen makes a layup shot.,116730,,true,false,false,Seth,,Allen,,MD,,35,40,7,13,1,,,,,4,2,40,Layup Shot,3,Field Goal Made,0,0,0,14,14,
1,1,09,Cameron Wright with a lost ball turnover: Lost Ball,97236,,true,false,false,Cameron,,Wright,,Pitt,,35,40,7,13,1,,,,,5,,2,Lost Ball,7,Turnover,,,,47,47,
1,1,06,Nick Faust makes a dunk shot. Jake Layman with the assist.,110907,116731,true,true,false,Nick,Jake,Faust,Layman,MD,MD,37,40,7,13,2,,,,,6,2,48,Dunk Shot,3,Field Goal Made,0,0,0,14,14,
1,0,50.9,Cameron Wright misses a jump shot from 21 feet out.,97236,,true,false,false,Cameron,,Wright,,Pitt,,37,40,7,13,1,,,,,5,2,45,Jump Shot,4,Field Goal Missed,21,7,20,47,47,
1,0,50.9,Talib Zanna with an offensive rebound.,88283,,true,false,false,Talib,,Zanna,,Pitt,,37,40,7,13,1,,,,,4,,,,5,Offensive Rebound,,,,47,47,
1,0,29.1,Talib Zanna makes a jump shot from 7 feet out.,88283,,true,false,false,Talib,,Zanna,,Pitt,,37,42,7,13,1,,,,,6,2,45,Jump Shot,3,Field Goal Made,7,-3,6.7,47,47,
1,0,25.6,Pitt take a 20-second timeout.,,,false,false,false,,,,,,,37,42,7,13,0,,,,,0,,2,Short,11,Timeout,,,,47,47,
1,0,05.8,Offensive foul committed by Damonte Dodd.,120751,,true,false,false,Damonte,,Dodd,,MD,,37,42,7,14,1,,,,,0,,4,Offensive,8,Foul,,,,14,14,
1,0,05.8,Damonte Dodd with a  turnover:,120751,,true,false,false,Damonte,,Dodd,,MD,,37,42,7,14,1,,,,,0,,,,7,Turnover,,,,14,14,
1,0,03.8,James Robinson with a lost ball turnover: Lost Ball,116087,,true,false,false,James,,Robinson,,Pitt,,37,42,7,14,1,,,,,6,,2,Lost Ball,7,Turnover,,,,47,47,
1,0,02.8,Personal foul committed by James Robinson.,116087,,true,false,false,James,,Robinson,,Pitt,,37,42,8,14,2,,,,,6,,1,Personal,8,Foul,,,,47,47,
1,0,02.8,Dez Wells misses free throw 1st of 1-and-1.,109448,,true,false,false,Dez,,Wells,,MD,,37,42,8,14,1,,,,,8,1,8,Free Throw 1st of 1-and-1,2,Free Throw Missed,,,,14,14,
1,0,02.8,Lamar Patterson with a defensive rebound.,88282,,true,false,false,Lamar,,Patterson,,Pitt,,37,42,8,14,1,,,,,13,,,,6,Defensive Rebound,,,,47,47,
1,0,00.5,Lamar Patterson misses a 3-point jump shot from 57 feet out.,88282,,true,false,false,Lamar,,Patterson,,Pitt,,37,42,8,14,1,,,,,13,3,45,Jump Shot,4,Field Goal Missed,57,15.7,55,47,47,
1,0,00.5,Pitt with an offensive rebound.,,,false,false,false,,,,,,,37,42,8,14,0,,,,,0,,,,5,Offensive Rebound,,,,47,47,
1,0,00,End of the 1st Half,,,false,false,false,,,,,,,37,42,8,14,0,,,,,0,,,,15,End Period,,,,14,14,
2,20,00,Start of the 2nd Half,,,false,false,false,,,,,,,37,42,0,0,0,,,,,0,,,,14,Start Period,,,,14,14,
2,19,47,Shooting foul committed by Jake Layman.,116731,,true,false,false,Jake,,Layman,,MD,,37,42,0,1,1,,,,,7,,2,Shooting,8,Foul,,,,14,14,
2,19,47,Cameron Wright makes free throw 1 of 2.,97236,,true,false,false,Cameron,,Wright,,Pitt,,37,43,0,1,1,,,,,6,1,11,Free Throw 1 of 2,1,Free Throw Made,,,,47,47,
2,19,47,Cameron Wright misses free throw 2 of 2.,97236,,true,false,false,Cameron,,Wright,,Pitt,,37,43,0,1,1,,,,,6,1,12,Free Throw 2 of 2,2,Free Throw Missed,,,,47,47,
2,19,47,Shaquille Cleare with a defensive rebound.,116734,,true,false,false,Shaquille,,Cleare,,MD,,37,43,0,1,1,,,,,0,,,,6,Defensive Rebound,,,,14,14,
2,19,38,Seth Allen misses a 3-point jump shot from 24 feet out.,116730,,true,false,false,Seth,,Allen,,MD,,37,43,0,1,1,,,,,4,3,45,Jump Shot,4,Field Goal Missed,24,1.3,24.4,14,14,
2,19,38,Talib Zanna with a defensive rebound.,88283,,true,false,false,Talib,,Zanna,,Pitt,,37,43,0,1,1,,,,,6,,,,6,Defensive Rebound,,,,47,47,
2,19,13,Pitt take a full timeout.,,,false,false,false,,,,,,,37,43,0,1,0,,,,,0,,1,Regular,11,Timeout,,,,47,47,
2,19,02,Talib Zanna makes a layup shot. Lamar Patterson with the assist.,88283,88282,true,true,false,Talib,Lamar,Zanna,Patterson,Pitt,Pitt,37,45,0,1,1,,,,,8,2,40,Layup Shot,3,Field Goal Made,0,0,0,47,47,
2,18,43,Shaquille Cleare makes a hook shot from 5 feet out.,116734,,true,false,false,Shaquille,,Cleare,,MD,,39,45,0,1,1,,,,,2,2,55,Hook Shot,3,Field Goal Made,5,-.8,5.3,14,14,
2,18,24,James Robinson makes a 3-point jump shot from 23 feet out. Lamar Patterson with the assist.,116087,88282,true,true,false,James,Lamar,Robinson,Patterson,Pitt,Pitt,39,48,0,1,2,,,,,9,3,45,Jump Shot,3,Field Goal Made,23,7.4,22,47,47,
2,18,00,Jonathan Graham makes a layup shot. Shaquille Cleare with the assist.,97094,116734,true,true,false,Jonathan,Shaquille,Graham,Cleare,MD,MD,41,48,0,1,2,,,,,2,2,40,Layup Shot,3,Field Goal Made,0,0,0,14,14,
2,17,40,Shooting foul committed by Shaquille Cleare.,116734,,true,false,false,Shaquille,,Cleare,,MD,,41,48,0,2,2,,,,,2,,2,Shooting,8,Foul,,,,14,14,
2,17,40,Talib Zanna makes free throw 1 of 2.,88283,,true,false,false,Talib,,Zanna,,Pitt,,41,49,0,2,1,,,,,9,1,11,Free Throw 1 of 2,1,Free Throw Made,,,,47,47,
2,17,40,Talib Zanna misses free throw 2 of 2.,88283,,true,false,false,Talib,,Zanna,,Pitt,,41,49,0,2,1,,,,,9,1,12,Free Throw 2 of 2,2,Free Throw Missed,,,,47,47,
2,17,40,Shaquille Cleare with a defensive rebound.,116734,,true,false,false,Shaquille,,Cleare,,MD,,41,49,0,2,2,,,,,2,,,,6,Defensive Rebound,,,,14,14,
2,17,29,Seth Allen makes a layup shot.,116730,,true,false,false,Seth,,Allen,,MD,,43,49,0,2,1,,,,,6,2,40,Layup Shot,3,Field Goal Made,0,0,0,14,14,
2,17,07,Michael Young with a lost ball turnover: Lost Ball,120761,,true,false,false,Michael,,Young,,Pitt,,43,49,0,2,1,,,,,2,,2,Lost Ball,7,Turnover,,,,47,47,
2,16,56,Seth Allen with a lost ball turnover: Lost Ball,116730,,true,false,false,Seth,,Allen,,MD,,43,49,0,2,1,,,,,6,,2,Lost Ball,7,Turnover,,,,14,14,
2,16,50,Lamar Patterson misses a 3-point jump shot from 23 feet out.,88282,,true,false,false,Lamar,,Patterson,,Pitt,,43,49,0,2,1,,,,,13,3,45,Jump Shot,4,Field Goal Missed,23,-20,12.2,47,47,
2,16,50,Jake Layman with a defensive rebound.,116731,,true,false,false,Jake,,Layman,,MD,,43,49,0,2,1,,,,,7,,,,6,Defensive Rebound,,,,14,14,
2,16,36,Personal foul committed by Cameron Wright.,97236,,true,false,false,Cameron,,Wright,,Pitt,,43,49,1,2,2,,,,,6,,1,Personal,8,Foul,,,,47,47,
2,16,32,Jake Layman with a lost ball turnover: Lost Ball,116731,,true,false,false,Jake,,Layman,,MD,,43,49,1,2,1,,,,,7,,2,Lost Ball,7,Turnover,,,,14,14,
2,16,27,James Robinson makes a layup shot. Lamar Patterson with the assist.,116087,88282,true,true,false,James,Lamar,Robinson,Patterson,Pitt,Pitt,43,51,1,2,2,,,,,11,2,40,Layup Shot,3,Field Goal Made,0,0,0,47,47,
2,15,54,Jake Layman with a lost ball turnover: Lost Ball,116731,,true,false,false,Jake,,Layman,,MD,,43,51,1,2,1,,,,,7,,2,Lost Ball,7,Turnover,,,,14,14,
2,15,41,Lamar Patterson makes a jump shot from 8 feet out.,88282,,true,false,false,Lamar,,Patterson,,Pitt,,43,53,1,2,1,,,,,15,2,45,Jump Shot,3,Field Goal Made,8,-1.4,7.7,47,47,
2,15,34,MD take a 20-second timeout.,,,false,false,false,,,,,,,43,53,1,2,0,,,,,0,,2,Short,11,Timeout,,,,14,14,
2,15,18,Dez Wells makes a jump shot from 7 feet out.,109448,,true,false,false,Dez,,Wells,,MD,,45,53,1,2,1,,,,,10,2,45,Jump Shot,3,Field Goal Made,7,5.5,4.3,14,14,
2,15,18,Shooting foul committed by Lamar Patterson.,88282,,true,false,false,Lamar,,Patterson,,Pitt,,45,53,2,2,2,,,,,15,,2,Shooting,8,Foul,,,,47,47,
2,15,18,Official TV timeout.,,,false,false,false,,,,,,,45,53,2,2,0,,,,,0,,3,Official TV,11,Timeout,,,,14,14,
2,15,18,Dez Wells makes free throw 1 of 1.,109448,,true,false,false,Dez,,Wells,,MD,,46,53,2,2,1,,,,,11,1,10,Free Throw 1 of 1,1,Free Throw Made,,,,14,14,
2,14,52,Shooting foul committed by Nick Faust.,110907,,true,false,false,Nick,,Faust,,MD,,46,53,2,3,3,,,,,6,,2,Shooting,8,Foul,,,,14,14,
2,14,52,Lamar Patterson makes free throw 1 of 2.,88282,,true,false,false,Lamar,,Patterson,,Pitt,,46,54,2,3,2,,,,,16,1,11,Free Throw 1 of 2,1,Free Throw Made,,,,47,47,
2,14,52,Lamar Patterson makes free throw 2 of 2.,88282,,true,false,false,Lamar,,Patterson,,Pitt,,46,55,2,3,2,,,,,17,1,12,Free Throw 2 of 2,1,Free Throw Made,,,,47,47,
2,14,40,Shooting foul committed by Cameron Wright.,97236,,true,false,false,Cameron,,Wright,,Pitt,,46,55,3,3,3,,,,,6,,2,Shooting,8,Foul,,,,47,47,
2,14,40,Seth Allen makes free throw 1 of 2.,116730,,true,false,false,Seth,,Allen,,MD,,47,55,3,3,1,,,,,7,1,11,Free Throw 1 of 2,1,Free Throw Made,,,,14,14,
2,14,40,Seth Allen misses free throw 2 of 2.,116730,,true,false,false,Seth,,Allen,,MD,,47,55,3,3,1,,,,,7,1,12,Free Throw 2 of 2,2,Free Throw Missed,,,,14,14,
2,14,40,Talib Zanna with a defensive rebound.,88283,,true,false,false,Talib,,Zanna,,Pitt,,47,55,3,3,1,,,,,9,,,,6,Defensive Rebound,,,,47,47,
2,14,25,James Robinson misses a 3-point jump shot from 24 feet out.,116087,,true,false,false,James,,Robinson,,Pitt,,47,55,3,3,2,,,,,11,3,45,Jump Shot,4,Field Goal Missed,24,-16.6,17.3,47,47,
2,14,25,Nick Faust with a defensive rebound.,110907,,true,false,false,Nick,,Faust,,MD,,47,55,3,3,3,,,,,6,,,,6,Defensive Rebound,,,,14,14,
2,14,17,Nick Faust with a traveling turnover: Traveling,110907,,true,false,false,Nick,,Faust,,MD,,47,55,3,3,3,,,,,6,,4,Traveling,7,Turnover,,,,14,14,
2,14,02,Chris Jones makes a layup shot.,116086,,true,false,false,Chris,,Jones,,Pitt,,47,57,3,3,0,,,,,2,2,40,Layup Shot,3,Field Goal Made,0,0,0,47,47,
2,13,36,Nick Faust with a bad pass turnover: Bad Pass,110907,,true,false,false,Nick,,Faust,,MD,,47,57,3,3,3,,,,,6,,1,Bad Pass,7,Turnover,,,,14,14,
2,13,20,James Robinson makes a layup shot.,116087,,true,false,false,James,,Robinson,,Pitt,,47,59,3,3,2,,,,,13,2,40,Layup Shot,3,Field Goal Made,0,0,0,47,47,
2,13,16,MD take a 20-second timeout.,,,false,false,false,,,,,,,47,59,3,3,0,,,,,0,,2,Short,11,Timeout,,,,14,14,
2,12,59,Jake Layman makes a dunk shot. Seth Allen with the assist.,116731,116730,true,true,false,Jake,Seth,Layman,Allen,MD,MD,49,59,3,3,1,,,,,9,2,48,Dunk Shot,3,Field Goal Made,0,0,0,14,14,
2,12,30,Shooting foul committed by Charles Mitchell.,116729,,true,false,false,Charles,,Mitchell,,MD,,49,59,3,4,4,,,,,7,,2,Shooting,8,Foul,,,,14,14,
2,12,30,Talib Zanna misses free throw 1 of 2.,88283,,true,false,false,Talib,,Zanna,,Pitt,,49,59,3,4,1,,,,,9,1,11,Free Throw 1 of 2,2,Free Throw Missed,,,,47,47,
2,12,30,Pitt with an offensive rebound.,,,false,false,false,,,,,,,49,59,3,4,0,,,,,0,,,,5,Offensive Rebound,,,,47,47,
2,12,30,Talib Zanna makes free throw 2 of 2.,88283,,true,false,false,Talib,,Zanna,,Pitt,,49,60,3,4,1,,,,,10,1,12,Free Throw 2 of 2,1,Free Throw Made,,,,47,47,
2,12,17,Seth Allen misses a 3-point jump shot from 24 feet out.,116730,,true,false,false,Seth,,Allen,,MD,,49,60,3,4,1,,,,,7,3,45,Jump Shot,4,Field Goal Missed,24,1.6,23.5,14,14,
2,12,17,Derrick Randall with a defensive rebound.,110181,,true,false,false,Derrick,,Randall,,Pitt,,49,60,3,4,2,,,,,2,,,,6,Defensive Rebound,,,,47,47,
2,11,46,Shooting foul committed by Jake Layman.,116731,,true,false,false,Jake,,Layman,,MD,,49,60,3,5,2,,,,,9,,2,Shooting,8,Foul,,,,14,14,
2,11,46,Official TV timeout.,,,false,false,false,,,,,,,49,60,3,5,0,,,,,0,,3,Official TV,11,Timeout,,,,14,14,
2,11,46,Lamar Patterson makes free throw 1 of 2.,88282,,true,false,false,Lamar,,Patterson,,Pitt,,49,61,3,5,2,,,,,18,1,11,Free Throw 1 of 2,1,Free Throw Made,,,,47,47,
2,11,46,Lamar Patterson makes free throw 2 of 2.,88282,,true,false,false,Lamar,,Patterson,,Pitt,,49,62,3,5,2,,,,,19,1,12,Free Throw 2 of 2,1,Free Throw Made,,,,47,47,
2,11,25,Nick Faust makes a 3-point jump shot from 23 feet out. Jake Layman with the assist.,110907,116731,true,true,false,Nick,Jake,Faust,Layman,MD,MD,52,62,3,5,3,,,,,9,3,45,Jump Shot,3,Field Goal Made,23,21.9,6.9,14,14,
2,10,49,Josh Newkirk misses a jump shot from 17 feet out.,120759,,true,false,false,Josh,,Newkirk,,Pitt,,52,62,3,5,0,,,,,0,2,45,Jump Shot,4,Field Goal Missed,17,1.1,17.3,47,47,
2,10,49,Chris Jones with an offensive rebound.,116086,,true,false,false,Chris,,Jones,,Pitt,,52,62,3,5,0,,,,,2,,,,5,Offensive Rebound,,,,47,47,
2,10,23,James Robinson misses a jump shot from 18 feet out.,116087,,true,false,false,James,,Robinson,,Pitt,,52,62,3,5,2,,,,,13,2,45,Jump Shot,4,Field Goal Missed,18,11,14.5,47,47,
2,10,23,Evan Smotrycz with a defensive rebound.,97334,,true,false,false,Evan,,Smotrycz,,MD,,52,62,3,5,3,,,,,5,,,,6,Defensive Rebound,,,,14,14,
2,10,17,Jake Layman makes a layup shot.,116731,,true,false,false,Jake,,Layman,,MD,,54,62,3,5,2,,,,,11,2,40,Layup Shot,3,Field Goal Made,0,0,0,14,14,
2,10,17,Shooting foul committed by Josh Newkirk.,120759,,true,false,false,Josh,,Newkirk,,Pitt,,54,62,4,5,1,,,,,0,,2,Shooting,8,Foul,,,,47,47,
2,10,17,Jake Layman makes free throw 1 of 1.,116731,,true,false,false,Jake,,Layman,,MD,,55,62,4,5,2,,,,,12,1,10,Free Throw 1 of 1,1,Free Throw Made,,,,14,14,
2,9,59,Lamar Patterson makes a layup shot. James Robinson with the assist.,88282,116087,true,true,false,Lamar,James,Patterson,Robinson,Pitt,Pitt,55,64,4,5,2,,,,,21,2,40,Layup Shot,3,Field Goal Made,0,0,0,47,47,
2,9,25,Nick Faust misses a 3-point jump shot from 26 feet out.,110907,,true,false,false,Nick,,Faust,,MD,,55,64,4,5,3,,,,,9,3,45,Jump Shot,4,Field Goal Missed,26,-16.4,20.1,14,14,
2,9,25,Talib Zanna with a defensive rebound.,88283,,true,false,false,Talib,,Zanna,,Pitt,,55,64,4,5,1,,,,,10,,,,6,Defensive Rebound,,,,47,47,
2,9,09,Shooting foul committed by Shaquille Cleare.,116734,,true,false,false,Shaquille,,Cleare,,MD,,55,64,4,6,3,,,,,2,,2,Shooting,8,Foul,,,,14,14,
2,9,09,Lamar Patterson misses free throw 1 of 2.,88282,,true,false,false,Lamar,,Patterson,,Pitt,,55,64,4,6,2,,,,,21,1,11,Free Throw 1 of 2,2,Free Throw Missed,,,,47,47,
2,9,09,Pitt with an offensive rebound.,,,false,false,false,,,,,,,55,64,4,6,0,,,,,0,,,,5,Offensive Rebound,,,,47,47,
2,9,09,Lamar Patterson makes free throw 2 of 2.,88282,,true,false,false,Lamar,,Patterson,,Pitt,,55,65,4,6,2,,,,,22,1,12,Free Throw 2 of 2,1,Free Throw Made,,,,47,47,
2,8,48,Seth Allen misses a 3-point jump shot from 24 feet out.,116730,,true,false,false,Seth,,Allen,,MD,,55,65,4,6,1,,,,,7,3,45,Jump Shot,4,Field Goal Missed,24,-13,19.8,14,14,
2,8,48,Michael Young with a defensive rebound.,120761,,true,false,false,Michael,,Young,,Pitt,,55,65,4,6,1,,,,,2,,,,6,Defensive Rebound,,,,47,47,
2,8,40,Cameron Wright makes a layup shot. Lamar Patterson with the assist.,97236,88282,true,true,false,Cameron,Lamar,Wright,Patterson,Pitt,Pitt,55,67,4,6,3,,,,,8,2,40,Layup Shot,3,Field Goal Made,0,0,0,47,47,
2,8,16,Shooting foul committed by James Robinson.,116087,,true,false,false,James,,Robinson,,Pitt,,55,67,5,6,3,,,,,13,,2,Shooting,8,Foul,,,,47,47,
2,8,16,Nick Faust makes free throw 1 of 2.,110907,,true,false,false,Nick,,Faust,,MD,,56,67,5,6,3,,,,,10,1,11,Free Throw 1 of 2,1,Free Throw Made,,,,14,14,
2,8,16,Nick Faust makes free throw 2 of 2.,110907,,true,false,false,Nick,,Faust,,MD,,57,67,5,6,3,,,,,11,1,12,Free Throw 2 of 2,1,Free Throw Made,,,,14,14,
2,7,53,Lamar Patterson misses a layup shot.,88282,,true,false,false,Lamar,,Patterson,,Pitt,,57,67,5,6,2,,,,,22,2,40,Layup Shot,4,Field Goal Missed,0,0,0,47,47,
2,7,53,Lamar Patterson with an offensive rebound.,88282,,true,false,false,Lamar,,Patterson,,Pitt,,57,67,5,6,2,,,,,22,,,,5,Offensive Rebound,,,,47,47,
2,7,53,Lamar Patterson with a lost ball turnover: Lost Ball,88282,,true,false,false,Lamar,,Patterson,,Pitt,,57,67,5,6,2,,,,,22,,2,Lost Ball,7,Turnover,,,,47,47,
2,7,48,Nick Faust makes a dunk shot. Seth Allen with the assist.,110907,116730,true,true,false,Nick,Seth,Faust,Allen,MD,MD,59,67,5,6,3,,,,,13,2,48,Dunk Shot,3,Field Goal Made,0,0,0,14,14,
2,7,10,James Robinson misses a jump shot from 15 feet out.,116087,,true,false,false,James,,Robinson,,Pitt,,59,67,5,6,3,,,,,13,2,45,Jump Shot,4,Field Goal Missed,15,5.5,14.2,47,47,
2,7,10,Pitt with an offensive rebound.,,,false,false,false,,,,,,,59,67,5,6,0,,,,,0,,,,5,Offensive Rebound,,,,47,47,
2,7,09,Personal foul committed by Charles Mitchell.,116729,,true,false,false,Charles,,Mitchell,,MD,,59,67,5,7,5,,,,,7,,1,Personal,8,Foul,,,,14,14,
2,7,09,Official TV timeout.,,,false,false,false,,,,,,,59,67,5,7,0,,,,,0,,3,Official TV,11,Timeout,,,,14,14,
2,7,09,Talib Zanna makes free throw 1 of 2.,88283,,true,false,false,Talib,,Zanna,,Pitt,,59,68,5,7,1,,,,,11,1,11,Free Throw 1 of 2,1,Free Throw Made,,,,47,47,
2,7,09,Talib Zanna misses free throw 2 of 2.,88283,,true,false,false,Talib,,Zanna,,Pitt,,59,68,5,7,1,,,,,11,1,12,Free Throw 2 of 2,2,Free Throw Missed,,,,47,47,
2,7,09,MD with a defensive rebound.,,,false,false,false,,,,,,,59,68,5,7,0,,,,,0,,,,6,Defensive Rebound,,,,14,14,
2,7,09,Personal foul committed by Michael Young.,120761,,true,false,false,Michael,,Young,,Pitt,,59,68,6,7,2,,,,,2,,1,Personal,8,Foul,,,,47,47,
2,7,01,Shooting foul committed by Talib Zanna.,88283,,true,false,false,Talib,,Zanna,,Pitt,,59,68,7,7,2,,,,,11,,2,Shooting,8,Foul,,,,47,47,
2,7,01,Dez Wells makes free throw 1 of 2.,109448,,true,false,false,Dez,,Wells,,MD,,60,68,7,7,1,,,,,12,1,11,Free Throw 1 of 2,1,Free Throw Made,,,,14,14,
2,7,01,Dez Wells misses free throw 2 of 2.,109448,,true,false,false,Dez,,Wells,,MD,,60,68,7,7,1,,,,,12,1,12,Free Throw 2 of 2,2,Free Throw Missed,,,,14,14,
2,7,01,Michael Young with a defensive rebound.,120761,,true,false,false,Michael,,Young,,Pitt,,60,68,7,7,2,,,,,2,,,,6,Defensive Rebound,,,,47,47,
2,6,46,Lamar Patterson makes a layup shot.,88282,,true,false,false,Lamar,,Patterson,,Pitt,,60,70,7,7,2,,,,,24,2,40,Layup Shot,3,Field Goal Made,0,0,0,47,47,
2,6,22,Nick Faust with a bad pass turnover: Bad Pass,110907,,true,false,false,Nick,,Faust,,MD,,60,70,7,7,3,,,,,13,,1,Bad Pass,7,Turnover,,,,14,14,
2,5,49,Lamar Patterson misses a 3-point jump shot from 22 feet out.,88282,,true,false,false,Lamar,,Patterson,,Pitt,,60,70,7,7,2,,,,,24,3,45,Jump Shot,4,Field Goal Missed,22,-15,16,47,47,
2,5,49,Evan Smotrycz with a defensive rebound.,97334,,true,false,false,Evan,,Smotrycz,,MD,,60,70,7,7,3,,,,,5,,,,6,Defensive Rebound,,,,14,14,
2,5,31,Jake Layman misses a jump shot from 9 feet out.,116731,,true,false,false,Jake,,Layman,,MD,,60,70,7,7,2,,,,,12,2,45,Jump Shot,4,Field Goal Missed,9,-.1,9.1,14,14,
2,5,31,James Robinson with a defensive rebound.,116087,,true,false,false,James,,Robinson,,Pitt,,60,70,7,7,3,,,,,13,,,,6,Defensive Rebound,,,,47,47,
2,5,31,Flagrant foul committed by Talib Zanna.,88283,,true,false,false,Talib,,Zanna,,Pitt,,60,70,8,7,3,,,,,11,,21,Flagrant,8,Foul,,,,47,47,
2,5,31,Talib Zanna is charged with a turnover due to a foul.,88283,,true,false,false,Talib,,Zanna,,Pitt,,60,70,8,7,3,,,,,11,,5,Offensive Foul-Charge,7,Turnover,,,,47,47,
2,5,31,Evan Smotrycz makes free throw 1 of 2.,97334,,true,false,false,Evan,,Smotrycz,,MD,,61,70,8,7,3,,,,,6,1,11,Free Throw 1 of 2,1,Free Throw Made,,,,14,14,
2,5,31,Evan Smotrycz makes free throw 2 of 2.,97334,,true,false,false,Evan,,Smotrycz,,MD,,62,70,8,7,3,,,,,7,1,12,Free Throw 2 of 2,1,Free Throw Made,,,,14,14,
2,5,23,Evan Smotrycz with a lost ball turnover: Lost Ball,97334,,true,false,false,Evan,,Smotrycz,,MD,,62,70,8,7,3,,,,,7,,2,Lost Ball,7,Turnover,,,,14,14,
2,4,56,Lamar Patterson makes a layup shot.,88282,,true,false,false,Lamar,,Patterson,,Pitt,,62,72,8,7,2,,,,,26,2,40,Layup Shot,3,Field Goal Made,0,0,0,47,47,
2,4,36,Seth Allen misses a layup shot.,116730,,true,false,false,Seth,,Allen,,MD,,62,72,8,7,1,,,,,7,2,40,Layup Shot,4,Field Goal Missed,0,0,0,14,14,
2,4,36,Michael Young with a defensive rebound.,120761,,true,false,false,Michael,,Young,,Pitt,,62,72,8,7,2,,,,,2,,,,6,Defensive Rebound,,,,47,47,
2,4,22,James Robinson with a lost ball turnover: Lost Ball,116087,,true,false,false,James,,Robinson,,Pitt,,62,72,8,7,3,,,,,13,,2,Lost Ball,7,Turnover,,,,47,47,
2,4,19,Jake Layman makes a dunk shot.,116731,,true,false,false,Jake,,Layman,,MD,,64,72,8,7,2,,,,,14,2,48,Dunk Shot,3,Field Goal Made,0,0,0,14,14,
2,4,19,MD take a 20-second timeout.,,,false,false,false,,,,,,,64,72,8,7,0,,,,,0,,2,Short,11,Timeout,,,,14,14,
2,3,53,Cameron Wright makes a jump shot from 7 feet out.,97236,,true,false,false,Cameron,,Wright,,Pitt,,64,74,8,7,3,,,,,10,2,45,Jump Shot,3,Field Goal Made,7,-.3,6.5,47,47,
2,3,35,Personal foul committed by James Robinson.,116087,,true,false,false,James,,Robinson,,Pitt,,64,74,9,7,4,,,,,13,,1,Personal,8,Foul,,,,47,47,
2,3,35,Official TV timeout.,,,false,false,false,,,,,,,64,74,9,7,0,,,,,0,,3,Official TV,11,Timeout,,,,14,14,
2,3,35,Jake Layman makes free throw 1st of 1-and-1.,116731,,true,false,false,Jake,,Layman,,MD,,65,74,9,7,2,,,,,15,1,8,Free Throw 1st of 1-and-1,1,Free Throw Made,,,,14,14,
2,3,35,Jake Layman makes free throw 2nd of 1-and-1.,116731,,true,false,false,Jake,,Layman,,MD,,66,74,9,7,2,,,,,16,1,9,Free Throw 2nd of 1-and-1,1,Free Throw Made,,,,14,14,
2,3,23,Lamar Patterson makes a dunk shot. Cameron Wright with the assist.,88282,97236,true,true,false,Lamar,Cameron,Patterson,Wright,Pitt,Pitt,66,76,9,7,2,,,,,28,2,48,Dunk Shot,3,Field Goal Made,0,0,0,47,47,
2,3,05,Seth Allen misses a 3-point jump shot from 23 feet out.,116730,,true,false,false,Seth,,Allen,,MD,,66,76,9,7,1,,,,,7,3,45,Jump Shot,4,Field Goal Missed,23,20.3,10.4,14,14,
2,3,05,Jake Layman with an offensive rebound.,116731,,true,false,false,Jake,,Layman,,MD,,66,76,9,7,2,,,,,16,,,,5,Offensive Rebound,,,,14,14,
2,3,04,Jake Layman makes a layup shot.,116731,,true,false,false,Jake,,Layman,,MD,,68,76,9,7,2,,,,,18,2,40,Layup Shot,3,Field Goal Made,0,0,0,14,14,
2,2,54,Shooting foul committed by Shaquille Cleare.,116734,,true,false,false,Shaquille,,Cleare,,MD,,68,76,9,8,4,,,,,2,,2,Shooting,8,Foul,,,,14,14,
2,2,54,Talib Zanna makes free throw 1 of 2.,88283,,true,false,false,Talib,,Zanna,,Pitt,,68,77,9,8,3,,,,,12,1,11,Free Throw 1 of 2,1,Free Throw Made,,,,47,47,
2,2,54,Talib Zanna makes free throw 2 of 2.,88283,,true,false,false,Talib,,Zanna,,Pitt,,68,78,9,8,3,,,,,13,1,12,Free Throw 2 of 2,1,Free Throw Made,,,,47,47,
2,2,42,Dez Wells makes a jump shot from 7 feet out.,109448,,true,false,false,Dez,,Wells,,MD,,70,78,9,8,1,,,,,14,2,45,Jump Shot,3,Field Goal Made,7,-4.8,4.8,14,14,
2,2,42,Shooting foul committed by Lamar Patterson.,88282,,true,false,false,Lamar,,Patterson,,Pitt,,70,78,10,8,3,,,,,28,,2,Shooting,8,Foul,,,,47,47,
2,2,42,Dez Wells makes free throw 1 of 1.,109448,,true,false,false,Dez,,Wells,,MD,,71,78,10,8,1,,,,,15,1,10,Free Throw 1 of 1,1,Free Throw Made,,,,14,14,
2,2,08,Cameron Wright misses a jump shot from 14 feet out.,97236,,true,false,false,Cameron,,Wright,,Pitt,,71,78,10,8,3,,,,,10,2,45,Jump Shot,4,Field Goal Missed,14,-7.4,11.6,47,47,
2,2,08,Jake Layman with a defensive rebound.,116731,,true,false,false,Jake,,Layman,,MD,,71,78,10,8,2,,,,,18,,,,6,Defensive Rebound,,,,14,14,
2,1,55,Nick Faust misses a 3-point jump shot from 23 feet out.,110907,,true,false,false,Nick,,Faust,,MD,,71,78,10,8,3,,,,,13,3,45,Jump Shot,4,Field Goal Missed,23,22.7,3.1,14,14,
2,1,55,Lamar Patterson with a defensive rebound.,88282,,true,false,false,Lamar,,Patterson,,Pitt,,71,78,10,8,3,,,,,28,,,,6,Defensive Rebound,,,,47,47,
2,1,50,Shooting foul committed by Seth Allen.,116730,,true,false,false,Seth,,Allen,,MD,,71,78,10,9,2,,,,,7,,2,Shooting,8,Foul,,,,14,14,
2,1,50,Talib Zanna misses free throw 1 of 2.,88283,,true,false,false,Talib,,Zanna,,Pitt,,71,78,10,9,3,,,,,13,1,11,Free Throw 1 of 2,2,Free Throw Missed,,,,47,47,
2,1,50,Pitt with an offensive rebound.,,,false,false,false,,,,,,,71,78,10,9,0,,,,,0,,,,5,Offensive Rebound,,,,47,47,
2,1,50,Talib Zanna makes free throw 2 of 2.,88283,,true,false,false,Talib,,Zanna,,Pitt,,71,79,10,9,3,,,,,14,1,12,Free Throw 2 of 2,1,Free Throw Made,,,,47,47,
2,1,44,Dez Wells misses a dunk shot.,109448,,true,false,false,Dez,,Wells,,MD,,71,79,10,9,1,,,,,15,2,48,Dunk Shot,4,Field Goal Missed,0,0,0,14,14,
2,1,44,Cameron Wright with a defensive rebound.,97236,,true,false,false,Cameron,,Wright,,Pitt,,71,79,10,9,3,,,,,10,,,,6,Defensive Rebound,,,,47,47,
2,1,41,Cameron Wright with a lost ball turnover: Lost Ball,97236,,true,false,false,Cameron,,Wright,,Pitt,,71,79,10,9,3,,,,,10,,2,Lost Ball,7,Turnover,,,,47,47,
2,1,38,Dez Wells makes a layup shot.,109448,,true,false,false,Dez,,Wells,,MD,,73,79,10,9,1,,,,,17,2,40,Layup Shot,3,Field Goal Made,0,0,0,14,14,
2,1,26,Talib Zanna with a lost ball out of bounds turnover: Lost Ball Out of Bounds,88283,,true,false,false,Talib,,Zanna,,Pitt,,73,79,10,9,3,,,,,14,,23,Lost Ball Out of Bounds,7,Turnover,,,,47,47,
2,1,19,Shooting foul committed by James Robinson.,116087,,true,false,false,James,,Robinson,,Pitt,,73,79,11,9,5,,,,,13,,2,Shooting,8,Foul,,,,47,47,
2,1,19,MD take a 20-second timeout.,,,false,false,false,,,,,,,73,79,11,9,0,,,,,0,,2,Short,11,Timeout,,,,14,14,
2,1,19,Seth Allen makes free throw 1 of 2.,116730,,true,false,false,Seth,,Allen,,MD,,74,79,11,9,2,,,,,8,1,11,Free Throw 1 of 2,1,Free Throw Made,,,,14,14,
2,1,19,Seth Allen misses free throw 2 of 2.,116730,,true,false,false,Seth,,Allen,,MD,,74,79,11,9,2,,,,,8,1,12,Free Throw 2 of 2,2,Free Throw Missed,,,,14,14,
2,1,19,Lamar Patterson with a defensive rebound.,88282,,true,false,false,Lamar,,Patterson,,Pitt,,74,79,11,9,3,,,,,28,,,,6,Defensive Rebound,,,,47,47,
2,1,11,Personal foul committed by Jake Layman.,116731,,true,false,false,Jake,,Layman,,MD,,74,79,11,10,3,,,,,18,,1,Personal,8,Foul,,,,14,14,
2,1,11,Josh Newkirk misses free throw 1 of 2.,120759,,true,false,false,Josh,,Newkirk,,Pitt,,74,79,11,10,1,,,,,0,1,11,Free Throw 1 of 2,2,Free Throw Missed,,,,47,47,
2,1,11,Pitt with an offensive rebound.,,,false,false,false,,,,,,,74,79,11,10,0,,,,,0,,,,5,Offensive Rebound,,,,47,47,
2,1,11,Josh Newkirk misses free throw 2 of 2.,120759,,true,false,false,Josh,,Newkirk,,Pitt,,74,79,11,10,1,,,,,0,1,12,Free Throw 2 of 2,2,Free Throw Missed,,,,47,47,
2,1,11,Talib Zanna with an offensive rebound.,88283,,true,false,false,Talib,,Zanna,,Pitt,,74,79,11,10,3,,,,,14,,,,5,Offensive Rebound,,,,47,47,
2,1,08,Personal foul committed by Jake Layman.,116731,,true,false,false,Jake,,Layman,,MD,,74,79,11,11,4,,,,,18,,1,Personal,8,Foul,,,,14,14,
2,1,08,Talib Zanna misses free throw 1 of 2.,88283,,true,false,false,Talib,,Zanna,,Pitt,,74,79,11,11,3,,,,,14,1,11,Free Throw 1 of 2,2,Free Throw Missed,,,,47,47,
2,1,08,Pitt with an offensive rebound.,,,false,false,false,,,,,,,74,79,11,11,0,,,,,0,,,,5,Offensive Rebound,,,,47,47,
2,1,08,Talib Zanna makes free throw 2 of 2.,88283,,true,false,false,Talib,,Zanna,,Pitt,,74,80,11,11,3,,,,,15,1,12,Free Throw 2 of 2,1,Free Throw Made,,,,47,47,
2,0,55.6,Dez Wells misses a jump shot from 9 feet out.,109448,,true,false,false,Dez,,Wells,,MD,,74,80,11,11,1,,,,,17,2,45,Jump Shot,4,Field Goal Missed,9,-5.9,6.4,14,14,
2,0,55.6,Michael Young with a defensive rebound.,120761,,true,false,false,Michael,,Young,,Pitt,,74,80,11,11,2,,,,,2,,,,6,Defensive Rebound,,,,47,47,
2,0,46.9,Personal foul committed by Seth Allen.,116730,,true,false,false,Seth,,Allen,,MD,,74,80,11,12,3,,,,,8,,1,Personal,8,Foul,,,,14,14,
2,0,46.9,Cameron Wright makes free throw 1 of 2.,97236,,true,false,false,Cameron,,Wright,,Pitt,,74,81,11,12,3,,,,,11,1,11,Free Throw 1 of 2,1,Free Throw Made,,,,47,47,
2,0,46.9,Cameron Wright misses free throw 2 of 2.,97236,,true,false,false,Cameron,,Wright,,Pitt,,74,81,11,12,3,,,,,11,1,12,Free Throw 2 of 2,2,Free Throw Missed,,,,47,47,
2,0,46.9,Evan Smotrycz with a defensive rebound.,97334,,true,false,false,Evan,,Smotrycz,,MD,,74,81,11,12,3,,,,,7,,,,6,Defensive Rebound,,,,14,14,
2,0,33.3,Shooting foul committed by Cameron Wright.,97236,,true,false,false,Cameron,,Wright,,Pitt,,74,81,12,12,4,,,,,11,,2,Shooting,8,Foul,,,,47,47,
2,0,33.3,Dez Wells makes free throw 1 of 2.,109448,,true,false,false,Dez,,Wells,,MD,,75,81,12,12,1,,,,,18,1,11,Free Throw 1 of 2,1,Free Throw Made,,,,14,14,
2,0,33.3,Dez Wells makes free throw 2 of 2.,109448,,true,false,false,Dez,,Wells,,MD,,76,81,12,12,1,,,,,19,1,12,Free Throw 2 of 2,1,Free Throw Made,,,,14,14,
2,0,29.3,Chris Jones with a lost ball turnover: Lost Ball,116086,,true,false,false,Chris,,Jones,,Pitt,,76,81,12,12,0,,,,,2,,2,Lost Ball,7,Turnover,,,,47,47,
2,0,25.0,Seth Allen misses a 3-point jump shot from 27 feet out.,116730,,true,false,false,Seth,,Allen,,MD,,76,81,12,12,3,,,,,8,3,45,Jump Shot,4,Field Goal Missed,27,22.4,14.5,14,14,
2,0,25.0,Pitt with a defensive rebound.,,,false,false,false,,,,,,,76,81,12,12,0,,,,,0,,,,6,Defensive Rebound,,,,47,47,
2,0,22.1,Personal foul committed by Jonathan Graham.,97094,,true,false,false,Jonathan,,Graham,,MD,,76,81,12,13,3,,,,,2,,1,Personal,8,Foul,,,,14,14,
2,0,22.1,Talib Zanna misses free throw 1 of 2.,88283,,true,false,false,Talib,,Zanna,,Pitt,,76,81,12,13,3,,,,,15,1,11,Free Throw 1 of 2,2,Free Throw Missed,,,,47,47,
2,0,22.1,Pitt with an offensive rebound.,,,false,false,false,,,,,,,76,81,12,13,0,,,,,0,,,,5,Offensive Rebound,,,,47,47,
2,0,22.1,Talib Zanna makes free throw 2 of 2.,88283,,true,false,false,Talib,,Zanna,,Pitt,,76,82,12,13,3,,,,,16,1,12,Free Throw 2 of 2,1,Free Throw Made,,,,47,47,
2,0,17.4,Evan Smotrycz misses a 3-point jump shot from 25 feet out.,97334,,true,false,false,Evan,,Smotrycz,,MD,,76,82,12,13,3,,,,,7,3,45,Jump Shot,4,Field Goal Missed,25,-8.2,23.9,14,14,
2,0,17.4,Cameron Wright with a defensive rebound.,97236,,true,false,false,Cameron,,Wright,,Pitt,,76,82,12,13,4,,,,,11,,,,6,Defensive Rebound,,,,47,47,
2,0,13.6,Personal foul committed by Evan Smotrycz.,97334,,true,false,false,Evan,,Smotrycz,,MD,,76,82,12,14,4,,,,,7,,1,Personal,8,Foul,,,,14,14,
2,0,13.6,Cameron Wright makes free throw 1 of 2.,97236,,true,false,false,Cameron,,Wright,,Pitt,,76,83,12,14,4,,,,,12,1,11,Free Throw 1 of 2,1,Free Throw Made,,,,47,47,
2,0,13.6,Cameron Wright misses free throw 2 of 2.,97236,,true,false,false,Cameron,,Wright,,Pitt,,76,83,12,14,4,,,,,12,1,12,Free Throw 2 of 2,2,Free Throw Missed,,,,47,47,
2,0,13.6,Evan Smotrycz with a defensive rebound.,97334,,true,false,false,Evan,,Smotrycz,,MD,,76,83,12,14,4,,,,,7,,,,6,Defensive Rebound,,,,14,14,
2,0,08.4,Dez Wells misses a 3-point jump shot from 23 feet out.,109448,,true,false,false,Dez,,Wells,,MD,,76,83,12,14,1,,,,,19,3,45,Jump Shot,4,Field Goal Missed,23,20.8,9.9,14,14,
2,0,08.4,MD with an offensive rebound.,,,false,false,false,,,,,,,76,83,12,14,0,,,,,0,,,,5,Offensive Rebound,,,,14,14,
2,0,05.4,Evan Smotrycz makes a 3-point jump shot from 22 feet out. Dez Wells with the assist.,97334,109448,true,true,false,Evan,Dez,Smotrycz,Wells,MD,MD,79,83,12,14,4,,,,,10,3,45,Jump Shot,3,Field Goal Made,22,-22,3.3,14,14,
2,0,05.4,MD take a full timeout.,,,false,false,false,,,,,,,79,83,12,14,0,,,,,0,,1,Regular,11,Timeout,,,,14,14,
2,0,02.0,Personal foul committed by Seth Allen.,116730,,true,false,false,Seth,,Allen,,MD,,79,83,12,15,4,,,,,8,,1,Personal,8,Foul,,,,14,14,
2,0,02.0,Cameron Wright misses free throw 1 of 2.,97236,,true,false,false,Cameron,,Wright,,Pitt,,79,83,12,15,4,,,,,12,1,11,Free Throw 1 of 2,2,Free Throw Missed,,,,47,47,
2,0,02.0,Pitt with an offensive rebound.,,,false,false,false,,,,,,,79,83,12,15,0,,,,,0,,,,5,Offensive Rebound,,,,47,47,
2,0,02.0,Cameron Wright misses free throw 2 of 2.,97236,,true,false,false,Cameron,,Wright,,Pitt,,79,83,12,15,4,,,,,12,1,12,Free Throw 2 of 2,2,Free Throw Missed,,,,47,47,
2,0,02.0,Evan Smotrycz with a defensive rebound.,97334,,true,false,false,Evan,,Smotrycz,,MD,,79,83,12,15,4,,,,,10,,,,6,Defensive Rebound,,,,14,14,
2,0,00,End of the 2nd Half,,,false,false,false,,,,,,,79,83,12,15,0,,,,,0,,,,15,End Period,,,,14,14,
2,0,00,End of the Game,,,false,false,false,,,,,,,79,83,12,15,0,,,,,0,,,,19,Game Over,,,,14,14,
