half,time-minutes,time-seconds,details,player1-id,player2-id,player1-linkable,player2-linkable,player3-linkable,player-first-name-1,player-first-name-2,player-last-name-1,player-last-name-2,player-team-alias-1,player-team-alias-2,home-score,visitor-score,visitor-fouls,home-fouls,player-fouls,fastbreak,in-paint,second-chance,off-turnover,player-score,points-type,detail-id,detail-desc,event-id,event-desc,distance,x-coord,y-coord,team-id-1,team-id-2,team-id-3
1,20,00,Start of the 1st Half,,,false,false,false,,,,,,,0,0,0,0,0,,,,,0,,,,14,Start Period,,,,52,52,
1,19,32,Olivier Hanlan misses a 3-point jump shot from 24 feet out.,116003,,true,false,false,Olivier,,Hanlan,,BC,,0,0,0,0,0,,,,,0,3,45,Jump Shot,4,Field Goal Missed,24,19.5,13.3,42,42,
1,19,32,C.J. Fair with a defensive rebound.,97404,,true,false,false,C.J.,,Fair,,Syr,,0,0,0,0,0,,,,,0,,,,6,Defensive Rebound,,,,52,52,
1,19,15,C.J. Fair misses a jump shot from 15 feet out.,97404,,true,false,false,C.J.,,Fair,,Syr,,0,0,0,0,0,,,,,0,2,45,Jump Shot,4,Field Goal Missed,15,-13.7,5.2,52,52,
1,19,15,Ryan Anderson with a defensive rebound.,110082,,true,false,false,Ryan,,Anderson,,BC,,0,0,0,0,0,,,,,0,,,,6,Defensive Rebound,,,,42,42,
1,18,52,Shooting foul committed by Rakeem Christmas.,110466,,true,false,false,Rakeem,,Christmas,,Syr,,0,0,0,1,1,,,,,0,,2,Shooting,8,Foul,,,,52,52,
1,18,52,Ryan Anderson makes free throw 1 of 2.,110082,,true,false,false,Ryan,,Anderson,,BC,,0,1,0,1,0,,,,,1,1,11,Free Throw 1 of 2,1,Free Throw Made,,,,42,42,
1,18,52,Ryan Anderson misses free throw 2 of 2.,110082,,true,false,false,Ryan,,Anderson,,BC,,0,1,0,1,0,,,,,1,1,12,Free Throw 2 of 2,2,Free Throw Missed,,,,42,42,
1,18,52,Rakeem Christmas with a defensive rebound.,110466,,true,false,false,Rakeem,,Christmas,,Syr,,0,1,0,1,1,,,,,0,,,,6,Defensive Rebound,,,,52,52,
1,18,39,Rakeem Christmas misses a hook shot from 7 feet out.,110466,,true,false,false,Rakeem,,Christmas,,Syr,,0,1,0,1,1,,,,,0,2,55,Hook Shot,4,Field Goal Missed,7,-.8,6.9,52,52,
1,18,39,Ryan Anderson with a defensive rebound.,110082,,true,false,false,Ryan,,Anderson,,BC,,0,1,0,1,0,,,,,1,,,,6,Defensive Rebound,,,,42,42,
1,18,16,Lonnie Jackson makes a 3-point jump shot from 23 feet out. Olivier Hanlan with the assist.,110084,116003,true,true,false,Lonnie,Olivier,Jackson,Hanlan,BC,BC,0,4,0,1,0,,,,,3,3,45,Jump Shot,3,Field Goal Made,23,-6.5,22.4,42,42,
1,18,03,Jerami Grant misses a jump shot from 11 feet out.,116757,,true,false,false,Jerami,,Grant,,Syr,,0,4,0,1,0,,,,,0,2,45,Jump Shot,4,Field Goal Missed,11,.9,11.1,52,52,
1,18,03,Ryan Anderson with a defensive rebound.,110082,,true,false,false,Ryan,,Anderson,,BC,,0,4,0,1,0,,,,,1,,,,6,Defensive Rebound,,,,42,42,
1,17,47,Ryan Anderson misses a layup shot.,110082,,true,false,false,Ryan,,Anderson,,BC,,0,4,0,1,0,,,,,1,2,40,Layup Shot,4,Field Goal Missed,0,0,0,42,42,
1,17,47,Rakeem Christmas with a defensive rebound.,110466,,true,false,false,Rakeem,,Christmas,,Syr,,0,4,0,1,1,,,,,0,,,,6,Defensive Rebound,,,,52,52,
1,17,38,Trevor Cooney misses a 3-point jump shot from 23 feet out.,110467,,true,false,false,Trevor,,Cooney,,Syr,,0,4,0,1,0,,,,,0,3,45,Jump Shot,4,Field Goal Missed,23,-19.8,12.5,52,52,
1,17,38,Ryan Anderson with a defensive rebound.,110082,,true,false,false,Ryan,,Anderson,,BC,,0,4,0,1,0,,,,,1,,,,6,Defensive Rebound,,,,42,42,
1,17,22,Joe Rahon misses a layup shot.,116004,,true,false,false,Joe,,Rahon,,BC,,0,4,0,1,0,,,,,0,2,40,Layup Shot,4,Field Goal Missed,0,0,0,42,42,
1,17,22,Ryan Anderson with an offensive rebound.,110082,,true,false,false,Ryan,,Anderson,,BC,,0,4,0,1,0,,,,,1,,,,5,Offensive Rebound,,,,42,42,
1,17,22,Ryan Anderson with a lost ball turnover: Lost Ball,110082,,true,false,false,Ryan,,Anderson,,BC,,0,4,0,1,0,,,,,1,,2,Lost Ball,7,Turnover,,,,42,42,
1,17,02,C.J. Fair misses a jump shot from 14 feet out.,97404,,true,false,false,C.J.,,Fair,,Syr,,0,4,0,1,0,,,,,0,2,45,Jump Shot,4,Field Goal Missed,14,12,6.4,52,52,
1,17,02,Ryan Anderson with a defensive rebound.,110082,,true,false,false,Ryan,,Anderson,,BC,,0,4,0,1,0,,,,,1,,,,6,Defensive Rebound,,,,42,42,
1,16,29,Ryan Anderson with a lost ball turnover: Lost Ball,110082,,true,false,false,Ryan,,Anderson,,BC,,0,4,0,1,0,,,,,1,,2,Lost Ball,7,Turnover,,,,42,42,
1,16,02,Shooting foul committed by Lonnie Jackson.,110084,,true,false,false,Lonnie,,Jackson,,BC,,0,4,1,1,1,,,,,3,,2,Shooting,8,Foul,,,,42,42,
1,16,02,C.J. Fair makes free throw 1 of 2.,97404,,true,false,false,C.J.,,Fair,,Syr,,1,4,1,1,0,,,,,1,1,11,Free Throw 1 of 2,1,Free Throw Made,,,,52,52,
1,16,02,C.J. Fair makes free throw 2 of 2.,97404,,true,false,false,C.J.,,Fair,,Syr,,2,4,1,1,0,,,,,2,1,12,Free Throw 2 of 2,1,Free Throw Made,,,,52,52,
1,15,39,Lonnie Jackson makes a 3-point jump shot from 24 feet out. Ryan Anderson with the assist.,110084,110082,true,true,false,Lonnie,Ryan,Jackson,Anderson,BC,BC,2,7,1,1,1,,,,,6,3,45,Jump Shot,3,Field Goal Made,24,.9,24.2,42,42,
1,15,37,Syr take a full timeout.,,,false,false,false,,,,,,,2,7,1,1,0,,,,,0,,1,Regular,11,Timeout,,,,52,52,
1,15,21,Shooting foul committed by Joe Rahon.,116004,,true,false,false,Joe,,Rahon,,BC,,2,7,2,1,1,,,,,0,,2,Shooting,8,Foul,,,,42,42,
1,15,21,Official TV timeout.,,,false,false,false,,,,,,,2,7,2,1,0,,,,,0,,3,Official TV,11,Timeout,,,,52,52,
1,15,21,C.J. Fair makes free throw 1 of 2.,97404,,true,false,false,C.J.,,Fair,,Syr,,3,7,2,1,0,,,,,3,1,11,Free Throw 1 of 2,1,Free Throw Made,,,,52,52,
1,15,21,C.J. Fair makes free throw 2 of 2.,97404,,true,false,false,C.J.,,Fair,,Syr,,4,7,2,1,0,,,,,4,1,12,Free Throw 2 of 2,1,Free Throw Made,,,,52,52,
1,14,50,Lonnie Jackson misses a 3-point jump shot from 25 feet out.,110084,,true,false,false,Lonnie,,Jackson,,BC,,4,7,2,1,1,,,,,6,3,45,Jump Shot,4,Field Goal Missed,25,-9.6,23.5,42,42,
1,14,50,C.J. Fair with a defensive rebound.,97404,,true,false,false,C.J.,,Fair,,Syr,,4,7,2,1,0,,,,,4,,,,6,Defensive Rebound,,,,52,52,
1,14,20,C.J. Fair makes a jump shot from 3 feet out. Jerami Grant with the assist.,97404,116757,true,true,false,C.J.,Jerami,Fair,Grant,Syr,Syr,6,7,2,1,0,,,,,6,2,45,Jump Shot,3,Field Goal Made,3,1,2,52,52,
1,13,52,Lonnie Jackson with a lost ball turnover: Lost Ball,110084,,true,false,false,Lonnie,,Jackson,,BC,,6,7,2,1,1,,,,,6,,2,Lost Ball,7,Turnover,,,,42,42,
1,13,48,Trevor Cooney makes a jump shot from 4 feet out.,110467,,true,false,false,Trevor,,Cooney,,Syr,,8,7,2,1,0,,,,,2,2,45,Jump Shot,3,Field Goal Made,4,1.3,3.5,52,52,
1,13,16,Olivier Hanlan misses a 3-point jump shot from 23 feet out.,116003,,true,false,false,Olivier,,Hanlan,,BC,,8,7,2,1,0,,,,,0,3,45,Jump Shot,4,Field Goal Missed,23,22.5,1.4,42,42,
1,13,16,C.J. Fair with a defensive rebound.,97404,,true,false,false,C.J.,,Fair,,Syr,,8,7,2,1,0,,,,,6,,,,6,Defensive Rebound,,,,52,52,
1,13,02,C.J. Fair misses a layup shot.,97404,,true,false,false,C.J.,,Fair,,Syr,,8,7,2,1,0,,,,,6,2,40,Layup Shot,4,Field Goal Missed,0,0,0,52,52,
1,13,02,Joe Rahon with a defensive rebound.,116004,,true,false,false,Joe,,Rahon,,BC,,8,7,2,1,1,,,,,0,,,,6,Defensive Rebound,,,,42,42,
1,12,55,Olivier Hanlan with a out of bounds turnover: Out of Bounds,116003,,true,false,false,Olivier,,Hanlan,,BC,,8,7,2,1,0,,,,,0,,3,Out of Bounds,7,Turnover,,,,42,42,
1,12,39,C.J. Fair misses a jump shot from 12 feet out.,97404,,true,false,false,C.J.,,Fair,,Syr,,8,7,2,1,0,,,,,6,2,45,Jump Shot,4,Field Goal Missed,12,8,9,52,52,
1,12,39,Eddie Odio with a defensive rebound.,110078,,true,false,false,Eddie,,Odio,,BC,,8,7,2,1,0,,,,,0,,,,6,Defensive Rebound,,,,42,42,
1,12,04,Joe Rahon misses a layup shot.,116004,,true,false,false,Joe,,Rahon,,BC,,8,7,2,1,1,,,,,0,2,40,Layup Shot,4,Field Goal Missed,0,0,0,42,42,
1,12,04,Eddie Odio with an offensive rebound.,110078,,true,false,false,Eddie,,Odio,,BC,,8,7,2,1,0,,,,,0,,,,5,Offensive Rebound,,,,42,42,
1,11,58,Eddie Odio makes a tip shot from 4 feet out.,110078,,true,false,false,Eddie,,Odio,,BC,,8,9,2,1,0,,,,,2,2,53,Tip Shot,3,Field Goal Made,4,-2.5,3.5,42,42,
1,11,43,C.J. Fair misses a layup shot.,97404,,true,false,false,C.J.,,Fair,,Syr,,8,9,2,1,0,,,,,6,2,40,Layup Shot,4,Field Goal Missed,0,0,0,52,52,
1,11,43,Eddie Odio with a defensive rebound.,110078,,true,false,false,Eddie,,Odio,,BC,,8,9,2,1,0,,,,,2,,,,6,Defensive Rebound,,,,42,42,
1,11,22,Personal foul committed by Michael Gbinije.,109414,,true,false,false,Michael,,Gbinije,,Syr,,8,9,2,2,1,,,,,0,,1,Personal,8,Foul,,,,52,52,
1,11,22,Official TV timeout.,,,false,false,false,,,,,,,8,9,2,2,0,,,,,0,,3,Official TV,11,Timeout,,,,52,52,
1,10,56,Joe Rahon misses a jump shot from 14 feet out.,116004,,true,false,false,Joe,,Rahon,,BC,,8,9,2,2,1,,,,,0,2,45,Jump Shot,4,Field Goal Missed,14,-.6,13.9,42,42,
1,10,56,C.J. Fair with a defensive rebound.,97404,,true,false,false,C.J.,,Fair,,Syr,,8,9,2,2,0,,,,,6,,,,6,Defensive Rebound,,,,52,52,
1,10,34,Michael Gbinije misses a 3-point jump shot from 23 feet out.,109414,,true,false,false,Michael,,Gbinije,,Syr,,8,9,2,2,1,,,,,0,3,45,Jump Shot,4,Field Goal Missed,23,16.4,16.1,52,52,
1,10,34,BC with a defensive rebound.,,,false,false,false,,,,,,,8,9,2,2,0,,,,,0,,,,6,Defensive Rebound,,,,42,42,
1,10,08,Eddie Odio with a 3 second violation turnover: 3 Second Violation,110078,,true,false,false,Eddie,,Odio,,BC,,8,9,2,2,0,,,,,2,,8,3 Second Violation,7,Turnover,,,,42,42,
1,9,48,C.J. Fair misses a layup shot.,97404,,true,false,false,C.J.,,Fair,,Syr,,8,9,2,2,0,,,,,6,2,40,Layup Shot,4,Field Goal Missed,0,0,0,52,52,
1,9,48,Eddie Odio with a defensive rebound.,110078,,true,false,false,Eddie,,Odio,,BC,,8,9,2,2,0,,,,,2,,,,6,Defensive Rebound,,,,42,42,
1,9,41,Olivier Hanlan makes a jump shot from 4 feet out.,116003,,true,false,false,Olivier,,Hanlan,,BC,,8,11,2,2,0,,,,,2,2,45,Jump Shot,3,Field Goal Made,4,-1.8,3.8,42,42,
1,9,23,C.J. Fair makes a layup shot. Michael Gbinije with the assist.,97404,109414,true,true,false,C.J.,Michael,Fair,Gbinije,Syr,Syr,10,11,2,2,0,,,,,8,2,40,Layup Shot,3,Field Goal Made,0,0,0,52,52,
1,8,50,Ryan Anderson misses a jump shot from 14 feet out.,110082,,true,false,false,Ryan,,Anderson,,BC,,10,11,2,2,0,,,,,1,2,45,Jump Shot,4,Field Goal Missed,14,4.3,12.8,42,42,
1,8,50,Jerami Grant with a defensive rebound.,116757,,true,false,false,Jerami,,Grant,,Syr,,10,11,2,2,0,,,,,0,,,,6,Defensive Rebound,,,,52,52,
1,8,41,Trevor Cooney misses a 3-point jump shot from 23 feet out.,110467,,true,false,false,Trevor,,Cooney,,Syr,,10,11,2,2,0,,,,,2,3,45,Jump Shot,4,Field Goal Missed,23,21.9,8.1,52,52,
1,8,41,Eddie Odio with a defensive rebound.,110078,,true,false,false,Eddie,,Odio,,BC,,10,11,2,2,0,,,,,2,,,,6,Defensive Rebound,,,,42,42,
1,8,25,Joe Rahon with a lost ball turnover: Lost Ball,116004,,true,false,false,Joe,,Rahon,,BC,,10,11,2,2,1,,,,,0,,2,Lost Ball,7,Turnover,,,,42,42,
1,8,14,Jerami Grant makes a layup shot. Tyler Ennis with the assist.,116757,121072,true,true,false,Jerami,Tyler,Grant,Ennis,Syr,Syr,12,11,2,2,0,,,,,2,2,40,Layup Shot,3,Field Goal Made,0,0,0,52,52,
1,7,51,Olivier Hanlan misses a 3-point jump shot from 26 feet out.,116003,,true,false,false,Olivier,,Hanlan,,BC,,12,11,2,2,0,,,,,2,3,45,Jump Shot,4,Field Goal Missed,26,-18.5,17.8,42,42,
1,7,51,Tyler Ennis with a defensive rebound.,121072,,true,false,false,Tyler,,Ennis,,Syr,,12,11,2,2,0,,,,,0,,,,6,Defensive Rebound,,,,52,52,
1,7,39,C.J. Fair misses a jump shot from 14 feet out.,97404,,true,false,false,C.J.,,Fair,,Syr,,12,11,2,2,0,,,,,8,2,45,Jump Shot,4,Field Goal Missed,14,-13.2,3,52,52,
1,7,39,Rakeem Christmas with an offensive rebound.,110466,,true,false,false,Rakeem,,Christmas,,Syr,,12,11,2,2,1,,,,,0,,,,5,Offensive Rebound,,,,52,52,
1,7,34,Rakeem Christmas misses a layup shot.,110466,,true,false,false,Rakeem,,Christmas,,Syr,,12,11,2,2,1,,,,,0,2,40,Layup Shot,4,Field Goal Missed,0,0,0,52,52,
1,7,34,Eddie Odio with a defensive rebound.,110078,,true,false,false,Eddie,,Odio,,BC,,12,11,2,2,0,,,,,2,,,,6,Defensive Rebound,,,,42,42,
1,7,27,BC take a 20-second timeout.,,,false,false,false,,,,,,,12,11,2,2,0,,,,,0,,2,Short,11,Timeout,,,,42,42,
1,7,00,Ryan Anderson misses a jump shot from 14 feet out.,110082,,true,false,false,Ryan,,Anderson,,BC,,12,11,2,2,0,,,,,1,2,45,Jump Shot,4,Field Goal Missed,14,6.4,12.8,42,42,
1,7,00,C.J. Fair with a defensive rebound.,97404,,true,false,false,C.J.,,Fair,,Syr,,12,11,2,2,0,,,,,8,,,,6,Defensive Rebound,,,,52,52,
1,6,52,C.J. Fair misses a 3-point jump shot from 23 feet out.,97404,,true,false,false,C.J.,,Fair,,Syr,,12,11,2,2,0,,,,,8,3,45,Jump Shot,4,Field Goal Missed,23,-18.8,13.2,52,52,
1,6,52,Joe Rahon with a defensive rebound.,116004,,true,false,false,Joe,,Rahon,,BC,,12,11,2,2,1,,,,,0,,,,6,Defensive Rebound,,,,42,42,
1,6,29,Ryan Anderson with a lost ball turnover: Lost Ball,110082,,true,false,false,Ryan,,Anderson,,BC,,12,11,2,2,0,,,,,1,,2,Lost Ball,7,Turnover,,,,42,42,
1,6,29,Official TV timeout.,,,false,false,false,,,,,,,12,11,2,2,0,,,,,0,,3,Official TV,11,Timeout,,,,52,52,
1,6,17,Jerami Grant makes a layup shot. Tyler Ennis with the assist.,116757,121072,true,true,false,Jerami,Tyler,Grant,Ennis,Syr,Syr,14,11,2,2,0,,,,,4,2,40,Layup Shot,3,Field Goal Made,0,0,0,52,52,
1,6,17,Shooting foul committed by Eddie Odio.,110078,,true,false,false,Eddie,,Odio,,BC,,14,11,3,2,1,,,,,2,,2,Shooting,8,Foul,,,,42,42,
1,6,17,Jerami Grant misses free throw 1 of 1.,116757,,true,false,false,Jerami,,Grant,,Syr,,14,11,3,2,0,,,,,4,1,10,Free Throw 1 of 1,2,Free Throw Missed,,,,52,52,
1,6,17,Eddie Odio with a defensive rebound.,110078,,true,false,false,Eddie,,Odio,,BC,,14,11,3,2,1,,,,,2,,,,6,Defensive Rebound,,,,42,42,
1,5,41,Joe Rahon misses a layup shot.,116004,,true,false,false,Joe,,Rahon,,BC,,14,11,3,2,1,,,,,0,2,40,Layup Shot,4,Field Goal Missed,0,0,0,42,42,
1,5,41,Syr with a defensive rebound.,,,false,false,false,,,,,,,14,11,3,2,0,,,,,0,,,,6,Defensive Rebound,,,,52,52,
1,5,27,Jerami Grant with a lost ball turnover: Lost Ball,116757,,true,false,false,Jerami,,Grant,,Syr,,14,11,3,2,0,,,,,4,,2,Lost Ball,7,Turnover,,,,52,52,
1,5,01,Lonnie Jackson with a lost ball turnover: Lost Ball,110084,,true,false,false,Lonnie,,Jackson,,BC,,14,11,3,2,1,,,,,6,,2,Lost Ball,7,Turnover,,,,42,42,
1,4,55,Trevor Cooney misses a 3-point jump shot from 22 feet out.,110467,,true,false,false,Trevor,,Cooney,,Syr,,14,11,3,2,0,,,,,2,3,45,Jump Shot,4,Field Goal Missed,22,-22.2,2.5,52,52,
1,4,55,Jerami Grant with an offensive rebound.,116757,,true,false,false,Jerami,,Grant,,Syr,,14,11,3,2,0,,,,,4,,,,5,Offensive Rebound,,,,52,52,
1,4,50,Jerami Grant misses a layup shot.,116757,,true,false,false,Jerami,,Grant,,Syr,,14,11,3,2,0,,,,,4,2,40,Layup Shot,4,Field Goal Missed,0,0,0,52,52,
1,4,50,C.J. Fair with an offensive rebound.,97404,,true,false,false,C.J.,,Fair,,Syr,,14,11,3,2,0,,,,,8,,,,5,Offensive Rebound,,,,52,52,
1,4,50,C.J. Fair makes a layup shot.,97404,,true,false,false,C.J.,,Fair,,Syr,,16,11,3,2,0,,,,,10,2,40,Layup Shot,3,Field Goal Made,0,0,0,52,52,
1,4,19,Ryan Anderson makes a jump shot from 16 feet out. Joe Rahon with the assist.,110082,116004,true,true,false,Ryan,Joe,Anderson,Rahon,BC,BC,16,13,3,2,0,,,,,3,2,45,Jump Shot,3,Field Goal Made,16,16,3,42,42,
1,4,02,Offensive foul committed by Rakeem Christmas.,110466,,true,false,false,Rakeem,,Christmas,,Syr,,16,13,3,3,2,,,,,0,,4,Offensive,8,Foul,,,,52,52,
1,4,02,Rakeem Christmas with a  turnover:,110466,,true,false,false,Rakeem,,Christmas,,Syr,,16,13,3,3,2,,,,,0,,,,7,Turnover,,,,52,52,
1,3,49,Lonnie Jackson with a lost ball turnover: Lost Ball,110084,,true,false,false,Lonnie,,Jackson,,BC,,16,13,3,3,1,,,,,6,,2,Lost Ball,7,Turnover,,,,42,42,
1,3,44,Tyler Ennis makes a layup shot. Michael Gbinije with the assist.,121072,109414,true,true,false,Tyler,Michael,Ennis,Gbinije,Syr,Syr,18,13,3,3,0,,,,,2,2,40,Layup Shot,3,Field Goal Made,0,0,0,52,52,
1,3,13,Olivier Hanlan misses a dunk shot.,116003,,true,false,false,Olivier,,Hanlan,,BC,,18,13,3,3,0,,,,,2,2,48,Dunk Shot,4,Field Goal Missed,0,0,0,42,42,
1,3,13,Eddie Odio with an offensive rebound.,110078,,true,false,false,Eddie,,Odio,,BC,,18,13,3,3,1,,,,,2,,,,5,Offensive Rebound,,,,42,42,
1,3,07,Shooting foul committed by Jerami Grant.,116757,,true,false,false,Jerami,,Grant,,Syr,,18,13,3,4,1,,,,,4,,2,Shooting,8,Foul,,,,52,52,
1,3,07,Official TV timeout.,,,false,false,false,,,,,,,18,13,3,4,0,,,,,0,,3,Official TV,11,Timeout,,,,52,52,
1,3,07,Olivier Hanlan makes free throw 1 of 2.,116003,,true,false,false,Olivier,,Hanlan,,BC,,18,14,3,4,0,,,,,3,1,11,Free Throw 1 of 2,1,Free Throw Made,,,,42,42,
1,3,07,Olivier Hanlan makes free throw 2 of 2.,116003,,true,false,false,Olivier,,Hanlan,,BC,,18,15,3,4,0,,,,,4,1,12,Free Throw 2 of 2,1,Free Throw Made,,,,42,42,
1,2,59,Tyler Ennis misses a jump shot from 15 feet out.,121072,,true,false,false,Tyler,,Ennis,,Syr,,18,15,3,4,0,,,,,2,2,45,Jump Shot,4,Field Goal Missed,15,-.1,14.9,52,52,
1,2,59,Ryan Anderson with a defensive rebound.,110082,,true,false,false,Ryan,,Anderson,,BC,,18,15,3,4,0,,,,,3,,,,6,Defensive Rebound,,,,42,42,
1,2,40,Patrick Heckmann makes a layup shot.,110086,,true,false,false,Patrick,,Heckmann,,BC,,18,17,3,4,0,,,,,2,2,40,Layup Shot,3,Field Goal Made,0,0,0,42,42,
1,2,23,C.J. Fair makes a layup shot. Tyler Ennis with the assist.,97404,121072,true,true,false,C.J.,Tyler,Fair,Ennis,Syr,Syr,20,17,3,4,0,,,,,12,2,40,Layup Shot,3,Field Goal Made,0,0,0,52,52,
1,1,55,Offensive foul committed by Olivier Hanlan.,116003,,true,false,false,Olivier,,Hanlan,,BC,,20,17,4,4,1,,,,,4,,4,Offensive,8,Foul,,,,42,42,
1,1,55,Olivier Hanlan with a  turnover:,116003,,true,false,false,Olivier,,Hanlan,,BC,,20,17,4,4,1,,,,,4,,,,7,Turnover,,,,42,42,
1,1,41,Tyler Ennis makes a jump shot from 15 feet out. C.J. Fair with the assist.,121072,97404,true,true,false,Tyler,C.J.,Ennis,Fair,Syr,Syr,22,17,4,4,0,,,,,4,2,45,Jump Shot,3,Field Goal Made,15,-4,14,52,52,
1,1,05,Patrick Heckmann misses a 3-point jump shot from 24 feet out.,110086,,true,false,false,Patrick,,Heckmann,,BC,,22,17,4,4,0,,,,,2,3,45,Jump Shot,4,Field Goal Missed,24,21,12,42,42,
1,1,05,Ryan Anderson with an offensive rebound.,110082,,true,false,false,Ryan,,Anderson,,BC,,22,17,4,4,0,,,,,3,,,,5,Offensive Rebound,,,,42,42,
1,1,02,BC with a turnover: Shot Clock Turnover,,,false,false,false,,,,,,,22,17,4,4,0,,,,,0,,11,Shot Clock Turnover,7,Turnover,,,,42,42,
1,0,42.7,Jerami Grant makes a layup shot. Tyler Ennis with the assist.,116757,121072,true,true,false,Jerami,Tyler,Grant,Ennis,Syr,Syr,24,17,4,4,1,,,,,6,2,40,Layup Shot,3,Field Goal Made,0,0,0,52,52,
1,0,42.7,Shooting foul committed by Ryan Anderson.,110082,,true,false,false,Ryan,,Anderson,,BC,,24,17,5,4,1,,,,,3,,2,Shooting,8,Foul,,,,42,42,
1,0,42.7,Jerami Grant makes free throw 1 of 1.,116757,,true,false,false,Jerami,,Grant,,Syr,,25,17,5,4,1,,,,,7,1,10,Free Throw 1 of 1,1,Free Throw Made,,,,52,52,
1,0,12.1,Joe Rahon misses a 3-point jump shot from 24 feet out.,116004,,true,false,false,Joe,,Rahon,,BC,,25,17,5,4,1,,,,,0,3,45,Jump Shot,4,Field Goal Missed,24,-1,24,42,42,
1,0,12.1,C.J. Fair with a defensive rebound.,97404,,true,false,false,C.J.,,Fair,,Syr,,25,17,5,4,0,,,,,12,,,,6,Defensive Rebound,,,,52,52,
1,0,12.1,Personal foul committed by Ryan Anderson.,110082,,true,false,false,Ryan,,Anderson,,BC,,25,17,6,4,2,,,,,3,,1,Personal,8,Foul,,,,42,42,
1,0,02.3,Tyler Ennis misses a 3-point jump shot from 23 feet out.,121072,,true,false,false,Tyler,,Ennis,,Syr,,25,17,6,4,0,,,,,4,3,45,Jump Shot,4,Field Goal Missed,23,16,17,52,52,
1,0,02.3,Jerami Grant with an offensive rebound.,116757,,true,false,false,Jerami,,Grant,,Syr,,25,17,6,4,1,,,,,7,,,,5,Offensive Rebound,,,,52,52,
1,0,01.0,Jerami Grant misses a jump shot from 7 feet out.,116757,,true,false,false,Jerami,,Grant,,Syr,,25,17,6,4,1,,,,,7,2,45,Jump Shot,4,Field Goal Missed,7,-1.1,7.4,52,52,
1,0,01.0,BC with a defensive rebound.,,,false,false,false,,,,,,,25,17,6,4,0,,,,,0,,,,6,Defensive Rebound,,,,42,42,
1,0,00,End of the 1st Half,,,false,false,false,,,,,,,25,17,6,4,0,,,,,0,,,,15,End Period,,,,52,52,
2,20,00,Start of the 2nd Half,,,false,false,false,,,,,,,25,17,0,0,0,,,,,0,,,,14,Start Period,,,,52,52,
2,19,25,Ryan Anderson misses a layup shot.,110082,,true,false,false,Ryan,,Anderson,,BC,,25,17,0,0,2,,,,,3,2,40,Layup Shot,4,Field Goal Missed,0,0,0,42,42,
2,19,25,Tyler Ennis with a defensive rebound.,121072,,true,false,false,Tyler,,Ennis,,Syr,,25,17,0,0,0,,,,,4,,,,6,Defensive Rebound,,,,52,52,
2,19,15,Trevor Cooney makes a 3-point jump shot from 23 feet out. Tyler Ennis with the assist.,110467,121072,true,true,false,Trevor,Tyler,Cooney,Ennis,Syr,Syr,28,17,0,0,0,,,,,5,3,45,Jump Shot,3,Field Goal Made,23,-20.2,12,52,52,
2,18,55,Lonnie Jackson misses a 3-point jump shot from 24 feet out.,110084,,true,false,false,Lonnie,,Jackson,,BC,,28,17,0,0,1,,,,,6,3,45,Jump Shot,4,Field Goal Missed,24,17,18,42,42,
2,18,55,C.J. Fair with a defensive rebound.,97404,,true,false,false,C.J.,,Fair,,Syr,,28,17,0,0,0,,,,,12,,,,6,Defensive Rebound,,,,52,52,
2,18,45,C.J. Fair makes a layup shot. Tyler Ennis with the assist.,97404,121072,true,true,false,C.J.,Tyler,Fair,Ennis,Syr,Syr,30,17,0,0,0,,,,,14,2,40,Layup Shot,3,Field Goal Made,0,0,0,52,52,
2,18,43,BC take a full timeout.,,,false,false,false,,,,,,,30,17,0,0,0,,,,,0,,1,Regular,11,Timeout,,,,42,42,
2,18,17,BC take a 20-second timeout.,,,false,false,false,,,,,,,30,17,0,0,0,,,,,0,,2,Short,11,Timeout,,,,42,42,
2,18,15,Ryan Anderson with a lost ball turnover: Lost Ball,110082,,true,false,false,Ryan,,Anderson,,BC,,30,17,0,0,2,,,,,3,,2,Lost Ball,7,Turnover,,,,42,42,
2,17,52,Jerami Grant misses a jump shot from 13 feet out.,116757,,true,false,false,Jerami,,Grant,,Syr,,30,17,0,0,1,,,,,7,2,45,Jump Shot,4,Field Goal Missed,13,13,1.9,52,52,
2,17,52,Ryan Anderson with a defensive rebound.,110082,,true,false,false,Ryan,,Anderson,,BC,,30,17,0,0,2,,,,,3,,,,6,Defensive Rebound,,,,42,42,
2,17,25,Eddie Odio makes a 3-point jump shot from 23 feet out. Ryan Anderson with the assist.,110078,110082,true,true,false,Eddie,Ryan,Odio,Anderson,BC,BC,30,20,0,0,1,,,,,5,3,45,Jump Shot,3,Field Goal Made,23,19.1,13.5,42,42,
2,17,03,C.J. Fair misses a layup shot.,97404,,true,false,false,C.J.,,Fair,,Syr,,30,20,0,0,0,,,,,14,2,40,Layup Shot,4,Field Goal Missed,0,0,0,52,52,
2,17,03,Tyler Ennis with an offensive rebound.,121072,,true,false,false,Tyler,,Ennis,,Syr,,30,20,0,0,0,,,,,4,,,,5,Offensive Rebound,,,,52,52,
2,17,02,Tyler Ennis misses a layup shot.,121072,,true,false,false,Tyler,,Ennis,,Syr,,30,20,0,0,0,,,,,4,2,40,Layup Shot,4,Field Goal Missed,0,0,0,52,52,
2,17,02,Ryan Anderson with a defensive rebound.,110082,,true,false,false,Ryan,,Anderson,,BC,,30,20,0,0,2,,,,,3,,,,6,Defensive Rebound,,,,42,42,
2,16,34,Ryan Anderson misses a hook shot from 7 feet out.,110082,,true,false,false,Ryan,,Anderson,,BC,,30,20,0,0,2,,,,,3,2,55,Hook Shot,4,Field Goal Missed,7,5,4.2,42,42,
2,16,34,C.J. Fair with a defensive rebound.,97404,,true,false,false,C.J.,,Fair,,Syr,,30,20,0,0,0,,,,,14,,,,6,Defensive Rebound,,,,52,52,
2,16,32,Shooting foul committed by Eddie Odio.,110078,,true,false,false,Eddie,,Odio,,BC,,30,20,1,0,2,,,,,5,,2,Shooting,8,Foul,,,,42,42,
2,16,16,Tyler Ennis makes a 3-point jump shot from 23 feet out. Michael Gbinije with the assist.,121072,109414,true,true,false,Tyler,Michael,Ennis,Gbinije,Syr,Syr,33,20,1,0,0,,,,,7,3,45,Jump Shot,3,Field Goal Made,23,-6.9,22.4,52,52,
2,15,52,Olivier Hanlan makes a 3-point jump shot from 24 feet out.,116003,,true,false,false,Olivier,,Hanlan,,BC,,33,23,1,0,1,,,,,7,3,45,Jump Shot,3,Field Goal Made,24,-5.4,23.9,42,42,
2,15,37,C.J. Fair misses a jump shot from 14 feet out.,97404,,true,false,false,C.J.,,Fair,,Syr,,33,23,1,0,0,,,,,14,2,45,Jump Shot,4,Field Goal Missed,14,-13.9,4,52,52,
2,15,37,Joe Rahon with a defensive rebound.,116004,,true,false,false,Joe,,Rahon,,BC,,33,23,1,0,1,,,,,0,,,,6,Defensive Rebound,,,,42,42,
2,15,09,Lonnie Jackson misses a jump shot from 17 feet out.,110084,,true,false,false,Lonnie,,Jackson,,BC,,33,23,1,0,1,,,,,6,2,45,Jump Shot,4,Field Goal Missed,17,.8,17.4,42,42,
2,15,09,Lonnie Jackson with an offensive rebound.,110084,,true,false,false,Lonnie,,Jackson,,BC,,33,23,1,0,1,,,,,6,,,,5,Offensive Rebound,,,,42,42,
2,14,34,Personal foul committed by Rakeem Christmas.,110466,,true,false,false,Rakeem,,Christmas,,Syr,,33,23,1,1,3,,,,,0,,1,Personal,8,Foul,,,,52,52,
2,14,34,Official TV timeout.,,,false,false,false,,,,,,,33,23,1,1,0,,,,,0,,3,Official TV,11,Timeout,,,,52,52,
2,14,12,Joe Rahon makes a 3-point jump shot from 23 feet out. Eddie Odio with the assist.,116004,110078,true,true,false,Joe,Eddie,Rahon,Odio,BC,BC,33,26,1,1,1,,,,,3,3,45,Jump Shot,3,Field Goal Made,23,-21.7,6.4,42,42,
2,13,59,Personal foul committed by KC Caudill.,110079,,true,false,false,KC,,Caudill,,BC,,33,26,2,1,1,,,,,0,,1,Personal,8,Foul,,,,42,42,
2,13,47,C.J. Fair makes a layup shot. Jerami Grant with the assist.,97404,116757,true,true,false,C.J.,Jerami,Fair,Grant,Syr,Syr,35,26,2,1,0,,,,,16,2,40,Layup Shot,3,Field Goal Made,0,0,0,52,52,
2,13,18,Olivier Hanlan misses a 3-point jump shot from 23 feet out.,116003,,true,false,false,Olivier,,Hanlan,,BC,,35,26,2,1,1,,,,,7,3,45,Jump Shot,4,Field Goal Missed,23,-22.4,6.4,42,42,
2,13,18,Rakeem Christmas with a defensive rebound.,110466,,true,false,false,Rakeem,,Christmas,,Syr,,35,26,2,1,3,,,,,0,,,,6,Defensive Rebound,,,,52,52,
2,12,57,Shooting foul committed by KC Caudill.,110079,,true,false,false,KC,,Caudill,,BC,,35,26,3,1,2,,,,,0,,2,Shooting,8,Foul,,,,42,42,
2,12,57,C.J. Fair makes free throw 1 of 2.,97404,,true,false,false,C.J.,,Fair,,Syr,,36,26,3,1,0,,,,,17,1,11,Free Throw 1 of 2,1,Free Throw Made,,,,52,52,
2,12,57,C.J. Fair makes free throw 2 of 2.,97404,,true,false,false,C.J.,,Fair,,Syr,,37,26,3,1,0,,,,,18,1,12,Free Throw 2 of 2,1,Free Throw Made,,,,52,52,
2,12,32,Joe Rahon misses a jump shot from 15 feet out.,116004,,true,false,false,Joe,,Rahon,,BC,,37,26,3,1,1,,,,,3,2,45,Jump Shot,4,Field Goal Missed,15,-13.2,6.4,42,42,
2,12,32,BC with an offensive rebound.,,,false,false,false,,,,,,,37,26,3,1,0,,,,,0,,,,5,Offensive Rebound,,,,42,42,
2,12,28,Olivier Hanlan makes a 3-point jump shot from 23 feet out. Lonnie Jackson with the assist.,116003,110084,true,true,false,Olivier,Lonnie,Hanlan,Jackson,BC,BC,37,29,3,1,1,,,,,10,3,45,Jump Shot,3,Field Goal Made,23,-8.4,21.3,42,42,
2,11,59,C.J. Fair with a lost ball turnover: Lost Ball,97404,,true,false,false,C.J.,,Fair,,Syr,,37,29,3,1,0,,,,,18,,2,Lost Ball,7,Turnover,,,,52,52,
2,11,54,Patrick Heckmann misses a layup shot.,110086,,true,false,false,Patrick,,Heckmann,,BC,,37,29,3,1,0,,,,,2,2,40,Layup Shot,4,Field Goal Missed,0,0,0,42,42,
2,11,54,Tyler Ennis with a defensive rebound.,121072,,true,false,false,Tyler,,Ennis,,Syr,,37,29,3,1,0,,,,,7,,,,6,Defensive Rebound,,,,52,52,
2,11,48,Personal foul committed by Patrick Heckmann.,110086,,true,false,false,Patrick,,Heckmann,,BC,,37,29,4,1,1,,,,,2,,1,Personal,8,Foul,,,,42,42,
2,11,48,Official TV timeout.,,,false,false,false,,,,,,,37,29,4,1,0,,,,,0,,3,Official TV,11,Timeout,,,,52,52,
2,11,39,Michael Gbinije misses a 3-point jump shot from 24 feet out.,109414,,true,false,false,Michael,,Gbinije,,Syr,,37,29,4,1,1,,,,,0,3,45,Jump Shot,4,Field Goal Missed,24,-21,10,52,52,
2,11,39,BC with a defensive rebound.,,,false,false,false,,,,,,,37,29,4,1,0,,,,,0,,,,6,Defensive Rebound,,,,42,42,
2,11,34,Personal foul committed by Michael Gbinije.,109414,,true,false,false,Michael,,Gbinije,,Syr,,37,29,4,2,2,,,,,0,,1,Personal,8,Foul,,,,52,52,
2,11,15,Olivier Hanlan makes a 3-point jump shot from 23 feet out. Patrick Heckmann with the assist.,116003,110086,true,true,false,Olivier,Patrick,Hanlan,Heckmann,BC,BC,37,32,4,2,1,,,,,13,3,45,Jump Shot,3,Field Goal Made,23,-19.5,12,42,42,
2,11,03,Personal foul committed by Patrick Heckmann.,110086,,true,false,false,Patrick,,Heckmann,,BC,,37,32,5,2,2,,,,,2,,1,Personal,8,Foul,,,,42,42,
2,11,01,C.J. Fair misses a layup shot.,97404,,true,false,false,C.J.,,Fair,,Syr,,37,32,5,2,0,,,,,18,2,40,Layup Shot,4,Field Goal Missed,0,0,0,52,52,
2,11,01,Syr with an offensive rebound.,,,false,false,false,,,,,,,37,32,5,2,0,,,,,0,,,,5,Offensive Rebound,,,,52,52,
2,10,58,Jerami Grant misses a layup shot.,116757,,true,false,false,Jerami,,Grant,,Syr,,37,32,5,2,1,,,,,7,2,40,Layup Shot,4,Field Goal Missed,0,0,0,52,52,
2,10,58,Rakeem Christmas with an offensive rebound.,110466,,true,false,false,Rakeem,,Christmas,,Syr,,37,32,5,2,3,,,,,0,,,,5,Offensive Rebound,,,,52,52,
2,10,58,Rakeem Christmas misses a layup shot.,110466,,true,false,false,Rakeem,,Christmas,,Syr,,37,32,5,2,3,,,,,0,2,40,Layup Shot,4,Field Goal Missed,0,0,0,52,52,
2,10,58,Rakeem Christmas with an offensive rebound.,110466,,true,false,false,Rakeem,,Christmas,,Syr,,37,32,5,2,3,,,,,0,,,,5,Offensive Rebound,,,,52,52,
2,10,51,Shooting foul committed by Olivier Hanlan.,116003,,true,false,false,Olivier,,Hanlan,,BC,,37,32,6,2,2,,,,,13,,2,Shooting,8,Foul,,,,42,42,
2,10,51,Rakeem Christmas makes free throw 1 of 2.,110466,,true,false,false,Rakeem,,Christmas,,Syr,,38,32,6,2,3,,,,,1,1,11,Free Throw 1 of 2,1,Free Throw Made,,,,52,52,
2,10,51,Rakeem Christmas misses free throw 2 of 2.,110466,,true,false,false,Rakeem,,Christmas,,Syr,,38,32,6,2,3,,,,,1,1,12,Free Throw 2 of 2,2,Free Throw Missed,,,,52,52,
2,10,51,Ryan Anderson with a defensive rebound.,110082,,true,false,false,Ryan,,Anderson,,BC,,38,32,6,2,2,,,,,3,,,,6,Defensive Rebound,,,,42,42,
2,10,16,Ryan Anderson makes a layup shot. Lonnie Jackson with the assist.,110082,110084,true,true,false,Ryan,Lonnie,Anderson,Jackson,BC,BC,38,34,6,2,2,,,,,5,2,40,Layup Shot,3,Field Goal Made,0,0,0,42,42,
2,10,00,Shooting foul committed by Olivier Hanlan.,116003,,true,false,false,Olivier,,Hanlan,,BC,,38,34,7,2,3,,,,,13,,2,Shooting,8,Foul,,,,42,42,
2,10,00,Rakeem Christmas makes free throw 1 of 2.,110466,,true,false,false,Rakeem,,Christmas,,Syr,,39,34,7,2,3,,,,,2,1,11,Free Throw 1 of 2,1,Free Throw Made,,,,52,52,
2,10,00,Rakeem Christmas misses free throw 2 of 2.,110466,,true,false,false,Rakeem,,Christmas,,Syr,,39,34,7,2,3,,,,,2,1,12,Free Throw 2 of 2,2,Free Throw Missed,,,,52,52,
2,10,00,BC with a defensive rebound.,,,false,false,false,,,,,,,39,34,7,2,0,,,,,0,,,,6,Defensive Rebound,,,,42,42,
2,9,59,Personal foul committed by Jerami Grant.,116757,,true,false,false,Jerami,,Grant,,Syr,,39,34,7,3,2,,,,,7,,1,Personal,8,Foul,,,,52,52,
2,9,27,Shooting foul committed by Tyler Ennis.,121072,,true,false,false,Tyler,,Ennis,,Syr,,39,34,7,4,1,,,,,7,,2,Shooting,8,Foul,,,,52,52,
2,9,27,Syr take a 20-second timeout.,,,false,false,false,,,,,,,39,34,7,4,0,,,,,0,,2,Short,11,Timeout,,,,52,52,
2,9,27,Olivier Hanlan makes free throw 1 of 2.,116003,,true,false,false,Olivier,,Hanlan,,BC,,39,35,7,4,3,,,,,14,1,11,Free Throw 1 of 2,1,Free Throw Made,,,,42,42,
2,9,27,Olivier Hanlan makes free throw 2 of 2.,116003,,true,false,false,Olivier,,Hanlan,,BC,,39,36,7,4,3,,,,,15,1,12,Free Throw 2 of 2,1,Free Throw Made,,,,42,42,
2,9,15,Trevor Cooney misses a 3-point jump shot from 23 feet out.,110467,,true,false,false,Trevor,,Cooney,,Syr,,39,36,7,4,0,,,,,5,3,45,Jump Shot,4,Field Goal Missed,23,-17.9,14.7,52,52,
2,9,15,Rakeem Christmas with an offensive rebound.,110466,,true,false,false,Rakeem,,Christmas,,Syr,,39,36,7,4,3,,,,,2,,,,5,Offensive Rebound,,,,52,52,
2,9,09,Personal foul committed by Eddie Odio.,110078,,true,false,false,Eddie,,Odio,,BC,,39,36,8,4,3,,,,,5,,1,Personal,8,Foul,,,,42,42,
2,9,09,Rakeem Christmas makes free throw 1st of 1-and-1.,110466,,true,false,false,Rakeem,,Christmas,,Syr,,40,36,8,4,3,,,,,3,1,8,Free Throw 1st of 1-and-1,1,Free Throw Made,,,,52,52,
2,9,09,Rakeem Christmas makes free throw 2nd of 1-and-1.,110466,,true,false,false,Rakeem,,Christmas,,Syr,,41,36,8,4,3,,,,,4,1,9,Free Throw 2nd of 1-and-1,1,Free Throw Made,,,,52,52,
2,8,59,Personal foul committed by Tyler Ennis.,121072,,true,false,false,Tyler,,Ennis,,Syr,,41,36,8,5,2,,,,,7,,1,Personal,8,Foul,,,,52,52,
2,8,53,Joe Rahon makes a 3-point jump shot from 23 feet out. Olivier Hanlan with the assist.,116004,116003,true,true,false,Joe,Olivier,Rahon,Hanlan,BC,BC,41,39,8,5,1,,,,,6,3,45,Jump Shot,3,Field Goal Made,23,20.5,10.1,42,42,
2,8,29,Jerami Grant with a lost ball turnover: Lost Ball,116757,,true,false,false,Jerami,,Grant,,Syr,,41,39,8,5,2,,,,,7,,2,Lost Ball,7,Turnover,,,,52,52,
2,8,15,Ryan Anderson makes a layup shot. Joe Rahon with the assist.,110082,116004,true,true,false,Ryan,Joe,Anderson,Rahon,BC,BC,41,41,8,5,2,,,,,7,2,40,Layup Shot,3,Field Goal Made,0,0,0,42,42,
2,8,07,Syr take a 20-second timeout.,,,false,false,false,,,,,,,41,41,8,5,0,,,,,0,,2,Short,11,Timeout,,,,52,52,
2,7,57,C.J. Fair misses a layup shot.,97404,,true,false,false,C.J.,,Fair,,Syr,,41,41,8,5,0,,,,,18,2,40,Layup Shot,4,Field Goal Missed,0,0,0,52,52,
2,7,57,Patrick Heckmann with a defensive rebound.,110086,,true,false,false,Patrick,,Heckmann,,BC,,41,41,8,5,2,,,,,2,,,,6,Defensive Rebound,,,,42,42,
2,7,55,Official TV timeout.,,,false,false,false,,,,,,,41,41,8,5,0,,,,,0,,3,Official TV,11,Timeout,,,,52,52,
2,7,23,Lonnie Jackson misses a 3-point jump shot from 25 feet out.,110084,,true,false,false,Lonnie,,Jackson,,BC,,41,41,8,5,1,,,,,6,3,45,Jump Shot,4,Field Goal Missed,25,-5.4,24.1,42,42,
2,7,23,Ryan Anderson with an offensive rebound.,110082,,true,false,false,Ryan,,Anderson,,BC,,41,41,8,5,2,,,,,7,,,,5,Offensive Rebound,,,,42,42,
2,7,01,Ryan Anderson makes a layup shot. Patrick Heckmann with the assist.,110082,110086,true,true,false,Ryan,Patrick,Anderson,Heckmann,BC,BC,41,43,8,5,2,,,,,9,2,40,Layup Shot,3,Field Goal Made,0,0,0,42,42,
2,6,39,Tyler Ennis misses a layup shot.,121072,,true,false,false,Tyler,,Ennis,,Syr,,41,43,8,5,2,,,,,7,2,40,Layup Shot,4,Field Goal Missed,0,0,0,52,52,
2,6,39,Rakeem Christmas with an offensive rebound.,110466,,true,false,false,Rakeem,,Christmas,,Syr,,41,43,8,5,3,,,,,4,,,,5,Offensive Rebound,,,,52,52,
2,6,37,Rakeem Christmas misses a tip shot from 5 feet out.,110466,,true,false,false,Rakeem,,Christmas,,Syr,,41,43,8,5,3,,,,,4,2,53,Tip Shot,4,Field Goal Missed,5,1.4,4.5,52,52,
2,6,37,Jerami Grant with an offensive rebound.,116757,,true,false,false,Jerami,,Grant,,Syr,,41,43,8,5,2,,,,,7,,,,5,Offensive Rebound,,,,52,52,
2,6,36,Shooting foul committed by Ryan Anderson.,110082,,true,false,false,Ryan,,Anderson,,BC,,41,43,9,5,3,,,,,9,,2,Shooting,8,Foul,,,,42,42,
2,6,36,Jerami Grant makes free throw 1 of 2.,116757,,true,false,false,Jerami,,Grant,,Syr,,42,43,9,5,2,,,,,8,1,11,Free Throw 1 of 2,1,Free Throw Made,,,,52,52,
2,6,36,Jerami Grant misses free throw 2 of 2.,116757,,true,false,false,Jerami,,Grant,,Syr,,42,43,9,5,2,,,,,8,1,12,Free Throw 2 of 2,2,Free Throw Missed,,,,52,52,
2,6,36,Patrick Heckmann with a defensive rebound.,110086,,true,false,false,Patrick,,Heckmann,,BC,,42,43,9,5,2,,,,,2,,,,6,Defensive Rebound,,,,42,42,
2,6,08,Joe Rahon makes a 3-point jump shot from 24 feet out. Olivier Hanlan with the assist.,116004,116003,true,true,false,Joe,Olivier,Rahon,Hanlan,BC,BC,42,46,9,5,1,,,,,9,3,45,Jump Shot,3,Field Goal Made,24,-22.4,8.9,42,42,
2,5,53,Tyler Ennis makes a jump shot from 10 feet out.,121072,,true,false,false,Tyler,,Ennis,,Syr,,44,46,9,5,2,,,,,9,2,45,Jump Shot,3,Field Goal Made,10,.1,10.1,52,52,
2,5,16,Olivier Hanlan misses a 3-point jump shot from 24 feet out.,116003,,true,false,false,Olivier,,Hanlan,,BC,,44,46,9,5,3,,,,,15,3,45,Jump Shot,4,Field Goal Missed,24,-15.1,19.3,42,42,
2,5,16,C.J. Fair with a defensive rebound.,97404,,true,false,false,C.J.,,Fair,,Syr,,44,46,9,5,0,,,,,18,,,,6,Defensive Rebound,,,,52,52,
2,5,06,Tyler Ennis makes a layup shot.,121072,,true,false,false,Tyler,,Ennis,,Syr,,46,46,9,5,2,,,,,11,2,40,Layup Shot,3,Field Goal Made,0,0,0,52,52,
2,4,27,BC with a turnover: Shot Clock Turnover,,,false,false,false,,,,,,,46,46,9,5,0,,,,,0,,11,Shot Clock Turnover,7,Turnover,,,,42,42,
2,4,07,Tyler Ennis misses a 3-point jump shot from 25 feet out.,121072,,true,false,false,Tyler,,Ennis,,Syr,,46,46,9,5,2,,,,,11,3,45,Jump Shot,4,Field Goal Missed,25,.6,24.7,52,52,
2,4,07,Ryan Anderson with a defensive rebound.,110082,,true,false,false,Ryan,,Anderson,,BC,,46,46,9,5,3,,,,,9,,,,6,Defensive Rebound,,,,42,42,
2,4,05,Personal foul committed by Rakeem Christmas.,110466,,true,false,false,Rakeem,,Christmas,,Syr,,46,46,9,6,4,,,,,4,,1,Personal,8,Foul,,,,52,52,
2,3,44,Ryan Anderson misses a jump shot from 15 feet out.,110082,,true,false,false,Ryan,,Anderson,,BC,,46,46,9,6,3,,,,,9,2,45,Jump Shot,4,Field Goal Missed,15,.9,15,42,42,
2,3,44,Tyler Ennis with a defensive rebound.,121072,,true,false,false,Tyler,,Ennis,,Syr,,46,46,9,6,2,,,,,11,,,,6,Defensive Rebound,,,,52,52,
2,3,37,Tyler Ennis with a lost ball turnover: Lost Ball,121072,,true,false,false,Tyler,,Ennis,,Syr,,46,46,9,6,2,,,,,11,,2,Lost Ball,7,Turnover,,,,52,52,
2,3,31,Patrick Heckmann makes a layup shot.,110086,,true,false,false,Patrick,,Heckmann,,BC,,46,48,9,6,2,,,,,4,2,40,Layup Shot,3,Field Goal Made,0,0,0,42,42,
2,3,15,Personal foul committed by Olivier Hanlan.,116003,,true,false,false,Olivier,,Hanlan,,BC,,46,48,10,6,4,,,,,15,,1,Personal,8,Foul,,,,42,42,
2,3,15,Official TV timeout.,,,false,false,false,,,,,,,46,48,10,6,0,,,,,0,,3,Official TV,11,Timeout,,,,52,52,
2,3,15,Jerami Grant makes free throw 1 of 2.,116757,,true,false,false,Jerami,,Grant,,Syr,,47,48,10,6,2,,,,,9,1,11,Free Throw 1 of 2,1,Free Throw Made,,,,52,52,
2,3,15,Jerami Grant misses free throw 2 of 2.,116757,,true,false,false,Jerami,,Grant,,Syr,,47,48,10,6,2,,,,,9,1,12,Free Throw 2 of 2,2,Free Throw Missed,,,,52,52,
2,3,15,Ryan Anderson with a defensive rebound.,110082,,true,false,false,Ryan,,Anderson,,BC,,47,48,10,6,3,,,,,9,,,,6,Defensive Rebound,,,,42,42,
2,2,42,Lonnie Jackson misses a 3-point jump shot from 25 feet out.,110084,,true,false,false,Lonnie,,Jackson,,BC,,47,48,10,6,1,,,,,6,3,45,Jump Shot,4,Field Goal Missed,25,-6.4,24.4,42,42,
2,2,42,C.J. Fair with a defensive rebound.,97404,,true,false,false,C.J.,,Fair,,Syr,,47,48,10,6,0,,,,,18,,,,6,Defensive Rebound,,,,52,52,
2,2,24,Trevor Cooney misses a layup shot.,110467,,true,false,false,Trevor,,Cooney,,Syr,,47,48,10,6,0,,,,,5,2,40,Layup Shot,4,Field Goal Missed,0,0,0,52,52,
2,2,24,Rakeem Christmas with an offensive rebound.,110466,,true,false,false,Rakeem,,Christmas,,Syr,,47,48,10,6,4,,,,,4,,,,5,Offensive Rebound,,,,52,52,
2,2,23,Personal foul committed by Lonnie Jackson.,110084,,true,false,false,Lonnie,,Jackson,,BC,,47,48,11,6,2,,,,,6,,1,Personal,8,Foul,,,,42,42,
2,2,23,Rakeem Christmas makes free throw 1 of 2.,110466,,true,false,false,Rakeem,,Christmas,,Syr,,48,48,11,6,4,,,,,5,1,11,Free Throw 1 of 2,1,Free Throw Made,,,,52,52,
2,2,23,Rakeem Christmas misses free throw 2 of 2.,110466,,true,false,false,Rakeem,,Christmas,,Syr,,48,48,11,6,4,,,,,5,1,12,Free Throw 2 of 2,2,Free Throw Missed,,,,52,52,
2,2,23,Joe Rahon with a defensive rebound.,116004,,true,false,false,Joe,,Rahon,,BC,,48,48,11,6,1,,,,,9,,,,6,Defensive Rebound,,,,42,42,
2,2,16,BC take a 20-second timeout.,,,false,false,false,,,,,,,48,48,11,6,0,,,,,0,,2,Short,11,Timeout,,,,42,42,
2,1,46,BC with a turnover: Shot Clock Turnover,,,false,false,false,,,,,,,48,48,11,6,0,,,,,0,,11,Shot Clock Turnover,7,Turnover,,,,42,42,
2,1,17,Jerami Grant makes a layup shot. C.J. Fair with the assist.,116757,97404,true,true,false,Jerami,C.J.,Grant,Fair,Syr,Syr,50,48,11,6,2,,,,,11,2,40,Layup Shot,3,Field Goal Made,0,0,0,52,52,
2,1,09,BC take a 20-second timeout.,,,false,false,false,,,,,,,50,48,11,6,0,,,,,0,,2,Short,11,Timeout,,,,42,42,
2,0,47.9,Olivier Hanlan makes a layup shot.,116003,,true,false,false,Olivier,,Hanlan,,BC,,50,50,11,6,4,,,,,17,2,40,Layup Shot,3,Field Goal Made,0,0,0,42,42,
2,0,41.8,Syr take a full timeout.,,,false,false,false,,,,,,,50,50,11,6,0,,,,,0,,1,Regular,11,Timeout,,,,52,52,
2,0,30.7,Tyler Ennis misses a layup shot.,121072,,true,false,false,Tyler,,Ennis,,Syr,,50,50,11,6,2,,,,,11,2,40,Layup Shot,4,Field Goal Missed,0,0,0,52,52,
2,0,30.7,Tyler Ennis with an offensive rebound.,121072,,true,false,false,Tyler,,Ennis,,Syr,,50,50,11,6,2,,,,,11,,,,5,Offensive Rebound,,,,52,52,
2,0,20.0,Syr take a full timeout.,,,false,false,false,,,,,,,50,50,11,6,0,,,,,0,,1,Regular,11,Timeout,,,,52,52,
2,0,02.5,Rakeem Christmas misses a layup shot.,110466,,true,false,false,Rakeem,,Christmas,,Syr,,50,50,11,6,4,,,,,5,2,40,Layup Shot,4,Field Goal Missed,0,0,0,52,52,
2,0,02.5,Patrick Heckmann with a defensive rebound.,110086,,true,false,false,Patrick,,Heckmann,,BC,,50,50,11,6,2,,,,,4,,,,6,Defensive Rebound,,,,42,42,
2,0,00,End of the 2nd Half,,,false,false,false,,,,,,,50,50,11,6,0,,,,,0,,,,15,End Period,,,,52,52,
3,5,00,Start of the Overtime,,,false,false,false,,,,,,,50,50,11,6,0,,,,,0,,,,14,Start Period,,,,52,52,
3,4,32,Olivier Hanlan makes a 3-point jump shot from 26 feet out. Lonnie Jackson with the assist.,116003,110084,true,true,false,Olivier,Lonnie,Hanlan,Jackson,BC,BC,50,53,11,6,4,,,,,20,3,45,Jump Shot,3,Field Goal Made,26,-10.5,24.1,42,42,
3,4,15,C.J. Fair makes a layup shot.,97404,,true,false,false,C.J.,,Fair,,Syr,,52,53,11,6,0,,,,,20,2,40,Layup Shot,3,Field Goal Made,0,0,0,52,52,
3,3,43,Ryan Anderson with a traveling turnover: Traveling,110082,,true,false,false,Ryan,,Anderson,,BC,,52,53,11,6,3,,,,,9,,4,Traveling,7,Turnover,,,,42,42,
3,3,29,C.J. Fair misses a layup shot.,97404,,true,false,false,C.J.,,Fair,,Syr,,52,53,11,6,0,,,,,20,2,40,Layup Shot,4,Field Goal Missed,0,0,0,52,52,
3,3,29,Lonnie Jackson with a defensive rebound.,110084,,true,false,false,Lonnie,,Jackson,,BC,,52,53,11,6,2,,,,,6,,,,6,Defensive Rebound,,,,42,42,
3,2,55,Patrick Heckmann makes a 3-point jump shot from 24 feet out. Ryan Anderson with the assist.,110086,110082,true,true,false,Patrick,Ryan,Heckmann,Anderson,BC,BC,52,56,11,6,2,,,,,7,3,45,Jump Shot,3,Field Goal Made,24,-23.4,3,42,42,
3,2,41,Personal foul committed by Patrick Heckmann.,110086,,true,false,false,Patrick,,Heckmann,,BC,,52,56,12,6,3,,,,,7,,1,Personal,8,Foul,,,,42,42,
3,2,41,Rakeem Christmas makes free throw 1 of 2.,110466,,true,false,false,Rakeem,,Christmas,,Syr,,53,56,12,6,4,,,,,6,1,11,Free Throw 1 of 2,1,Free Throw Made,,,,52,52,
3,2,41,Rakeem Christmas makes free throw 2 of 2.,110466,,true,false,false,Rakeem,,Christmas,,Syr,,54,56,12,6,4,,,,,7,1,12,Free Throw 2 of 2,1,Free Throw Made,,,,52,52,
3,2,34,Olivier Hanlan misses a layup shot.,116003,,true,false,false,Olivier,,Hanlan,,BC,,54,56,12,6,4,,,,,20,2,40,Layup Shot,4,Field Goal Missed,0,0,0,42,42,
3,2,34,BC with an offensive rebound.,,,false,false,false,,,,,,,54,56,12,6,0,,,,,0,,,,5,Offensive Rebound,,,,42,42,
3,2,19,Olivier Hanlan with a lost ball turnover: Lost Ball,116003,,true,false,false,Olivier,,Hanlan,,BC,,54,56,12,6,4,,,,,20,,2,Lost Ball,7,Turnover,,,,42,42,
3,2,13,C.J. Fair misses a layup shot.,97404,,true,false,false,C.J.,,Fair,,Syr,,54,56,12,6,0,,,,,20,2,40,Layup Shot,4,Field Goal Missed,0,0,0,52,52,
3,2,13,Patrick Heckmann with a defensive rebound.,110086,,true,false,false,Patrick,,Heckmann,,BC,,54,56,12,6,3,,,,,7,,,,6,Defensive Rebound,,,,42,42,
3,2,10,Lonnie Jackson misses a jump shot from 20 feet out.,110084,,true,false,false,Lonnie,,Jackson,,BC,,54,56,12,6,2,,,,,6,2,45,Jump Shot,4,Field Goal Missed,20,14,15,42,42,
3,2,10,Jerami Grant with a defensive rebound.,116757,,true,false,false,Jerami,,Grant,,Syr,,54,56,12,6,2,,,,,11,,,,6,Defensive Rebound,,,,52,52,
3,2,04,Tyler Ennis makes a layup shot. Jerami Grant with the assist.,121072,116757,true,true,false,Tyler,Jerami,Ennis,Grant,Syr,Syr,56,56,12,6,2,,,,,13,2,40,Layup Shot,3,Field Goal Made,0,0,0,52,52,
3,1,32,Joe Rahon misses a jump shot from 14 feet out.,116004,,true,false,false,Joe,,Rahon,,BC,,56,56,12,6,1,,,,,9,2,45,Jump Shot,4,Field Goal Missed,14,-4,13.3,42,42,
3,1,32,C.J. Fair with a defensive rebound.,97404,,true,false,false,C.J.,,Fair,,Syr,,56,56,12,6,0,,,,,20,,,,6,Defensive Rebound,,,,52,52,
3,1,18,C.J. Fair misses a layup shot.,97404,,true,false,false,C.J.,,Fair,,Syr,,56,56,12,6,0,,,,,20,2,40,Layup Shot,4,Field Goal Missed,0,0,0,52,52,
3,1,18,Rakeem Christmas with an offensive rebound.,110466,,true,false,false,Rakeem,,Christmas,,Syr,,56,56,12,6,4,,,,,7,,,,5,Offensive Rebound,,,,52,52,
3,1,14,Tyler Ennis misses a layup shot.,121072,,true,false,false,Tyler,,Ennis,,Syr,,56,56,12,6,2,,,,,13,2,40,Layup Shot,4,Field Goal Missed,0,0,0,52,52,
3,1,14,Tyler Ennis with an offensive rebound.,121072,,true,false,false,Tyler,,Ennis,,Syr,,56,56,12,6,2,,,,,13,,,,5,Offensive Rebound,,,,52,52,
3,1,12,Personal foul committed by Ryan Anderson.,110082,,true,false,false,Ryan,,Anderson,,BC,,56,56,13,6,4,,,,,9,,1,Personal,8,Foul,,,,42,42,
3,1,12,Tyler Ennis misses free throw 1 of 2.,121072,,true,false,false,Tyler,,Ennis,,Syr,,56,56,13,6,2,,,,,13,1,11,Free Throw 1 of 2,2,Free Throw Missed,,,,52,52,
3,1,12,BC with a defensive rebound.,,,false,false,false,,,,,,,56,56,13,6,0,,,,,0,,,,6,Defensive Rebound,,,,42,42,
3,1,12,Tyler Ennis makes free throw 2 of 2.,121072,,true,false,false,Tyler,,Ennis,,Syr,,57,56,13,6,2,,,,,14,1,12,Free Throw 2 of 2,1,Free Throw Made,,,,52,52,
3,0,44.6,Patrick Heckmann makes a layup shot. Ryan Anderson with the assist.,110086,110082,true,true,false,Patrick,Ryan,Heckmann,Anderson,BC,BC,57,58,13,6,3,,,,,9,2,40,Layup Shot,3,Field Goal Made,0,0,0,42,42,
3,0,38.9,Syr take a 20-second timeout.,,,false,false,false,,,,,,,57,58,13,6,0,,,,,0,,2,Short,11,Timeout,,,,52,52,
3,0,27.6,C.J. Fair misses a layup shot.,97404,,true,false,false,C.J.,,Fair,,Syr,,57,58,13,6,0,,,,,20,2,40,Layup Shot,4,Field Goal Missed,0,0,0,52,52,
3,0,27.6,BC with a defensive rebound.,,,false,false,false,,,,,,,57,58,13,6,0,,,,,0,,,,6,Defensive Rebound,,,,42,42,
3,0,25.8,Personal foul committed by Michael Gbinije.,109414,,true,false,false,Michael,,Gbinije,,Syr,,57,58,13,7,3,,,,,0,,1,Personal,8,Foul,,,,52,52,
3,0,25.8,Lonnie Jackson makes free throw 1 of 2.,110084,,true,false,false,Lonnie,,Jackson,,BC,,57,59,13,7,2,,,,,7,1,11,Free Throw 1 of 2,1,Free Throw Made,,,,42,42,
3,0,25.8,Lonnie Jackson makes free throw 2 of 2.,110084,,true,false,false,Lonnie,,Jackson,,BC,,57,60,13,7,2,,,,,8,1,12,Free Throw 2 of 2,1,Free Throw Made,,,,42,42,
3,0,13.6,Tyler Ennis misses a layup shot.,121072,,true,false,false,Tyler,,Ennis,,Syr,,57,60,13,7,2,,,,,14,2,40,Layup Shot,4,Field Goal Missed,0,0,0,52,52,
3,0,13.6,Rakeem Christmas with an offensive rebound.,110466,,true,false,false,Rakeem,,Christmas,,Syr,,57,60,13,7,4,,,,,7,,,,5,Offensive Rebound,,,,52,52,
3,0,12.9,Rakeem Christmas makes a tip shot from 3 feet out.,110466,,true,false,false,Rakeem,,Christmas,,Syr,,59,60,13,7,4,,,,,9,2,53,Tip Shot,3,Field Goal Made,3,1.8,3,52,52,
3,0,11.9,Personal foul committed by Tyler Ennis.,121072,,true,false,false,Tyler,,Ennis,,Syr,,59,60,13,8,3,,,,,14,,1,Personal,8,Foul,,,,52,52,
3,0,11.9,Lonnie Jackson makes free throw 1st of 1-and-1.,110084,,true,false,false,Lonnie,,Jackson,,BC,,59,61,13,8,2,,,,,9,1,8,Free Throw 1st of 1-and-1,1,Free Throw Made,,,,42,42,
3,0,11.9,Lonnie Jackson makes free throw 2nd of 1-and-1.,110084,,true,false,false,Lonnie,,Jackson,,BC,,59,62,13,8,2,,,,,10,1,9,Free Throw 2nd of 1-and-1,1,Free Throw Made,,,,42,42,
3,0,05.7,Trevor Cooney misses a 3-point jump shot from 22 feet out.,110467,,true,false,false,Trevor,,Cooney,,Syr,,59,62,13,8,0,,,,,5,3,45,Jump Shot,4,Field Goal Missed,22,20,8,52,52,
3,0,05.7,Tyler Ennis with an offensive rebound.,121072,,true,false,false,Tyler,,Ennis,,Syr,,59,62,13,8,3,,,,,14,,,,5,Offensive Rebound,,,,52,52,
3,0,05.7,Tyler Ennis with a lost ball turnover: Lost Ball,121072,,true,false,false,Tyler,,Ennis,,Syr,,59,62,13,8,3,,,,,14,,2,Lost Ball,7,Turnover,,,,52,52,
3,0,00,End of the Overtime,,,false,false,false,,,,,,,59,62,13,8,0,,,,,0,,,,15,End Period,,,,52,52,
3,0,00,End of the Game,,,false,false,false,,,,,,,59,62,13,8,0,,,,,0,,,,19,Game Over,,,,52,52,
