half,time-minutes,time-seconds,details,player1-id,player2-id,player1-linkable,player2-linkable,player3-linkable,player-first-name-1,player-first-name-2,player-last-name-1,player-last-name-2,player-team-alias-1,player-team-alias-2,home-score,visitor-score,visitor-fouls,home-fouls,player-fouls,fastbreak,in-paint,second-chance,off-turnover,player-score,points-type,detail-id,detail-desc,event-id,event-desc,distance,x-coord,y-coord,team-id-1,team-id-2,team-id-3
1,20,00,Start of the 1st Half,,,false,false,false,,,,,,,0,0,0,0,0,,,,,0,,,,14,Start Period,,,,42,42,
1,19,31,Marcus Georges-Hunt makes a layup shot.,116540,,true,false,false,Marcus,,Georges-Hunt,,GaTech,,0,2,0,0,0,,,,,2,2,40,Layup Shot,3,Field Goal Made,0,0,0,13,13,
1,19,11,Eddie Odio makes a dunk shot. Joe Rahon with the assist.,110078,116004,true,true,false,Eddie,Joe,Odio,Rahon,BC,BC,2,2,0,0,0,,,,,2,2,48,Dunk Shot,3,Field Goal Made,0,0,0,42,42,
1,19,00,Trae Golden makes a 3-point jump shot from 23 feet out. Daniel Miller with the assist.,97522,88211,true,true,false,Trae,Daniel,Golden,Miller,GaTech,GaTech,2,5,0,0,0,,,,,3,3,45,Jump Shot,3,Field Goal Made,23,-23,3,13,13,
1,18,32,Lonnie Jackson misses a 3-point jump shot from 25 feet out.,110084,,true,false,false,Lonnie,,Jackson,,BC,,2,5,0,0,0,,,,,0,3,45,Jump Shot,4,Field Goal Missed,25,-8,24,42,42,
1,18,32,Daniel Miller with a defensive rebound.,88211,,true,false,false,Daniel,,Miller,,GaTech,,2,5,0,0,0,,,,,0,,,,6,Defensive Rebound,,,,13,13,
1,18,17,Trae Golden makes a jump shot from 18 feet out.,97522,,true,false,false,Trae,,Golden,,GaTech,,2,7,0,0,0,,,,,5,2,45,Jump Shot,3,Field Goal Made,18,1.3,18.1,13,13,
1,17,49,Ryan Anderson misses a layup shot.,110082,,true,false,false,Ryan,,Anderson,,BC,,2,7,0,0,0,,,,,0,2,40,Layup Shot,4,Field Goal Missed,0,0,0,42,42,
1,17,49,Daniel Miller with a defensive rebound.,88211,,true,false,false,Daniel,,Miller,,GaTech,,2,7,0,0,0,,,,,0,,,,6,Defensive Rebound,,,,13,13,
1,17,39,Kammeon Holsey makes a layup shot.,88210,,true,false,false,Kammeon,,Holsey,,GaTech,,2,9,0,0,0,,,,,2,2,40,Layup Shot,3,Field Goal Made,0,0,0,13,13,
1,17,38,BC take a 20-second timeout.,,,false,false,false,,,,,,,2,9,0,0,0,,,,,0,,2,Short,11,Timeout,,,,42,42,
1,17,04,Will Magarity with a lost ball turnover: Lost Ball,122015,,true,false,false,Will,,Magarity,,BC,,2,9,0,0,0,,,,,0,,2,Lost Ball,7,Turnover,,,,42,42,
1,17,01,Shooting foul committed by Olivier Hanlan.,116003,,true,false,false,Olivier,,Hanlan,,BC,,2,9,0,1,1,,,,,0,,2,Shooting,8,Foul,,,,42,42,
1,17,01,Trae Golden makes free throw 1 of 2.,97522,,true,false,false,Trae,,Golden,,GaTech,,2,10,0,1,0,,,,,6,1,11,Free Throw 1 of 2,1,Free Throw Made,,,,13,13,
1,17,01,Trae Golden makes free throw 2 of 2.,97522,,true,false,false,Trae,,Golden,,GaTech,,2,11,0,1,0,,,,,7,1,12,Free Throw 2 of 2,1,Free Throw Made,,,,13,13,
1,16,26,Olivier Hanlan misses a 3-point jump shot from 25 feet out.,116003,,true,false,false,Olivier,,Hanlan,,BC,,2,11,0,1,1,,,,,0,3,45,Jump Shot,4,Field Goal Missed,25,-2,25,42,42,
1,16,26,Marcus Georges-Hunt with a defensive rebound.,116540,,true,false,false,Marcus,,Georges-Hunt,,GaTech,,2,11,0,1,0,,,,,2,,,,6,Defensive Rebound,,,,13,13,
1,16,19,Marcus Georges-Hunt makes a layup shot.,116540,,true,false,false,Marcus,,Georges-Hunt,,GaTech,,2,13,0,1,0,,,,,4,2,40,Layup Shot,3,Field Goal Made,0,0,0,13,13,
1,16,06,Shooting foul committed by Daniel Miller.,88211,,true,false,false,Daniel,,Miller,,GaTech,,2,13,1,1,1,,,,,0,,2,Shooting,8,Foul,,,,13,13,
1,16,06,Will Magarity misses free throw 1 of 2.,122015,,true,false,false,Will,,Magarity,,BC,,2,13,1,1,0,,,,,0,1,11,Free Throw 1 of 2,2,Free Throw Missed,,,,42,42,
1,16,06,BC with an offensive rebound.,,,false,false,false,,,,,,,2,13,1,1,0,,,,,0,,,,5,Offensive Rebound,,,,42,42,
1,16,06,Will Magarity makes free throw 2 of 2.,122015,,true,false,false,Will,,Magarity,,BC,,3,13,1,1,0,,,,,1,1,12,Free Throw 2 of 2,1,Free Throw Made,,,,42,42,
1,15,42,Trae Golden misses a 3-point jump shot from 24 feet out.,97522,,true,false,false,Trae,,Golden,,GaTech,,3,13,1,1,0,,,,,7,3,45,Jump Shot,4,Field Goal Missed,24,-14,20,13,13,
1,15,42,Lonnie Jackson with a defensive rebound.,110084,,true,false,false,Lonnie,,Jackson,,BC,,3,13,1,1,0,,,,,0,,,,6,Defensive Rebound,,,,42,42,
1,15,17,Ryan Anderson misses a jump shot from 7 feet out.,110082,,true,false,false,Ryan,,Anderson,,BC,,3,13,1,1,0,,,,,0,2,45,Jump Shot,4,Field Goal Missed,7,1.3,7.2,42,42,
1,15,17,Quinton Stephens with a defensive rebound.,120599,,true,false,false,Quinton,,Stephens,,GaTech,,3,13,1,1,0,,,,,0,,,,6,Defensive Rebound,,,,13,13,
1,15,08,Chris Bolden makes a 3-point jump shot from 23 feet out. Trae Golden with the assist.,116542,97522,true,true,false,Chris,Trae,Bolden,Golden,GaTech,GaTech,3,16,1,1,0,,,,,3,3,45,Jump Shot,3,Field Goal Made,23,-22.9,1.8,13,13,
1,14,40,Joe Rahon makes a layup shot.,116004,,true,false,false,Joe,,Rahon,,BC,,5,16,1,1,0,,,,,2,2,40,Layup Shot,3,Field Goal Made,0,0,0,42,42,
1,14,16,Kammeon Holsey makes a hook shot from 8 feet out.,88210,,true,false,false,Kammeon,,Holsey,,GaTech,,5,18,1,1,0,,,,,4,2,55,Hook Shot,3,Field Goal Made,8,-3,7.2,13,13,
1,13,40,Patrick Heckmann makes a 3-point jump shot from 24 feet out. Ryan Anderson with the assist.,110086,110082,true,true,false,Patrick,Ryan,Heckmann,Anderson,BC,BC,8,18,1,1,0,,,,,3,3,45,Jump Shot,3,Field Goal Made,24,16.2,17.6,42,42,
1,13,21,Offensive foul committed by Marcus Georges-Hunt.,116540,,true,false,false,Marcus,,Georges-Hunt,,GaTech,,8,18,2,1,1,,,,,4,,4,Offensive,8,Foul,,,,13,13,
1,13,21,Marcus Georges-Hunt with a  turnover:,116540,,true,false,false,Marcus,,Georges-Hunt,,GaTech,,8,18,2,1,1,,,,,4,,,,7,Turnover,,,,13,13,
1,13,21,Official TV timeout.,,,false,false,false,,,,,,,8,18,2,1,0,,,,,0,,3,Official TV,11,Timeout,,,,42,42,
1,12,53,Eddie Odio misses a layup shot.,110078,,true,false,false,Eddie,,Odio,,BC,,8,18,2,1,0,,,,,2,2,40,Layup Shot,4,Field Goal Missed,0,0,0,42,42,
1,12,53,Chris Bolden with a defensive rebound.,116542,,true,false,false,Chris,,Bolden,,GaTech,,8,18,2,1,0,,,,,3,,,,6,Defensive Rebound,,,,13,13,
1,12,28,Solomon Poole with a lost ball turnover: Lost Ball,120442,,true,false,false,Solomon,,Poole,,GaTech,,8,18,2,1,0,,,,,0,,2,Lost Ball,7,Turnover,,,,13,13,
1,11,57,Eddie Odio misses a layup shot.,110078,,true,false,false,Eddie,,Odio,,BC,,8,18,2,1,0,,,,,2,2,40,Layup Shot,4,Field Goal Missed,0,0,0,42,42,
1,11,57,Quinton Stephens with a defensive rebound.,120599,,true,false,false,Quinton,,Stephens,,GaTech,,8,18,2,1,0,,,,,0,,,,6,Defensive Rebound,,,,13,13,
1,11,41,Chris Bolden makes a jump shot from 12 feet out.,116542,,true,false,false,Chris,,Bolden,,GaTech,,8,20,2,1,0,,,,,5,2,45,Jump Shot,3,Field Goal Made,12,11.3,2.1,13,13,
1,11,20,Joe Rahon misses a jump shot from 13 feet out.,116004,,true,false,false,Joe,,Rahon,,BC,,8,20,2,1,0,,,,,2,2,45,Jump Shot,4,Field Goal Missed,13,-9,9,42,42,
1,11,20,"Stacey Poole, Jr. with a defensive rebound.",97676,,true,false,false,Stacey,,"Poole, Jr.",,GaTech,,8,20,2,1,0,,,,,0,,,,6,Defensive Rebound,,,,13,13,
1,11,04,Quinton Stephens with a lost ball turnover: Lost Ball,120599,,true,false,false,Quinton,,Stephens,,GaTech,,8,20,2,1,0,,,,,0,,2,Lost Ball,7,Turnover,,,,13,13,
1,10,48,Olivier Hanlan makes a layup shot.,116003,,true,false,false,Olivier,,Hanlan,,BC,,10,20,2,1,1,,,,,2,2,40,Layup Shot,3,Field Goal Made,0,0,0,42,42,
1,10,48,Shooting foul committed by Chris Bolden.,116542,,true,false,false,Chris,,Bolden,,GaTech,,10,20,3,1,1,,,,,5,,2,Shooting,8,Foul,,,,13,13,
1,10,48,Official TV timeout.,,,false,false,false,,,,,,,10,20,3,1,0,,,,,0,,3,Official TV,11,Timeout,,,,42,42,
1,10,48,Olivier Hanlan makes free throw 1 of 1.,116003,,true,false,false,Olivier,,Hanlan,,BC,,11,20,3,1,1,,,,,3,1,10,Free Throw 1 of 1,1,Free Throw Made,,,,42,42,
1,10,26,Kammeon Holsey makes a jump shot from 12 feet out. Chris Bolden with the assist.,88210,116542,true,true,false,Kammeon,Chris,Holsey,Bolden,GaTech,GaTech,11,22,3,1,0,,,,,6,2,45,Jump Shot,3,Field Goal Made,12,-12,3,13,13,
1,10,02,Patrick Heckmann makes a jump shot from 5 feet out.,110086,,true,false,false,Patrick,,Heckmann,,BC,,13,22,3,1,0,,,,,5,2,45,Jump Shot,3,Field Goal Made,5,3.3,4,42,42,
1,9,34,Chris Bolden makes a 3-point jump shot from 25 feet out. Corey Heyward with the assist.,116542,116543,true,true,false,Chris,Corey,Bolden,Heyward,GaTech,GaTech,13,25,3,1,1,,,,,8,3,45,Jump Shot,3,Field Goal Made,25,1,25,13,13,
1,9,01,Eddie Odio misses a 3-point jump shot from 24 feet out.,110078,,true,false,false,Eddie,,Odio,,BC,,13,25,3,1,0,,,,,2,3,45,Jump Shot,4,Field Goal Missed,24,20.3,13.3,42,42,
1,9,01,Chris Bolden with a defensive rebound.,116542,,true,false,false,Chris,,Bolden,,GaTech,,13,25,3,1,1,,,,,8,,,,6,Defensive Rebound,,,,13,13,
1,8,29,Daniel Miller makes a layup shot.,88211,,true,false,false,Daniel,,Miller,,GaTech,,13,27,3,1,1,,,,,2,2,40,Layup Shot,3,Field Goal Made,0,0,0,13,13,
1,8,07,Ryan Anderson misses a hook shot from 9 feet out.,110082,,true,false,false,Ryan,,Anderson,,BC,,13,27,3,1,0,,,,,0,2,55,Hook Shot,4,Field Goal Missed,9,-7.6,4.3,42,42,
1,8,07,Chris Bolden with a defensive rebound.,116542,,true,false,false,Chris,,Bolden,,GaTech,,13,27,3,1,1,,,,,8,,,,6,Defensive Rebound,,,,13,13,
1,7,52,Trae Golden makes a 3-point jump shot from 23 feet out. Kammeon Holsey with the assist.,97522,88210,true,true,false,Trae,Kammeon,Golden,Holsey,GaTech,GaTech,13,30,3,1,0,,,,,10,3,45,Jump Shot,3,Field Goal Made,23,8.1,21.8,13,13,
1,7,37,Olivier Hanlan makes a layup shot.,116003,,true,false,false,Olivier,,Hanlan,,BC,,15,30,3,1,1,,,,,5,2,40,Layup Shot,3,Field Goal Made,0,0,0,42,42,
1,7,18,Kammeon Holsey makes a jump shot from 13 feet out. Trae Golden with the assist.,88210,97522,true,true,false,Kammeon,Trae,Holsey,Golden,GaTech,GaTech,15,32,3,1,0,,,,,8,2,45,Jump Shot,3,Field Goal Made,13,-11.6,5.3,13,13,
1,6,54,Joe Rahon misses a 3-point jump shot from 24 feet out.,116004,,true,false,false,Joe,,Rahon,,BC,,15,32,3,1,0,,,,,2,3,45,Jump Shot,4,Field Goal Missed,24,21.5,11.3,42,42,
1,6,54,Marcus Georges-Hunt with a defensive rebound.,116540,,true,false,false,Marcus,,Georges-Hunt,,GaTech,,15,32,3,1,1,,,,,4,,,,6,Defensive Rebound,,,,13,13,
1,6,30,Kammeon Holsey makes a layup shot. Daniel Miller with the assist.,88210,88211,true,true,false,Kammeon,Daniel,Holsey,Miller,GaTech,GaTech,15,34,3,1,0,,,,,10,2,40,Layup Shot,3,Field Goal Made,0,0,0,13,13,
1,6,27,BC take a full timeout.,,,false,false,false,,,,,,,15,34,3,1,0,,,,,0,,1,Regular,11,Timeout,,,,42,42,
1,5,50,Lonnie Jackson makes a 3-point jump shot from 23 feet out. Joe Rahon with the assist.,110084,116004,true,true,false,Lonnie,Joe,Jackson,Rahon,BC,BC,18,34,3,1,0,,,,,3,3,45,Jump Shot,3,Field Goal Made,23,-22.4,3.5,42,42,
1,5,30,Chris Bolden misses a jump shot from 11 feet out.,116542,,true,false,false,Chris,,Bolden,,GaTech,,18,34,3,1,1,,,,,8,2,45,Jump Shot,4,Field Goal Missed,11,7.4,7.7,13,13,
1,5,30,GaTech with an offensive rebound.,,,false,false,false,,,,,,,18,34,3,1,0,,,,,0,,,,5,Offensive Rebound,,,,13,13,
1,5,30,Official TV timeout.,,,false,false,false,,,,,,,18,34,3,1,0,,,,,0,,3,Official TV,11,Timeout,,,,42,42,
1,5,29,Trae Golden with a lost ball turnover: Lost Ball,97522,,true,false,false,Trae,,Golden,,GaTech,,18,34,3,1,0,,,,,10,,2,Lost Ball,7,Turnover,,,,13,13,
1,5,12,Shooting foul committed by Marcus Georges-Hunt.,116540,,true,false,false,Marcus,,Georges-Hunt,,GaTech,,18,34,4,1,2,,,,,4,,2,Shooting,8,Foul,,,,13,13,
1,5,12,Eddie Odio makes free throw 1 of 2.,110078,,true,false,false,Eddie,,Odio,,BC,,19,34,4,1,0,,,,,3,1,11,Free Throw 1 of 2,1,Free Throw Made,,,,42,42,
1,5,12,Eddie Odio makes free throw 2 of 2.,110078,,true,false,false,Eddie,,Odio,,BC,,20,34,4,1,0,,,,,4,1,12,Free Throw 2 of 2,1,Free Throw Made,,,,42,42,
1,4,48,Trae Golden misses a layup shot.,97522,,true,false,false,Trae,,Golden,,GaTech,,20,34,4,1,0,,,,,10,2,40,Layup Shot,4,Field Goal Missed,0,0,0,13,13,
1,4,48,Eddie Odio with a defensive rebound.,110078,,true,false,false,Eddie,,Odio,,BC,,20,34,4,1,0,,,,,4,,,,6,Defensive Rebound,,,,42,42,
1,4,37,Shooting foul committed by Jason Morris.,97036,,true,false,false,Jason,,Morris,,GaTech,,20,34,5,1,1,,,,,0,,2,Shooting,8,Foul,,,,13,13,
1,4,37,Ryan Anderson makes free throw 1 of 2.,110082,,true,false,false,Ryan,,Anderson,,BC,,21,34,5,1,0,,,,,1,1,11,Free Throw 1 of 2,1,Free Throw Made,,,,42,42,
1,4,37,Ryan Anderson makes free throw 2 of 2.,110082,,true,false,false,Ryan,,Anderson,,BC,,22,34,5,1,0,,,,,2,1,12,Free Throw 2 of 2,1,Free Throw Made,,,,42,42,
1,4,19,Kammeon Holsey with a 3 second violation turnover: 3 Second Violation,88210,,true,false,false,Kammeon,,Holsey,,GaTech,,22,34,5,1,0,,,,,10,,8,3 Second Violation,7,Turnover,,,,13,13,
1,4,03,Eddie Odio misses a layup shot.,110078,,true,false,false,Eddie,,Odio,,BC,,22,34,5,1,0,,,,,4,2,40,Layup Shot,4,Field Goal Missed,0,0,0,42,42,
1,4,03,BC with an offensive rebound.,,,false,false,false,,,,,,,22,34,5,1,0,,,,,0,,,,5,Offensive Rebound,,,,42,42,
1,3,56,Olivier Hanlan misses a jump shot from 20 feet out.,116003,,true,false,false,Olivier,,Hanlan,,BC,,22,34,5,1,1,,,,,5,2,45,Jump Shot,4,Field Goal Missed,20,5,19,42,42,
1,3,56,Olivier Hanlan with an offensive rebound.,116003,,true,false,false,Olivier,,Hanlan,,BC,,22,34,5,1,1,,,,,5,,,,5,Offensive Rebound,,,,42,42,
1,3,50,Olivier Hanlan makes a layup shot.,116003,,true,false,false,Olivier,,Hanlan,,BC,,24,34,5,1,1,,,,,7,2,40,Layup Shot,3,Field Goal Made,0,0,0,42,42,
1,3,34,Chris Bolden makes a 3-point jump shot from 25 feet out.,116542,,true,false,false,Chris,,Bolden,,GaTech,,24,37,5,1,1,,,,,11,3,45,Jump Shot,3,Field Goal Made,25,-9,23,13,13,
1,3,21,Personal foul committed by Chris Bolden.,116542,,true,false,false,Chris,,Bolden,,GaTech,,24,37,6,1,2,,,,,11,,1,Personal,8,Foul,,,,13,13,
1,3,21,Official TV timeout.,,,false,false,false,,,,,,,24,37,6,1,0,,,,,0,,3,Official TV,11,Timeout,,,,42,42,
1,3,17,Eddie Odio with a lost ball turnover: Lost Ball,110078,,true,false,false,Eddie,,Odio,,BC,,24,37,6,1,0,,,,,4,,2,Lost Ball,7,Turnover,,,,42,42,
1,2,53,Daniel Miller misses a jump shot from 10 feet out.,88211,,true,false,false,Daniel,,Miller,,GaTech,,24,37,6,1,1,,,,,2,2,45,Jump Shot,4,Field Goal Missed,10,-3.1,9.8,13,13,
1,2,53,Joe Rahon with a defensive rebound.,116004,,true,false,false,Joe,,Rahon,,BC,,24,37,6,1,0,,,,,2,,,,6,Defensive Rebound,,,,42,42,
1,2,43,Lonnie Jackson misses a 3-point jump shot from 23 feet out.,110084,,true,false,false,Lonnie,,Jackson,,BC,,24,37,6,1,0,,,,,3,3,45,Jump Shot,4,Field Goal Missed,23,-23.2,2.3,42,42,
1,2,43,Corey Heyward with a defensive rebound.,116543,,true,false,false,Corey,,Heyward,,GaTech,,24,37,6,1,0,,,,,0,,,,6,Defensive Rebound,,,,13,13,
1,2,32,Shooting foul committed by Eddie Odio.,110078,,true,false,false,Eddie,,Odio,,BC,,24,37,6,2,1,,,,,4,,2,Shooting,8,Foul,,,,42,42,
1,2,32,Daniel Miller misses free throw 1 of 2.,88211,,true,false,false,Daniel,,Miller,,GaTech,,24,37,6,2,1,,,,,2,1,11,Free Throw 1 of 2,2,Free Throw Missed,,,,13,13,
1,2,32,GaTech with an offensive rebound.,,,false,false,false,,,,,,,24,37,6,2,0,,,,,0,,,,5,Offensive Rebound,,,,13,13,
1,2,32,Daniel Miller misses free throw 2 of 2.,88211,,true,false,false,Daniel,,Miller,,GaTech,,24,37,6,2,1,,,,,2,1,12,Free Throw 2 of 2,2,Free Throw Missed,,,,13,13,
1,2,32,Trae Golden with an offensive rebound.,97522,,true,false,false,Trae,,Golden,,GaTech,,24,37,6,2,0,,,,,10,,,,5,Offensive Rebound,,,,13,13,
1,2,30,Trae Golden makes a 3-point jump shot from 23 feet out.,97522,,true,false,false,Trae,,Golden,,GaTech,,24,40,6,2,0,,,,,13,3,45,Jump Shot,3,Field Goal Made,23,16,16,13,13,
1,2,10,Joe Rahon misses a 3-point jump shot from 23 feet out.,116004,,true,false,false,Joe,,Rahon,,BC,,24,40,6,2,0,,,,,2,3,45,Jump Shot,4,Field Goal Missed,23,23,5,42,42,
1,2,10,Corey Heyward with a defensive rebound.,116543,,true,false,false,Corey,,Heyward,,GaTech,,24,40,6,2,0,,,,,0,,,,6,Defensive Rebound,,,,13,13,
1,1,51,Kammeon Holsey with a lost ball turnover: Lost Ball,88210,,true,false,false,Kammeon,,Holsey,,GaTech,,24,40,6,2,0,,,,,10,,2,Lost Ball,7,Turnover,,,,13,13,
1,1,47,Olivier Hanlan makes a layup shot.,116003,,true,false,false,Olivier,,Hanlan,,BC,,26,40,6,2,1,,,,,9,2,40,Layup Shot,3,Field Goal Made,0,0,0,42,42,
1,1,20,"Stacey Poole, Jr. makes a jump shot from 16 feet out. Corey Heyward with the assist.",97676,116543,true,true,false,Stacey,Corey,"Poole, Jr.",Heyward,GaTech,GaTech,26,42,6,2,0,,,,,2,2,45,Jump Shot,3,Field Goal Made,16,16,3,13,13,
1,0,57.9,Shooting foul committed by Daniel Miller.,88211,,true,false,false,Daniel,,Miller,,GaTech,,26,42,7,2,2,,,,,2,,2,Shooting,8,Foul,,,,13,13,
1,0,57.9,Eddie Odio misses free throw 1 of 2.,110078,,true,false,false,Eddie,,Odio,,BC,,26,42,7,2,1,,,,,4,1,11,Free Throw 1 of 2,2,Free Throw Missed,,,,42,42,
1,0,57.9,BC with an offensive rebound.,,,false,false,false,,,,,,,26,42,7,2,0,,,,,0,,,,5,Offensive Rebound,,,,42,42,
1,0,57.9,Eddie Odio makes free throw 2 of 2.,110078,,true,false,false,Eddie,,Odio,,BC,,27,42,7,2,1,,,,,5,1,12,Free Throw 2 of 2,1,Free Throw Made,,,,42,42,
1,0,31.1,Trae Golden misses a 3-point jump shot from 26 feet out.,97522,,true,false,false,Trae,,Golden,,GaTech,,27,42,7,2,0,,,,,13,3,45,Jump Shot,4,Field Goal Missed,26,-1.1,26.1,13,13,
1,0,31.1,Trae Golden with an offensive rebound.,97522,,true,false,false,Trae,,Golden,,GaTech,,27,42,7,2,0,,,,,13,,,,5,Offensive Rebound,,,,13,13,
1,0,25.4,Jason Morris misses a 3-point jump shot from 25 feet out.,97036,,true,false,false,Jason,,Morris,,GaTech,,27,42,7,2,1,,,,,0,3,45,Jump Shot,4,Field Goal Missed,25,14.2,20.5,13,13,
1,0,25.4,Lonnie Jackson with a defensive rebound.,110084,,true,false,false,Lonnie,,Jackson,,BC,,27,42,7,2,0,,,,,3,,,,6,Defensive Rebound,,,,42,42,
1,0,02.1,Lonnie Jackson misses a 3-point jump shot from 24 feet out.,110084,,true,false,false,Lonnie,,Jackson,,BC,,27,42,7,2,0,,,,,3,3,45,Jump Shot,4,Field Goal Missed,24,0,24,42,42,
1,0,02.1,Garland Owens with an offensive rebound.,120748,,true,false,false,Garland,,Owens,,BC,,27,42,7,2,0,,,,,0,,,,5,Offensive Rebound,,,,42,42,
1,0,02.1,Garland Owens misses a layup shot.,120748,,true,false,false,Garland,,Owens,,BC,,27,42,7,2,0,,,,,0,2,40,Layup Shot,4,Field Goal Missed,0,0,0,42,42,
1,0,02.1,GaTech with a defensive rebound.,,,false,false,false,,,,,,,27,42,7,2,0,,,,,0,,,,6,Defensive Rebound,,,,13,13,
1,0,00,End of the 1st Half,,,false,false,false,,,,,,,27,42,7,2,0,,,,,0,,,,15,End Period,,,,42,42,
2,20,00,Start of the 2nd Half,,,false,false,false,,,,,,,27,42,0,0,0,,,,,0,,,,14,Start Period,,,,42,42,
2,19,33,Joe Rahon makes a layup shot.,116004,,true,false,false,Joe,,Rahon,,BC,,29,42,0,0,0,,,,,4,2,40,Layup Shot,3,Field Goal Made,0,0,0,42,42,
2,19,08,Marcus Georges-Hunt makes a jump shot from 8 feet out.,116540,,true,false,false,Marcus,,Georges-Hunt,,GaTech,,29,44,0,0,2,,,,,6,2,45,Jump Shot,3,Field Goal Made,8,1.1,7.9,13,13,
2,19,08,Shooting foul committed by Lonnie Jackson.,110084,,true,false,false,Lonnie,,Jackson,,BC,,29,44,0,1,1,,,,,3,,2,Shooting,8,Foul,,,,42,42,
2,19,08,Marcus Georges-Hunt makes free throw 1 of 1.,116540,,true,false,false,Marcus,,Georges-Hunt,,GaTech,,29,45,0,1,2,,,,,7,1,10,Free Throw 1 of 1,1,Free Throw Made,,,,13,13,
2,18,49,Ryan Anderson misses a jump shot from 14 feet out.,110082,,true,false,false,Ryan,,Anderson,,BC,,29,45,0,1,0,,,,,2,2,45,Jump Shot,4,Field Goal Missed,14,-12.8,5.3,42,42,
2,18,49,Marcus Georges-Hunt with a defensive rebound.,116540,,true,false,false,Marcus,,Georges-Hunt,,GaTech,,29,45,0,1,2,,,,,7,,,,6,Defensive Rebound,,,,13,13,
2,18,30,Daniel Miller makes a layup shot. Kammeon Holsey with the assist.,88211,88210,true,true,false,Daniel,Kammeon,Miller,Holsey,GaTech,GaTech,29,47,0,1,2,,,,,4,2,40,Layup Shot,3,Field Goal Made,0,0,0,13,13,
2,18,17,Lonnie Jackson makes a 3-point jump shot from 25 feet out. Olivier Hanlan with the assist.,110084,116003,true,true,false,Lonnie,Olivier,Jackson,Hanlan,BC,BC,32,47,0,1,1,,,,,6,3,45,Jump Shot,3,Field Goal Made,25,-5,25,42,42,
2,18,04,Corey Heyward makes a 3-point jump shot from 24 feet out.,116543,,true,false,false,Corey,,Heyward,,GaTech,,32,50,0,1,0,,,,,3,3,45,Jump Shot,3,Field Goal Made,24,-8,23,13,13,
2,17,46,Lonnie Jackson makes a 3-point jump shot from 24 feet out. Olivier Hanlan with the assist.,110084,116003,true,true,false,Lonnie,Olivier,Jackson,Hanlan,BC,BC,35,50,0,1,1,,,,,9,3,45,Jump Shot,3,Field Goal Made,24,-15,19,42,42,
2,17,20,Marcus Georges-Hunt misses a 3-point jump shot from 25 feet out.,116540,,true,false,false,Marcus,,Georges-Hunt,,GaTech,,35,50,0,1,2,,,,,7,3,45,Jump Shot,4,Field Goal Missed,25,5,24,13,13,
2,17,20,Corey Heyward with an offensive rebound.,116543,,true,false,false,Corey,,Heyward,,GaTech,,35,50,0,1,0,,,,,3,,,,5,Offensive Rebound,,,,13,13,
2,17,10,Trae Golden misses a 3-point jump shot from 24 feet out.,97522,,true,false,false,Trae,,Golden,,GaTech,,35,50,0,1,0,,,,,13,3,45,Jump Shot,4,Field Goal Missed,24,-3,23.9,13,13,
2,17,10,Eddie Odio with a defensive rebound.,110078,,true,false,false,Eddie,,Odio,,BC,,35,50,0,1,1,,,,,5,,,,6,Defensive Rebound,,,,42,42,
2,17,00,Patrick Heckmann misses a 3-point jump shot from 23 feet out.,110086,,true,false,false,Patrick,,Heckmann,,BC,,35,50,0,1,0,,,,,5,3,45,Jump Shot,4,Field Goal Missed,23,22.2,4.7,42,42,
2,17,00,Corey Heyward with a defensive rebound.,116543,,true,false,false,Corey,,Heyward,,GaTech,,35,50,0,1,0,,,,,3,,,,6,Defensive Rebound,,,,13,13,
2,16,45,Kammeon Holsey misses a jump shot from 15 feet out.,88210,,true,false,false,Kammeon,,Holsey,,GaTech,,35,50,0,1,0,,,,,10,2,45,Jump Shot,4,Field Goal Missed,15,-14,5.7,13,13,
2,16,45,Lonnie Jackson with a defensive rebound.,110084,,true,false,false,Lonnie,,Jackson,,BC,,35,50,0,1,1,,,,,9,,,,6,Defensive Rebound,,,,42,42,
2,16,40,Lonnie Jackson makes a 3-point jump shot from 24 feet out.,110084,,true,false,false,Lonnie,,Jackson,,BC,,38,50,0,1,1,,,,,12,3,45,Jump Shot,3,Field Goal Made,24,-3.7,23.4,42,42,
2,16,26,Daniel Miller with a lost ball turnover: Lost Ball,88211,,true,false,false,Daniel,,Miller,,GaTech,,38,50,0,1,2,,,,,4,,2,Lost Ball,7,Turnover,,,,13,13,
2,16,23,Eddie Odio makes a layup shot.,110078,,true,false,false,Eddie,,Odio,,BC,,40,50,0,1,1,,,,,7,2,40,Layup Shot,3,Field Goal Made,0,0,0,42,42,
2,16,11,GaTech take a full timeout.,,,false,false,false,,,,,,,40,50,0,1,0,,,,,0,,1,Regular,11,Timeout,,,,13,13,
2,15,55,Trae Golden misses a jump shot from 7 feet out.,97522,,true,false,false,Trae,,Golden,,GaTech,,40,50,0,1,0,,,,,13,2,45,Jump Shot,4,Field Goal Missed,7,2,7,13,13,
2,15,55,Eddie Odio with a defensive rebound.,110078,,true,false,false,Eddie,,Odio,,BC,,40,50,0,1,1,,,,,7,,,,6,Defensive Rebound,,,,42,42,
2,15,55,Olivier Hanlan makes a layup shot.,116003,,true,false,false,Olivier,,Hanlan,,BC,,42,50,0,1,1,,,,,11,2,40,Layup Shot,3,Field Goal Made,0,0,0,42,42,
2,15,13,Marcus Georges-Hunt misses a jump shot from 12 feet out.,116540,,true,false,false,Marcus,,Georges-Hunt,,GaTech,,42,50,0,1,2,,,,,7,2,45,Jump Shot,4,Field Goal Missed,12,0,12,13,13,
2,15,13,Jason Morris with an offensive rebound.,97036,,true,false,false,Jason,,Morris,,GaTech,,42,50,0,1,1,,,,,0,,,,5,Offensive Rebound,,,,13,13,
2,15,13,Jason Morris misses a tip shot from 4 feet out.,97036,,true,false,false,Jason,,Morris,,GaTech,,42,50,0,1,1,,,,,0,2,53,Tip Shot,4,Field Goal Missed,4,-1,4,13,13,
2,15,13,Eddie Odio with a defensive rebound.,110078,,true,false,false,Eddie,,Odio,,BC,,42,50,0,1,1,,,,,7,,,,6,Defensive Rebound,,,,42,42,
2,15,03,Lonnie Jackson misses a 3-point jump shot from 23 feet out.,110084,,true,false,false,Lonnie,,Jackson,,BC,,42,50,0,1,1,,,,,12,3,45,Jump Shot,4,Field Goal Missed,23,-23,6,42,42,
2,15,03,Corey Heyward with a defensive rebound.,116543,,true,false,false,Corey,,Heyward,,GaTech,,42,50,0,1,0,,,,,3,,,,6,Defensive Rebound,,,,13,13,
2,14,33,Daniel Miller misses a layup shot.,88211,,true,false,false,Daniel,,Miller,,GaTech,,42,50,0,1,2,,,,,4,2,40,Layup Shot,4,Field Goal Missed,0,0,0,13,13,
2,14,33,Joe Rahon with a defensive rebound.,116004,,true,false,false,Joe,,Rahon,,BC,,42,50,0,1,0,,,,,4,,,,6,Defensive Rebound,,,,42,42,
2,14,15,Lonnie Jackson misses a layup shot.,110084,,true,false,false,Lonnie,,Jackson,,BC,,42,50,0,1,1,,,,,12,2,40,Layup Shot,4,Field Goal Missed,0,0,0,42,42,
2,14,15,Jason Morris with a defensive rebound.,97036,,true,false,false,Jason,,Morris,,GaTech,,42,50,0,1,1,,,,,0,,,,6,Defensive Rebound,,,,13,13,
2,13,55,Shooting foul committed by Patrick Heckmann.,110086,,true,false,false,Patrick,,Heckmann,,BC,,42,50,0,2,1,,,,,5,,2,Shooting,8,Foul,,,,42,42,
2,13,55,Official TV timeout.,,,false,false,false,,,,,,,42,50,0,2,0,,,,,0,,3,Official TV,11,Timeout,,,,42,42,
2,13,55,Trae Golden makes free throw 1 of 2.,97522,,true,false,false,Trae,,Golden,,GaTech,,42,51,0,2,0,,,,,14,1,11,Free Throw 1 of 2,1,Free Throw Made,,,,13,13,
2,13,55,Trae Golden makes free throw 2 of 2.,97522,,true,false,false,Trae,,Golden,,GaTech,,42,52,0,2,0,,,,,15,1,12,Free Throw 2 of 2,1,Free Throw Made,,,,13,13,
2,13,33,Personal foul committed by Jason Morris.,97036,,true,false,false,Jason,,Morris,,GaTech,,42,52,1,2,2,,,,,0,,1,Personal,8,Foul,,,,13,13,
2,13,08,Patrick Heckmann misses a layup shot.,110086,,true,false,false,Patrick,,Heckmann,,BC,,42,52,1,2,1,,,,,5,2,40,Layup Shot,4,Field Goal Missed,0,0,0,42,42,
2,13,08,Jason Morris with a defensive rebound.,97036,,true,false,false,Jason,,Morris,,GaTech,,42,52,1,2,2,,,,,0,,,,6,Defensive Rebound,,,,13,13,
2,12,28,Kammeon Holsey makes a jump shot from 9 feet out.,88210,,true,false,false,Kammeon,,Holsey,,GaTech,,42,54,1,2,0,,,,,12,2,45,Jump Shot,3,Field Goal Made,9,0,9,13,13,
2,12,22,Alex Dragicevich makes a 3-point jump shot from 25 feet out.,97479,,true,false,false,Alex,,Dragicevich,,BC,,45,54,1,2,0,,,,,3,3,45,Jump Shot,3,Field Goal Made,25,12.2,22,42,42,
2,11,56,Jason Morris misses a layup shot.,97036,,true,false,false,Jason,,Morris,,GaTech,,45,54,1,2,2,,,,,0,2,40,Layup Shot,4,Field Goal Missed,0,0,0,13,13,
2,11,56,Kammeon Holsey with an offensive rebound.,88210,,true,false,false,Kammeon,,Holsey,,GaTech,,45,54,1,2,0,,,,,12,,,,5,Offensive Rebound,,,,13,13,
2,11,53,Shooting foul committed by Alex Dragicevich.,97479,,true,false,false,Alex,,Dragicevich,,BC,,45,54,1,3,1,,,,,3,,2,Shooting,8,Foul,,,,42,42,
2,11,53,Official TV timeout.,,,false,false,false,,,,,,,45,54,1,3,0,,,,,0,,3,Official TV,11,Timeout,,,,42,42,
2,11,53,Kammeon Holsey misses free throw 1 of 2.,88210,,true,false,false,Kammeon,,Holsey,,GaTech,,45,54,1,3,0,,,,,12,1,11,Free Throw 1 of 2,2,Free Throw Missed,,,,13,13,
2,11,53,GaTech with an offensive rebound.,,,false,false,false,,,,,,,45,54,1,3,0,,,,,0,,,,5,Offensive Rebound,,,,13,13,
2,11,53,Kammeon Holsey makes free throw 2 of 2.,88210,,true,false,false,Kammeon,,Holsey,,GaTech,,45,55,1,3,0,,,,,13,1,12,Free Throw 2 of 2,1,Free Throw Made,,,,13,13,
2,11,22,Personal foul committed by Corey Heyward.,116543,,true,false,false,Corey,,Heyward,,GaTech,,45,55,2,3,1,,,,,3,,1,Personal,8,Foul,,,,13,13,
2,11,17,Olivier Hanlan makes a 3-point jump shot from 24 feet out. Lonnie Jackson with the assist.,116003,110084,true,true,false,Olivier,Lonnie,Hanlan,Jackson,BC,BC,48,55,2,3,1,,,,,14,3,45,Jump Shot,3,Field Goal Made,24,-.3,23.9,42,42,
2,10,37,Marcus Georges-Hunt misses a 3-point jump shot from 23 feet out.,116540,,true,false,false,Marcus,,Georges-Hunt,,GaTech,,48,55,2,3,2,,,,,7,3,45,Jump Shot,4,Field Goal Missed,23,17.1,16.1,13,13,
2,10,37,Ryan Anderson with a defensive rebound.,110082,,true,false,false,Ryan,,Anderson,,BC,,48,55,2,3,0,,,,,2,,,,6,Defensive Rebound,,,,42,42,
2,10,19,Alex Dragicevich misses a 3-point jump shot from 24 feet out.,97479,,true,false,false,Alex,,Dragicevich,,BC,,48,55,2,3,1,,,,,3,3,45,Jump Shot,4,Field Goal Missed,24,0,24,42,42,
2,10,19,Marcus Georges-Hunt with a defensive rebound.,116540,,true,false,false,Marcus,,Georges-Hunt,,GaTech,,48,55,2,3,2,,,,,7,,,,6,Defensive Rebound,,,,13,13,
2,9,59,Chris Bolden misses a layup shot.,116542,,true,false,false,Chris,,Bolden,,GaTech,,48,55,2,3,2,,,,,11,2,40,Layup Shot,4,Field Goal Missed,0,0,0,13,13,
2,9,59,Patrick Heckmann with a defensive rebound.,110086,,true,false,false,Patrick,,Heckmann,,BC,,48,55,2,3,1,,,,,5,,,,6,Defensive Rebound,,,,42,42,
2,9,56,Personal foul committed by Chris Bolden.,116542,,true,false,false,Chris,,Bolden,,GaTech,,48,55,3,3,3,,,,,11,,1,Personal,8,Foul,,,,13,13,
2,9,35,Olivier Hanlan makes a 3-point jump shot from 24 feet out.,116003,,true,false,false,Olivier,,Hanlan,,BC,,51,55,3,3,1,,,,,17,3,45,Jump Shot,3,Field Goal Made,24,2,24.1,42,42,
2,9,14,"Stacey Poole, Jr. misses a layup shot.",97676,,true,false,false,Stacey,,"Poole, Jr.",,GaTech,,51,55,3,3,0,,,,,2,2,40,Layup Shot,4,Field Goal Missed,0,0,0,13,13,
2,9,14,GaTech with an offensive rebound.,,,false,false,false,,,,,,,51,55,3,3,0,,,,,0,,,,5,Offensive Rebound,,,,13,13,
2,9,01,Trae Golden misses a 3-point jump shot from 24 feet out.,97522,,true,false,false,Trae,,Golden,,GaTech,,51,55,3,3,0,,,,,15,3,45,Jump Shot,4,Field Goal Missed,24,17.3,17.3,13,13,
2,9,01,Ryan Anderson with a defensive rebound.,110082,,true,false,false,Ryan,,Anderson,,BC,,51,55,3,3,0,,,,,2,,,,6,Defensive Rebound,,,,42,42,
2,8,50,Lonnie Jackson misses a 3-point jump shot from 24 feet out.,110084,,true,false,false,Lonnie,,Jackson,,BC,,51,55,3,3,1,,,,,12,3,45,Jump Shot,4,Field Goal Missed,24,-3.3,24.1,42,42,
2,8,50,"Stacey Poole, Jr. with a defensive rebound.",97676,,true,false,false,Stacey,,"Poole, Jr.",,GaTech,,51,55,3,3,0,,,,,2,,,,6,Defensive Rebound,,,,13,13,
2,8,34,Offensive foul committed by Daniel Miller.,88211,,true,false,false,Daniel,,Miller,,GaTech,,51,55,4,3,3,,,,,4,,4,Offensive,8,Foul,,,,13,13,
2,8,34,Daniel Miller with a  turnover:,88211,,true,false,false,Daniel,,Miller,,GaTech,,51,55,4,3,3,,,,,4,,,,7,Turnover,,,,13,13,
2,8,04,Ryan Anderson misses a layup shot.,110082,,true,false,false,Ryan,,Anderson,,BC,,51,55,4,3,0,,,,,2,2,40,Layup Shot,4,Field Goal Missed,0,0,0,42,42,
2,8,04,Kammeon Holsey with a defensive rebound.,88210,,true,false,false,Kammeon,,Holsey,,GaTech,,51,55,4,3,0,,,,,13,,,,6,Defensive Rebound,,,,13,13,
2,7,33,"Stacey Poole, Jr. misses a jump shot from 12 feet out.",97676,,true,false,false,Stacey,,"Poole, Jr.",,GaTech,,51,55,4,3,0,,,,,2,2,45,Jump Shot,4,Field Goal Missed,12,9,8,13,13,
2,7,33,Ryan Anderson with a defensive rebound.,110082,,true,false,false,Ryan,,Anderson,,BC,,51,55,4,3,0,,,,,2,,,,6,Defensive Rebound,,,,42,42,
2,7,11,Olivier Hanlan with a lost ball turnover: Lost Ball,116003,,true,false,false,Olivier,,Hanlan,,BC,,51,55,4,3,1,,,,,17,,2,Lost Ball,7,Turnover,,,,42,42,
2,7,07,GaTech take a 20-second timeout.,,,false,false,false,,,,,,,51,55,4,3,0,,,,,0,,2,Short,11,Timeout,,,,13,13,
2,6,50,Official TV timeout.,,,false,false,false,,,,,,,51,55,4,3,0,,,,,0,,3,Official TV,11,Timeout,,,,42,42,
2,6,48,Marcus Georges-Hunt makes a layup shot.,116540,,true,false,false,Marcus,,Georges-Hunt,,GaTech,,51,57,4,3,2,,,,,9,2,40,Layup Shot,3,Field Goal Made,0,0,0,13,13,
2,6,31,Shooting foul committed by Daniel Miller.,88211,,true,false,false,Daniel,,Miller,,GaTech,,51,57,5,3,4,,,,,4,,2,Shooting,8,Foul,,,,13,13,
2,6,31,Eddie Odio misses free throw 1 of 2.,110078,,true,false,false,Eddie,,Odio,,BC,,51,57,5,3,1,,,,,7,1,11,Free Throw 1 of 2,2,Free Throw Missed,,,,42,42,
2,6,31,BC with an offensive rebound.,,,false,false,false,,,,,,,51,57,5,3,0,,,,,0,,,,5,Offensive Rebound,,,,42,42,
2,6,31,Eddie Odio makes free throw 2 of 2.,110078,,true,false,false,Eddie,,Odio,,BC,,52,57,5,3,1,,,,,8,1,12,Free Throw 2 of 2,1,Free Throw Made,,,,42,42,
2,6,18,Trae Golden misses a 3-point jump shot from 24 feet out.,97522,,true,false,false,Trae,,Golden,,GaTech,,52,57,5,3,0,,,,,15,3,45,Jump Shot,4,Field Goal Missed,24,17.4,16.4,13,13,
2,6,18,Lonnie Jackson with a defensive rebound.,110084,,true,false,false,Lonnie,,Jackson,,BC,,52,57,5,3,1,,,,,12,,,,6,Defensive Rebound,,,,42,42,
2,6,10,Lonnie Jackson makes a jump shot from 5 feet out.,110084,,true,false,false,Lonnie,,Jackson,,BC,,54,57,5,3,1,,,,,14,2,45,Jump Shot,3,Field Goal Made,5,2.3,4.5,42,42,
2,5,53,Marcus Georges-Hunt misses a layup shot.,116540,,true,false,false,Marcus,,Georges-Hunt,,GaTech,,54,57,5,3,2,,,,,9,2,40,Layup Shot,4,Field Goal Missed,0,0,0,13,13,
2,5,53,Ryan Anderson with a defensive rebound.,110082,,true,false,false,Ryan,,Anderson,,BC,,54,57,5,3,0,,,,,2,,,,6,Defensive Rebound,,,,42,42,
2,5,24,Joe Rahon misses a jump shot from 13 feet out.,116004,,true,false,false,Joe,,Rahon,,BC,,54,57,5,3,0,,,,,4,2,45,Jump Shot,4,Field Goal Missed,13,-.8,12.8,42,42,
2,5,24,Marcus Georges-Hunt with a defensive rebound.,116540,,true,false,false,Marcus,,Georges-Hunt,,GaTech,,54,57,5,3,2,,,,,9,,,,6,Defensive Rebound,,,,13,13,
2,4,52,Kammeon Holsey with a traveling turnover: Traveling,88210,,true,false,false,Kammeon,,Holsey,,GaTech,,54,57,5,3,0,,,,,13,,4,Traveling,7,Turnover,,,,13,13,
2,4,49,Patrick Heckmann makes a dunk shot. Lonnie Jackson with the assist.,110086,110084,true,true,false,Patrick,Lonnie,Heckmann,Jackson,BC,BC,56,57,5,3,1,,,,,7,2,48,Dunk Shot,3,Field Goal Made,0,0,0,42,42,
2,4,21,Trae Golden misses a layup shot.,97522,,true,false,false,Trae,,Golden,,GaTech,,56,57,5,3,0,,,,,15,2,40,Layup Shot,4,Field Goal Missed,0,0,0,13,13,
2,4,21,BC with a defensive rebound.,,,false,false,false,,,,,,,56,57,5,3,0,,,,,0,,,,6,Defensive Rebound,,,,42,42,
2,4,21,Personal foul committed by Jason Morris.,97036,,true,false,false,Jason,,Morris,,GaTech,,56,57,6,3,3,,,,,0,,1,Personal,8,Foul,,,,13,13,
2,3,59,Joe Rahon misses a layup shot.,116004,,true,false,false,Joe,,Rahon,,BC,,56,57,6,3,0,,,,,4,2,40,Layup Shot,4,Field Goal Missed,0,0,0,42,42,
2,3,59,Kammeon Holsey with a defensive rebound.,88210,,true,false,false,Kammeon,,Holsey,,GaTech,,56,57,6,3,0,,,,,13,,,,6,Defensive Rebound,,,,13,13,
2,3,29,Personal foul committed by Patrick Heckmann.,110086,,true,false,false,Patrick,,Heckmann,,BC,,56,57,6,4,2,,,,,7,,1,Personal,8,Foul,,,,42,42,
2,3,29,Official TV timeout.,,,false,false,false,,,,,,,56,57,6,4,0,,,,,0,,3,Official TV,11,Timeout,,,,42,42,
2,3,24,Marcus Georges-Hunt misses a jump shot from 8 feet out.,116540,,true,false,false,Marcus,,Georges-Hunt,,GaTech,,56,57,6,4,2,,,,,9,2,45,Jump Shot,4,Field Goal Missed,8,0,8,13,13,
2,3,24,BC with a defensive rebound.,,,false,false,false,,,,,,,56,57,6,4,0,,,,,0,,,,6,Defensive Rebound,,,,42,42,
2,2,48,Lonnie Jackson misses a jump shot from 15 feet out.,110084,,true,false,false,Lonnie,,Jackson,,BC,,56,57,6,4,1,,,,,14,2,45,Jump Shot,4,Field Goal Missed,15,-12,8.2,42,42,
2,2,48,GaTech with a defensive rebound.,,,false,false,false,,,,,,,56,57,6,4,0,,,,,0,,,,6,Defensive Rebound,,,,13,13,
2,2,16,Trae Golden makes a jump shot from 8 feet out.,97522,,true,false,false,Trae,,Golden,,GaTech,,56,59,6,4,0,,,,,17,2,45,Jump Shot,3,Field Goal Made,8,5.2,5.9,13,13,
2,1,56,Joe Rahon misses a 3-point jump shot from 24 feet out.,116004,,true,false,false,Joe,,Rahon,,BC,,56,59,6,4,0,,,,,4,3,45,Jump Shot,4,Field Goal Missed,24,14.7,19.1,42,42,
2,1,56,Daniel Miller with a defensive rebound.,88211,,true,false,false,Daniel,,Miller,,GaTech,,56,59,6,4,4,,,,,4,,,,6,Defensive Rebound,,,,13,13,
2,1,30,Trae Golden makes a 3-point jump shot from 24 feet out. Marcus Georges-Hunt with the assist.,97522,116540,true,true,false,Trae,Marcus,Golden,Georges-Hunt,GaTech,GaTech,56,62,6,4,0,,,,,20,3,45,Jump Shot,3,Field Goal Made,24,0,24,13,13,
2,1,26,BC take a 20-second timeout.,,,false,false,false,,,,,,,56,62,6,4,0,,,,,0,,2,Short,11,Timeout,,,,42,42,
2,1,16,Patrick Heckmann misses a 3-point jump shot from 24 feet out.,110086,,true,false,false,Patrick,,Heckmann,,BC,,56,62,6,4,2,,,,,7,3,45,Jump Shot,4,Field Goal Missed,24,-23.4,2.5,42,42,
2,1,16,Ryan Anderson with an offensive rebound.,110082,,true,false,false,Ryan,,Anderson,,BC,,56,62,6,4,0,,,,,2,,,,5,Offensive Rebound,,,,42,42,
2,1,14,Shooting foul committed by Corey Heyward.,116543,,true,false,false,Corey,,Heyward,,GaTech,,56,62,7,4,2,,,,,3,,2,Shooting,8,Foul,,,,13,13,
2,1,14,Ryan Anderson makes free throw 1 of 2.,110082,,true,false,false,Ryan,,Anderson,,BC,,57,62,7,4,0,,,,,3,1,11,Free Throw 1 of 2,1,Free Throw Made,,,,42,42,
2,1,14,Ryan Anderson makes free throw 2 of 2.,110082,,true,false,false,Ryan,,Anderson,,BC,,58,62,7,4,0,,,,,4,1,12,Free Throw 2 of 2,1,Free Throw Made,,,,42,42,
2,1,13,Personal foul committed by Eddie Odio.,110078,,true,false,false,Eddie,,Odio,,BC,,58,62,7,5,2,,,,,8,,1,Personal,8,Foul,,,,42,42,
2,1,10,Personal foul committed by Joe Rahon.,116004,,true,false,false,Joe,,Rahon,,BC,,58,62,7,6,1,,,,,4,,1,Personal,8,Foul,,,,42,42,
2,0,42.9,Personal foul committed by Eddie Odio.,110078,,true,false,false,Eddie,,Odio,,BC,,58,62,7,7,3,,,,,8,,1,Personal,8,Foul,,,,42,42,
2,0,42.9,Trae Golden makes free throw 1st of 1-and-1.,97522,,true,false,false,Trae,,Golden,,GaTech,,58,63,7,7,0,,,,,21,1,8,Free Throw 1st of 1-and-1,1,Free Throw Made,,,,13,13,
2,0,42.9,Trae Golden makes free throw 2nd of 1-and-1.,97522,,true,false,false,Trae,,Golden,,GaTech,,58,64,7,7,0,,,,,22,1,9,Free Throw 2nd of 1-and-1,1,Free Throw Made,,,,13,13,
2,0,28.2,Lonnie Jackson misses a 3-point jump shot from 24 feet out.,110084,,true,false,false,Lonnie,,Jackson,,BC,,58,64,7,7,1,,,,,14,3,45,Jump Shot,4,Field Goal Missed,24,-22.2,9.1,42,42,
2,0,28.2,BC with an offensive rebound.,,,false,false,false,,,,,,,58,64,7,7,0,,,,,0,,,,5,Offensive Rebound,,,,42,42,
2,0,27.2,BC take a full timeout.,,,false,false,false,,,,,,,58,64,7,7,0,,,,,0,,1,Regular,11,Timeout,,,,42,42,
2,0,25.5,Joe Rahon with a lost ball turnover: Lost Ball,116004,,true,false,false,Joe,,Rahon,,BC,,58,64,7,7,1,,,,,4,,2,Lost Ball,7,Turnover,,,,42,42,
2,0,20.9,Jason Morris makes a dunk shot.,97036,,true,false,false,Jason,,Morris,,GaTech,,58,66,7,7,3,,,,,2,2,48,Dunk Shot,3,Field Goal Made,0,0,0,13,13,
2,0,16.6,Lonnie Jackson misses a 3-point jump shot from 25 feet out.,110084,,true,false,false,Lonnie,,Jackson,,BC,,58,66,7,7,1,,,,,14,3,45,Jump Shot,4,Field Goal Missed,25,-16.9,17.9,42,42,
2,0,16.6,Trae Golden with a defensive rebound.,97522,,true,false,false,Trae,,Golden,,GaTech,,58,66,7,7,0,,,,,22,,,,6,Defensive Rebound,,,,13,13,
2,0,12.6,Personal foul committed by Patrick Heckmann.,110086,,true,false,false,Patrick,,Heckmann,,BC,,58,66,7,8,3,,,,,7,,1,Personal,8,Foul,,,,42,42,
2,0,12.6,Trae Golden makes free throw 1st of 1-and-1.,97522,,true,false,false,Trae,,Golden,,GaTech,,58,67,7,8,0,,,,,23,1,8,Free Throw 1st of 1-and-1,1,Free Throw Made,,,,13,13,
2,0,12.6,Trae Golden makes free throw 2nd of 1-and-1.,97522,,true,false,false,Trae,,Golden,,GaTech,,58,68,7,8,0,,,,,24,1,9,Free Throw 2nd of 1-and-1,1,Free Throw Made,,,,13,13,
2,0,07.3,Olivier Hanlan makes a jump shot from 4 feet out.,116003,,true,false,false,Olivier,,Hanlan,,BC,,60,68,7,8,1,,,,,19,2,45,Jump Shot,3,Field Goal Made,4,-.6,4,42,42,
2,0,00,End of the 2nd Half,,,false,false,false,,,,,,,60,68,7,8,0,,,,,0,,,,15,End Period,,,,42,42,
2,0,00,End of the Game,,,false,false,false,,,,,,,60,68,7,8,0,,,,,0,,,,19,Game Over,,,,42,42,
