half,time-minutes,time-seconds,details,player1-id,player2-id,player1-linkable,player2-linkable,player3-linkable,player-first-name-1,player-first-name-2,player-last-name-1,player-last-name-2,player-team-alias-1,player-team-alias-2,home-score,visitor-score,visitor-fouls,home-fouls,player-fouls,fastbreak,in-paint,second-chance,off-turnover,player-score,points-type,detail-id,detail-desc,event-id,event-desc,distance,x-coord,y-coord,team-id-1,team-id-2,team-id-3
1,20,00,Start of the 1st Half,,,false,false,false,,,,,,,0,0,0,0,0,,,,,0,,,,14,Start Period,,,,10,10,
1,19,25,Michael Young misses a jump shot from 18 feet out.,120761,,true,false,false,Michael,,Young,,Pitt,,0,0,0,0,0,,,,,0,2,45,Jump Shot,4,Field Goal Missed,18,11.8,13.5,47,47,
1,19,25,Rod Hall with a defensive rebound.,110088,,true,false,false,Rod,,Hall,,Clem,,0,0,0,0,0,,,,,0,,,,6,Defensive Rebound,,,,10,10,
1,19,06,Landry Nnoko with a lost ball turnover: Lost Ball,116772,,true,false,false,Landry,,Nnoko,,Clem,,0,0,0,0,0,,,,,0,,2,Lost Ball,7,Turnover,,,,10,10,
1,18,54,Lamar Patterson misses a 3-point jump shot from 24 feet out.,88282,,true,false,false,Lamar,,Patterson,,Pitt,,0,0,0,0,0,,,,,0,3,45,Jump Shot,4,Field Goal Missed,24,-9.6,21.8,47,47,
1,18,54,Landry Nnoko with a defensive rebound.,116772,,true,false,false,Landry,,Nnoko,,Clem,,0,0,0,0,0,,,,,0,,,,6,Defensive Rebound,,,,10,10,
1,18,44,K.J. McDaniels makes a 3-point jump shot from 22 feet out. Rod Hall with the assist.,110089,110088,true,true,false,K.J.,Rod,McDaniels,Hall,Clem,Clem,3,0,0,0,0,,,,,3,3,45,Jump Shot,3,Field Goal Made,22,16.2,15.4,10,10,
1,18,28,Lamar Patterson makes a layup shot.,88282,,true,false,false,Lamar,,Patterson,,Pitt,,3,2,0,0,0,,,,,2,2,40,Layup Shot,3,Field Goal Made,0,0,0,47,47,
1,18,05,Landry Nnoko with a lost ball turnover: Lost Ball,116772,,true,false,false,Landry,,Nnoko,,Clem,,3,2,0,0,0,,,,,0,,2,Lost Ball,7,Turnover,,,,10,10,
1,17,54,Cameron Wright misses a 3-point jump shot from 21 feet out.,97236,,true,false,false,Cameron,,Wright,,Pitt,,3,2,0,0,0,,,,,0,3,45,Jump Shot,4,Field Goal Missed,21,-21.2,2.3,47,47,
1,17,54,Rod Hall with a defensive rebound.,110088,,true,false,false,Rod,,Hall,,Clem,,3,2,0,0,0,,,,,0,,,,6,Defensive Rebound,,,,10,10,
1,17,47,Rod Hall with a lost ball turnover: Lost Ball,110088,,true,false,false,Rod,,Hall,,Clem,,3,2,0,0,0,,,,,0,,2,Lost Ball,7,Turnover,,,,10,10,
1,17,39,Talib Zanna makes a layup shot. Michael Young with the assist.,88283,120761,true,true,false,Talib,Michael,Zanna,Young,Pitt,Pitt,3,4,0,0,0,,,,,2,2,40,Layup Shot,3,Field Goal Made,0,0,0,47,47,
1,17,21,K.J. McDaniels with a lost ball turnover: Lost Ball,110089,,true,false,false,K.J.,,McDaniels,,Clem,,3,4,0,0,0,,,,,3,,2,Lost Ball,7,Turnover,,,,10,10,
1,17,18,James Robinson makes a layup shot from 3 feet out.,116087,,true,false,false,James,,Robinson,,Pitt,,3,6,0,0,0,,,,,2,2,40,Layup Shot,3,Field Goal Made,3,1,3,47,47,
1,16,53,Landry Nnoko makes a hook shot from 10 feet out. K.J. McDaniels with the assist.,116772,110089,true,true,false,Landry,K.J.,Nnoko,McDaniels,Clem,Clem,5,6,0,0,0,,,,,2,2,55,Hook Shot,3,Field Goal Made,10,7,6,10,10,
1,16,32,Michael Young makes a 3-point jump shot from 23 feet out. James Robinson with the assist.,120761,116087,true,true,false,Michael,James,Young,Robinson,Pitt,Pitt,5,9,0,0,0,,,,,3,3,45,Jump Shot,3,Field Goal Made,23,-18,14,47,47,
1,16,04,K.J. McDaniels with a stepped out of bounds turnover: Stepped Out of Bounds,110089,,true,false,false,K.J.,,McDaniels,,Clem,,5,9,0,0,0,,,,,3,,26,Stepped Out of Bounds,7,Turnover,,,,10,10,
1,15,43,Lamar Patterson misses a jump shot from 8 feet out.,88282,,true,false,false,Lamar,,Patterson,,Pitt,,5,9,0,0,0,,,,,2,2,45,Jump Shot,4,Field Goal Missed,8,-5.5,5.2,47,47,
1,15,43,Cameron Wright with an offensive rebound.,97236,,true,false,false,Cameron,,Wright,,Pitt,,5,9,0,0,0,,,,,0,,,,5,Offensive Rebound,,,,47,47,
1,15,35,Cameron Wright misses a jump shot from 8 feet out.,97236,,true,false,false,Cameron,,Wright,,Pitt,,5,9,0,0,0,,,,,0,2,45,Jump Shot,4,Field Goal Missed,8,-3.3,6.9,47,47,
1,15,35,Jaron Blossomgame with a defensive rebound.,116770,,true,false,false,Jaron,,Blossomgame,,Clem,,5,9,0,0,0,,,,,0,,,,6,Defensive Rebound,,,,10,10,
1,15,29,Damarcus Harrison makes a layup shot. Rod Hall with the assist.,110531,110088,true,true,false,Damarcus,Rod,Harrison,Hall,Clem,Clem,7,9,0,0,0,,,,,2,2,40,Layup Shot,3,Field Goal Made,0,0,0,10,10,
1,14,59,Cameron Wright with a lost ball turnover: Lost Ball,97236,,true,false,false,Cameron,,Wright,,Pitt,,7,9,0,0,0,,,,,0,,2,Lost Ball,7,Turnover,,,,47,47,
1,14,43,Damarcus Harrison misses a 3-point jump shot from 24 feet out.,110531,,true,false,false,Damarcus,,Harrison,,Clem,,7,9,0,0,0,,,,,2,3,45,Jump Shot,4,Field Goal Missed,24,-1.8,24.2,10,10,
1,14,43,James Robinson with a defensive rebound.,116087,,true,false,false,James,,Robinson,,Pitt,,7,9,0,0,0,,,,,2,,,,6,Defensive Rebound,,,,47,47,
1,14,37,Jamel Artis makes a dunk shot. James Robinson with the assist.,120758,116087,true,true,false,Jamel,James,Artis,Robinson,Pitt,Pitt,7,11,0,0,0,,,,,2,2,48,Dunk Shot,3,Field Goal Made,0,0,0,47,47,
1,14,11,Jaron Blossomgame makes a dunk shot. Landry Nnoko with the assist.,116770,116772,true,true,false,Jaron,Landry,Blossomgame,Nnoko,Clem,Clem,9,11,0,0,0,,,,,2,2,48,Dunk Shot,3,Field Goal Made,0,0,0,10,10,
1,13,50,Official TV timeout.,,,false,false,false,,,,,,,9,11,0,0,0,,,,,0,,3,Official TV,11,Timeout,,,,10,10,
1,13,38,Shooting foul committed by Sidy Djitte.,120593,,true,false,false,Sidy,,Djitte,,Clem,,9,11,0,1,1,,,,,0,,2,Shooting,8,Foul,,,,10,10,
1,13,38,Derrick Randall misses free throw 1 of 2.,110181,,true,false,false,Derrick,,Randall,,Pitt,,9,11,0,1,0,,,,,0,1,11,Free Throw 1 of 2,2,Free Throw Missed,,,,47,47,
1,13,38,Pitt with an offensive rebound.,,,false,false,false,,,,,,,9,11,0,1,0,,,,,0,,,,5,Offensive Rebound,,,,47,47,
1,13,38,Derrick Randall makes free throw 2 of 2.,110181,,true,false,false,Derrick,,Randall,,Pitt,,9,12,0,1,0,,,,,1,1,12,Free Throw 2 of 2,1,Free Throw Made,,,,47,47,
1,13,15,Rod Hall makes a jump shot from 12 feet out.,110088,,true,false,false,Rod,,Hall,,Clem,,11,12,0,1,0,,,,,2,2,45,Jump Shot,3,Field Goal Made,12,-.9,11.8,10,10,
1,12,55,Jamel Artis makes a jump shot from 18 feet out. Lamar Patterson with the assist.,120758,88282,true,true,false,Jamel,Lamar,Artis,Patterson,Pitt,Pitt,11,14,0,1,0,,,,,4,2,45,Jump Shot,3,Field Goal Made,18,15.7,8.6,47,47,
1,12,26,Rod Hall makes a jump shot from 11 feet out.,110088,,true,false,false,Rod,,Hall,,Clem,,13,14,0,1,0,,,,,4,2,45,Jump Shot,3,Field Goal Made,11,.4,11.1,10,10,
1,12,01,Jamel Artis misses a 3-point jump shot from 21 feet out.,120758,,true,false,false,Jamel,,Artis,,Pitt,,13,14,0,1,0,,,,,4,3,45,Jump Shot,4,Field Goal Missed,21,20.8,4.7,47,47,
1,12,01,Austin Ajukwa with a defensive rebound.,120591,,true,false,false,Austin,,Ajukwa,,Clem,,13,14,0,1,0,,,,,0,,,,6,Defensive Rebound,,,,10,10,
1,11,31,Sidy Djitte with a lost ball turnover: Lost Ball,120593,,true,false,false,Sidy,,Djitte,,Clem,,13,14,0,1,1,,,,,0,,2,Lost Ball,7,Turnover,,,,10,10,
1,11,22,Lamar Patterson makes a 3-point jump shot from 23 feet out.,88282,,true,false,false,Lamar,,Patterson,,Pitt,,13,17,0,1,0,,,,,5,3,45,Jump Shot,3,Field Goal Made,23,1,23,47,47,
1,11,13,Clem take a 20-second timeout.,,,false,false,false,,,,,,,13,17,0,1,0,,,,,0,,2,Short,11,Timeout,,,,10,10,
1,10,56,Personal foul committed by Derrick Randall.,110181,,true,false,false,Derrick,,Randall,,Pitt,,13,17,1,1,1,,,,,1,,1,Personal,8,Foul,,,,47,47,
1,10,56,Official TV timeout.,,,false,false,false,,,,,,,13,17,1,1,0,,,,,0,,3,Official TV,11,Timeout,,,,10,10,
1,10,38,K.J. McDaniels misses a jump shot from 11 feet out.,110089,,true,false,false,K.J.,,McDaniels,,Clem,,13,17,1,1,0,,,,,3,2,45,Jump Shot,4,Field Goal Missed,11,-.1,11.5,10,10,
1,10,38,K.J. McDaniels with an offensive rebound.,110089,,true,false,false,K.J.,,McDaniels,,Clem,,13,17,1,1,0,,,,,3,,,,5,Offensive Rebound,,,,10,10,
1,10,31,Jordan Roper makes a 3-point jump shot from 23 feet out. K.J. McDaniels with the assist.,116773,110089,true,true,false,Jordan,K.J.,Roper,McDaniels,Clem,Clem,16,17,1,1,0,,,,,3,3,45,Jump Shot,3,Field Goal Made,23,19.5,12.8,10,10,
1,9,56,Lamar Patterson with a lost ball out of bounds turnover: Lost Ball Out of Bounds,88282,,true,false,false,Lamar,,Patterson,,Pitt,,16,17,1,1,0,,,,,5,,23,Lost Ball Out of Bounds,7,Turnover,,,,47,47,
1,9,40,Jaron Blossomgame misses a 3-point jump shot from 23 feet out.,116770,,true,false,false,Jaron,,Blossomgame,,Clem,,16,17,1,1,0,,,,,2,3,45,Jump Shot,4,Field Goal Missed,23,-22.5,1.9,10,10,
1,9,40,James Robinson with a defensive rebound.,116087,,true,false,false,James,,Robinson,,Pitt,,16,17,1,1,0,,,,,2,,,,6,Defensive Rebound,,,,47,47,
1,9,29,Talib Zanna misses a layup shot.,88283,,true,false,false,Talib,,Zanna,,Pitt,,16,17,1,1,0,,,,,2,2,40,Layup Shot,4,Field Goal Missed,0,0,0,47,47,
1,9,29,Jaron Blossomgame with a defensive rebound.,116770,,true,false,false,Jaron,,Blossomgame,,Clem,,16,17,1,1,0,,,,,2,,,,6,Defensive Rebound,,,,10,10,
1,9,12,K.J. McDaniels makes a 3-point jump shot from 22 feet out. Landry Nnoko with the assist.,110089,116772,true,true,false,K.J.,Landry,McDaniels,Nnoko,Clem,Clem,19,17,1,1,0,,,,,6,3,45,Jump Shot,3,Field Goal Made,22,-18.5,11.1,10,10,
1,8,47,Cameron Wright misses a layup shot.,97236,,true,false,false,Cameron,,Wright,,Pitt,,19,17,1,1,0,,,,,0,2,40,Layup Shot,4,Field Goal Missed,0,0,0,47,47,
1,8,47,Jordan Roper with a defensive rebound.,116773,,true,false,false,Jordan,,Roper,,Clem,,19,17,1,1,0,,,,,3,,,,6,Defensive Rebound,,,,10,10,
1,8,40,Shooting foul committed by James Robinson.,116087,,true,false,false,James,,Robinson,,Pitt,,19,17,2,1,1,,,,,2,,2,Shooting,8,Foul,,,,47,47,
1,8,40,Jordan Roper makes free throw 1 of 2.,116773,,true,false,false,Jordan,,Roper,,Clem,,20,17,2,1,0,,,,,4,1,11,Free Throw 1 of 2,1,Free Throw Made,,,,10,10,
1,8,40,Jordan Roper misses free throw 2 of 2.,116773,,true,false,false,Jordan,,Roper,,Clem,,20,17,2,1,0,,,,,4,1,12,Free Throw 2 of 2,2,Free Throw Missed,,,,10,10,
1,8,40,Talib Zanna with a defensive rebound.,88283,,true,false,false,Talib,,Zanna,,Pitt,,20,17,2,1,0,,,,,2,,,,6,Defensive Rebound,,,,47,47,
1,8,33,James Robinson makes a layup shot.,116087,,true,false,false,James,,Robinson,,Pitt,,20,19,2,1,1,,,,,4,2,40,Layup Shot,3,Field Goal Made,0,0,0,47,47,
1,8,10,Austin Ajukwa makes a 3-point jump shot from 23 feet out. Jaron Blossomgame with the assist.,120591,116770,true,true,false,Austin,Jaron,Ajukwa,Blossomgame,Clem,Clem,23,19,2,1,0,,,,,3,3,45,Jump Shot,3,Field Goal Made,23,17,15,10,10,
1,7,47,Josh Newkirk misses a 3-point jump shot from 22 feet out.,120759,,true,false,false,Josh,,Newkirk,,Pitt,,23,19,2,1,0,,,,,0,3,45,Jump Shot,4,Field Goal Missed,22,-14,17,47,47,
1,7,47,Talib Zanna with an offensive rebound.,88283,,true,false,false,Talib,,Zanna,,Pitt,,23,19,2,1,0,,,,,2,,,,5,Offensive Rebound,,,,47,47,
1,7,43,Josh Newkirk with a bad pass turnover: Bad Pass,120759,,true,false,false,Josh,,Newkirk,,Pitt,,23,19,2,1,0,,,,,0,,1,Bad Pass,7,Turnover,,,,47,47,
1,7,43,Official TV timeout.,,,false,false,false,,,,,,,23,19,2,1,0,,,,,0,,3,Official TV,11,Timeout,,,,10,10,
1,7,19,Landry Nnoko misses a layup shot.,116772,,true,false,false,Landry,,Nnoko,,Clem,,23,19,2,1,0,,,,,2,2,40,Layup Shot,4,Field Goal Missed,0,0,0,10,10,
1,7,19,Landry Nnoko with an offensive rebound.,116772,,true,false,false,Landry,,Nnoko,,Clem,,23,19,2,1,0,,,,,2,,,,5,Offensive Rebound,,,,10,10,
1,7,16,Landry Nnoko misses a tip shot from 3 feet out.,116772,,true,false,false,Landry,,Nnoko,,Clem,,23,19,2,1,0,,,,,2,2,53,Tip Shot,4,Field Goal Missed,3,.1,3.3,10,10,
1,7,16,Clem with an offensive rebound.,,,false,false,false,,,,,,,23,19,2,1,0,,,,,0,,,,5,Offensive Rebound,,,,10,10,
1,7,13,Jaron Blossomgame makes a layup shot. Jordan Roper with the assist.,116770,116773,true,true,false,Jaron,Jordan,Blossomgame,Roper,Clem,Clem,25,19,2,1,0,,,,,4,2,40,Layup Shot,3,Field Goal Made,0,0,0,10,10,
1,7,05,Cameron Wright misses a layup shot.,97236,,true,false,false,Cameron,,Wright,,Pitt,,25,19,2,1,0,,,,,0,2,40,Layup Shot,4,Field Goal Missed,0,0,0,47,47,
1,7,05,Jaron Blossomgame with a defensive rebound.,116770,,true,false,false,Jaron,,Blossomgame,,Clem,,25,19,2,1,0,,,,,4,,,,6,Defensive Rebound,,,,10,10,
1,6,47,K.J. McDaniels makes a jump shot from 16 feet out.,110089,,true,false,false,K.J.,,McDaniels,,Clem,,27,19,2,1,0,,,,,8,2,45,Jump Shot,3,Field Goal Made,16,-14.4,7.9,10,10,
1,6,47,Pitt take a 20-second timeout.,,,false,false,false,,,,,,,27,19,2,1,0,,,,,0,,2,Short,11,Timeout,,,,47,47,
1,6,36,Jamel Artis with a lost ball turnover: Lost Ball,120758,,true,false,false,Jamel,,Artis,,Pitt,,27,19,2,1,0,,,,,4,,2,Lost Ball,7,Turnover,,,,47,47,
1,6,33,Austin Ajukwa makes a dunk shot.,120591,,true,false,false,Austin,,Ajukwa,,Clem,,29,19,2,1,0,,,,,5,2,48,Dunk Shot,3,Field Goal Made,0,0,0,10,10,
1,6,25,Lamar Patterson misses a jump shot from 6 feet out.,88282,,true,false,false,Lamar,,Patterson,,Pitt,,29,19,2,1,0,,,,,5,2,45,Jump Shot,4,Field Goal Missed,6,-2.6,5.3,47,47,
1,6,25,Talib Zanna with an offensive rebound.,88283,,true,false,false,Talib,,Zanna,,Pitt,,29,19,2,1,0,,,,,2,,,,5,Offensive Rebound,,,,47,47,
1,6,24,Talib Zanna makes a tip shot from 4 feet out.,88283,,true,false,false,Talib,,Zanna,,Pitt,,29,21,2,1,0,,,,,4,2,53,Tip Shot,3,Field Goal Made,4,-.3,3.8,47,47,
1,5,43,K.J. McDaniels misses a jump shot from 17 feet out.,110089,,true,false,false,K.J.,,McDaniels,,Clem,,29,21,2,1,0,,,,,8,2,45,Jump Shot,4,Field Goal Missed,17,-15,7,10,10,
1,5,43,Talib Zanna with a defensive rebound.,88283,,true,false,false,Talib,,Zanna,,Pitt,,29,21,2,1,0,,,,,4,,,,6,Defensive Rebound,,,,47,47,
1,5,43,Personal foul committed by Landry Nnoko.,116772,,true,false,false,Landry,,Nnoko,,Clem,,29,21,2,2,1,,,,,2,,1,Personal,8,Foul,,,,10,10,
1,5,23,Josh Newkirk misses a jump shot from 16 feet out.,120759,,true,false,false,Josh,,Newkirk,,Pitt,,29,21,2,2,0,,,,,0,2,45,Jump Shot,4,Field Goal Missed,16,-6.9,14.9,47,47,
1,5,23,Clem with a defensive rebound.,,,false,false,false,,,,,,,29,21,2,2,0,,,,,0,,,,6,Defensive Rebound,,,,10,10,
1,5,00,Jaron Blossomgame makes a 3-point jump shot from 24 feet out. Rod Hall with the assist.,116770,110088,true,true,false,Jaron,Rod,Blossomgame,Hall,Clem,Clem,32,21,2,2,0,,,,,7,3,45,Jump Shot,3,Field Goal Made,24,6.7,22.7,10,10,
1,4,47,Offensive foul committed by Jamel Artis.,120758,,true,false,false,Jamel,,Artis,,Pitt,,32,21,3,2,1,,,,,4,,4,Offensive,8,Foul,,,,47,47,
1,4,47,Jamel Artis with a  turnover:,120758,,true,false,false,Jamel,,Artis,,Pitt,,32,21,3,2,1,,,,,4,,,,7,Turnover,,,,47,47,
1,4,19,Damarcus Harrison with a lost ball turnover: Lost Ball,110531,,true,false,false,Damarcus,,Harrison,,Clem,,32,21,3,2,0,,,,,2,,2,Lost Ball,7,Turnover,,,,10,10,
1,4,12,Talib Zanna makes a layup shot. Cameron Wright with the assist.,88283,97236,true,true,false,Talib,Cameron,Zanna,Wright,Pitt,Pitt,32,23,3,2,0,,,,,6,2,40,Layup Shot,3,Field Goal Made,0,0,0,47,47,
1,3,52,Damarcus Harrison misses a 3-point jump shot from 22 feet out.,110531,,true,false,false,Damarcus,,Harrison,,Clem,,32,23,3,2,0,,,,,2,3,45,Jump Shot,4,Field Goal Missed,22,-11,19,10,10,
1,3,52,Josh Newkirk with a defensive rebound.,120759,,true,false,false,Josh,,Newkirk,,Pitt,,32,23,3,2,0,,,,,0,,,,6,Defensive Rebound,,,,47,47,
1,3,42,Michael Young makes a layup shot. Cameron Wright with the assist.,120761,97236,true,true,false,Michael,Cameron,Young,Wright,Pitt,Pitt,32,25,3,2,0,,,,,5,2,40,Layup Shot,3,Field Goal Made,0,0,0,47,47,
1,3,12,K.J. McDaniels misses a 3-point jump shot from 25 feet out.,110089,,true,false,false,K.J.,,McDaniels,,Clem,,32,25,3,2,0,,,,,8,3,45,Jump Shot,4,Field Goal Missed,25,20,16,10,10,
1,3,12,Talib Zanna with a defensive rebound.,88283,,true,false,false,Talib,,Zanna,,Pitt,,32,25,3,2,0,,,,,6,,,,6,Defensive Rebound,,,,47,47,
1,3,12,Personal foul committed by Sidy Djitte.,120593,,true,false,false,Sidy,,Djitte,,Clem,,32,25,3,3,2,,,,,0,,1,Personal,8,Foul,,,,10,10,
1,3,12,Official TV timeout.,,,false,false,false,,,,,,,32,25,3,3,0,,,,,0,,3,Official TV,11,Timeout,,,,10,10,
1,2,43,Michael Young misses a 3-point jump shot from 23 feet out.,120761,,true,false,false,Michael,,Young,,Pitt,,32,25,3,3,0,,,,,5,3,45,Jump Shot,4,Field Goal Missed,23,-12.3,19.5,47,47,
1,2,43,Landry Nnoko with a defensive rebound.,116772,,true,false,false,Landry,,Nnoko,,Clem,,32,25,3,3,1,,,,,2,,,,6,Defensive Rebound,,,,10,10,
1,2,43,Personal foul committed by Talib Zanna.,88283,,true,false,false,Talib,,Zanna,,Pitt,,32,25,4,3,1,,,,,6,,1,Personal,8,Foul,,,,47,47,
1,2,22,Shooting foul committed by Derrick Randall.,110181,,true,false,false,Derrick,,Randall,,Pitt,,32,25,5,3,2,,,,,1,,2,Shooting,8,Foul,,,,47,47,
1,2,22,K.J. McDaniels makes free throw 1 of 2.,110089,,true,false,false,K.J.,,McDaniels,,Clem,,33,25,5,3,0,,,,,9,1,11,Free Throw 1 of 2,1,Free Throw Made,,,,10,10,
1,2,22,K.J. McDaniels makes free throw 2 of 2.,110089,,true,false,false,K.J.,,McDaniels,,Clem,,34,25,5,3,0,,,,,10,1,12,Free Throw 2 of 2,1,Free Throw Made,,,,10,10,
1,2,08,Lamar Patterson misses a jump shot from 7 feet out.,88282,,true,false,false,Lamar,,Patterson,,Pitt,,34,25,5,3,0,,,,,5,2,45,Jump Shot,4,Field Goal Missed,7,1.4,6.9,47,47,
1,2,08,Damarcus Harrison with a defensive rebound.,110531,,true,false,false,Damarcus,,Harrison,,Clem,,34,25,5,3,0,,,,,2,,,,6,Defensive Rebound,,,,10,10,
1,2,05,Damarcus Harrison makes a layup shot.,110531,,true,false,false,Damarcus,,Harrison,,Clem,,36,25,5,3,0,,,,,4,2,40,Layup Shot,3,Field Goal Made,0,0,0,10,10,
1,2,04,Pitt take a 20-second timeout.,,,false,false,false,,,,,,,36,25,5,3,0,,,,,0,,2,Short,11,Timeout,,,,47,47,
1,1,38,Lamar Patterson misses a layup shot.,88282,,true,false,false,Lamar,,Patterson,,Pitt,,36,25,5,3,0,,,,,5,2,40,Layup Shot,4,Field Goal Missed,0,0,0,47,47,
1,1,38,Pitt with an offensive rebound.,,,false,false,false,,,,,,,36,25,5,3,0,,,,,0,,,,5,Offensive Rebound,,,,47,47,
1,1,32,Shooting foul committed by K.J. McDaniels.,110089,,true,false,false,K.J.,,McDaniels,,Clem,,36,25,5,4,1,,,,,10,,2,Shooting,8,Foul,,,,10,10,
1,1,32,Lamar Patterson makes free throw 1 of 2.,88282,,true,false,false,Lamar,,Patterson,,Pitt,,36,26,5,4,0,,,,,6,1,11,Free Throw 1 of 2,1,Free Throw Made,,,,47,47,
1,1,32,Lamar Patterson makes free throw 2 of 2.,88282,,true,false,false,Lamar,,Patterson,,Pitt,,36,27,5,4,0,,,,,7,1,12,Free Throw 2 of 2,1,Free Throw Made,,,,47,47,
1,1,16,Damarcus Harrison misses a 3-point jump shot from 22 feet out.,110531,,true,false,false,Damarcus,,Harrison,,Clem,,36,27,5,4,0,,,,,4,3,45,Jump Shot,4,Field Goal Missed,22,18,14,10,10,
1,1,16,Rod Hall with an offensive rebound.,110088,,true,false,false,Rod,,Hall,,Clem,,36,27,5,4,0,,,,,4,,,,5,Offensive Rebound,,,,10,10,
1,1,11,Jaron Blossomgame makes a dunk shot. Rod Hall with the assist.,116770,110088,true,true,false,Jaron,Rod,Blossomgame,Hall,Clem,Clem,38,27,5,4,0,,,,,9,2,48,Dunk Shot,3,Field Goal Made,0,0,0,10,10,
1,0,52.3,Talib Zanna makes a layup shot. Cameron Wright with the assist.,88283,97236,true,true,false,Talib,Cameron,Zanna,Wright,Pitt,Pitt,38,29,5,4,1,,,,,8,2,40,Layup Shot,3,Field Goal Made,0,0,0,47,47,
1,0,20.7,K.J. McDaniels misses a layup shot.,110089,,true,false,false,K.J.,,McDaniels,,Clem,,38,29,5,4,1,,,,,10,2,40,Layup Shot,4,Field Goal Missed,0,0,0,10,10,
1,0,20.7,K.J. McDaniels with an offensive rebound.,110089,,true,false,false,K.J.,,McDaniels,,Clem,,38,29,5,4,1,,,,,10,,,,5,Offensive Rebound,,,,10,10,
1,0,00.7,Rod Hall misses a layup shot.,110088,,true,false,false,Rod,,Hall,,Clem,,38,29,5,4,0,,,,,4,2,40,Layup Shot,4,Field Goal Missed,0,0,0,10,10,
1,0,00.7,Lamar Patterson with a defensive rebound.,88282,,true,false,false,Lamar,,Patterson,,Pitt,,38,29,5,4,0,,,,,7,,,,6,Defensive Rebound,,,,47,47,
1,0,00,End of the 1st Half,,,false,false,false,,,,,,,38,29,5,4,0,,,,,0,,,,15,End Period,,,,10,10,
2,20,00,Start of the 2nd Half,,,false,false,false,,,,,,,38,29,0,0,0,,,,,0,,,,14,Start Period,,,,10,10,
2,19,21,Damarcus Harrison misses a jump shot from 17 feet out.,110531,,true,false,false,Damarcus,,Harrison,,Clem,,38,29,0,0,0,,,,,4,2,45,Jump Shot,4,Field Goal Missed,17,-13.2,10.3,10,10,
2,19,21,James Robinson with a defensive rebound.,116087,,true,false,false,James,,Robinson,,Pitt,,38,29,0,0,1,,,,,4,,,,6,Defensive Rebound,,,,47,47,
2,19,12,Cameron Wright with a double dribble turnover: Double Dribble,97236,,true,false,false,Cameron,,Wright,,Pitt,,38,29,0,0,0,,,,,0,,6,Double Dribble,7,Turnover,,,,47,47,
2,18,52,K.J. McDaniels misses a jump shot from 13 feet out.,110089,,true,false,false,K.J.,,McDaniels,,Clem,,38,29,0,0,1,,,,,10,2,45,Jump Shot,4,Field Goal Missed,13,5.7,11.3,10,10,
2,18,52,Lamar Patterson with a defensive rebound.,88282,,true,false,false,Lamar,,Patterson,,Pitt,,38,29,0,0,0,,,,,7,,,,6,Defensive Rebound,,,,47,47,
2,18,47,Shooting foul committed by Jaron Blossomgame.,116770,,true,false,false,Jaron,,Blossomgame,,Clem,,38,29,0,1,1,,,,,9,,2,Shooting,8,Foul,,,,10,10,
2,18,47,Michael Young makes free throw 1 of 2.,120761,,true,false,false,Michael,,Young,,Pitt,,38,30,0,1,0,,,,,6,1,11,Free Throw 1 of 2,1,Free Throw Made,,,,47,47,
2,18,47,Michael Young makes free throw 2 of 2.,120761,,true,false,false,Michael,,Young,,Pitt,,38,31,0,1,0,,,,,7,1,12,Free Throw 2 of 2,1,Free Throw Made,,,,47,47,
2,18,21,K.J. McDaniels misses a hook shot from 7 feet out.,110089,,true,false,false,K.J.,,McDaniels,,Clem,,38,31,0,1,1,,,,,10,2,55,Hook Shot,4,Field Goal Missed,7,-.8,6.7,10,10,
2,18,21,Talib Zanna with a defensive rebound.,88283,,true,false,false,Talib,,Zanna,,Pitt,,38,31,0,1,1,,,,,8,,,,6,Defensive Rebound,,,,47,47,
2,18,13,James Robinson makes a layup shot. Cameron Wright with the assist.,116087,97236,true,true,false,James,Cameron,Robinson,Wright,Pitt,Pitt,38,33,0,1,1,,,,,6,2,40,Layup Shot,3,Field Goal Made,0,0,0,47,47,
2,18,06,Clem take a 20-second timeout.,,,false,false,false,,,,,,,38,33,0,1,0,,,,,0,,2,Short,11,Timeout,,,,10,10,
2,17,40,K.J. McDaniels misses a jump shot from 11 feet out.,110089,,true,false,false,K.J.,,McDaniels,,Clem,,38,33,0,1,1,,,,,10,2,45,Jump Shot,4,Field Goal Missed,11,-7.2,7.7,10,10,
2,17,40,Clem with an offensive rebound.,,,false,false,false,,,,,,,38,33,0,1,0,,,,,0,,,,5,Offensive Rebound,,,,10,10,
2,17,15,Austin Ajukwa misses a jump shot from 9 feet out.,120591,,true,false,false,Austin,,Ajukwa,,Clem,,38,33,0,1,0,,,,,5,2,45,Jump Shot,4,Field Goal Missed,9,.4,9.1,10,10,
2,17,15,Landry Nnoko with an offensive rebound.,116772,,true,false,false,Landry,,Nnoko,,Clem,,38,33,0,1,1,,,,,2,,,,5,Offensive Rebound,,,,10,10,
2,17,14,Landry Nnoko makes a tip shot from 5 feet out.,116772,,true,false,false,Landry,,Nnoko,,Clem,,40,33,0,1,1,,,,,4,2,53,Tip Shot,3,Field Goal Made,5,-2,4.2,10,10,
2,16,44,Personal foul committed by Austin Ajukwa.,120591,,true,false,false,Austin,,Ajukwa,,Clem,,40,33,0,2,1,,,,,5,,1,Personal,8,Foul,,,,10,10,
2,16,32,Offensive foul committed by Lamar Patterson.,88282,,true,false,false,Lamar,,Patterson,,Pitt,,40,33,1,2,1,,,,,7,,4,Offensive,8,Foul,,,,47,47,
2,16,32,Lamar Patterson with a  turnover:,88282,,true,false,false,Lamar,,Patterson,,Pitt,,40,33,1,2,1,,,,,7,,,,7,Turnover,,,,47,47,
2,16,05,Jaron Blossomgame makes a 3-point jump shot from 23 feet out. Rod Hall with the assist.,116770,110088,true,true,false,Jaron,Rod,Blossomgame,Hall,Clem,Clem,43,33,1,2,1,,,,,12,3,45,Jump Shot,3,Field Goal Made,23,12.3,19.3,10,10,
2,15,26,Cameron Wright makes a hook shot from 7 feet out.,97236,,true,false,false,Cameron,,Wright,,Pitt,,43,35,1,2,0,,,,,2,2,55,Hook Shot,3,Field Goal Made,7,-4,6,47,47,
2,15,15,Personal foul committed by Cameron Wright.,97236,,true,false,false,Cameron,,Wright,,Pitt,,43,35,2,2,1,,,,,2,,1,Personal,8,Foul,,,,47,47,
2,15,15,Official TV timeout.,,,false,false,false,,,,,,,43,35,2,2,0,,,,,0,,3,Official TV,11,Timeout,,,,10,10,
2,15,04,K.J. McDaniels misses a layup shot.,110089,,true,false,false,K.J.,,McDaniels,,Clem,,43,35,2,2,1,,,,,10,2,40,Layup Shot,4,Field Goal Missed,0,0,0,10,10,
2,15,04,Lamar Patterson with a defensive rebound.,88282,,true,false,false,Lamar,,Patterson,,Pitt,,43,35,2,2,1,,,,,7,,,,6,Defensive Rebound,,,,47,47,
2,14,57,Lamar Patterson makes a 3-point jump shot from 24 feet out. Michael Young with the assist.,88282,120761,true,true,false,Lamar,Michael,Patterson,Young,Pitt,Pitt,43,38,2,2,1,,,,,10,3,45,Jump Shot,3,Field Goal Made,24,14,19,47,47,
2,14,32,K.J. McDaniels makes a hook shot from 9 feet out.,110089,,true,false,false,K.J.,,McDaniels,,Clem,,45,38,2,2,1,,,,,12,2,55,Hook Shot,3,Field Goal Made,9,6.2,7,10,10,
2,13,56,Lamar Patterson misses a 3-point jump shot from 25 feet out.,88282,,true,false,false,Lamar,,Patterson,,Pitt,,45,38,2,2,1,,,,,10,3,45,Jump Shot,4,Field Goal Missed,25,17.4,18.4,47,47,
2,13,56,Clem with a defensive rebound.,,,false,false,false,,,,,,,45,38,2,2,0,,,,,0,,,,6,Defensive Rebound,,,,10,10,
2,13,31,Personal foul committed by Talib Zanna.,88283,,true,false,false,Talib,,Zanna,,Pitt,,45,38,3,2,2,,,,,8,,1,Personal,8,Foul,,,,47,47,
2,13,20,K.J. McDaniels misses a jump shot from 8 feet out.,110089,,true,false,false,K.J.,,McDaniels,,Clem,,45,38,3,2,1,,,,,12,2,45,Jump Shot,4,Field Goal Missed,8,-8,3,10,10,
2,13,20,Talib Zanna with a defensive rebound.,88283,,true,false,false,Talib,,Zanna,,Pitt,,45,38,3,2,2,,,,,8,,,,6,Defensive Rebound,,,,47,47,
2,13,02,Talib Zanna misses a layup shot.,88283,,true,false,false,Talib,,Zanna,,Pitt,,45,38,3,2,2,,,,,8,2,40,Layup Shot,4,Field Goal Missed,0,0,0,47,47,
2,13,02,Jaron Blossomgame with a defensive rebound.,116770,,true,false,false,Jaron,,Blossomgame,,Clem,,45,38,3,2,1,,,,,12,,,,6,Defensive Rebound,,,,10,10,
2,12,53,Jordan Roper makes a 3-point jump shot from 23 feet out. K.J. McDaniels with the assist.,116773,110089,true,true,false,Jordan,K.J.,Roper,McDaniels,Clem,Clem,48,38,3,2,0,,,,,7,3,45,Jump Shot,3,Field Goal Made,23,-17,15,10,10,
2,12,32,Cameron Wright makes a 3-point jump shot from 22 feet out. James Robinson with the assist.,97236,116087,true,true,false,Cameron,James,Wright,Robinson,Pitt,Pitt,48,41,3,2,1,,,,,5,3,45,Jump Shot,3,Field Goal Made,22,-22,4.5,47,47,
2,12,12,Jordan Roper misses a 3-point jump shot from 25 feet out.,116773,,true,false,false,Jordan,,Roper,,Clem,,48,41,3,2,0,,,,,7,3,45,Jump Shot,4,Field Goal Missed,25,.8,24.7,10,10,
2,12,12,Jamel Artis with a defensive rebound.,120758,,true,false,false,Jamel,,Artis,,Pitt,,48,41,3,2,1,,,,,4,,,,6,Defensive Rebound,,,,47,47,
2,12,07,Personal foul committed by Landry Nnoko.,116772,,true,false,false,Landry,,Nnoko,,Clem,,48,41,3,3,2,,,,,4,,1,Personal,8,Foul,,,,10,10,
2,11,48,Personal foul committed by Jordan Roper.,116773,,true,false,false,Jordan,,Roper,,Clem,,48,41,3,4,1,,,,,7,,1,Personal,8,Foul,,,,10,10,
2,11,48,Official TV timeout.,,,false,false,false,,,,,,,48,41,3,4,0,,,,,0,,3,Official TV,11,Timeout,,,,10,10,
2,11,41,Shooting foul committed by Ibrahim Djambo.,120592,,true,false,false,Ibrahim,,Djambo,,Clem,,48,41,3,5,1,,,,,0,,2,Shooting,8,Foul,,,,10,10,
2,11,41,Jamel Artis makes free throw 1 of 2.,120758,,true,false,false,Jamel,,Artis,,Pitt,,48,42,3,5,1,,,,,5,1,11,Free Throw 1 of 2,1,Free Throw Made,,,,47,47,
2,11,41,Jamel Artis makes free throw 2 of 2.,120758,,true,false,false,Jamel,,Artis,,Pitt,,48,43,3,5,1,,,,,6,1,12,Free Throw 2 of 2,1,Free Throw Made,,,,47,47,
2,11,27,Personal foul committed by Jamel Artis.,120758,,true,false,false,Jamel,,Artis,,Pitt,,48,43,4,5,2,,,,,6,,1,Personal,8,Foul,,,,47,47,
2,11,24,Clem take a 20-second timeout.,,,false,false,false,,,,,,,48,43,4,5,0,,,,,0,,2,Short,11,Timeout,,,,10,10,
2,11,15,Jordan Roper with a lost ball turnover: Lost Ball,116773,,true,false,false,Jordan,,Roper,,Clem,,48,43,4,5,1,,,,,7,,2,Lost Ball,7,Turnover,,,,10,10,
2,11,07,Cameron Wright with a lost ball turnover: Lost Ball,97236,,true,false,false,Cameron,,Wright,,Pitt,,48,43,4,5,1,,,,,5,,2,Lost Ball,7,Turnover,,,,47,47,
2,11,02,Shooting foul committed by Lamar Patterson.,88282,,true,false,false,Lamar,,Patterson,,Pitt,,48,43,5,5,2,,,,,10,,2,Shooting,8,Foul,,,,47,47,
2,11,02,Austin Ajukwa makes free throw 1 of 2.,120591,,true,false,false,Austin,,Ajukwa,,Clem,,49,43,5,5,1,,,,,6,1,11,Free Throw 1 of 2,1,Free Throw Made,,,,10,10,
2,11,02,Austin Ajukwa misses free throw 2 of 2.,120591,,true,false,false,Austin,,Ajukwa,,Clem,,49,43,5,5,1,,,,,6,1,12,Free Throw 2 of 2,2,Free Throw Missed,,,,10,10,
2,11,02,Josh Newkirk with a defensive rebound.,120759,,true,false,false,Josh,,Newkirk,,Pitt,,49,43,5,5,0,,,,,0,,,,6,Defensive Rebound,,,,47,47,
2,10,52,Lamar Patterson makes a layup shot.,88282,,true,false,false,Lamar,,Patterson,,Pitt,,49,45,5,5,2,,,,,12,2,40,Layup Shot,3,Field Goal Made,0,0,0,47,47,
2,10,30,Jaron Blossomgame with a lost ball turnover: Lost Ball,116770,,true,false,false,Jaron,,Blossomgame,,Clem,,49,45,5,5,1,,,,,12,,2,Lost Ball,7,Turnover,,,,10,10,
2,10,28,Lamar Patterson makes a layup shot. Cameron Wright with the assist.,88282,97236,true,true,false,Lamar,Cameron,Patterson,Wright,Pitt,Pitt,49,47,5,5,2,,,,,14,2,40,Layup Shot,3,Field Goal Made,0,0,0,47,47,
2,10,28,Shooting foul committed by Austin Ajukwa.,120591,,true,false,false,Austin,,Ajukwa,,Clem,,49,47,5,6,2,,,,,6,,2,Shooting,8,Foul,,,,10,10,
2,10,28,Lamar Patterson makes free throw 1 of 1.,88282,,true,false,false,Lamar,,Patterson,,Pitt,,49,48,5,6,2,,,,,15,1,10,Free Throw 1 of 1,1,Free Throw Made,,,,47,47,
2,9,57,Jordan Roper makes a 3-point jump shot from 22 feet out.,116773,,true,false,false,Jordan,,Roper,,Clem,,52,48,5,6,1,,,,,10,3,45,Jump Shot,3,Field Goal Made,22,15,16,10,10,
2,9,18,Lamar Patterson misses a 3-point jump shot from 27 feet out.,88282,,true,false,false,Lamar,,Patterson,,Pitt,,52,48,5,6,2,,,,,15,3,45,Jump Shot,4,Field Goal Missed,27,.4,27.1,47,47,
2,9,18,Talib Zanna with an offensive rebound.,88283,,true,false,false,Talib,,Zanna,,Pitt,,52,48,5,6,2,,,,,8,,,,5,Offensive Rebound,,,,47,47,
2,9,09,Shooting foul committed by Jordan Roper.,116773,,true,false,false,Jordan,,Roper,,Clem,,52,48,5,7,2,,,,,10,,2,Shooting,8,Foul,,,,10,10,
2,9,09,Cameron Wright misses free throw 1 of 2.,97236,,true,false,false,Cameron,,Wright,,Pitt,,52,48,5,7,1,,,,,5,1,11,Free Throw 1 of 2,2,Free Throw Missed,,,,47,47,
2,9,09,Pitt with an offensive rebound.,,,false,false,false,,,,,,,52,48,5,7,0,,,,,0,,,,5,Offensive Rebound,,,,47,47,
2,9,09,Cameron Wright makes free throw 2 of 2.,97236,,true,false,false,Cameron,,Wright,,Pitt,,52,49,5,7,1,,,,,6,1,12,Free Throw 2 of 2,1,Free Throw Made,,,,47,47,
2,8,48,Shooting foul committed by Cameron Wright.,97236,,true,false,false,Cameron,,Wright,,Pitt,,52,49,6,7,2,,,,,6,,2,Shooting,8,Foul,,,,47,47,
2,8,48,K.J. McDaniels misses free throw 1 of 2.,110089,,true,false,false,K.J.,,McDaniels,,Clem,,52,49,6,7,1,,,,,12,1,11,Free Throw 1 of 2,2,Free Throw Missed,,,,10,10,
2,8,48,Clem with an offensive rebound.,,,false,false,false,,,,,,,52,49,6,7,0,,,,,0,,,,5,Offensive Rebound,,,,10,10,
2,8,48,K.J. McDaniels makes free throw 2 of 2.,110089,,true,false,false,K.J.,,McDaniels,,Clem,,53,49,6,7,1,,,,,13,1,12,Free Throw 2 of 2,1,Free Throw Made,,,,10,10,
2,8,35,Cameron Wright makes a layup shot. Jamel Artis with the assist.,97236,120758,true,true,false,Cameron,Jamel,Wright,Artis,Pitt,Pitt,53,51,6,7,2,,,,,8,2,40,Layup Shot,3,Field Goal Made,0,0,0,47,47,
2,8,05,K.J. McDaniels makes a layup shot.,110089,,true,false,false,K.J.,,McDaniels,,Clem,,55,51,6,7,1,,,,,15,2,40,Layup Shot,3,Field Goal Made,0,0,0,10,10,
2,8,05,Shooting foul committed by Cameron Wright.,97236,,true,false,false,Cameron,,Wright,,Pitt,,55,51,7,7,3,,,,,8,,2,Shooting,8,Foul,,,,47,47,
2,8,05,K.J. McDaniels makes free throw 1 of 1.,110089,,true,false,false,K.J.,,McDaniels,,Clem,,56,51,7,7,1,,,,,16,1,10,Free Throw 1 of 1,1,Free Throw Made,,,,10,10,
2,7,51,Lamar Patterson makes a 3-point jump shot from 23 feet out. James Robinson with the assist.,88282,116087,true,true,false,Lamar,James,Patterson,Robinson,Pitt,Pitt,56,54,7,7,2,,,,,18,3,45,Jump Shot,3,Field Goal Made,23,16.2,15.9,47,47,
2,7,30,Jaron Blossomgame misses a 3-point jump shot from 23 feet out.,116770,,true,false,false,Jaron,,Blossomgame,,Clem,,56,54,7,7,1,,,,,12,3,45,Jump Shot,4,Field Goal Missed,23,20.3,10.4,10,10,
2,7,30,James Robinson with a defensive rebound.,116087,,true,false,false,James,,Robinson,,Pitt,,56,54,7,7,1,,,,,6,,,,6,Defensive Rebound,,,,47,47,
2,7,16,Talib Zanna misses a layup shot.,88283,,true,false,false,Talib,,Zanna,,Pitt,,56,54,7,7,2,,,,,8,2,40,Layup Shot,4,Field Goal Missed,0,0,0,47,47,
2,7,16,Rod Hall with a defensive rebound.,110088,,true,false,false,Rod,,Hall,,Clem,,56,54,7,7,0,,,,,4,,,,6,Defensive Rebound,,,,10,10,
2,7,07,Rod Hall with a lost ball turnover: Lost Ball,110088,,true,false,false,Rod,,Hall,,Clem,,56,54,7,7,0,,,,,4,,2,Lost Ball,7,Turnover,,,,10,10,
2,7,01,Lamar Patterson makes a layup shot. Josh Newkirk with the assist.,88282,120759,true,true,false,Lamar,Josh,Patterson,Newkirk,Pitt,Pitt,56,56,7,7,2,,,,,20,2,40,Layup Shot,3,Field Goal Made,0,0,0,47,47,
2,6,36,Jordan Roper misses a jump shot from 21 feet out.,116773,,true,false,false,Jordan,,Roper,,Clem,,56,56,7,7,2,,,,,10,2,45,Jump Shot,4,Field Goal Missed,21,-.3,21,10,10,
2,6,36,Talib Zanna with a defensive rebound.,88283,,true,false,false,Talib,,Zanna,,Pitt,,56,56,7,7,2,,,,,8,,,,6,Defensive Rebound,,,,47,47,
2,6,24,Lamar Patterson with a lost ball turnover: Lost Ball,88282,,true,false,false,Lamar,,Patterson,,Pitt,,56,56,7,7,2,,,,,20,,2,Lost Ball,7,Turnover,,,,47,47,
2,5,54,Damarcus Harrison makes a layup shot.,110531,,true,false,false,Damarcus,,Harrison,,Clem,,58,56,7,7,0,,,,,6,2,40,Layup Shot,3,Field Goal Made,0,0,0,10,10,
2,5,22,Michael Young misses a jump shot from 8 feet out.,120761,,true,false,false,Michael,,Young,,Pitt,,58,56,7,7,0,,,,,7,2,45,Jump Shot,4,Field Goal Missed,8,7.2,4.3,47,47,
2,5,22,Jaron Blossomgame with a defensive rebound.,116770,,true,false,false,Jaron,,Blossomgame,,Clem,,58,56,7,7,1,,,,,12,,,,6,Defensive Rebound,,,,10,10,
2,5,13,Jordan Roper makes a dunk shot. Rod Hall with the assist.,116773,110088,true,true,false,Jordan,Rod,Roper,Hall,Clem,Clem,60,56,7,7,2,,,,,12,2,48,Dunk Shot,3,Field Goal Made,0,0,0,10,10,
2,5,05,Personal foul committed by Jordan Roper.,116773,,true,false,false,Jordan,,Roper,,Clem,,60,56,7,8,3,,,,,12,,1,Personal,8,Foul,,,,10,10,
2,5,05,Official TV timeout.,,,false,false,false,,,,,,,60,56,7,8,0,,,,,0,,3,Official TV,11,Timeout,,,,10,10,
2,5,05,Josh Newkirk makes free throw 1st of 1-and-1.,120759,,true,false,false,Josh,,Newkirk,,Pitt,,60,57,7,8,0,,,,,1,1,8,Free Throw 1st of 1-and-1,1,Free Throw Made,,,,47,47,
2,5,05,Josh Newkirk makes free throw 2nd of 1-and-1.,120759,,true,false,false,Josh,,Newkirk,,Pitt,,60,58,7,8,0,,,,,2,1,9,Free Throw 2nd of 1-and-1,1,Free Throw Made,,,,47,47,
2,4,50,Jordan Roper misses a 3-point jump shot from 22 feet out.,116773,,true,false,false,Jordan,,Roper,,Clem,,60,58,7,8,3,,,,,12,3,45,Jump Shot,4,Field Goal Missed,22,-17.8,12.5,10,10,
2,4,50,Cameron Wright with a defensive rebound.,97236,,true,false,false,Cameron,,Wright,,Pitt,,60,58,7,8,3,,,,,8,,,,6,Defensive Rebound,,,,47,47,
2,4,16,James Robinson misses a 3-point jump shot from 22 feet out.,116087,,true,false,false,James,,Robinson,,Pitt,,60,58,7,8,1,,,,,6,3,45,Jump Shot,4,Field Goal Missed,22,-21,5.3,47,47,
2,4,16,Cameron Wright with an offensive rebound.,97236,,true,false,false,Cameron,,Wright,,Pitt,,60,58,7,8,3,,,,,8,,,,5,Offensive Rebound,,,,47,47,
2,3,47,Lamar Patterson makes a layup shot.,88282,,true,false,false,Lamar,,Patterson,,Pitt,,60,60,7,8,2,,,,,22,2,40,Layup Shot,3,Field Goal Made,0,0,0,47,47,
2,3,31,K.J. McDaniels makes a dunk shot.,110089,,true,false,false,K.J.,,McDaniels,,Clem,,62,60,7,8,1,,,,,18,2,48,Dunk Shot,3,Field Goal Made,0,0,0,10,10,
2,3,20,Pitt take a 20-second timeout.,,,false,false,false,,,,,,,62,60,7,8,0,,,,,0,,2,Short,11,Timeout,,,,47,47,
2,3,11,Talib Zanna with a lost ball out of bounds turnover: Lost Ball Out of Bounds,88283,,true,false,false,Talib,,Zanna,,Pitt,,62,60,7,8,2,,,,,8,,23,Lost Ball Out of Bounds,7,Turnover,,,,47,47,
2,3,11,Official TV timeout.,,,false,false,false,,,,,,,62,60,7,8,0,,,,,0,,3,Official TV,11,Timeout,,,,10,10,
2,2,53,Jaron Blossomgame misses a 3-point jump shot from 23 feet out.,116770,,true,false,false,Jaron,,Blossomgame,,Clem,,62,60,7,8,1,,,,,12,3,45,Jump Shot,4,Field Goal Missed,23,20.2,11.1,10,10,
2,2,53,Lamar Patterson with a defensive rebound.,88282,,true,false,false,Lamar,,Patterson,,Pitt,,62,60,7,8,2,,,,,22,,,,6,Defensive Rebound,,,,47,47,
2,2,48,Lamar Patterson with a lost ball turnover: Lost Ball,88282,,true,false,false,Lamar,,Patterson,,Pitt,,62,60,7,8,2,,,,,22,,2,Lost Ball,7,Turnover,,,,47,47,
2,2,44,Damarcus Harrison misses a jump shot from 6 feet out.,110531,,true,false,false,Damarcus,,Harrison,,Clem,,62,60,7,8,0,,,,,6,2,45,Jump Shot,4,Field Goal Missed,6,-3.8,4.8,10,10,
2,2,44,Clem with an offensive rebound.,,,false,false,false,,,,,,,62,60,7,8,0,,,,,0,,,,5,Offensive Rebound,,,,10,10,
2,2,29,K.J. McDaniels misses a jump shot from 11 feet out.,110089,,true,false,false,K.J.,,McDaniels,,Clem,,62,60,7,8,1,,,,,18,2,45,Jump Shot,4,Field Goal Missed,11,-8.4,7.4,10,10,
2,2,29,Michael Young with a defensive rebound.,120761,,true,false,false,Michael,,Young,,Pitt,,62,60,7,8,0,,,,,7,,,,6,Defensive Rebound,,,,47,47,
2,1,53,Lamar Patterson misses a jump shot from 17 feet out.,88282,,true,false,false,Lamar,,Patterson,,Pitt,,62,60,7,8,2,,,,,22,2,45,Jump Shot,4,Field Goal Missed,17,14.2,8.6,47,47,
2,1,53,Landry Nnoko with a defensive rebound.,116772,,true,false,false,Landry,,Nnoko,,Clem,,62,60,7,8,2,,,,,4,,,,6,Defensive Rebound,,,,10,10,
2,1,20,Damarcus Harrison misses a 3-point jump shot from 27 feet out.,110531,,true,false,false,Damarcus,,Harrison,,Clem,,62,60,7,8,0,,,,,6,3,45,Jump Shot,4,Field Goal Missed,27,16.2,21.2,10,10,
2,1,20,K.J. McDaniels with an offensive rebound.,110089,,true,false,false,K.J.,,McDaniels,,Clem,,62,60,7,8,1,,,,,18,,,,5,Offensive Rebound,,,,10,10,
2,1,16,K.J. McDaniels makes a layup shot.,110089,,true,false,false,K.J.,,McDaniels,,Clem,,64,60,7,8,1,,,,,20,2,40,Layup Shot,3,Field Goal Made,0,0,0,10,10,
2,0,59.4,Lamar Patterson misses a 3-point jump shot from 27 feet out.,88282,,true,false,false,Lamar,,Patterson,,Pitt,,64,60,7,8,2,,,,,22,3,45,Jump Shot,4,Field Goal Missed,27,11.1,24.2,47,47,
2,0,59.4,Jaron Blossomgame with a defensive rebound.,116770,,true,false,false,Jaron,,Blossomgame,,Clem,,64,60,7,8,1,,,,,12,,,,6,Defensive Rebound,,,,10,10,
2,0,45.1,Personal foul committed by Cameron Wright.,97236,,true,false,false,Cameron,,Wright,,Pitt,,64,60,8,8,4,,,,,8,,1,Personal,8,Foul,,,,47,47,
2,0,45.1,Rod Hall misses free throw 1st of 1-and-1.,110088,,true,false,false,Rod,,Hall,,Clem,,64,60,8,8,0,,,,,4,1,8,Free Throw 1st of 1-and-1,2,Free Throw Missed,,,,10,10,
2,0,45.1,Lamar Patterson with a defensive rebound.,88282,,true,false,false,Lamar,,Patterson,,Pitt,,64,60,8,8,2,,,,,22,,,,6,Defensive Rebound,,,,47,47,
2,0,36.6,Cameron Wright misses a jump shot from 10 feet out.,97236,,true,false,false,Cameron,,Wright,,Pitt,,64,60,8,8,4,,,,,8,2,45,Jump Shot,4,Field Goal Missed,10,1.1,10.1,47,47,
2,0,36.6,Cameron Wright with an offensive rebound.,97236,,true,false,false,Cameron,,Wright,,Pitt,,64,60,8,8,4,,,,,8,,,,5,Offensive Rebound,,,,47,47,
2,0,31.9,Michael Young misses a 3-point jump shot from 23 feet out.,120761,,true,false,false,Michael,,Young,,Pitt,,64,60,8,8,0,,,,,7,3,45,Jump Shot,4,Field Goal Missed,23,-14.7,17.4,47,47,
2,0,31.9,Clem with a defensive rebound.,,,false,false,false,,,,,,,64,60,8,8,0,,,,,0,,,,6,Defensive Rebound,,,,10,10,
2,0,29.0,Clem take a 20-second timeout.,,,false,false,false,,,,,,,64,60,8,8,0,,,,,0,,2,Short,11,Timeout,,,,10,10,
2,0,23.4,Personal foul committed by Talib Zanna.,88283,,true,false,false,Talib,,Zanna,,Pitt,,64,60,9,8,3,,,,,8,,1,Personal,8,Foul,,,,47,47,
2,0,23.4,Rod Hall makes free throw 1st of 1-and-1.,110088,,true,false,false,Rod,,Hall,,Clem,,65,60,9,8,0,,,,,5,1,8,Free Throw 1st of 1-and-1,1,Free Throw Made,,,,10,10,
2,0,23.4,Rod Hall misses free throw 2 of 2.,110088,,true,false,false,Rod,,Hall,,Clem,,65,60,9,8,0,,,,,5,1,12,Free Throw 2 of 2,2,Free Throw Missed,,,,10,10,
2,0,23.4,Talib Zanna with a defensive rebound.,88283,,true,false,false,Talib,,Zanna,,Pitt,,65,60,9,8,3,,,,,8,,,,6,Defensive Rebound,,,,47,47,
2,0,17.0,Shooting foul committed by Jaron Blossomgame.,116770,,true,false,false,Jaron,,Blossomgame,,Clem,,65,60,9,9,2,,,,,12,,2,Shooting,8,Foul,,,,10,10,
2,0,17.0,James Robinson makes free throw 1 of 2.,116087,,true,false,false,James,,Robinson,,Pitt,,65,61,9,9,1,,,,,7,1,11,Free Throw 1 of 2,1,Free Throw Made,,,,47,47,
2,0,17.0,James Robinson makes free throw 2 of 2.,116087,,true,false,false,James,,Robinson,,Pitt,,65,62,9,9,1,,,,,8,1,12,Free Throw 2 of 2,1,Free Throw Made,,,,47,47,
2,0,12.6,Personal foul committed by Josh Newkirk.,120759,,true,false,false,Josh,,Newkirk,,Pitt,,65,62,10,9,1,,,,,2,,1,Personal,8,Foul,,,,47,47,
2,0,12.6,Jaron Blossomgame makes free throw 1st of 1-and-1.,116770,,true,false,false,Jaron,,Blossomgame,,Clem,,66,62,10,9,2,,,,,13,1,8,Free Throw 1st of 1-and-1,1,Free Throw Made,,,,10,10,
2,0,12.6,Jaron Blossomgame makes free throw 2nd of 1-and-1.,116770,,true,false,false,Jaron,,Blossomgame,,Clem,,67,62,10,9,2,,,,,14,1,9,Free Throw 2nd of 1-and-1,1,Free Throw Made,,,,10,10,
2,0,04.4,James Robinson misses a 3-point jump shot from 24 feet out.,116087,,true,false,false,James,,Robinson,,Pitt,,67,62,10,9,1,,,,,8,3,45,Jump Shot,4,Field Goal Missed,24,19,14.5,47,47,
2,0,04.4,Pitt with an offensive rebound.,,,false,false,false,,,,,,,67,62,10,9,0,,,,,0,,,,5,Offensive Rebound,,,,47,47,
2,0,02.4,Lamar Patterson makes a 3-point jump shot from 22 feet out. James Robinson with the assist.,88282,116087,true,true,false,Lamar,James,Patterson,Robinson,Pitt,Pitt,67,65,10,9,2,,,,,25,3,45,Jump Shot,3,Field Goal Made,22,-20.8,6.7,47,47,
2,0,02.4,Pitt take a 20-second timeout.,,,false,false,false,,,,,,,67,65,10,9,0,,,,,0,,2,Short,11,Timeout,,,,47,47,
2,0,01.4,Damarcus Harrison with a lost ball turnover: Lost Ball,110531,,true,false,false,Damarcus,,Harrison,,Clem,,67,65,10,9,0,,,,,6,,2,Lost Ball,7,Turnover,,,,10,10,
2,0,00,Josh Newkirk makes a jump shot from 14 feet out.,120759,,true,false,false,Josh,,Newkirk,,Pitt,,67,67,10,9,1,,,,,4,2,45,Jump Shot,3,Field Goal Made,14,10.8,8.7,47,47,
2,0,00,End of the 2nd Half,,,false,false,false,,,,,,,67,67,10,9,0,,,,,0,,,,15,End Period,,,,10,10,
3,5,00,Start of the Overtime,,,false,false,false,,,,,,,67,67,10,9,0,,,,,0,,,,14,Start Period,,,,10,10,
3,4,33,Lamar Patterson makes a 3-point jump shot from 24 feet out. James Robinson with the assist.,88282,116087,true,true,false,Lamar,James,Patterson,Robinson,Pitt,Pitt,67,70,10,9,2,,,,,28,3,45,Jump Shot,3,Field Goal Made,24,-12.5,20.1,47,47,
3,4,11,Jaron Blossomgame misses a 3-point jump shot from 22 feet out.,116770,,true,false,false,Jaron,,Blossomgame,,Clem,,67,70,10,9,2,,,,,14,3,45,Jump Shot,4,Field Goal Missed,22,17.1,14.5,10,10,
3,4,11,Lamar Patterson with a defensive rebound.,88282,,true,false,false,Lamar,,Patterson,,Pitt,,67,70,10,9,2,,,,,28,,,,6,Defensive Rebound,,,,47,47,
3,3,47,Cameron Wright makes a layup shot. Michael Young with the assist.,97236,120761,true,true,false,Cameron,Michael,Wright,Young,Pitt,Pitt,67,72,10,9,4,,,,,10,2,40,Layup Shot,3,Field Goal Made,0,0,0,47,47,
3,3,22,K.J. McDaniels misses a 3-point jump shot from 23 feet out.,110089,,true,false,false,K.J.,,McDaniels,,Clem,,67,72,10,9,1,,,,,20,3,45,Jump Shot,4,Field Goal Missed,23,-20.2,11.1,10,10,
3,3,22,Talib Zanna with a defensive rebound.,88283,,true,false,false,Talib,,Zanna,,Pitt,,67,72,10,9,3,,,,,8,,,,6,Defensive Rebound,,,,47,47,
3,2,48,Cameron Wright makes a jump shot from 14 feet out. James Robinson with the assist.,97236,116087,true,true,false,Cameron,James,Wright,Robinson,Pitt,Pitt,67,74,10,9,4,,,,,12,2,45,Jump Shot,3,Field Goal Made,14,-4.3,13.2,47,47,
3,2,37,Clem take a 20-second timeout.,,,false,false,false,,,,,,,67,74,10,9,0,,,,,0,,2,Short,11,Timeout,,,,10,10,
3,2,33,Shooting foul committed by Lamar Patterson.,88282,,true,false,false,Lamar,,Patterson,,Pitt,,67,74,11,9,3,,,,,28,,2,Shooting,8,Foul,,,,47,47,
3,2,33,K.J. McDaniels makes free throw 1 of 2.,110089,,true,false,false,K.J.,,McDaniels,,Clem,,68,74,11,9,1,,,,,21,1,11,Free Throw 1 of 2,1,Free Throw Made,,,,10,10,
3,2,33,K.J. McDaniels makes free throw 2 of 2.,110089,,true,false,false,K.J.,,McDaniels,,Clem,,69,74,11,9,1,,,,,22,1,12,Free Throw 2 of 2,1,Free Throw Made,,,,10,10,
3,2,17,James Robinson misses a layup shot.,116087,,true,false,false,James,,Robinson,,Pitt,,69,74,11,9,1,,,,,8,2,40,Layup Shot,4,Field Goal Missed,0,0,0,47,47,
3,2,17,Michael Young with an offensive rebound.,120761,,true,false,false,Michael,,Young,,Pitt,,69,74,11,9,0,,,,,7,,,,5,Offensive Rebound,,,,47,47,
3,2,15,Michael Young misses a layup shot.,120761,,true,false,false,Michael,,Young,,Pitt,,69,74,11,9,0,,,,,7,2,40,Layup Shot,4,Field Goal Missed,0,0,0,47,47,
3,2,15,Pitt with an offensive rebound.,,,false,false,false,,,,,,,69,74,11,9,0,,,,,0,,,,5,Offensive Rebound,,,,47,47,
3,1,53,Talib Zanna makes a layup shot. Lamar Patterson with the assist.,88283,88282,true,true,false,Talib,Lamar,Zanna,Patterson,Pitt,Pitt,69,76,11,9,3,,,,,10,2,40,Layup Shot,3,Field Goal Made,0,0,0,47,47,
3,1,34,Jaron Blossomgame misses a jump shot from 11 feet out.,116770,,true,false,false,Jaron,,Blossomgame,,Clem,,69,76,11,9,2,,,,,14,2,45,Jump Shot,4,Field Goal Missed,11,-3.7,9.9,10,10,
3,1,34,Michael Young with a defensive rebound.,120761,,true,false,false,Michael,,Young,,Pitt,,69,76,11,9,0,,,,,7,,,,6,Defensive Rebound,,,,47,47,
3,1,12,Personal foul committed by Rod Hall.,110088,,true,false,false,Rod,,Hall,,Clem,,69,76,11,10,1,,,,,5,,1,Personal,8,Foul,,,,10,10,
3,1,12,James Robinson misses free throw 1 of 2.,116087,,true,false,false,James,,Robinson,,Pitt,,69,76,11,10,1,,,,,8,1,11,Free Throw 1 of 2,2,Free Throw Missed,,,,47,47,
3,1,12,Pitt with an offensive rebound.,,,false,false,false,,,,,,,69,76,11,10,0,,,,,0,,,,5,Offensive Rebound,,,,47,47,
3,1,12,James Robinson makes free throw 2 of 2.,116087,,true,false,false,James,,Robinson,,Pitt,,69,77,11,10,1,,,,,9,1,12,Free Throw 2 of 2,1,Free Throw Made,,,,47,47,
3,1,00,Shooting foul committed by Talib Zanna.,88283,,true,false,false,Talib,,Zanna,,Pitt,,69,77,12,10,4,,,,,10,,2,Shooting,8,Foul,,,,47,47,
3,1,00,K.J. McDaniels makes free throw 1 of 2.,110089,,true,false,false,K.J.,,McDaniels,,Clem,,70,77,12,10,1,,,,,23,1,11,Free Throw 1 of 2,1,Free Throw Made,,,,10,10,
3,1,00,K.J. McDaniels makes free throw 2 of 2.,110089,,true,false,false,K.J.,,McDaniels,,Clem,,71,77,12,10,1,,,,,24,1,12,Free Throw 2 of 2,1,Free Throw Made,,,,10,10,
3,0,58.0,Personal foul committed by K.J. McDaniels.,110089,,true,false,false,K.J.,,McDaniels,,Clem,,71,77,12,11,2,,,,,24,,1,Personal,8,Foul,,,,10,10,
3,0,58.0,Michael Young misses free throw 1 of 2.,120761,,true,false,false,Michael,,Young,,Pitt,,71,77,12,11,0,,,,,7,1,11,Free Throw 1 of 2,2,Free Throw Missed,,,,47,47,
3,0,58.0,Pitt with an offensive rebound.,,,false,false,false,,,,,,,71,77,12,11,0,,,,,0,,,,5,Offensive Rebound,,,,47,47,
3,0,58.0,Michael Young misses free throw 2 of 2.,120761,,true,false,false,Michael,,Young,,Pitt,,71,77,12,11,0,,,,,7,1,12,Free Throw 2 of 2,2,Free Throw Missed,,,,47,47,
3,0,58.0,K.J. McDaniels with a defensive rebound.,110089,,true,false,false,K.J.,,McDaniels,,Clem,,71,77,12,11,2,,,,,24,,,,6,Defensive Rebound,,,,10,10,
3,0,49.6,Rod Hall makes a 3-point jump shot from 24 feet out. K.J. McDaniels with the assist.,110088,110089,true,true,false,Rod,K.J.,Hall,McDaniels,Clem,Clem,74,77,12,11,1,,,,,8,3,45,Jump Shot,3,Field Goal Made,24,9.8,21.5,10,10,
3,0,44.5,Personal foul committed by Austin Ajukwa.,120591,,true,false,false,Austin,,Ajukwa,,Clem,,74,77,12,12,3,,,,,6,,1,Personal,8,Foul,,,,10,10,
3,0,44.5,Lamar Patterson makes free throw 1 of 2.,88282,,true,false,false,Lamar,,Patterson,,Pitt,,74,78,12,12,3,,,,,29,1,11,Free Throw 1 of 2,1,Free Throw Made,,,,47,47,
3,0,44.5,Lamar Patterson makes free throw 2 of 2.,88282,,true,false,false,Lamar,,Patterson,,Pitt,,74,79,12,12,3,,,,,30,1,12,Free Throw 2 of 2,1,Free Throw Made,,,,47,47,
3,0,38.6,Rod Hall misses a 3-point jump shot from 26 feet out.,110088,,true,false,false,Rod,,Hall,,Clem,,74,79,12,12,1,,,,,8,3,45,Jump Shot,4,Field Goal Missed,26,12,23,10,10,
3,0,38.6,Lamar Patterson with a defensive rebound.,88282,,true,false,false,Lamar,,Patterson,,Pitt,,74,79,12,12,3,,,,,30,,,,6,Defensive Rebound,,,,47,47,
3,0,29.8,Personal foul committed by Landry Nnoko.,116772,,true,false,false,Landry,,Nnoko,,Clem,,74,79,12,13,3,,,,,4,,1,Personal,8,Foul,,,,10,10,
3,0,29.8,Cameron Wright makes free throw 1 of 2.,97236,,true,false,false,Cameron,,Wright,,Pitt,,74,80,12,13,4,,,,,13,1,11,Free Throw 1 of 2,1,Free Throw Made,,,,47,47,
3,0,29.8,Cameron Wright makes free throw 2 of 2.,97236,,true,false,false,Cameron,,Wright,,Pitt,,74,81,12,13,4,,,,,14,1,12,Free Throw 2 of 2,1,Free Throw Made,,,,47,47,
3,0,22.6,Shooting foul committed by Talib Zanna.,88283,,true,false,false,Talib,,Zanna,,Pitt,,74,81,13,13,5,,,,,10,,2,Shooting,8,Foul,,,,47,47,
3,0,22.6,Rod Hall makes free throw 1 of 2.,110088,,true,false,false,Rod,,Hall,,Clem,,75,81,13,13,1,,,,,9,1,11,Free Throw 1 of 2,1,Free Throw Made,,,,10,10,
3,0,22.6,Rod Hall makes free throw 2 of 2.,110088,,true,false,false,Rod,,Hall,,Clem,,76,81,13,13,1,,,,,10,1,12,Free Throw 2 of 2,1,Free Throw Made,,,,10,10,
3,0,21.0,Lamar Patterson with a lost ball turnover: Lost Ball,88282,,true,false,false,Lamar,,Patterson,,Pitt,,76,81,13,13,3,,,,,30,,2,Lost Ball,7,Turnover,,,,47,47,
3,0,18.4,Rod Hall makes a layup shot.,110088,,true,false,false,Rod,,Hall,,Clem,,78,81,13,13,1,,,,,12,2,40,Layup Shot,3,Field Goal Made,0,0,0,10,10,
3,0,17.1,Personal foul committed by K.J. McDaniels.,110089,,true,false,false,K.J.,,McDaniels,,Clem,,78,81,13,14,3,,,,,24,,1,Personal,8,Foul,,,,10,10,
3,0,17.1,Cameron Wright makes free throw 1 of 2.,97236,,true,false,false,Cameron,,Wright,,Pitt,,78,82,13,14,4,,,,,15,1,11,Free Throw 1 of 2,1,Free Throw Made,,,,47,47,
3,0,17.1,Cameron Wright makes free throw 2 of 2.,97236,,true,false,false,Cameron,,Wright,,Pitt,,78,83,13,14,4,,,,,16,1,12,Free Throw 2 of 2,1,Free Throw Made,,,,47,47,
3,0,08.2,Jordan Roper misses a 3-point jump shot from 23 feet out.,116773,,true,false,false,Jordan,,Roper,,Clem,,78,83,13,14,3,,,,,12,3,45,Jump Shot,4,Field Goal Missed,23,2.5,23,10,10,
3,0,08.2,Michael Young with a defensive rebound.,120761,,true,false,false,Michael,,Young,,Pitt,,78,83,13,14,0,,,,,7,,,,6,Defensive Rebound,,,,47,47,
3,0,00,End of the Overtime,,,false,false,false,,,,,,,78,83,13,14,0,,,,,0,,,,15,End Period,,,,10,10,
3,0,00,End of the Game,,,false,false,false,,,,,,,78,83,13,14,0,,,,,0,,,,19,Game Over,,,,10,10,
