half,time-minutes,time-seconds,details,player1-id,player2-id,player1-linkable,player2-linkable,player3-linkable,player-first-name-1,player-first-name-2,player-last-name-1,player-last-name-2,player-team-alias-1,player-team-alias-2,home-score,visitor-score,visitor-fouls,home-fouls,player-fouls,fastbreak,in-paint,second-chance,off-turnover,player-score,points-type,detail-id,detail-desc,event-id,event-desc,distance,x-coord,y-coord,team-id-1,team-id-2,team-id-3
1,20,00,Start of the 1st Half,,,false,false,false,,,,,,,0,0,0,0,0,,,,,0,,,,14,Start Period,,,,17,17,
1,19,43,Amile Jefferson makes a layup shot. Rodney Hood with the assist.,116520,109781,true,true,false,Amile,Rodney,Jefferson,Hood,Duke,Duke,0,2,0,0,0,,,,,2,2,40,Layup Shot,3,Field Goal Made,0,0,0,11,11,
1,19,12,Mike Tobey makes a jump shot from 10 feet out.,116698,,true,false,false,Mike,,Tobey,,UVa,,2,2,0,0,0,,,,,2,2,45,Jump Shot,3,Field Goal Made,10,-9.1,3.5,17,17,
1,18,55,Amile Jefferson misses a hook shot from 8 feet out.,116520,,true,false,false,Amile,,Jefferson,,Duke,,2,2,0,0,0,,,,,2,2,55,Hook Shot,4,Field Goal Missed,8,-.1,7.9,11,11,
1,18,55,Mike Tobey with a defensive rebound.,116698,,true,false,false,Mike,,Tobey,,UVa,,2,2,0,0,0,,,,,2,,,,6,Defensive Rebound,,,,17,17,
1,18,24,Malcolm Brogdon makes a 3-point jump shot from 25 feet out. London Perrantes with the assist.,109418,120610,true,true,false,Malcolm,London,Brogdon,Perrantes,UVa,UVa,5,2,0,0,0,,,,,3,3,45,Jump Shot,3,Field Goal Made,25,10.5,22.9,17,17,
1,18,04,Jabari Parker misses a layup shot.,121033,,true,false,false,Jabari,,Parker,,Duke,,5,2,0,0,0,,,,,0,2,40,Layup Shot,4,Field Goal Missed,0,0,0,11,11,
1,18,04,Akil Mitchell with a defensive rebound.,97111,,true,false,false,Akil,,Mitchell,,UVa,,5,2,0,0,0,,,,,0,,,,6,Defensive Rebound,,,,17,17,
1,17,51,Joe Harris misses a 3-point jump shot from 25 feet out.,97108,,true,false,false,Joe,,Harris,,UVa,,5,2,0,0,0,,,,,0,3,45,Jump Shot,4,Field Goal Missed,25,-21.7,12,17,17,
1,17,51,Tyler Thornton with a defensive rebound.,97330,,true,false,false,Tyler,,Thornton,,Duke,,5,2,0,0,0,,,,,0,,,,6,Defensive Rebound,,,,11,11,
1,17,44,Rasheed Sulaimon misses a jump shot from 12 feet out.,116519,,true,false,false,Rasheed,,Sulaimon,,Duke,,5,2,0,0,0,,,,,0,2,45,Jump Shot,4,Field Goal Missed,12,11.3,2.8,11,11,
1,17,44,Akil Mitchell with a defensive rebound.,97111,,true,false,false,Akil,,Mitchell,,UVa,,5,2,0,0,0,,,,,0,,,,6,Defensive Rebound,,,,17,17,
1,17,18,Mike Tobey makes a jump shot from 13 feet out.,116698,,true,false,false,Mike,,Tobey,,UVa,,7,2,0,0,0,,,,,4,2,45,Jump Shot,3,Field Goal Made,13,.3,12.7,17,17,
1,17,02,Rodney Hood misses a jump shot from 14 feet out.,109781,,true,false,false,Rodney,,Hood,,Duke,,7,2,0,0,0,,,,,0,2,45,Jump Shot,4,Field Goal Missed,14,2.3,13.3,11,11,
1,17,02,Akil Mitchell with a defensive rebound.,97111,,true,false,false,Akil,,Mitchell,,UVa,,7,2,0,0,0,,,,,0,,,,6,Defensive Rebound,,,,17,17,
1,16,32,Malcolm Brogdon misses a jump shot from 8 feet out.,109418,,true,false,false,Malcolm,,Brogdon,,UVa,,7,2,0,0,0,,,,,3,2,45,Jump Shot,4,Field Goal Missed,8,-.1,7.9,17,17,
1,16,32,Malcolm Brogdon with an offensive rebound.,109418,,true,false,false,Malcolm,,Brogdon,,UVa,,7,2,0,0,0,,,,,3,,,,5,Offensive Rebound,,,,17,17,
1,16,25,Malcolm Brogdon makes a tip shot from 3 feet out.,109418,,true,false,false,Malcolm,,Brogdon,,UVa,,9,2,0,0,0,,,,,5,2,53,Tip Shot,3,Field Goal Made,3,2.3,2.5,17,17,
1,16,11,Personal foul committed by Mike Tobey.,116698,,true,false,false,Mike,,Tobey,,UVa,,9,2,0,1,1,,,,,4,,1,Personal,8,Foul,,,,17,17,
1,15,57,Amile Jefferson makes a layup shot. Rasheed Sulaimon with the assist.,116520,116519,true,true,false,Amile,Rasheed,Jefferson,Sulaimon,Duke,Duke,9,4,0,1,0,,,,,4,2,40,Layup Shot,3,Field Goal Made,0,0,0,11,11,
1,15,37,Malcolm Brogdon misses a jump shot from 20 feet out.,109418,,true,false,false,Malcolm,,Brogdon,,UVa,,9,4,0,1,0,,,,,5,2,45,Jump Shot,4,Field Goal Missed,20,10.3,17.3,17,17,
1,15,37,Duke with a defensive rebound.,,,false,false,false,,,,,,,9,4,0,1,0,,,,,0,,,,6,Defensive Rebound,,,,11,11,
1,15,34,Official TV timeout.,,,false,false,false,,,,,,,9,4,0,1,0,,,,,0,,3,Official TV,11,Timeout,,,,17,17,
1,15,04,Jabari Parker misses a jump shot from 11 feet out.,121033,,true,false,false,Jabari,,Parker,,Duke,,9,4,0,1,0,,,,,0,2,45,Jump Shot,4,Field Goal Missed,11,-7.7,8.4,11,11,
1,15,04,London Perrantes with a defensive rebound.,120610,,true,false,false,London,,Perrantes,,UVa,,9,4,0,1,0,,,,,0,,,,6,Defensive Rebound,,,,17,17,
1,14,43,Malcolm Brogdon makes a 3-point jump shot from 25 feet out. Joe Harris with the assist.,109418,97108,true,true,false,Malcolm,Joe,Brogdon,Harris,UVa,UVa,12,4,0,1,0,,,,,8,3,45,Jump Shot,3,Field Goal Made,25,.3,25.1,17,17,
1,14,29,Offensive foul committed by Tyler Thornton.,97330,,true,false,false,Tyler,,Thornton,,Duke,,12,4,1,1,1,,,,,0,,4,Offensive,8,Foul,,,,11,11,
1,14,29,Tyler Thornton with a  turnover:,97330,,true,false,false,Tyler,,Thornton,,Duke,,12,4,1,1,1,,,,,0,,,,7,Turnover,,,,11,11,
1,14,12,Joe Harris misses a 3-point jump shot from 24 feet out.,97108,,true,false,false,Joe,,Harris,,UVa,,12,4,1,1,0,,,,,0,3,45,Jump Shot,4,Field Goal Missed,24,-17.8,15.7,17,17,
1,14,12,Akil Mitchell with an offensive rebound.,97111,,true,false,false,Akil,,Mitchell,,UVa,,12,4,1,1,0,,,,,0,,,,5,Offensive Rebound,,,,17,17,
1,13,49,Anthony Gill misses a jump shot from 12 feet out.,109947,,true,false,false,Anthony,,Gill,,UVa,,12,4,1,1,0,,,,,0,2,45,Jump Shot,4,Field Goal Missed,12,-12,2.3,17,17,
1,13,49,Justin Anderson with an offensive rebound.,116701,,true,false,false,Justin,,Anderson,,UVa,,12,4,1,1,0,,,,,0,,,,5,Offensive Rebound,,,,17,17,
1,13,26,Personal foul committed by Jabari Parker.,121033,,true,false,false,Jabari,,Parker,,Duke,,12,4,2,1,1,,,,,0,,1,Personal,8,Foul,,,,11,11,
1,13,17,Joe Harris misses a jump shot from 7 feet out.,97108,,true,false,false,Joe,,Harris,,UVa,,12,4,2,1,0,,,,,0,2,45,Jump Shot,4,Field Goal Missed,7,-6.5,3.6,17,17,
1,13,17,Rodney Hood with a defensive rebound.,109781,,true,false,false,Rodney,,Hood,,Duke,,12,4,2,1,0,,,,,0,,,,6,Defensive Rebound,,,,11,11,
1,13,15,Rodney Hood with a traveling turnover: Traveling,109781,,true,false,false,Rodney,,Hood,,Duke,,12,4,2,1,0,,,,,0,,4,Traveling,7,Turnover,,,,11,11,
1,12,48,Malcolm Brogdon misses a jump shot from 9 feet out.,109418,,true,false,false,Malcolm,,Brogdon,,UVa,,12,4,2,1,0,,,,,8,2,45,Jump Shot,4,Field Goal Missed,9,6.5,5.5,17,17,
1,12,48,Anthony Gill with an offensive rebound.,109947,,true,false,false,Anthony,,Gill,,UVa,,12,4,2,1,0,,,,,0,,,,5,Offensive Rebound,,,,17,17,
1,12,48,Shooting foul committed by Marshall Plumlee.,109415,,true,false,false,Marshall,,Plumlee,,Duke,,12,4,3,1,1,,,,,0,,2,Shooting,8,Foul,,,,11,11,
1,12,48,Anthony Gill misses free throw 1 of 2.,109947,,true,false,false,Anthony,,Gill,,UVa,,12,4,3,1,0,,,,,0,1,11,Free Throw 1 of 2,2,Free Throw Missed,,,,17,17,
1,12,48,UVa with an offensive rebound.,,,false,false,false,,,,,,,12,4,3,1,0,,,,,0,,,,5,Offensive Rebound,,,,17,17,
1,12,48,Anthony Gill makes free throw 2 of 2.,109947,,true,false,false,Anthony,,Gill,,UVa,,13,4,3,1,0,,,,,1,1,12,Free Throw 2 of 2,1,Free Throw Made,,,,17,17,
1,12,40,Personal foul committed by Justin Anderson.,116701,,true,false,false,Justin,,Anderson,,UVa,,13,4,3,2,1,,,,,0,,1,Personal,8,Foul,,,,17,17,
1,12,25,Marshall Plumlee misses a layup shot.,109415,,true,false,false,Marshall,,Plumlee,,Duke,,13,4,3,2,1,,,,,0,2,40,Layup Shot,4,Field Goal Missed,0,0,0,11,11,
1,12,25,Jabari Parker with an offensive rebound.,121033,,true,false,false,Jabari,,Parker,,Duke,,13,4,3,2,1,,,,,0,,,,5,Offensive Rebound,,,,11,11,
1,12,22,Jabari Parker misses a layup shot.,121033,,true,false,false,Jabari,,Parker,,Duke,,13,4,3,2,1,,,,,0,2,40,Layup Shot,4,Field Goal Missed,0,0,0,11,11,
1,12,22,Duke with an offensive rebound.,,,false,false,false,,,,,,,13,4,3,2,0,,,,,0,,,,5,Offensive Rebound,,,,11,11,
1,12,18,Jabari Parker misses a layup shot.,121033,,true,false,false,Jabari,,Parker,,Duke,,13,4,3,2,1,,,,,0,2,40,Layup Shot,4,Field Goal Missed,0,0,0,11,11,
1,12,18,Jabari Parker with an offensive rebound.,121033,,true,false,false,Jabari,,Parker,,Duke,,13,4,3,2,1,,,,,0,,,,5,Offensive Rebound,,,,11,11,
1,12,18,Jabari Parker makes a layup shot.,121033,,true,false,false,Jabari,,Parker,,Duke,,13,6,3,2,1,,,,,2,2,40,Layup Shot,3,Field Goal Made,0,0,0,11,11,
1,12,18,Shooting foul committed by Darion Atkins.,109419,,true,false,false,Darion,,Atkins,,UVa,,13,6,3,3,1,,,,,0,,2,Shooting,8,Foul,,,,17,17,
1,12,18,Jabari Parker makes free throw 1 of 1.,121033,,true,false,false,Jabari,,Parker,,Duke,,13,7,3,3,1,,,,,3,1,10,Free Throw 1 of 1,1,Free Throw Made,,,,11,11,
1,12,02,Justin Anderson with a lost ball turnover: Lost Ball,116701,,true,false,false,Justin,,Anderson,,UVa,,13,7,3,3,1,,,,,0,,2,Lost Ball,7,Turnover,,,,17,17,
1,11,57,Rodney Hood misses a layup shot.,109781,,true,false,false,Rodney,,Hood,,Duke,,13,7,3,3,0,,,,,0,2,40,Layup Shot,4,Field Goal Missed,0,0,0,11,11,
1,11,57,Duke with an offensive rebound.,,,false,false,false,,,,,,,13,7,3,3,0,,,,,0,,,,5,Offensive Rebound,,,,11,11,
1,11,57,Official TV timeout.,,,false,false,false,,,,,,,13,7,3,3,0,,,,,0,,3,Official TV,11,Timeout,,,,17,17,
1,11,48,Rodney Hood misses a jump shot from 8 feet out.,109781,,true,false,false,Rodney,,Hood,,Duke,,13,7,3,3,0,,,,,0,2,45,Jump Shot,4,Field Goal Missed,8,-.1,7.7,11,11,
1,11,48,Anthony Gill with a defensive rebound.,109947,,true,false,false,Anthony,,Gill,,UVa,,13,7,3,3,0,,,,,1,,,,6,Defensive Rebound,,,,17,17,
1,11,39,Personal foul committed by Tyler Thornton.,97330,,true,false,false,Tyler,,Thornton,,Duke,,13,7,4,3,2,,,,,0,,1,Personal,8,Foul,,,,11,11,
1,11,20,Anthony Gill misses a layup shot.,109947,,true,false,false,Anthony,,Gill,,UVa,,13,7,4,3,0,,,,,1,2,40,Layup Shot,4,Field Goal Missed,0,0,0,17,17,
1,11,20,Mike Tobey with an offensive rebound.,116698,,true,false,false,Mike,,Tobey,,UVa,,13,7,4,3,1,,,,,4,,,,5,Offensive Rebound,,,,17,17,
1,11,16,Mike Tobey makes a layup shot.,116698,,true,false,false,Mike,,Tobey,,UVa,,15,7,4,3,1,,,,,6,2,40,Layup Shot,3,Field Goal Made,0,0,0,17,17,
1,10,46,Quinn Cook misses a layup shot.,109412,,true,false,false,Quinn,,Cook,,Duke,,15,7,4,3,0,,,,,0,2,40,Layup Shot,4,Field Goal Missed,0,0,0,11,11,
1,10,46,Josh Hairston with an offensive rebound.,97328,,true,false,false,Josh,,Hairston,,Duke,,15,7,4,3,0,,,,,0,,,,5,Offensive Rebound,,,,11,11,
1,10,44,Josh Hairston misses a tip shot from 5 feet out.,97328,,true,false,false,Josh,,Hairston,,Duke,,15,7,4,3,0,,,,,0,2,53,Tip Shot,4,Field Goal Missed,5,2.1,4.3,11,11,
1,10,44,UVa with a defensive rebound.,,,false,false,false,,,,,,,15,7,4,3,0,,,,,0,,,,6,Defensive Rebound,,,,17,17,
1,10,44,Personal foul committed by Josh Hairston.,97328,,true,false,false,Josh,,Hairston,,Duke,,15,7,5,3,1,,,,,0,,1,Personal,8,Foul,,,,11,11,
1,10,26,Shooting foul committed by Amile Jefferson.,116520,,true,false,false,Amile,,Jefferson,,Duke,,15,7,6,3,1,,,,,4,,2,Shooting,8,Foul,,,,11,11,
1,10,26,Anthony Gill makes free throw 1 of 2.,109947,,true,false,false,Anthony,,Gill,,UVa,,16,7,6,3,0,,,,,2,1,11,Free Throw 1 of 2,1,Free Throw Made,,,,17,17,
1,10,26,Anthony Gill misses free throw 2 of 2.,109947,,true,false,false,Anthony,,Gill,,UVa,,16,7,6,3,0,,,,,2,1,12,Free Throw 2 of 2,2,Free Throw Missed,,,,17,17,
1,10,26,Jabari Parker with a defensive rebound.,121033,,true,false,false,Jabari,,Parker,,Duke,,16,7,6,3,1,,,,,3,,,,6,Defensive Rebound,,,,11,11,
1,10,10,Personal foul committed by Joe Harris.,97108,,true,false,false,Joe,,Harris,,UVa,,16,7,6,4,1,,,,,0,,1,Personal,8,Foul,,,,17,17,
1,9,57,Rodney Hood misses a layup shot.,109781,,true,false,false,Rodney,,Hood,,Duke,,16,7,6,4,0,,,,,0,2,40,Layup Shot,4,Field Goal Missed,0,0,0,11,11,
1,9,57,Akil Mitchell with a defensive rebound.,97111,,true,false,false,Akil,,Mitchell,,UVa,,16,7,6,4,0,,,,,0,,,,6,Defensive Rebound,,,,17,17,
1,9,37,Mike Tobey misses a jump shot from 15 feet out.,116698,,true,false,false,Mike,,Tobey,,UVa,,16,7,6,4,1,,,,,6,2,45,Jump Shot,4,Field Goal Missed,15,-4.7,14.5,17,17,
1,9,37,Amile Jefferson with a defensive rebound.,116520,,true,false,false,Amile,,Jefferson,,Duke,,16,7,6,4,1,,,,,4,,,,6,Defensive Rebound,,,,11,11,
1,9,18,Jabari Parker misses a jump shot from 8 feet out.,121033,,true,false,false,Jabari,,Parker,,Duke,,16,7,6,4,1,,,,,3,2,45,Jump Shot,4,Field Goal Missed,8,-4.3,6.5,11,11,
1,9,18,Amile Jefferson with an offensive rebound.,116520,,true,false,false,Amile,,Jefferson,,Duke,,16,7,6,4,1,,,,,4,,,,5,Offensive Rebound,,,,11,11,
1,9,14,Amile Jefferson misses a tip shot from 4 feet out.,116520,,true,false,false,Amile,,Jefferson,,Duke,,16,7,6,4,1,,,,,4,2,53,Tip Shot,4,Field Goal Missed,4,-.1,3.6,11,11,
1,9,14,Duke with an offensive rebound.,,,false,false,false,,,,,,,16,7,6,4,0,,,,,0,,,,5,Offensive Rebound,,,,11,11,
1,8,55,Jabari Parker misses a 3-point jump shot from 25 feet out.,121033,,true,false,false,Jabari,,Parker,,Duke,,16,7,6,4,1,,,,,3,3,45,Jump Shot,4,Field Goal Missed,25,-17.9,17.6,11,11,
1,8,55,Quinn Cook with an offensive rebound.,109412,,true,false,false,Quinn,,Cook,,Duke,,16,7,6,4,0,,,,,0,,,,5,Offensive Rebound,,,,11,11,
1,8,51,Rodney Hood makes a 3-point jump shot from 26 feet out. Quinn Cook with the assist.,109781,109412,true,true,false,Rodney,Quinn,Hood,Cook,Duke,Duke,16,10,6,4,0,,,,,3,3,45,Jump Shot,3,Field Goal Made,26,5.4,25.4,11,11,
1,8,28,Personal foul committed by Rasheed Sulaimon.,116519,,true,false,false,Rasheed,,Sulaimon,,Duke,,16,10,7,4,1,,,,,0,,1,Personal,8,Foul,,,,11,11,
1,8,28,Malcolm Brogdon makes free throw 1st of 1-and-1.,109418,,true,false,false,Malcolm,,Brogdon,,UVa,,17,10,7,4,0,,,,,9,1,8,Free Throw 1st of 1-and-1,1,Free Throw Made,,,,17,17,
1,8,28,Malcolm Brogdon misses free throw 2nd of 1-and-1.,109418,,true,false,false,Malcolm,,Brogdon,,UVa,,17,10,7,4,0,,,,,9,1,9,Free Throw 2nd of 1-and-1,2,Free Throw Missed,,,,17,17,
1,8,28,Rasheed Sulaimon with a defensive rebound.,116519,,true,false,false,Rasheed,,Sulaimon,,Duke,,17,10,7,4,1,,,,,0,,,,6,Defensive Rebound,,,,11,11,
1,8,04,Amile Jefferson makes a layup shot.,116520,,true,false,false,Amile,,Jefferson,,Duke,,17,12,7,4,1,,,,,6,2,40,Layup Shot,3,Field Goal Made,0,0,0,11,11,
1,7,35,London Perrantes misses a jump shot from 20 feet out.,120610,,true,false,false,London,,Perrantes,,UVa,,17,12,7,4,0,,,,,0,2,45,Jump Shot,4,Field Goal Missed,20,-17.4,10.4,17,17,
1,7,35,Rasheed Sulaimon with a defensive rebound.,116519,,true,false,false,Rasheed,,Sulaimon,,Duke,,17,12,7,4,1,,,,,0,,,,6,Defensive Rebound,,,,11,11,
1,7,26,Jabari Parker misses a 3-point jump shot from 23 feet out.,121033,,true,false,false,Jabari,,Parker,,Duke,,17,12,7,4,1,,,,,3,3,45,Jump Shot,4,Field Goal Missed,23,-10.1,20.5,11,11,
1,7,26,Akil Mitchell with a defensive rebound.,97111,,true,false,false,Akil,,Mitchell,,UVa,,17,12,7,4,0,,,,,0,,,,6,Defensive Rebound,,,,17,17,
1,7,01,London Perrantes misses a 3-point jump shot from 24 feet out.,120610,,true,false,false,London,,Perrantes,,UVa,,17,12,7,4,0,,,,,0,3,45,Jump Shot,4,Field Goal Missed,24,13.4,19.5,17,17,
1,7,01,Rasheed Sulaimon with a defensive rebound.,116519,,true,false,false,Rasheed,,Sulaimon,,Duke,,17,12,7,4,1,,,,,0,,,,6,Defensive Rebound,,,,11,11,
1,6,51,Rasheed Sulaimon with a lost ball turnover: Lost Ball,116519,,true,false,false,Rasheed,,Sulaimon,,Duke,,17,12,7,4,1,,,,,0,,2,Lost Ball,7,Turnover,,,,11,11,
1,6,51,Personal foul committed by Rasheed Sulaimon.,116519,,true,false,false,Rasheed,,Sulaimon,,Duke,,17,12,8,4,2,,,,,0,,1,Personal,8,Foul,,,,11,11,
1,6,51,Official TV timeout.,,,false,false,false,,,,,,,17,12,8,4,0,,,,,0,,3,Official TV,11,Timeout,,,,17,17,
1,6,22,Akil Mitchell misses a jump shot from 18 feet out.,97111,,true,false,false,Akil,,Mitchell,,UVa,,17,12,8,4,0,,,,,0,2,45,Jump Shot,4,Field Goal Missed,18,-14.9,11,17,17,
1,6,22,Quinn Cook with a defensive rebound.,109412,,true,false,false,Quinn,,Cook,,Duke,,17,12,8,4,0,,,,,0,,,,6,Defensive Rebound,,,,11,11,
1,6,00,Rodney Hood misses a jump shot from 6 feet out.,109781,,true,false,false,Rodney,,Hood,,Duke,,17,12,8,4,0,,,,,3,2,45,Jump Shot,4,Field Goal Missed,6,-.3,6.2,11,11,
1,6,00,Joe Harris with a defensive rebound.,97108,,true,false,false,Joe,,Harris,,UVa,,17,12,8,4,1,,,,,0,,,,6,Defensive Rebound,,,,17,17,
1,5,43,Anthony Gill with a lost ball turnover: Lost Ball,109947,,true,false,false,Anthony,,Gill,,UVa,,17,12,8,4,0,,,,,2,,2,Lost Ball,7,Turnover,,,,17,17,
1,5,32,Quinn Cook makes a layup shot. Tyler Thornton with the assist.,109412,97330,true,true,false,Quinn,Tyler,Cook,Thornton,Duke,Duke,17,14,8,4,0,,,,,2,2,40,Layup Shot,3,Field Goal Made,0,0,0,11,11,
1,5,11,Anthony Gill misses a layup shot.,109947,,true,false,false,Anthony,,Gill,,UVa,,17,14,8,4,0,,,,,2,2,40,Layup Shot,4,Field Goal Missed,0,0,0,17,17,
1,5,11,Rodney Hood with a defensive rebound.,109781,,true,false,false,Rodney,,Hood,,Duke,,17,14,8,4,0,,,,,3,,,,6,Defensive Rebound,,,,11,11,
1,4,56,Personal foul committed by London Perrantes.,120610,,true,false,false,London,,Perrantes,,UVa,,17,14,8,5,1,,,,,0,,1,Personal,8,Foul,,,,17,17,
1,4,53,Shooting foul committed by Akil Mitchell.,97111,,true,false,false,Akil,,Mitchell,,UVa,,17,14,8,6,1,,,,,0,,2,Shooting,8,Foul,,,,17,17,
1,4,53,Jabari Parker makes free throw 1 of 2.,121033,,true,false,false,Jabari,,Parker,,Duke,,17,15,8,6,1,,,,,4,1,11,Free Throw 1 of 2,1,Free Throw Made,,,,11,11,
1,4,53,Jabari Parker makes free throw 2 of 2.,121033,,true,false,false,Jabari,,Parker,,Duke,,17,16,8,6,1,,,,,5,1,12,Free Throw 2 of 2,1,Free Throw Made,,,,11,11,
1,4,28,Personal foul committed by Quinn Cook.,109412,,true,false,false,Quinn,,Cook,,Duke,,17,16,9,6,1,,,,,2,,1,Personal,8,Foul,,,,11,11,
1,4,28,London Perrantes makes free throw 1st of 1-and-1.,120610,,true,false,false,London,,Perrantes,,UVa,,18,16,9,6,1,,,,,1,1,8,Free Throw 1st of 1-and-1,1,Free Throw Made,,,,17,17,
1,4,28,London Perrantes makes free throw 2nd of 1-and-1.,120610,,true,false,false,London,,Perrantes,,UVa,,19,16,9,6,1,,,,,2,1,9,Free Throw 2nd of 1-and-1,1,Free Throw Made,,,,17,17,
1,3,54,Jabari Parker makes a 3-point jump shot from 23 feet out. Quinn Cook with the assist.,121033,109412,true,true,false,Jabari,Quinn,Parker,Cook,Duke,Duke,19,19,9,6,1,,,,,8,3,45,Jump Shot,3,Field Goal Made,23,-16,17,11,11,
1,3,31,Malcolm Brogdon misses a 3-point jump shot from 24 feet out.,109418,,true,false,false,Malcolm,,Brogdon,,UVa,,19,19,9,6,0,,,,,9,3,45,Jump Shot,4,Field Goal Missed,24,19,14,17,17,
1,3,31,Quinn Cook with a defensive rebound.,109412,,true,false,false,Quinn,,Cook,,Duke,,19,19,9,6,1,,,,,2,,,,6,Defensive Rebound,,,,11,11,
1,3,19,Jabari Parker misses a jump shot from 13 feet out.,121033,,true,false,false,Jabari,,Parker,,Duke,,19,19,9,6,1,,,,,8,2,45,Jump Shot,4,Field Goal Missed,13,9.1,9.8,11,11,
1,3,19,UVa with a defensive rebound.,,,false,false,false,,,,,,,19,19,9,6,0,,,,,0,,,,6,Defensive Rebound,,,,17,17,
1,3,17,Official TV timeout.,,,false,false,false,,,,,,,19,19,9,6,0,,,,,0,,3,Official TV,11,Timeout,,,,17,17,
1,3,03,Joe Harris makes a layup shot. London Perrantes with the assist.,97108,120610,true,true,false,Joe,London,Harris,Perrantes,UVa,UVa,21,19,9,6,1,,,,,2,2,40,Layup Shot,3,Field Goal Made,0,0,0,17,17,
1,2,44,Quinn Cook misses a 3-point jump shot from 24 feet out.,109412,,true,false,false,Quinn,,Cook,,Duke,,21,19,9,6,1,,,,,2,3,45,Jump Shot,4,Field Goal Missed,24,-19,14.9,11,11,
1,2,44,Akil Mitchell with a defensive rebound.,97111,,true,false,false,Akil,,Mitchell,,UVa,,21,19,9,6,1,,,,,0,,,,6,Defensive Rebound,,,,17,17,
1,2,23,Personal foul committed by Jabari Parker.,121033,,true,false,false,Jabari,,Parker,,Duke,,21,19,10,6,2,,,,,8,,1,Personal,8,Foul,,,,11,11,
1,2,23,Anthony Gill misses free throw 1 of 2.,109947,,true,false,false,Anthony,,Gill,,UVa,,21,19,10,6,0,,,,,2,1,11,Free Throw 1 of 2,2,Free Throw Missed,,,,17,17,
1,2,23,UVa with an offensive rebound.,,,false,false,false,,,,,,,21,19,10,6,0,,,,,0,,,,5,Offensive Rebound,,,,17,17,
1,2,23,Anthony Gill makes free throw 2 of 2.,109947,,true,false,false,Anthony,,Gill,,UVa,,22,19,10,6,0,,,,,3,1,12,Free Throw 2 of 2,1,Free Throw Made,,,,17,17,
1,2,08,Andre Dawkins with a lost ball turnover: Lost Ball,88970,,true,false,false,Andre,,Dawkins,,Duke,,22,19,10,6,0,,,,,0,,2,Lost Ball,7,Turnover,,,,11,11,
1,2,08,Personal foul committed by Andre Dawkins.,88970,,true,false,false,Andre,,Dawkins,,Duke,,22,19,11,6,1,,,,,0,,1,Personal,8,Foul,,,,11,11,
1,2,08,Akil Mitchell misses free throw 1 of 2.,97111,,true,false,false,Akil,,Mitchell,,UVa,,22,19,11,6,1,,,,,0,1,11,Free Throw 1 of 2,2,Free Throw Missed,,,,17,17,
1,2,08,UVa with an offensive rebound.,,,false,false,false,,,,,,,22,19,11,6,0,,,,,0,,,,5,Offensive Rebound,,,,17,17,
1,2,08,Akil Mitchell makes free throw 2 of 2.,97111,,true,false,false,Akil,,Mitchell,,UVa,,23,19,11,6,1,,,,,1,1,12,Free Throw 2 of 2,1,Free Throw Made,,,,17,17,
1,2,07,Duke take a 20-second timeout.,,,false,false,false,,,,,,,23,19,11,6,0,,,,,0,,2,Short,11,Timeout,,,,11,11,
1,2,07,Technical foul committed by Duke.,,,false,false,false,,,,,,,23,19,12,6,0,,,,,0,,11,Technical,8,Foul,,,,11,11,
1,2,07,London Perrantes makes free throw 1 of 2.,120610,,true,false,false,London,,Perrantes,,UVa,,24,19,12,6,1,,,,,3,1,11,Free Throw 1 of 2,1,Free Throw Made,,,,17,17,
1,2,07,London Perrantes makes free throw 2 of 2.,120610,,true,false,false,London,,Perrantes,,UVa,,25,19,12,6,1,,,,,4,1,12,Free Throw 2 of 2,1,Free Throw Made,,,,17,17,
1,1,53,Andre Dawkins makes a 3-point jump shot from 26 feet out. Quinn Cook with the assist.,88970,109412,true,true,false,Andre,Quinn,Dawkins,Cook,Duke,Duke,25,22,12,6,1,,,,,3,3,45,Jump Shot,3,Field Goal Made,26,16.1,19.8,11,11,
1,1,23,London Perrantes makes a 3-point jump shot from 22 feet out. Justin Anderson with the assist.,120610,116701,true,true,false,London,Justin,Perrantes,Anderson,UVa,UVa,28,22,12,6,1,,,,,7,3,45,Jump Shot,3,Field Goal Made,22,-22,4,17,17,
1,0,57.5,Rodney Hood makes a 3-point jump shot from 24 feet out.,109781,,true,false,false,Rodney,,Hood,,Duke,,28,25,12,6,0,,,,,6,3,45,Jump Shot,3,Field Goal Made,24,1.1,23.9,11,11,
1,0,38.3,Justin Anderson misses a jump shot from 14 feet out.,116701,,true,false,false,Justin,,Anderson,,UVa,,28,25,12,6,1,,,,,0,2,45,Jump Shot,4,Field Goal Missed,14,-.8,13.5,17,17,
1,0,38.3,Quinn Cook with a defensive rebound.,109412,,true,false,false,Quinn,,Cook,,Duke,,28,25,12,6,1,,,,,2,,,,6,Defensive Rebound,,,,11,11,
1,0,01.1,Rodney Hood misses a jump shot from 13 feet out.,109781,,true,false,false,Rodney,,Hood,,Duke,,28,25,12,6,0,,,,,6,2,45,Jump Shot,4,Field Goal Missed,13,-9.4,9.4,11,11,
1,0,01.1,London Perrantes with a defensive rebound.,120610,,true,false,false,London,,Perrantes,,UVa,,28,25,12,6,1,,,,,7,,,,6,Defensive Rebound,,,,17,17,
1,0,00,End of the 1st Half,,,false,false,false,,,,,,,28,25,12,6,0,,,,,0,,,,15,End Period,,,,17,17,
2,20,00,Start of the 2nd Half,,,false,false,false,,,,,,,28,25,0,0,0,,,,,0,,,,14,Start Period,,,,17,17,
2,19,27,London Perrantes with a lost ball turnover: Lost Ball,120610,,true,false,false,London,,Perrantes,,UVa,,28,25,0,0,1,,,,,7,,2,Lost Ball,7,Turnover,,,,17,17,
2,19,23,Shooting foul committed by Mike Tobey.,116698,,true,false,false,Mike,,Tobey,,UVa,,28,25,0,1,2,,,,,6,,2,Shooting,8,Foul,,,,17,17,
2,19,23,Amile Jefferson makes free throw 1 of 2.,116520,,true,false,false,Amile,,Jefferson,,Duke,,28,26,0,1,1,,,,,7,1,11,Free Throw 1 of 2,1,Free Throw Made,,,,11,11,
2,19,23,Amile Jefferson misses free throw 2 of 2.,116520,,true,false,false,Amile,,Jefferson,,Duke,,28,26,0,1,1,,,,,7,1,12,Free Throw 2 of 2,2,Free Throw Missed,,,,11,11,
2,19,23,Mike Tobey with a defensive rebound.,116698,,true,false,false,Mike,,Tobey,,UVa,,28,26,0,1,2,,,,,6,,,,6,Defensive Rebound,,,,17,17,
2,19,09,Malcolm Brogdon misses a layup shot.,109418,,true,false,false,Malcolm,,Brogdon,,UVa,,28,26,0,1,0,,,,,9,2,40,Layup Shot,4,Field Goal Missed,0,0,0,17,17,
2,19,09,UVa with an offensive rebound.,,,false,false,false,,,,,,,28,26,0,1,0,,,,,0,,,,5,Offensive Rebound,,,,17,17,
2,19,09,Personal foul committed by Tyler Thornton.,97330,,true,false,false,Tyler,,Thornton,,Duke,,28,26,1,1,3,,,,,0,,1,Personal,8,Foul,,,,11,11,
2,18,45,London Perrantes with a lost ball turnover: Lost Ball,120610,,true,false,false,London,,Perrantes,,UVa,,28,26,1,1,1,,,,,7,,2,Lost Ball,7,Turnover,,,,17,17,
2,18,38,Jabari Parker makes a jump shot from 18 feet out.,121033,,true,false,false,Jabari,,Parker,,Duke,,28,28,1,1,2,,,,,10,2,45,Jump Shot,3,Field Goal Made,18,-5.5,16.9,11,11,
2,18,05,Malcolm Brogdon misses a 3-point jump shot from 24 feet out.,109418,,true,false,false,Malcolm,,Brogdon,,UVa,,28,28,1,1,0,,,,,9,3,45,Jump Shot,4,Field Goal Missed,24,-16.6,16.7,17,17,
2,18,05,Rasheed Sulaimon with a defensive rebound.,116519,,true,false,false,Rasheed,,Sulaimon,,Duke,,28,28,1,1,2,,,,,0,,,,6,Defensive Rebound,,,,11,11,
2,18,01,Rasheed Sulaimon misses a layup shot.,116519,,true,false,false,Rasheed,,Sulaimon,,Duke,,28,28,1,1,2,,,,,0,2,40,Layup Shot,4,Field Goal Missed,0,0,0,11,11,
2,18,01,Duke with an offensive rebound.,,,false,false,false,,,,,,,28,28,1,1,0,,,,,0,,,,5,Offensive Rebound,,,,11,11,
2,17,56,Jabari Parker misses a jump shot from 18 feet out.,121033,,true,false,false,Jabari,,Parker,,Duke,,28,28,1,1,2,,,,,10,2,45,Jump Shot,4,Field Goal Missed,18,-6.2,16.6,11,11,
2,17,56,London Perrantes with a defensive rebound.,120610,,true,false,false,London,,Perrantes,,UVa,,28,28,1,1,1,,,,,7,,,,6,Defensive Rebound,,,,17,17,
2,17,46,Joe Harris makes a jump shot from 21 feet out. Malcolm Brogdon with the assist.,97108,109418,true,true,false,Joe,Malcolm,Harris,Brogdon,UVa,UVa,30,28,1,1,1,,,,,4,2,45,Jump Shot,3,Field Goal Made,21,-1.3,20.5,17,17,
2,17,09,Rasheed Sulaimon misses a jump shot from 8 feet out.,116519,,true,false,false,Rasheed,,Sulaimon,,Duke,,30,28,1,1,2,,,,,0,2,45,Jump Shot,4,Field Goal Missed,8,.4,8.1,11,11,
2,17,09,Akil Mitchell with a defensive rebound.,97111,,true,false,false,Akil,,Mitchell,,UVa,,30,28,1,1,1,,,,,1,,,,6,Defensive Rebound,,,,17,17,
2,16,58,Shooting foul committed by Tyler Thornton.,97330,,true,false,false,Tyler,,Thornton,,Duke,,30,28,2,1,4,,,,,0,,2,Shooting,8,Foul,,,,11,11,
2,16,58,Joe Harris makes free throw 1 of 2.,97108,,true,false,false,Joe,,Harris,,UVa,,31,28,2,1,1,,,,,5,1,11,Free Throw 1 of 2,1,Free Throw Made,,,,17,17,
2,16,58,Joe Harris misses free throw 2 of 2.,97108,,true,false,false,Joe,,Harris,,UVa,,31,28,2,1,1,,,,,5,1,12,Free Throw 2 of 2,2,Free Throw Missed,,,,17,17,
2,16,58,Duke with a defensive rebound.,,,false,false,false,,,,,,,31,28,2,1,0,,,,,0,,,,6,Defensive Rebound,,,,11,11,
2,16,41,Personal foul committed by Joe Harris.,97108,,true,false,false,Joe,,Harris,,UVa,,31,28,2,2,2,,,,,5,,1,Personal,8,Foul,,,,17,17,
2,16,34,Amile Jefferson makes a layup shot. Rodney Hood with the assist.,116520,109781,true,true,false,Amile,Rodney,Jefferson,Hood,Duke,Duke,31,30,2,2,1,,,,,9,2,40,Layup Shot,3,Field Goal Made,0,0,0,11,11,
2,16,16,Malcolm Brogdon makes a layup shot.,109418,,true,false,false,Malcolm,,Brogdon,,UVa,,33,30,2,2,0,,,,,11,2,40,Layup Shot,3,Field Goal Made,0,0,0,17,17,
2,15,57,Personal foul committed by Akil Mitchell.,97111,,true,false,false,Akil,,Mitchell,,UVa,,33,30,2,3,2,,,,,1,,1,Personal,8,Foul,,,,17,17,
2,15,57,Official TV timeout.,,,false,false,false,,,,,,,33,30,2,3,0,,,,,0,,3,Official TV,11,Timeout,,,,17,17,
2,15,51,Jabari Parker makes a jump shot from 10 feet out.,121033,,true,false,false,Jabari,,Parker,,Duke,,33,32,2,3,2,,,,,12,2,45,Jump Shot,3,Field Goal Made,10,4.2,9.6,11,11,
2,15,33,Joe Harris misses a 3-point jump shot from 23 feet out.,97108,,true,false,false,Joe,,Harris,,UVa,,33,32,2,3,2,,,,,5,3,45,Jump Shot,4,Field Goal Missed,23,-19.6,11.1,17,17,
2,15,33,Duke with a defensive rebound.,,,false,false,false,,,,,,,33,32,2,3,0,,,,,0,,,,6,Defensive Rebound,,,,11,11,
2,15,21,Jabari Parker makes a layup shot. Quinn Cook with the assist.,121033,109412,true,true,false,Jabari,Quinn,Parker,Cook,Duke,Duke,33,34,2,3,2,,,,,14,2,40,Layup Shot,3,Field Goal Made,0,0,0,11,11,
2,15,09,Malcolm Brogdon makes a jump shot from 14 feet out.,109418,,true,false,false,Malcolm,,Brogdon,,UVa,,35,34,2,3,0,,,,,13,2,45,Jump Shot,3,Field Goal Made,14,-.6,13.5,17,17,
2,14,55,Personal foul committed by Malcolm Brogdon.,109418,,true,false,false,Malcolm,,Brogdon,,UVa,,35,34,2,4,1,,,,,13,,1,Personal,8,Foul,,,,17,17,
2,14,51,Rasheed Sulaimon misses a layup shot.,116519,,true,false,false,Rasheed,,Sulaimon,,Duke,,35,34,2,4,2,,,,,0,2,40,Layup Shot,4,Field Goal Missed,0,0,0,11,11,
2,14,51,Akil Mitchell with a defensive rebound.,97111,,true,false,false,Akil,,Mitchell,,UVa,,35,34,2,4,2,,,,,1,,,,6,Defensive Rebound,,,,17,17,
2,14,43,Anthony Gill misses a dunk shot.,109947,,true,false,false,Anthony,,Gill,,UVa,,35,34,2,4,0,,,,,3,2,48,Dunk Shot,4,Field Goal Missed,0,0,0,17,17,
2,14,43,Anthony Gill with an offensive rebound.,109947,,true,false,false,Anthony,,Gill,,UVa,,35,34,2,4,0,,,,,3,,,,5,Offensive Rebound,,,,17,17,
2,14,43,Shooting foul committed by Rodney Hood.,109781,,true,false,false,Rodney,,Hood,,Duke,,35,34,3,4,1,,,,,6,,2,Shooting,8,Foul,,,,11,11,
2,14,43,Anthony Gill makes free throw 1 of 2.,109947,,true,false,false,Anthony,,Gill,,UVa,,36,34,3,4,0,,,,,4,1,11,Free Throw 1 of 2,1,Free Throw Made,,,,17,17,
2,14,43,Anthony Gill misses free throw 2 of 2.,109947,,true,false,false,Anthony,,Gill,,UVa,,36,34,3,4,0,,,,,4,1,12,Free Throw 2 of 2,2,Free Throw Missed,,,,17,17,
2,14,43,Jabari Parker with a defensive rebound.,121033,,true,false,false,Jabari,,Parker,,Duke,,36,34,3,4,2,,,,,14,,,,6,Defensive Rebound,,,,11,11,
2,14,19,Shooting foul committed by Malcolm Brogdon.,109418,,true,false,false,Malcolm,,Brogdon,,UVa,,36,34,3,5,2,,,,,13,,2,Shooting,8,Foul,,,,17,17,
2,14,19,Rodney Hood misses free throw 1 of 2.,109781,,true,false,false,Rodney,,Hood,,Duke,,36,34,3,5,1,,,,,6,1,11,Free Throw 1 of 2,2,Free Throw Missed,,,,11,11,
2,14,19,Duke with an offensive rebound.,,,false,false,false,,,,,,,36,34,3,5,0,,,,,0,,,,5,Offensive Rebound,,,,11,11,
2,14,19,Rodney Hood makes free throw 2 of 2.,109781,,true,false,false,Rodney,,Hood,,Duke,,36,35,3,5,1,,,,,7,1,12,Free Throw 2 of 2,1,Free Throw Made,,,,11,11,
2,13,57,Personal foul committed by Quinn Cook.,109412,,true,false,false,Quinn,,Cook,,Duke,,36,35,4,5,2,,,,,2,,1,Personal,8,Foul,,,,11,11,
2,13,49,Anthony Gill misses a jump shot from 15 feet out.,109947,,true,false,false,Anthony,,Gill,,UVa,,36,35,4,5,0,,,,,4,2,45,Jump Shot,4,Field Goal Missed,15,14.4,3.3,17,17,
2,13,49,UVa with an offensive rebound.,,,false,false,false,,,,,,,36,35,4,5,0,,,,,0,,,,5,Offensive Rebound,,,,17,17,
2,13,35,Personal foul committed by Rasheed Sulaimon.,116519,,true,false,false,Rasheed,,Sulaimon,,Duke,,36,35,5,5,3,,,,,0,,1,Personal,8,Foul,,,,11,11,
2,13,31,Akil Mitchell makes a hook shot from 8 feet out.,97111,,true,false,false,Akil,,Mitchell,,UVa,,38,35,5,5,2,,,,,3,2,55,Hook Shot,3,Field Goal Made,8,6.2,4.5,17,17,
2,13,10,Jabari Parker misses a jump shot from 19 feet out.,121033,,true,false,false,Jabari,,Parker,,Duke,,38,35,5,5,2,,,,,14,2,45,Jump Shot,4,Field Goal Missed,19,14.5,11.5,11,11,
2,13,10,Justin Anderson with a defensive rebound.,116701,,true,false,false,Justin,,Anderson,,UVa,,38,35,5,5,1,,,,,0,,,,6,Defensive Rebound,,,,17,17,
2,12,41,Offensive foul committed by Malcolm Brogdon.,109418,,true,false,false,Malcolm,,Brogdon,,UVa,,38,35,5,6,3,,,,,13,,4,Offensive,8,Foul,,,,17,17,
2,12,41,Malcolm Brogdon is charged with a turnover due to a foul.,109418,,true,false,false,Malcolm,,Brogdon,,UVa,,38,35,5,6,3,,,,,13,,5,Offensive Foul-Charge,7,Turnover,,,,17,17,
2,12,29,Andre Dawkins makes a 3-point jump shot from 24 feet out. Quinn Cook with the assist.,88970,109412,true,true,false,Andre,Quinn,Dawkins,Cook,Duke,Duke,38,38,5,6,1,,,,,6,3,45,Jump Shot,3,Field Goal Made,24,-.4,23.7,11,11,
2,12,18,London Perrantes with a lost ball turnover: Lost Ball,120610,,true,false,false,London,,Perrantes,,UVa,,38,38,5,6,1,,,,,7,,2,Lost Ball,7,Turnover,,,,17,17,
2,12,13,Andre Dawkins misses a 3-point jump shot from 24 feet out.,88970,,true,false,false,Andre,,Dawkins,,Duke,,38,38,5,6,1,,,,,6,3,45,Jump Shot,4,Field Goal Missed,24,10.1,21.8,11,11,
2,12,13,Akil Mitchell with a defensive rebound.,97111,,true,false,false,Akil,,Mitchell,,UVa,,38,38,5,6,2,,,,,3,,,,6,Defensive Rebound,,,,17,17,
2,11,51,Joe Harris makes a 3-point jump shot from 24 feet out. Justin Anderson with the assist.,97108,116701,true,true,false,Joe,Justin,Harris,Anderson,UVa,UVa,41,38,5,6,2,,,,,8,3,45,Jump Shot,3,Field Goal Made,24,-16.4,17.6,17,17,
2,11,26,Rodney Hood misses a hook shot from 8 feet out.,109781,,true,false,false,Rodney,,Hood,,Duke,,41,38,5,6,1,,,,,7,2,55,Hook Shot,4,Field Goal Missed,8,.6,8.1,11,11,
2,11,26,Amile Jefferson with an offensive rebound.,116520,,true,false,false,Amile,,Jefferson,,Duke,,41,38,5,6,1,,,,,9,,,,5,Offensive Rebound,,,,11,11,
2,11,19,Amile Jefferson makes a layup shot.,116520,,true,false,false,Amile,,Jefferson,,Duke,,41,40,5,6,1,,,,,11,2,40,Layup Shot,3,Field Goal Made,0,0,0,11,11,
2,10,59,Personal foul committed by Quinn Cook.,109412,,true,false,false,Quinn,,Cook,,Duke,,41,40,6,6,3,,,,,2,,1,Personal,8,Foul,,,,11,11,
2,10,59,Official TV timeout.,,,false,false,false,,,,,,,41,40,6,6,0,,,,,0,,3,Official TV,11,Timeout,,,,17,17,
2,10,46,Personal foul committed by Amile Jefferson.,116520,,true,false,false,Amile,,Jefferson,,Duke,,41,40,7,6,2,,,,,11,,1,Personal,8,Foul,,,,11,11,
2,10,46,Joe Harris makes free throw 1st of 1-and-1.,97108,,true,false,false,Joe,,Harris,,UVa,,42,40,7,6,2,,,,,9,1,8,Free Throw 1st of 1-and-1,1,Free Throw Made,,,,17,17,
2,10,46,Joe Harris makes free throw 2nd of 1-and-1.,97108,,true,false,false,Joe,,Harris,,UVa,,43,40,7,6,2,,,,,10,1,9,Free Throw 2nd of 1-and-1,1,Free Throw Made,,,,17,17,
2,10,26,Andre Dawkins misses a jump shot from 10 feet out.,88970,,true,false,false,Andre,,Dawkins,,Duke,,43,40,7,6,1,,,,,6,2,45,Jump Shot,4,Field Goal Missed,10,6.9,7.7,11,11,
2,10,26,UVa with a defensive rebound.,,,false,false,false,,,,,,,43,40,7,6,0,,,,,0,,,,6,Defensive Rebound,,,,17,17,
2,10,03,Justin Anderson with a lost ball turnover: Lost Ball,116701,,true,false,false,Justin,,Anderson,,UVa,,43,40,7,6,1,,,,,0,,2,Lost Ball,7,Turnover,,,,17,17,
2,9,59,Jabari Parker makes a dunk shot.,121033,,true,false,false,Jabari,,Parker,,Duke,,43,42,7,6,2,,,,,16,2,48,Dunk Shot,3,Field Goal Made,0,0,0,11,11,
2,9,44,Shooting foul committed by Jabari Parker.,121033,,true,false,false,Jabari,,Parker,,Duke,,43,42,8,6,3,,,,,16,,2,Shooting,8,Foul,,,,11,11,
2,9,44,Anthony Gill misses free throw 1 of 2.,109947,,true,false,false,Anthony,,Gill,,UVa,,43,42,8,6,0,,,,,4,1,11,Free Throw 1 of 2,2,Free Throw Missed,,,,17,17,
2,9,44,UVa with an offensive rebound.,,,false,false,false,,,,,,,43,42,8,6,0,,,,,0,,,,5,Offensive Rebound,,,,17,17,
2,9,44,Anthony Gill makes free throw 2 of 2.,109947,,true,false,false,Anthony,,Gill,,UVa,,44,42,8,6,0,,,,,5,1,12,Free Throw 2 of 2,1,Free Throw Made,,,,17,17,
2,9,16,Jabari Parker makes a 3-point jump shot from 24 feet out. Amile Jefferson with the assist.,121033,116520,true,true,false,Jabari,Amile,Parker,Jefferson,Duke,Duke,44,45,8,6,3,,,,,19,3,45,Jump Shot,3,Field Goal Made,24,-8.6,22.4,11,11,
2,8,52,Malcolm Brogdon misses a layup shot.,109418,,true,false,false,Malcolm,,Brogdon,,UVa,,44,45,8,6,3,,,,,13,2,40,Layup Shot,4,Field Goal Missed,0,0,0,17,17,
2,8,52,Mike Tobey with an offensive rebound.,116698,,true,false,false,Mike,,Tobey,,UVa,,44,45,8,6,2,,,,,6,,,,5,Offensive Rebound,,,,17,17,
2,8,49,Mike Tobey makes a layup shot.,116698,,true,false,false,Mike,,Tobey,,UVa,,46,45,8,6,2,,,,,8,2,40,Layup Shot,3,Field Goal Made,0,0,0,17,17,
2,8,40,Jabari Parker makes a jump shot from 9 feet out.,121033,,true,false,false,Jabari,,Parker,,Duke,,46,47,8,6,3,,,,,21,2,45,Jump Shot,3,Field Goal Made,9,-7.1,5.3,11,11,
2,8,36,Duke take a 20-second timeout.,,,false,false,false,,,,,,,46,47,8,6,0,,,,,0,,2,Short,11,Timeout,,,,11,11,
2,8,12,Shooting foul committed by Rodney Hood.,109781,,true,false,false,Rodney,,Hood,,Duke,,46,47,9,6,2,,,,,7,,2,Shooting,8,Foul,,,,11,11,
2,8,12,Anthony Gill makes free throw 1 of 2.,109947,,true,false,false,Anthony,,Gill,,UVa,,47,47,9,6,0,,,,,6,1,11,Free Throw 1 of 2,1,Free Throw Made,,,,17,17,
2,8,12,Anthony Gill misses free throw 2 of 2.,109947,,true,false,false,Anthony,,Gill,,UVa,,47,47,9,6,0,,,,,6,1,12,Free Throw 2 of 2,2,Free Throw Missed,,,,17,17,
2,8,12,Akil Mitchell with an offensive rebound.,97111,,true,false,false,Akil,,Mitchell,,UVa,,47,47,9,6,2,,,,,3,,,,5,Offensive Rebound,,,,17,17,
2,8,03,Malcolm Brogdon misses a 3-point jump shot from 25 feet out.,109418,,true,false,false,Malcolm,,Brogdon,,UVa,,47,47,9,6,3,,,,,13,3,45,Jump Shot,4,Field Goal Missed,25,.4,25.4,17,17,
2,8,03,Quinn Cook with a defensive rebound.,109412,,true,false,false,Quinn,,Cook,,Duke,,47,47,9,6,3,,,,,2,,,,6,Defensive Rebound,,,,11,11,
2,7,54,Rodney Hood misses a layup shot.,109781,,true,false,false,Rodney,,Hood,,Duke,,47,47,9,6,2,,,,,7,2,40,Layup Shot,4,Field Goal Missed,0,0,0,11,11,
2,7,54,Jabari Parker with an offensive rebound.,121033,,true,false,false,Jabari,,Parker,,Duke,,47,47,9,6,3,,,,,21,,,,5,Offensive Rebound,,,,11,11,
2,7,50,Jabari Parker misses a tip shot from 4 feet out.,121033,,true,false,false,Jabari,,Parker,,Duke,,47,47,9,6,3,,,,,21,2,53,Tip Shot,4,Field Goal Missed,4,.1,4,11,11,
2,7,50,Anthony Gill with a defensive rebound.,109947,,true,false,false,Anthony,,Gill,,UVa,,47,47,9,6,0,,,,,6,,,,6,Defensive Rebound,,,,17,17,
2,7,42,Joe Harris makes a layup shot.,97108,,true,false,false,Joe,,Harris,,UVa,,49,47,9,6,2,,,,,12,2,40,Layup Shot,3,Field Goal Made,0,0,0,17,17,
2,7,42,Shooting foul committed by Rasheed Sulaimon.,116519,,true,false,false,Rasheed,,Sulaimon,,Duke,,49,47,10,6,4,,,,,0,,2,Shooting,8,Foul,,,,11,11,
2,7,42,Official TV timeout.,,,false,false,false,,,,,,,49,47,10,6,0,,,,,0,,3,Official TV,11,Timeout,,,,17,17,
2,7,42,Joe Harris misses free throw 1 of 1.,97108,,true,false,false,Joe,,Harris,,UVa,,49,47,10,6,2,,,,,12,1,10,Free Throw 1 of 1,2,Free Throw Missed,,,,17,17,
2,7,42,Tyler Thornton with a defensive rebound.,97330,,true,false,false,Tyler,,Thornton,,Duke,,49,47,10,6,4,,,,,0,,,,6,Defensive Rebound,,,,11,11,
2,7,25,Personal foul committed by London Perrantes.,120610,,true,false,false,London,,Perrantes,,UVa,,49,47,10,7,2,,,,,7,,1,Personal,8,Foul,,,,17,17,
2,7,25,Rodney Hood makes free throw 1 of 2.,109781,,true,false,false,Rodney,,Hood,,Duke,,49,48,10,7,2,,,,,8,1,11,Free Throw 1 of 2,1,Free Throw Made,,,,11,11,
2,7,25,Rodney Hood makes free throw 2 of 2.,109781,,true,false,false,Rodney,,Hood,,Duke,,49,49,10,7,2,,,,,9,1,12,Free Throw 2 of 2,1,Free Throw Made,,,,11,11,
2,7,03,Anthony Gill makes a jump shot from 7 feet out.,109947,,true,false,false,Anthony,,Gill,,UVa,,51,49,10,7,0,,,,,8,2,45,Jump Shot,3,Field Goal Made,7,-1.3,6.7,17,17,
2,7,03,Shooting foul committed by Amile Jefferson.,116520,,true,false,false,Amile,,Jefferson,,Duke,,51,49,11,7,3,,,,,11,,2,Shooting,8,Foul,,,,11,11,
2,7,03,Anthony Gill misses free throw 1 of 1.,109947,,true,false,false,Anthony,,Gill,,UVa,,51,49,11,7,0,,,,,8,1,10,Free Throw 1 of 1,2,Free Throw Missed,,,,17,17,
2,7,03,Amile Jefferson with a defensive rebound.,116520,,true,false,false,Amile,,Jefferson,,Duke,,51,49,11,7,3,,,,,11,,,,6,Defensive Rebound,,,,11,11,
2,6,53,Jabari Parker makes a layup shot.,121033,,true,false,false,Jabari,,Parker,,Duke,,51,51,11,7,3,,,,,23,2,40,Layup Shot,3,Field Goal Made,0,0,0,11,11,
2,6,34,Shooting foul committed by Amile Jefferson.,116520,,true,false,false,Amile,,Jefferson,,Duke,,51,51,12,7,4,,,,,11,,2,Shooting,8,Foul,,,,11,11,
2,6,34,Anthony Gill makes free throw 1 of 2.,109947,,true,false,false,Anthony,,Gill,,UVa,,52,51,12,7,0,,,,,9,1,11,Free Throw 1 of 2,1,Free Throw Made,,,,17,17,
2,6,34,Anthony Gill makes free throw 2 of 2.,109947,,true,false,false,Anthony,,Gill,,UVa,,53,51,12,7,0,,,,,10,1,12,Free Throw 2 of 2,1,Free Throw Made,,,,17,17,
2,6,05,Rodney Hood makes a layup shot.,109781,,true,false,false,Rodney,,Hood,,Duke,,53,53,12,7,2,,,,,11,2,40,Layup Shot,3,Field Goal Made,0,0,0,11,11,
2,5,49,Malcolm Brogdon makes a layup shot. Joe Harris with the assist.,109418,97108,true,true,false,Malcolm,Joe,Brogdon,Harris,UVa,UVa,55,53,12,7,3,,,,,15,2,40,Layup Shot,3,Field Goal Made,0,0,0,17,17,
2,5,49,UVa take a 20-second timeout.,,,false,false,false,,,,,,,55,53,12,7,0,,,,,0,,2,Short,11,Timeout,,,,17,17,
2,5,32,Tyler Thornton with a bad pass turnover: Bad Pass,97330,,true,false,false,Tyler,,Thornton,,Duke,,55,53,12,7,4,,,,,0,,1,Bad Pass,7,Turnover,,,,11,11,
2,5,12,Joe Harris misses a layup shot.,97108,,true,false,false,Joe,,Harris,,UVa,,55,53,12,7,2,,,,,12,2,40,Layup Shot,4,Field Goal Missed,0,0,0,17,17,
2,5,12,Akil Mitchell with an offensive rebound.,97111,,true,false,false,Akil,,Mitchell,,UVa,,55,53,12,7,2,,,,,3,,,,5,Offensive Rebound,,,,17,17,
2,5,07,Akil Mitchell makes a tip shot from 4 feet out.,97111,,true,false,false,Akil,,Mitchell,,UVa,,57,53,12,7,2,,,,,5,2,53,Tip Shot,3,Field Goal Made,4,2.1,3.3,17,17,
2,5,03,Duke take a 20-second timeout.,,,false,false,false,,,,,,,57,53,12,7,0,,,,,0,,2,Short,11,Timeout,,,,11,11,
2,4,53,Jabari Parker misses a jump shot from 19 feet out.,121033,,true,false,false,Jabari,,Parker,,Duke,,57,53,12,7,3,,,,,23,2,45,Jump Shot,4,Field Goal Missed,19,13.4,13.9,11,11,
2,4,53,Tyler Thornton with an offensive rebound.,97330,,true,false,false,Tyler,,Thornton,,Duke,,57,53,12,7,4,,,,,0,,,,5,Offensive Rebound,,,,11,11,
2,4,34,Jabari Parker misses a jump shot from 8 feet out.,121033,,true,false,false,Jabari,,Parker,,Duke,,57,53,12,7,3,,,,,23,2,45,Jump Shot,4,Field Goal Missed,8,-7.1,4.7,11,11,
2,4,34,Jabari Parker with an offensive rebound.,121033,,true,false,false,Jabari,,Parker,,Duke,,57,53,12,7,3,,,,,23,,,,5,Offensive Rebound,,,,11,11,
2,4,29,Jabari Parker misses a tip shot from 4 feet out.,121033,,true,false,false,Jabari,,Parker,,Duke,,57,53,12,7,3,,,,,23,2,53,Tip Shot,4,Field Goal Missed,4,-2,3.3,11,11,
2,4,29,Anthony Gill with a defensive rebound.,109947,,true,false,false,Anthony,,Gill,,UVa,,57,53,12,7,0,,,,,10,,,,6,Defensive Rebound,,,,17,17,
2,3,55,Malcolm Brogdon misses a jump shot from 16 feet out.,109418,,true,false,false,Malcolm,,Brogdon,,UVa,,57,53,12,7,3,,,,,15,2,45,Jump Shot,4,Field Goal Missed,16,-15.4,1.9,17,17,
2,3,55,Anthony Gill with an offensive rebound.,109947,,true,false,false,Anthony,,Gill,,UVa,,57,53,12,7,0,,,,,10,,,,5,Offensive Rebound,,,,17,17,
2,3,53,Shooting foul committed by Jabari Parker.,121033,,true,false,false,Jabari,,Parker,,Duke,,57,53,13,7,4,,,,,23,,2,Shooting,8,Foul,,,,11,11,
2,3,53,Official TV timeout.,,,false,false,false,,,,,,,57,53,13,7,0,,,,,0,,3,Official TV,11,Timeout,,,,17,17,
2,3,53,Anthony Gill makes free throw 1 of 2.,109947,,true,false,false,Anthony,,Gill,,UVa,,58,53,13,7,0,,,,,11,1,11,Free Throw 1 of 2,1,Free Throw Made,,,,17,17,
2,3,53,Anthony Gill makes free throw 2 of 2.,109947,,true,false,false,Anthony,,Gill,,UVa,,59,53,13,7,0,,,,,12,1,12,Free Throw 2 of 2,1,Free Throw Made,,,,17,17,
2,3,26,Jabari Parker misses a jump shot from 8 feet out.,121033,,true,false,false,Jabari,,Parker,,Duke,,59,53,13,7,4,,,,,23,2,45,Jump Shot,4,Field Goal Missed,8,-6.4,4.8,11,11,
2,3,26,Rasheed Sulaimon with an offensive rebound.,116519,,true,false,false,Rasheed,,Sulaimon,,Duke,,59,53,13,7,4,,,,,0,,,,5,Offensive Rebound,,,,11,11,
2,3,21,Rodney Hood makes a jump shot from 7 feet out.,109781,,true,false,false,Rodney,,Hood,,Duke,,59,55,13,7,2,,,,,13,2,45,Jump Shot,3,Field Goal Made,7,2,7.2,11,11,
2,3,21,Shooting foul committed by Joe Harris.,97108,,true,false,false,Joe,,Harris,,UVa,,59,55,13,8,3,,,,,12,,2,Shooting,8,Foul,,,,17,17,
2,3,21,Rodney Hood misses free throw 1 of 1.,109781,,true,false,false,Rodney,,Hood,,Duke,,59,55,13,8,2,,,,,13,1,10,Free Throw 1 of 1,2,Free Throw Missed,,,,11,11,
2,3,21,Akil Mitchell with a defensive rebound.,97111,,true,false,false,Akil,,Mitchell,,UVa,,59,55,13,8,2,,,,,5,,,,6,Defensive Rebound,,,,17,17,
2,3,03,London Perrantes with a lost ball turnover: Lost Ball,120610,,true,false,false,London,,Perrantes,,UVa,,59,55,13,8,2,,,,,7,,2,Lost Ball,7,Turnover,,,,17,17,
2,2,50,Rasheed Sulaimon makes a jump shot from 19 feet out. Rodney Hood with the assist.,116519,109781,true,true,false,Rasheed,Rodney,Sulaimon,Hood,Duke,Duke,59,57,13,8,4,,,,,2,2,45,Jump Shot,3,Field Goal Made,19,-17.8,5.9,11,11,
2,2,24,Malcolm Brogdon misses a jump shot from 7 feet out.,109418,,true,false,false,Malcolm,,Brogdon,,UVa,,59,57,13,8,3,,,,,15,2,45,Jump Shot,4,Field Goal Missed,7,-.1,7,17,17,
2,2,24,Akil Mitchell with an offensive rebound.,97111,,true,false,false,Akil,,Mitchell,,UVa,,59,57,13,8,2,,,,,5,,,,5,Offensive Rebound,,,,17,17,
2,2,19,Akil Mitchell makes a layup shot.,97111,,true,false,false,Akil,,Mitchell,,UVa,,61,57,13,8,2,,,,,7,2,40,Layup Shot,3,Field Goal Made,0,0,0,17,17,
2,2,06,Jabari Parker with a lost ball turnover: Lost Ball,121033,,true,false,false,Jabari,,Parker,,Duke,,61,57,13,8,4,,,,,23,,2,Lost Ball,7,Turnover,,,,11,11,
2,1,58,Joe Harris makes a 3-point jump shot from 24 feet out. London Perrantes with the assist.,97108,120610,true,true,false,Joe,London,Harris,Perrantes,UVa,UVa,64,57,13,8,3,,,,,15,3,45,Jump Shot,3,Field Goal Made,24,-17.4,17.1,17,17,
2,1,42,Quinn Cook misses a layup shot.,109412,,true,false,false,Quinn,,Cook,,Duke,,64,57,13,8,3,,,,,2,2,40,Layup Shot,4,Field Goal Missed,0,0,0,11,11,
2,1,42,Joe Harris with a defensive rebound.,97108,,true,false,false,Joe,,Harris,,UVa,,64,57,13,8,3,,,,,15,,,,6,Defensive Rebound,,,,17,17,
2,1,31,Joe Harris misses a layup shot.,97108,,true,false,false,Joe,,Harris,,UVa,,64,57,13,8,3,,,,,15,2,40,Layup Shot,4,Field Goal Missed,0,0,0,17,17,
2,1,31,Jabari Parker with a defensive rebound.,121033,,true,false,false,Jabari,,Parker,,Duke,,64,57,13,8,4,,,,,23,,,,6,Defensive Rebound,,,,11,11,
2,1,26,Quinn Cook makes a 3-point jump shot from 23 feet out. Jabari Parker with the assist.,109412,121033,true,true,false,Quinn,Jabari,Cook,Parker,Duke,Duke,64,60,13,8,3,,,,,5,3,45,Jump Shot,3,Field Goal Made,23,13,19.1,11,11,
2,1,26,Duke take a 20-second timeout.,,,false,false,false,,,,,,,64,60,13,8,0,,,,,0,,2,Short,11,Timeout,,,,11,11,
2,1,07,Malcolm Brogdon makes a layup shot.,109418,,true,false,false,Malcolm,,Brogdon,,UVa,,66,60,13,8,3,,,,,17,2,40,Layup Shot,3,Field Goal Made,0,0,0,17,17,
2,1,03,UVa take a 20-second timeout.,,,false,false,false,,,,,,,66,60,13,8,0,,,,,0,,2,Short,11,Timeout,,,,17,17,
2,0,55.2,Personal foul committed by Andre Dawkins.,88970,,true,false,false,Andre,,Dawkins,,Duke,,66,60,14,8,2,,,,,6,,1,Personal,8,Foul,,,,11,11,
2,0,55.2,Malcolm Brogdon makes free throw 1 of 2.,109418,,true,false,false,Malcolm,,Brogdon,,UVa,,67,60,14,8,3,,,,,18,1,11,Free Throw 1 of 2,1,Free Throw Made,,,,17,17,
2,0,55.2,Malcolm Brogdon makes free throw 2 of 2.,109418,,true,false,false,Malcolm,,Brogdon,,UVa,,68,60,14,8,3,,,,,19,1,12,Free Throw 2 of 2,1,Free Throw Made,,,,17,17,
2,0,54.9,Quinn Cook misses a layup shot.,109412,,true,false,false,Quinn,,Cook,,Duke,,68,60,14,8,3,,,,,5,2,40,Layup Shot,4,Field Goal Missed,0,0,0,11,11,
2,0,54.9,Anthony Gill with a defensive rebound.,109947,,true,false,false,Anthony,,Gill,,UVa,,68,60,14,8,0,,,,,12,,,,6,Defensive Rebound,,,,17,17,
2,0,39.5,Rasheed Sulaimon misses a 3-point jump shot from 24 feet out.,116519,,true,false,false,Rasheed,,Sulaimon,,Duke,,68,60,14,8,4,,,,,2,3,45,Jump Shot,4,Field Goal Missed,24,16.8,16.9,11,11,
2,0,39.5,Malcolm Brogdon with a defensive rebound.,109418,,true,false,false,Malcolm,,Brogdon,,UVa,,68,60,14,8,3,,,,,19,,,,6,Defensive Rebound,,,,17,17,
2,0,39.5,Personal foul committed by Andre Dawkins.,88970,,true,false,false,Andre,,Dawkins,,Duke,,68,60,15,8,3,,,,,6,,1,Personal,8,Foul,,,,11,11,
2,0,39.5,Technical foul committed by Rasheed Sulaimon.,116519,,true,false,false,Rasheed,,Sulaimon,,Duke,,68,60,16,8,5,,,,,2,,11,Technical,8,Foul,,,,11,11,
2,0,39.5,Malcolm Brogdon misses free throw 1 of 2.,109418,,true,false,false,Malcolm,,Brogdon,,UVa,,68,60,16,8,3,,,,,19,1,11,Free Throw 1 of 2,2,Free Throw Missed,,,,17,17,
2,0,39.5,UVa with an offensive rebound.,,,false,false,false,,,,,,,68,60,16,8,0,,,,,0,,,,5,Offensive Rebound,,,,17,17,
2,0,39.5,Malcolm Brogdon makes free throw 2 of 2.,109418,,true,false,false,Malcolm,,Brogdon,,UVa,,69,60,16,8,3,,,,,20,1,12,Free Throw 2 of 2,1,Free Throw Made,,,,17,17,
2,0,39.5,Malcolm Brogdon makes free throw 1 of 2.,109418,,true,false,false,Malcolm,,Brogdon,,UVa,,70,60,16,8,3,,,,,21,1,11,Free Throw 1 of 2,1,Free Throw Made,,,,17,17,
2,0,39.5,Malcolm Brogdon makes free throw 2 of 2.,109418,,true,false,false,Malcolm,,Brogdon,,UVa,,71,60,16,8,3,,,,,22,1,12,Free Throw 2 of 2,1,Free Throw Made,,,,17,17,
2,0,29.5,Andre Dawkins makes a 3-point jump shot from 22 feet out. Quinn Cook with the assist.,88970,109412,true,true,false,Andre,Quinn,Dawkins,Cook,Duke,Duke,71,63,16,8,3,,,,,9,3,45,Jump Shot,3,Field Goal Made,22,-22,1,11,11,
2,0,29.0,Shooting foul committed by Joe Harris.,97108,,true,false,false,Joe,,Harris,,UVa,,71,63,16,9,4,,,,,15,,2,Shooting,8,Foul,,,,17,17,
2,0,29.0,Andre Dawkins misses free throw 2nd of 1-and-1.,88970,,true,false,false,Andre,,Dawkins,,Duke,,71,63,16,9,3,,,,,9,1,9,Free Throw 2nd of 1-and-1,2,Free Throw Missed,,,,11,11,
2,0,29.0,Malcolm Brogdon with a defensive rebound.,109418,,true,false,false,Malcolm,,Brogdon,,UVa,,71,63,16,9,3,,,,,22,,,,6,Defensive Rebound,,,,17,17,
2,0,27.9,Personal foul committed by Rodney Hood.,109781,,true,false,false,Rodney,,Hood,,Duke,,71,63,17,9,3,,,,,13,,1,Personal,8,Foul,,,,11,11,
2,0,27.9,Malcolm Brogdon misses free throw 1 of 2.,109418,,true,false,false,Malcolm,,Brogdon,,UVa,,71,63,17,9,3,,,,,22,1,11,Free Throw 1 of 2,2,Free Throw Missed,,,,17,17,
2,0,27.9,UVa with an offensive rebound.,,,false,false,false,,,,,,,71,63,17,9,0,,,,,0,,,,5,Offensive Rebound,,,,17,17,
2,0,27.9,Malcolm Brogdon makes free throw 2 of 2.,109418,,true,false,false,Malcolm,,Brogdon,,UVa,,72,63,17,9,3,,,,,23,1,12,Free Throw 2 of 2,1,Free Throw Made,,,,17,17,
2,0,20.5,Andre Dawkins misses a 3-point jump shot from 25 feet out.,88970,,true,false,false,Andre,,Dawkins,,Duke,,72,63,17,9,3,,,,,9,3,45,Jump Shot,4,Field Goal Missed,25,11,22.5,11,11,
2,0,20.5,Akil Mitchell with a defensive rebound.,97111,,true,false,false,Akil,,Mitchell,,UVa,,72,63,17,9,2,,,,,7,,,,6,Defensive Rebound,,,,17,17,
2,0,00,End of the 2nd Half,,,false,false,false,,,,,,,72,63,17,9,0,,,,,0,,,,15,End Period,,,,17,17,
2,0,00,End of the Game,,,false,false,false,,,,,,,72,63,17,9,0,,,,,0,,,,19,Game Over,,,,17,17,
